date,sub_basin,chloride_umolL,chloride_mgL,outlier_flag
2014-06-27,Copper,10.4,0.3687,False
2014-07-03,Copper,9.3,0.3297,False
2014-07-16,Copper,4.2,0.1489,False
2014-07-23,Copper,4.7,0.1666,False
2014-07-30,Copper,11.7,0.4148,False
2014-08-05,Copper,5.0,0.1773,False
2014-08-13,Copper,5.5,0.195,False
2014-08-21,Copper,6.1,0.2163,False
2014-08-30,Copper,6.0,0.2127,False
2014-09-07,Copper,7.7,0.273,False
2014-09-14,Copper,11.3,0.4006,False
2014-09-23,Copper,14.3,0.507,False
2014-10-01,Copper,11.9,0.4219,False
2014-10-07,Copper,15.1,0.5353,False
2014-10-14,Copper,11.0,0.39,False
2014-10-23,Copper,15.1,0.5353,False
2014-10-31,Copper,10.1,0.3581,False
2014-11-08,Copper,12.9,0.4573,False
2014-11-18,Copper,11.2,0.3971,False
2014-12-07,Copper,10.4,0.3687,False
2015-02-07,Copper,9.5,0.3368,False
2015-02-19,Copper,8.5,0.3014,False
2015-03-16,Copper,8.5,0.3014,False
2015-04-09,Copper,6.9,0.2446,False
2015-05-02,Copper,9.4,0.3333,False
2015-05-11,Copper,3.3,0.117,False
2015-05-24,Copper,10.5,0.3723,False
2015-06-02,Copper,6.1,0.2163,False
2015-06-11,Copper,7.2,0.2553,False
2015-06-18,Copper,8.0,0.2836,False
2015-06-25,Copper,7.4,0.2624,False
2015-07-02,Copper,5.2,0.1844,False
2015-07-09,Copper,5.1,0.1808,False
2015-07-15,Copper,4.5,0.1595,False
2015-07-25,Copper,8.1,0.2872,False
2015-08-02,Copper,7.5,0.2659,False
2015-08-09,Copper,7.6,0.2694,False
2015-08-16,Copper,7.1,0.2517,False
2015-08-23,Copper,8.9,0.3155,False
2015-08-30,Copper,7.9,0.2801,False
2015-09-07,Copper,9.3,0.3297,False
2015-09-13,Copper,7.2,0.2553,False
2015-09-23,Copper,8.2,0.2907,False
2015-09-28,Copper,10.0,0.3545,False
2015-10-04,Copper,11.6,0.4113,False
2015-10-13,Copper,13.1,0.4644,False
2015-10-19,Copper,30.7,1.0884,True
2015-10-25,Copper,20.7,0.7339,False
2015-11-02,Copper,10.6,0.3758,False
2015-11-09,Copper,10.6,0.3758,False
2015-11-15,Copper,10.1,0.3581,False
2015-11-23,Copper,8.6,0.3049,False
2015-12-01,Copper,10.6,0.3758,False
2015-12-09,Copper,9.3,0.3297,False
2015-12-30,Copper,13.1,0.4644,False
2016-01-18,Copper,14.0,0.4963,False
2016-01-28,Copper,13.6,0.4822,False
2016-02-12,Copper,11.2,0.3971,False
2016-02-21,Copper,11.9,0.4219,False
2016-03-09,Copper,8.8,0.312,False
2016-03-17,Copper,8.8,0.312,False
2016-03-24,Copper,8.7,0.3084,False
2016-03-31,Copper,8.7,0.3084,False
2016-04-08,Copper,16.5,0.585,False
2016-04-21,Copper,10.2,0.3616,False
2016-05-02,Copper,8.8,0.312,False
2016-05-12,Copper,6.6,0.234,False
2016-05-20,Copper,9.0,0.3191,False
2016-05-27,Copper,7.7,0.273,False
2016-06-04,Copper,6.2,0.2198,False
2016-06-11,Copper,4.6,0.1631,False
2016-06-17,Copper,5.2,0.1844,False
2016-06-27,Copper,5.4,0.1914,False
2016-07-08,Copper,6.3,0.2234,False
2016-07-15,Copper,10.8,0.3829,False
2016-07-16,Copper,7.3,0.2588,False
2016-07-22,Copper,5.6,0.1985,False
2016-07-29,Copper,5.2,0.1844,False
2016-08-05,Copper,7.4,0.2624,False
2016-08-12,Copper,6.7,0.2375,False
2016-08-19,Copper,7.9,0.2801,False
2016-08-26,Copper,7.8,0.2765,False
2016-09-02,Copper,7.8,0.2765,False
2016-09-09,Copper,8.2,0.2907,False
2016-09-16,Copper,7.1,0.2517,False
2016-09-23,Copper,10.8,0.3829,False
2016-09-30,Copper,9.5,0.3368,False
2016-10-12,Copper,8.0,0.2836,False
2016-10-19,Copper,9.2,0.3262,False
2016-10-27,Copper,7.6,0.2694,False
2016-11-03,Copper,7.1,0.2517,False
2016-11-12,Copper,7.2,0.2553,False
2016-11-23,Copper,6.8,0.2411,False
2016-12-04,Copper,6.7,0.2375,False
2016-12-19,Copper,6.9,0.2446,False
2017-02-01,Copper,6.3,0.2234,False
2017-03-19,Copper,6.9,0.2446,False
2017-04-12,Copper,6.3,0.2234,False
2017-04-30,Copper,6.4,0.2269,False
2017-05-11,Copper,10.1,0.3581,False
2017-05-31,Copper,5.2,0.1844,False
2017-06-15,Copper,5.1,0.1808,False
2017-06-30,Copper,3.1,0.1099,False
2017-07-13,Copper,4.8,0.1702,False
2017-07-30,Copper,8.7,0.3084,False
2017-08-25,Copper,7.6,0.2694,False
2017-09-13,Copper,19.6,0.6949,False
2017-09-27,Copper,7.5,0.2659,False
2017-10-14,Copper,6.7,0.2375,False
2017-10-23,Copper,8.9,0.3155,False
2017-11-03,Copper,5.6,0.1985,False
2017-11-15,Copper,5.9,0.2092,False
2017-12-19,Copper,53.5,1.8967,True
2018-01-06,Copper,5.7,0.2021,False
2018-01-26,Copper,5.3,0.1879,False
2018-03-04,Copper,7.3,0.2588,False
2018-03-17,Copper,7.1,0.2517,False
2018-04-14,Copper,9.0,0.3191,False
2018-05-07,Copper,5.4,0.1914,False
2018-06-08,Copper,4.2,0.1489,False
2018-06-15,Copper,3.7,0.1312,False
2018-06-25,Copper,3.5,0.1241,False
2018-07-11,Copper,3.9,0.1383,False
2018-07-15,Copper,6.4,0.2269,False
2018-08-17,Copper,5.2,0.1844,False
2018-08-24,Copper,6.0,0.2127,False
2018-08-31,Copper,6.2,0.2198,False
2018-09-07,Copper,6.9,0.2446,False
2018-09-14,Copper,6.8,0.2411,False
2018-09-17,Copper,11.3,0.4006,False
2018-09-28,Copper,9.1,0.3226,False
2018-10-05,Copper,13.15,0.4662,False
2018-10-12,Copper,10.11,0.3584,False
2018-10-18,Copper,10.36,0.3673,False
2018-10-23,Copper,12.78,0.4531,False
2018-11-02,Copper,9.72,0.3446,False
2018-11-10,Copper,11.87,0.4208,False
2018-11-17,Copper,11.65,0.413,False
2018-12-03,Copper,10.14,0.3595,False
2018-12-13,Copper,9.84,0.3489,False
2018-12-21,Copper,9.08,0.3219,False
2019-01-03,Copper,8.41,0.2982,False
2019-01-11,Copper,8.88,0.3148,False
2019-01-29,Copper,8.79,0.3116,False
2019-02-10,Copper,8.48,0.3006,False
2019-02-21,Copper,23.94,0.8487,True
2019-03-18,Copper,11.54,0.4091,False
2019-03-30,Copper,17.08,0.6055,False
2019-04-18,Copper,9.82,0.3481,False
2019-05-02,Copper,7.96,0.2822,False
2019-05-31,Copper,10.95,0.3882,False
2019-06-11,Copper,6.61,0.2343,False
2019-06-21,Copper,5.93,0.2102,False
2019-06-29,Copper,5.92,0.2099,False
2019-07-05,Copper,10.85,0.3847,False
2019-07-14,Copper,8.17,0.2897,False
2019-07-19,Copper,6.02,0.2134,False
2019-07-26,Copper,4.58,0.1624,False
2019-08-02,Copper,3.22,0.1142,False
2019-08-09,Copper,4.84,0.1716,False
2019-08-16,Copper,7.07,0.2507,False
2019-08-23,Copper,40.51,1.4362,True
2019-08-30,Copper,8.04,0.285,False
2019-09-06,Copper,9.34,0.3311,False
2019-09-13,Copper,6.61,0.2343,False
2019-09-20,Copper,8.64,0.3063,False
2019-09-27,Copper,8.4,0.2978,False
2019-10-04,Copper,7.74,0.2744,False
2019-10-11,Copper,6.38,0.2262,False
2019-10-19,Copper,7.09,0.2514,False
2019-10-25,Copper,9.35,0.3315,False
2019-11-03,Copper,8.34,0.2957,False
2019-11-08,Copper,6.6,0.234,False
2019-11-15,Copper,9.01,0.3194,False
2019-11-22,Copper,7.42,0.2631,False
2019-12-04,Copper,7.14,0.2531,False
2019-12-12,Copper,12.66,0.4488,False
2019-12-20,Copper,7.76,0.2751,False
2020-01-08,Copper,8.25,0.2925,False
2020-01-15,Copper,7.77,0.2755,False
2020-01-21,Copper,13.64,0.4836,False
2020-01-28,Copper,10.02,0.3552,False
2020-02-11,Copper,7.9395,0.2815,False
2020-02-20,Copper,8.2541,0.2926,False
2020-03-01,Copper,8.3778,0.297,False
2020-03-11,Copper,11.1494,0.3953,False
2020-03-17,Copper,8.7923,0.3117,False
2020-04-01,Copper,13.004,0.461,False
2020-04-09,Copper,7.8547,0.2785,False
2020-04-14,Copper,16.5621,0.5872,False
2020-04-24,Copper,7.5651,0.2682,False
2020-04-28,Copper,9.9682,0.3534,False
2020-05-14,Copper,9.2012,0.3262,False
2020-05-22,Copper,7.3032,0.2589,False
2020-05-29,Copper,6.7336,0.2387,False
2020-06-05,Copper,4.2127,0.1494,False
2020-06-12,Copper,4.782,0.1695,False
2020-06-19,Copper,10.9932,0.3897,False
2020-06-26,Copper,9.3907,0.3329,False
2020-07-02,Copper,8.3459,0.2959,False
2020-07-10,Copper,4.0259,0.1427,False
2020-07-17,Copper,5.4546,0.1934,False
2020-07-23,Copper,5.2963,0.1878,False
2020-07-30,Copper,5.3855,0.1909,False
2020-08-07,Copper,35.654,1.264,True
2020-08-14,Copper,11.7189,0.4155,False
2020-08-20,Copper,4.536,0.1608,False
2020-08-27,Copper,9.3532,0.3316,False
2020-09-03,Copper,9.38,0.3325,False
2020-09-11,Copper,8.5591,0.3034,False
2020-09-18,Copper,10.0575,0.3566,False
2020-09-24,Copper,7.0913,0.2514,False
2020-10-01,Copper,10.3352,0.3664,False
2020-10-08,Copper,12.0538,0.4273,False
2020-10-16,Copper,8.0453,0.2852,False
2020-10-24,Copper,8.7445,0.31,False
2020-10-27,Copper,11.3823,0.4035,False
2020-11-06,Copper,7.56,0.268,False
2020-11-13,Copper,5.47,0.1939,False
2020-11-20,Copper,6.08,0.2156,False
2020-12-04,Copper,16.37,0.5804,False
2020-12-31,Copper,6.32,0.2241,False
2021-01-08,Copper,41.0,1.4536,True
2021-01-15,Copper,5.42,0.1922,False
2021-01-21,Copper,5.39,0.1911,False
2021-01-28,Copper,16.32,0.5786,False
2021-02-05,Copper,5.7,0.2021,False
2021-02-11,Copper,6.29,0.223,False
2021-02-17,Copper,15.57,0.552,False
2021-02-25,Copper,7.9219,0.2809,False
2021-03-03,Copper,11.31,0.401,False
2021-03-10,Copper,18.89,0.6697,False
2021-03-19,Copper,7.92,0.2808,False
2021-03-25,Copper,6.81,0.2414,False
2021-03-30,Copper,6.79,0.2407,False
2021-04-07,Copper,8.59,0.3045,False
2021-04-14,Copper,9.92,0.3517,False
2021-05-17,Copper,37.69,1.3362,True
2021-05-28,Copper,8.56,0.3035,False
2021-06-04,Copper,7.79,0.2762,False
2021-06-11,Copper,5.33,0.189,False
2021-06-18,Copper,4.49,0.1592,False
2021-06-24,Copper,6.93,0.2457,False
2021-07-02,Copper,16.54,0.5864,False
2021-07-09,Copper,61.67,2.1864,True
2021-07-15,Copper,6.01,0.2131,False
2021-07-23,Copper,5.59,0.1982,False
2021-07-30,Copper,10.62,0.3765,False
2021-08-06,Copper,6.61,0.2343,False
2021-08-13,Copper,5.97,0.2117,False
2021-08-19,Copper,7.33,0.2599,False
2021-08-27,Copper,7.39,0.262,False
2021-09-03,Copper,11.0382,0.3913,False
2021-10-01,Copper,11.43,0.4052,False
2021-10-07,Copper,7.64,0.2709,False
2021-10-15,Copper,11.46,0.4063,False
2021-10-22,Copper,11.0,0.39,False
2021-10-27,Copper,8.86,0.3141,False
2021-11-03,Copper,9.42,0.334,False
2021-11-11,Copper,6.57,0.2329,False
2021-12-20,Copper,7.64,0.2709,False
2022-01-12,Copper,7.8435,0.2781,False
2022-01-20,Copper,10.63,0.3769,False
2022-02-04,Copper,29.85,1.0583,True
2022-02-10,Copper,17.01,0.6031,False
2022-02-25,Copper,11.56,0.4098,False
2022-03-03,Copper,6.56,0.2326,False
2022-03-08,Copper,9.45,0.335,False
2022-03-14,Copper,6.72,0.2382,False
2022-03-25,Copper,7.69,0.2726,False
2022-04-08,Copper,6.75,0.2393,False
2022-06-10,Copper,3.94,0.1397,False
2022-06-16,Copper,9.65,0.3421,False
2022-06-25,Copper,7.78,0.2758,False
2022-06-29,Copper,4.9,0.1737,False
2022-07-07,Copper,4.65,0.1649,False
2022-07-13,Copper,4.66,0.1652,False
2022-07-22,Copper,4.17,0.1478,False
2022-07-29,Copper,5.03,0.1783,False
2022-08-04,Copper,6.26,0.2219,False
2022-08-12,Copper,6.97,0.2471,False
2022-08-25,Copper,5.8,0.2056,False
2022-09-01,Copper,7.13,0.2528,False
2022-09-08,Copper,5.41,0.1918,False
2022-09-15,Copper,7.08,0.251,False
2022-09-27,Copper,8.4,0.2978,False
2022-10-18,Copper,8.15,0.2889,False
2022-11-09,Copper,7.84,0.278,False
2022-11-21,Copper,7.5,0.2659,False
2022-12-16,Copper,29.0,1.0281,True
2023-01-05,Copper,7.19,0.2549,False
2023-01-12,Copper,7.01,0.2485,False
2023-01-27,Copper,7.7,0.273,False
2023-02-17,Copper,7.23,0.2563,False
2023-03-06,Copper,7.36,0.2609,False
2023-04-18,Copper,6.35,0.2251,False
2023-05-05,Copper,5.81,0.206,False
2023-05-31,Copper,4.6556,0.1651,False
2023-06-09,Copper,4.78,0.1695,False
2023-06-23,Copper,6.2107,0.2202,False
2023-07-07,Copper,5.7895,0.2053,False
2023-07-21,Copper,5.5428,0.1965,False
2023-08-04,Copper,5.9188,0.2098,False
2023-08-18,Copper,5.5383,0.1963,False
2023-09-13,Copper,5.0695,0.1797,False
2023-10-25,Copper,9.4132,0.3337,False
2023-11-21,Copper,6.7449,0.2391,False
2023-12-13,Copper,6.9248,0.2455,False
2024-01-09,Copper,8.6074,0.3052,False
2024-02-07,Copper,7.2678,0.2577,False
2024-02-29,Copper,7.8803,0.2794,False
2024-04-19,Copper,6.8516,0.2429,False
2024-05-29,Copper,7.0634,0.2504,False
2024-06-03,Copper,7.6558,0.2714,False
2024-06-25,Copper,3.3463,0.1186,False
2024-07-18,Copper,16.0428,0.5688,False
2024-08-02,Copper,14.6209,0.5184,False
2024-08-19,Copper,13.4427,0.4766,False
2024-09-03,Copper,31.0363,1.1003,True
2014-06-27,EAQ,45.5,1.6131,True
2014-07-03,EAQ,5.0,0.1773,False
2014-07-16,EAQ,3.0,0.1064,False
2014-07-23,EAQ,3.2,0.1134,False
2014-07-30,EAQ,6.9,0.2446,False
2014-08-05,EAQ,2.8,0.0993,False
2014-08-13,EAQ,3.5,0.1241,False
2014-08-20,EAQ,2.9,0.1028,False
2014-08-21,EAQ,3.6,0.1276,False
2014-09-07,EAQ,3.2,0.1134,False
2014-09-14,EAQ,37.8,1.3401,True
2014-09-23,EAQ,12.0,0.4254,False
2014-10-01,EAQ,12.4,0.4396,False
2014-10-07,EAQ,5.7,0.2021,False
2014-10-14,EAQ,8.3,0.2943,False
2014-10-23,EAQ,23.4,0.8296,True
2014-10-31,EAQ,6.0,0.2127,False
2014-11-08,EAQ,5.3,0.1879,False
2014-12-12,EAQ,7.8,0.2765,False
2015-01-24,EAQ,6.8,0.2411,False
2015-02-07,EAQ,10.1,0.3581,False
2015-02-19,EAQ,9.9,0.351,False
2015-03-16,EAQ,5.8,0.2056,False
2015-04-09,EAQ,4.6,0.1631,False
2015-05-11,EAQ,4.2,0.1489,False
2015-05-24,EAQ,4.1,0.1454,False
2015-06-02,EAQ,4.9,0.1737,False
2015-06-11,EAQ,10.6,0.3758,False
2015-06-18,EAQ,6.6,0.234,False
2015-06-25,EAQ,4.3,0.1524,False
2015-07-02,EAQ,7.3,0.2588,False
2015-07-09,EAQ,10.5,0.3723,False
2015-07-15,EAQ,2.6,0.0922,False
2015-07-25,EAQ,3.5,0.1241,False
2015-08-02,EAQ,6.3,0.2234,False
2015-08-09,EAQ,3.1,0.1099,False
2015-08-16,EAQ,5.9,0.2092,False
2015-08-23,EAQ,5.0,0.1773,False
2015-08-30,EAQ,5.5,0.195,False
2015-09-07,EAQ,6.3,0.2234,False
2015-09-13,EAQ,4.0,0.1418,False
2015-09-22,EAQ,5.3,0.1879,False
2015-09-28,EAQ,4.7,0.1666,False
2015-10-04,EAQ,11.2,0.3971,False
2015-10-13,EAQ,6.8,0.2411,False
2015-10-19,EAQ,9.3,0.3297,False
2015-10-26,EAQ,9.2,0.3262,False
2015-11-02,EAQ,10.2,0.3616,False
2015-11-09,EAQ,5.6,0.1985,False
2015-11-15,EAQ,4.9,0.1737,False
2015-11-23,EAQ,5.6,0.1985,False
2015-12-01,EAQ,7.2,0.2553,False
2015-12-09,EAQ,6.5,0.2304,False
2016-01-08,EAQ,8.0,0.2836,False
2016-01-28,EAQ,8.0,0.2836,False
2016-02-21,EAQ,6.6,0.234,False
2016-03-09,EAQ,6.8,0.2411,False
2016-03-24,EAQ,6.1,0.2163,False
2016-03-31,EAQ,5.8,0.2056,False
2016-04-08,EAQ,8.5,0.3014,False
2016-04-21,EAQ,7.5,0.2659,False
2016-05-02,EAQ,7.8,0.2765,False
2016-05-20,EAQ,7.4,0.2624,False
2016-05-27,EAQ,4.9,0.1737,False
2016-06-04,EAQ,4.0,0.1418,False
2016-06-11,EAQ,5.5,0.195,False
2016-06-17,EAQ,7.1,0.2517,False
2016-06-27,EAQ,5.7,0.2021,False
2016-07-08,EAQ,3.4,0.1205,False
2016-07-15,EAQ,5.6,0.1985,False
2016-07-22,EAQ,4.2,0.1489,False
2016-07-29,EAQ,3.9,0.1383,False
2016-08-05,EAQ,3.3,0.117,False
2016-08-12,EAQ,3.8,0.1347,False
2016-08-19,EAQ,3.6,0.1276,False
2016-08-26,EAQ,18.8,0.6665,True
2016-09-02,EAQ,5.0,0.1773,False
2016-09-09,EAQ,3.3,0.117,False
2016-09-16,EAQ,4.7,0.1666,False
2016-09-23,EAQ,6.0,0.2127,False
2016-09-30,EAQ,7.0,0.2482,False
2016-10-12,EAQ,9.2,0.3262,False
2016-10-19,EAQ,7.4,0.2624,False
2016-10-27,EAQ,4.6,0.1631,False
2016-11-03,EAQ,5.4,0.1914,False
2016-11-12,EAQ,5.4,0.1914,False
2016-11-23,EAQ,3.6,0.1276,False
2016-12-02,EAQ,4.5,0.1595,False
2017-03-19,EAQ,4.4,0.156,False
2017-04-12,EAQ,6.0,0.2127,False
2017-04-30,EAQ,3.7,0.1312,False
2017-05-14,EAQ,3.5,0.1241,False
2017-06-01,EAQ,5.7,0.2021,False
2017-06-15,EAQ,5.3,0.1879,False
2017-06-30,EAQ,5.1,0.1808,False
2017-07-13,EAQ,6.1,0.2163,False
2017-07-30,EAQ,2.3,0.0815,False
2017-08-25,EAQ,23.3,0.8261,True
2017-09-14,EAQ,4.0,0.1418,False
2017-09-27,EAQ,6.9,0.2446,False
2017-10-14,EAQ,3.5,0.1241,False
2017-10-23,EAQ,3.2,0.1134,False
2017-11-03,EAQ,3.5,0.1241,False
2017-11-16,EAQ,4.3,0.1524,False
2017-12-19,EAQ,4.1,0.1454,False
2018-01-05,EAQ,3.2,0.1134,False
2018-01-25,EAQ,3.3,0.117,False
2018-03-03,EAQ,3.3,0.117,False
2018-04-15,EAQ,4.2,0.1489,False
2018-06-08,EAQ,2.5,0.0886,False
2018-06-15,EAQ,2.5,0.0886,False
2018-06-25,EAQ,3.2,0.1134,False
2018-07-09,EAQ,2.5,0.0886,False
2018-07-15,EAQ,2.6,0.0922,False
2018-08-10,EAQ,2.7,0.0957,False
2018-08-17,EAQ,3.5,0.1241,False
2018-08-24,EAQ,2.6,0.0922,False
2018-08-31,EAQ,2.9,0.1028,False
2018-09-07,EAQ,3.2,0.1134,False
2018-09-14,EAQ,3.9,0.1383,False
2018-09-21,EAQ,3.8,0.1347,False
2018-09-28,EAQ,7.3,0.2588,False
2018-10-05,EAQ,9.22,0.3269,False
2018-10-12,EAQ,7.49,0.2655,False
2018-10-18,EAQ,8.81,0.3123,False
2018-10-25,EAQ,11.28,0.3999,False
2018-11-02,EAQ,7.98,0.2829,False
2018-11-10,EAQ,7.21,0.2556,False
2018-11-17,EAQ,6.04,0.2141,False
2018-12-14,EAQ,6.39,0.2265,False
2018-12-21,EAQ,6.53,0.2315,False
2019-01-12,EAQ,7.34,0.2602,False
2019-01-29,EAQ,6.04,0.2141,False
2019-02-02,EAQ,6.96,0.2468,False
2019-02-27,EAQ,6.96,0.2468,False
2019-03-30,EAQ,8.19,0.2904,False
2019-04-18,EAQ,11.84,0.4198,False
2019-05-08,EAQ,7.64,0.2709,False
2019-06-05,EAQ,6.76,0.2397,False
2019-06-11,EAQ,7.3,0.2588,False
2019-06-21,EAQ,6.66,0.2361,False
2019-06-27,EAQ,4.72,0.1673,False
2019-07-05,EAQ,5.31,0.1883,False
2019-07-14,EAQ,6.67,0.2365,False
2019-07-19,EAQ,2.3,0.0815,False
2019-07-26,EAQ,4.18,0.1482,False
2019-08-02,EAQ,2.08,0.0737,False
2019-08-09,EAQ,6.89,0.2443,False
2019-08-16,EAQ,7.42,0.2631,False
2019-08-23,EAQ,17.38,0.6162,True
2019-08-30,EAQ,5.64,0.2,False
2019-09-06,EAQ,3.29,0.1166,False
2019-09-13,EAQ,5.01,0.1776,False
2019-09-20,EAQ,8.67,0.3074,False
2019-09-27,EAQ,3.25,0.1152,False
2019-10-04,EAQ,6.55,0.2322,False
2019-10-11,EAQ,5.78,0.2049,False
2019-10-19,EAQ,5.59,0.1982,False
2019-11-03,EAQ,4.05,0.1436,False
2019-11-08,EAQ,4.29,0.1521,False
2019-11-15,EAQ,3.2,0.1134,False
2019-11-22,EAQ,2.9,0.1028,False
2019-12-04,EAQ,5.95,0.2109,False
2019-12-12,EAQ,4.4,0.156,False
2019-12-20,EAQ,5.63,0.1996,False
2020-01-08,EAQ,5.52,0.1957,False
2020-01-21,EAQ,4.88,0.173,False
2020-01-28,EAQ,3.5,0.1241,False
2020-02-11,EAQ,7.1667,0.2541,False
2020-02-20,EAQ,10.0078,0.3548,False
2020-03-11,EAQ,5.8333,0.2068,False
2020-04-03,EAQ,6.914,0.2451,False
2020-04-09,EAQ,5.7025,0.2022,False
2020-04-19,EAQ,6.748,0.2392,False
2020-04-24,EAQ,7.6233,0.2703,False
2020-05-29,EAQ,8.9753,0.3182,False
2020-06-05,EAQ,7.7307,0.2741,False
2020-06-12,EAQ,4.4845,0.159,False
2020-06-19,EAQ,2.7611,0.0979,False
2020-06-26,EAQ,8.5472,0.303,False
2020-07-02,EAQ,3.2991,0.117,False
2020-07-10,EAQ,39.7982,1.411,True
2020-07-17,EAQ,2.7324,0.0969,False
2020-07-23,EAQ,8.7153,0.309,False
2020-07-29,EAQ,4.2752,0.1516,False
2020-08-07,EAQ,4.9534,0.1756,False
2020-08-14,EAQ,4.9383,0.1751,False
2020-08-20,EAQ,3.4182,0.1212,False
2020-08-27,EAQ,47.9449,1.6998,True
2020-09-03,EAQ,35.22,1.2487,True
2020-09-11,EAQ,6.6126,0.2344,False
2020-09-18,EAQ,5.1532,0.1827,False
2020-09-24,EAQ,5.688,0.2017,False
2020-10-01,EAQ,3.5918,0.1273,False
2020-10-08,EAQ,4.9638,0.176,False
2020-10-16,EAQ,5.8214,0.2064,False
2020-10-24,EAQ,3.9758,0.141,False
2020-10-27,EAQ,11.0009,0.39,False
2020-11-06,EAQ,4.2,0.1489,False
2020-11-13,EAQ,3.72,0.1319,False
2020-12-04,EAQ,3.98,0.1411,False
2021-01-08,EAQ,16.6,0.5885,True
2021-01-15,EAQ,6.08,0.2156,False
2021-01-28,EAQ,4.42,0.1567,False
2021-02-11,EAQ,8.63,0.306,False
2021-03-03,EAQ,4.44,0.1574,False
2021-03-19,EAQ,5.87,0.2081,False
2021-03-25,EAQ,3.97,0.1407,False
2021-04-07,EAQ,7.07,0.2507,False
2021-05-17,EAQ,13.43,0.4761,False
2021-05-28,EAQ,9.33,0.3308,False
2021-06-04,EAQ,4.64,0.1645,False
2021-06-11,EAQ,5.53,0.1961,False
2021-06-18,EAQ,4.97,0.1762,False
2021-06-24,EAQ,4.73,0.1677,False
2021-07-02,EAQ,5.45,0.1932,False
2021-07-09,EAQ,3.44,0.122,False
2021-07-15,EAQ,4.84,0.1716,False
2021-07-23,EAQ,4.68,0.1659,False
2021-07-30,EAQ,5.9,0.2092,False
2021-07-31,EAQ,4.3,0.1524,False
2021-08-06,EAQ,13.84,0.4907,False
2021-08-13,EAQ,3.07,0.1088,False
2021-08-19,EAQ,3.82,0.1354,False
2021-08-27,EAQ,5.21,0.1847,False
2021-09-03,EAQ,5.1867,0.1839,False
2021-10-01,EAQ,6.23,0.2209,False
2021-10-07,EAQ,6.16,0.2184,False
2021-10-15,EAQ,44.41,1.5745,True
2021-10-22,EAQ,5.8,0.2056,False
2021-10-27,EAQ,6.08,0.2156,False
2021-11-03,EAQ,5.92,0.2099,False
2021-11-11,EAQ,4.21,0.1493,False
2022-01-12,EAQ,5.5364,0.1963,False
2022-02-04,EAQ,42.74,1.5153,True
2022-03-03,EAQ,4.11,0.1457,False
2022-03-25,EAQ,7.34,0.2602,False
2022-06-03,EAQ,5.06,0.1794,False
2022-06-10,EAQ,3.37,0.1195,False
2022-06-16,EAQ,3.7,0.1312,False
2022-06-25,EAQ,5.8,0.2056,False
2022-06-29,EAQ,2.85,0.101,False
2022-07-07,EAQ,9.18,0.3255,False
2022-07-13,EAQ,3.92,0.139,False
2022-07-22,EAQ,2.74,0.0971,False
2022-07-29,EAQ,2.65,0.094,False
2022-08-04,EAQ,4.06,0.1439,False
2022-08-12,EAQ,3.45,0.1223,False
2022-08-25,EAQ,3.39,0.1202,False
2022-09-01,EAQ,3.05,0.1081,False
2022-09-08,EAQ,2.67,0.0947,False
2022-09-15,EAQ,2.47,0.0876,False
2022-09-27,EAQ,4.66,0.1652,False
2014-07-23,Gothic_ME,4.5,0.1595,False
2014-07-30,Gothic_ME,10.6,0.3758,False
2014-08-05,Gothic_ME,5.6,0.1985,False
2014-08-13,Gothic_ME,5.8,0.2056,False
2014-08-21,Gothic_ME,13.7,0.4857,False
2014-08-30,Gothic_ME,6.0,0.2127,False
2014-09-07,Gothic_ME,5.9,0.2092,False
2014-09-14,Gothic_ME,8.5,0.3014,False
2014-09-23,Gothic_ME,11.5,0.4077,False
2014-10-01,Gothic_ME,13.9,0.4928,False
2014-10-07,Gothic_ME,11.9,0.4219,False
2014-10-14,Gothic_ME,11.5,0.4077,False
2014-10-23,Gothic_ME,15.7,0.5566,False
2014-10-31,Gothic_ME,13.5,0.4786,False
2014-11-08,Gothic_ME,11.0,0.39,False
2014-11-18,Gothic_ME,8.1,0.2872,False
2014-12-07,Gothic_ME,6.6,0.234,False
2015-02-07,Gothic_ME,5.1,0.1808,False
2015-03-16,Gothic_ME,8.5,0.3014,False
2015-04-09,Gothic_ME,45.3,1.606,True
2015-05-02,Gothic_ME,27.2,0.9643,True
2015-05-11,Gothic_ME,15.5,0.5495,False
2015-05-24,Gothic_ME,6.9,0.2446,False
2015-06-02,Gothic_ME,8.2,0.2907,False
2015-06-11,Gothic_ME,10.7,0.3793,False
2015-06-18,Gothic_ME,6.4,0.2269,False
2015-06-25,Gothic_ME,8.0,0.2836,False
2015-07-02,Gothic_ME,6.8,0.2411,False
2015-07-09,Gothic_ME,7.5,0.2659,False
2015-07-15,Gothic_ME,4.6,0.1631,False
2015-07-25,Gothic_ME,6.9,0.2446,False
2015-08-02,Gothic_ME,7.9,0.2801,False
2015-08-09,Gothic_ME,8.3,0.2943,False
2015-08-16,Gothic_ME,8.6,0.3049,False
2015-08-23,Gothic_ME,13.4,0.4751,False
2015-08-30,Gothic_ME,8.4,0.2978,False
2015-09-07,Gothic_ME,9.1,0.3226,False
2015-09-13,Gothic_ME,6.6,0.234,False
2015-09-22,Gothic_ME,8.6,0.3049,False
2015-09-28,Gothic_ME,10.9,0.3864,False
2015-10-04,Gothic_ME,11.0,0.39,False
2015-10-13,Gothic_ME,11.1,0.3935,False
2015-10-19,Gothic_ME,12.1,0.429,False
2015-10-26,Gothic_ME,13.1,0.4644,False
2015-11-02,Gothic_ME,11.3,0.4006,False
2015-11-09,Gothic_ME,12.3,0.4361,False
2015-11-15,Gothic_ME,9.8,0.3474,False
2015-11-23,Gothic_ME,9.8,0.3474,False
2015-12-01,Gothic_ME,9.9,0.351,False
2015-12-09,Gothic_ME,9.6,0.3403,False
2016-01-08,Gothic_ME,14.7,0.5212,False
2016-01-18,Gothic_ME,11.6,0.4113,False
2016-01-28,Gothic_ME,11.6,0.4113,False
2016-02-12,Gothic_ME,9.8,0.3474,False
2016-02-21,Gothic_ME,9.8,0.3474,False
2016-03-09,Gothic_ME,9.9,0.351,False
2016-03-17,Gothic_ME,10.2,0.3616,False
2016-03-24,Gothic_ME,9.7,0.3439,False
2016-03-31,Gothic_ME,10.6,0.3758,False
2016-04-08,Gothic_ME,14.7,0.5212,False
2016-04-21,Gothic_ME,25.8,0.9147,False
2016-05-02,Gothic_ME,29.6,1.0494,True
2016-05-12,Gothic_ME,18.2,0.6452,False
2016-05-20,Gothic_ME,18.6,0.6594,False
2016-05-27,Gothic_ME,7.4,0.2624,False
2016-06-04,Gothic_ME,5.5,0.195,False
2016-06-11,Gothic_ME,9.5,0.3368,False
2016-06-17,Gothic_ME,8.9,0.3155,False
2016-06-27,Gothic_ME,6.5,0.2304,False
2016-07-08,Gothic_ME,8.6,0.3049,False
2016-07-15,Gothic_ME,10.7,0.3793,False
2016-07-22,Gothic_ME,7.4,0.2624,False
2016-07-29,Gothic_ME,5.3,0.1879,False
2016-08-05,Gothic_ME,6.6,0.234,False
2016-08-12,Gothic_ME,6.0,0.2127,False
2016-08-19,Gothic_ME,8.0,0.2836,False
2016-08-26,Gothic_ME,7.7,0.273,False
2016-09-02,Gothic_ME,7.5,0.2659,False
2016-09-09,Gothic_ME,8.4,0.2978,False
2016-09-16,Gothic_ME,7.7,0.273,False
2016-09-23,Gothic_ME,16.2,0.5743,False
2016-09-30,Gothic_ME,10.5,0.3723,False
2016-10-12,Gothic_ME,5.5,0.195,False
2016-10-19,Gothic_ME,9.2,0.3262,False
2016-10-27,Gothic_ME,8.2,0.2907,False
2016-11-03,Gothic_ME,9.5,0.3368,False
2016-11-12,Gothic_ME,7.4,0.2624,False
2016-11-23,Gothic_ME,7.4,0.2624,False
2016-12-04,Gothic_ME,7.9,0.2801,False
2017-02-01,Gothic_ME,7.1,0.2517,False
2017-03-19,Gothic_ME,10.8,0.3829,False
2017-04-12,Gothic_ME,25.8,0.9147,False
2017-04-30,Gothic_ME,24.5,0.8686,False
2017-05-11,Gothic_ME,21.5,0.7622,False
2017-05-14,Gothic_ME,18.3,0.6488,False
2017-05-31,Gothic_ME,7.3,0.2588,False
2017-06-15,Gothic_ME,4.9,0.1737,False
2017-06-30,Gothic_ME,4.2,0.1489,False
2017-07-13,Gothic_ME,4.8,0.1702,False
2017-07-30,Gothic_ME,4.4,0.156,False
2017-08-25,Gothic_ME,5.2,0.1844,False
2017-09-13,Gothic_ME,11.7,0.4148,False
2017-09-27,Gothic_ME,5.7,0.2021,False
2017-10-14,Gothic_ME,7.6,0.2694,False
2017-10-23,Gothic_ME,6.8,0.2411,False
2017-11-03,Gothic_ME,6.4,0.2269,False
2017-11-15,Gothic_ME,21.5,0.7622,False
2017-12-19,Gothic_ME,6.3,0.2234,False
2018-01-06,Gothic_ME,5.8,0.2056,False
2018-01-26,Gothic_ME,7.4,0.2624,False
2018-03-04,Gothic_ME,8.4,0.2978,False
2018-03-17,Gothic_ME,8.1,0.2872,False
2018-04-14,Gothic_ME,12.1,0.429,False
2018-05-07,Gothic_ME,23.9,0.8473,False
2018-06-15,Gothic_ME,3.9,0.1383,False
2018-06-23,Gothic_ME,7.0,0.2482,False
2018-07-11,Gothic_ME,4.7,0.1666,False
2018-07-15,Gothic_ME,8.0,0.2836,False
2018-08-17,Gothic_ME,5.9,0.2092,False
2018-08-24,Gothic_ME,8.8,0.312,False
2018-08-31,Gothic_ME,9.8,0.3474,False
2018-09-07,Gothic_ME,13.1,0.4644,False
2018-09-14,Gothic_ME,8.0,0.2836,False
2018-09-21,Gothic_ME,13.1,0.4644,False
2018-09-28,Gothic_ME,15.4,0.546,False
2018-10-05,Gothic_ME,18.43,0.6534,False
2018-10-12,Gothic_ME,14.52,0.5148,False
2018-10-18,Gothic_ME,13.41,0.4754,False
2018-10-25,Gothic_ME,16.66,0.5906,False
2018-11-02,Gothic_ME,12.94,0.4588,False
2018-11-10,Gothic_ME,11.85,0.4201,False
2018-11-17,Gothic_ME,12.43,0.4407,False
2018-12-03,Gothic_ME,10.41,0.3691,False
2018-12-13,Gothic_ME,14.13,0.501,False
2018-12-21,Gothic_ME,10.88,0.3857,False
2019-01-03,Gothic_ME,17.51,0.6208,False
2019-01-11,Gothic_ME,10.88,0.3857,False
2019-01-29,Gothic_ME,9.88,0.3503,False
2019-02-02,Gothic_ME,11.88,0.4212,False
2019-02-10,Gothic_ME,9.37,0.3322,False
2019-02-21,Gothic_ME,11.88,0.4212,False
2019-03-21,Gothic_ME,16.58,0.5878,False
2019-03-30,Gothic_ME,11.78,0.4176,False
2019-04-18,Gothic_ME,19.01,0.674,False
2019-05-02,Gothic_ME,22.71,0.8051,False
2019-05-08,Gothic_ME,24.55,0.8704,False
2019-05-31,Gothic_ME,14.38,0.5098,False
2019-06-05,Gothic_ME,15.12,0.536,False
2019-06-11,Gothic_ME,8.81,0.3123,False
2019-06-21,Gothic_ME,8.14,0.2886,False
2019-06-27,Gothic_ME,7.52,0.2666,False
2019-07-05,Gothic_ME,4.63,0.1641,False
2019-07-14,Gothic_ME,3.95,0.14,False
2019-07-19,Gothic_ME,5.32,0.1886,False
2019-07-26,Gothic_ME,5.41,0.1918,False
2019-08-02,Gothic_ME,4.85,0.1719,False
2019-08-09,Gothic_ME,5.1,0.1808,False
2019-08-16,Gothic_ME,4.27,0.1514,False
2019-08-23,Gothic_ME,9.92,0.3517,False
2019-08-30,Gothic_ME,8.32,0.295,False
2019-09-06,Gothic_ME,9.81,0.3478,False
2019-09-13,Gothic_ME,9.5,0.3368,False
2019-09-20,Gothic_ME,9.44,0.3347,False
2019-09-27,Gothic_ME,11.53,0.4088,False
2019-10-04,Gothic_ME,6.62,0.2347,False
2019-10-11,Gothic_ME,8.31,0.2946,False
2019-10-18,Gothic_ME,20.07,0.7115,False
2019-10-25,Gothic_ME,10.22,0.3623,False
2019-11-03,Gothic_ME,7.6,0.2694,False
2019-11-08,Gothic_ME,7.79,0.2762,False
2019-11-15,Gothic_ME,47.1,1.6698,True
2019-11-22,Gothic_ME,6.94,0.246,False
2019-12-04,Gothic_ME,8.34,0.2957,False
2019-12-12,Gothic_ME,7.36,0.2609,False
2019-12-20,Gothic_ME,7.0,0.2482,False
2020-01-08,Gothic_ME,6.77,0.24,False
2020-01-15,Gothic_ME,8.93,0.3166,False
2020-01-21,Gothic_ME,7.46,0.2645,False
2020-01-28,Gothic_ME,19.52,0.692,False
2020-02-11,Gothic_ME,17.088,0.6058,False
2020-02-20,Gothic_ME,9.264,0.3284,False
2020-03-01,Gothic_ME,7.5805,0.2688,False
2020-03-11,Gothic_ME,6.9762,0.2473,False
2020-03-17,Gothic_ME,10.7447,0.3809,False
2020-04-03,Gothic_ME,10.7215,0.3801,False
2020-04-09,Gothic_ME,12.6891,0.4499,False
2020-04-14,Gothic_ME,20.25,0.7179,False
2020-04-24,Gothic_ME,18.4435,0.6539,False
2020-04-28,Gothic_ME,26.2156,0.9294,True
2020-05-14,Gothic_ME,15.2446,0.5405,False
2020-05-22,Gothic_ME,4.9575,0.1758,False
2020-05-29,Gothic_ME,7.7675,0.2754,False
2020-06-05,Gothic_ME,5.777,0.2048,False
2020-06-12,Gothic_ME,9.6268,0.3413,False
2020-06-19,Gothic_ME,5.0042,0.1774,False
2020-06-26,Gothic_ME,11.1944,0.3969,False
2020-07-02,Gothic_ME,8.7608,0.3106,False
2020-07-17,Gothic_ME,4.0185,0.1425,False
2020-07-23,Gothic_ME,8.2816,0.2936,False
2020-07-29,Gothic_ME,7.9455,0.2817,False
2020-08-07,Gothic_ME,5.7903,0.2053,False
2020-08-14,Gothic_ME,6.9737,0.2472,False
2020-08-20,Gothic_ME,4.9439,0.1753,False
2020-08-27,Gothic_ME,10.7859,0.3824,False
2020-09-03,Gothic_ME,8.09,0.2868,False
2020-09-11,Gothic_ME,11.3437,0.4022,False
2020-09-18,Gothic_ME,8.0115,0.284,False
2020-09-24,Gothic_ME,8.7619,0.3106,False
2020-10-01,Gothic_ME,7.7621,0.2752,False
2020-10-08,Gothic_ME,8.3168,0.2949,False
2020-10-16,Gothic_ME,7.4367,0.2637,False
2020-10-23,Gothic_ME,7.5158,0.2665,False
2020-10-27,Gothic_ME,10.09,0.3577,False
2020-11-06,Gothic_ME,9.52,0.3375,False
2020-11-13,Gothic_ME,8.35,0.296,False
2020-11-20,Gothic_ME,9.57,0.3393,False
2020-12-04,Gothic_ME,55.41,1.9645,True
2020-12-31,Gothic_ME,8.5,0.3014,False
2021-01-08,Gothic_ME,7.58,0.2687,False
2021-01-15,Gothic_ME,5.77,0.2046,False
2021-01-21,Gothic_ME,7.59,0.2691,False
2021-01-28,Gothic_ME,6.77,0.24,False
2021-02-05,Gothic_ME,7.98,0.2829,False
2021-02-11,Gothic_ME,5.98,0.212,False
2021-02-17,Gothic_ME,12.47,0.4421,False
2021-02-25,Gothic_ME,5.9246,0.21,False
2021-03-03,Gothic_ME,7.32,0.2595,False
2021-03-10,Gothic_ME,7.98,0.2829,False
2021-03-19,Gothic_ME,9.27,0.3286,False
2021-03-25,Gothic_ME,6.98,0.2475,False
2021-03-30,Gothic_ME,7.69,0.2726,False
2021-04-07,Gothic_ME,18.31,0.6491,False
2021-04-14,Gothic_ME,19.76,0.7006,False
2021-05-17,Gothic_ME,23.79,0.8434,False
2021-05-28,Gothic_ME,16.96,0.6013,False
2021-06-04,Gothic_ME,10.08,0.3574,False
2021-06-11,Gothic_ME,8.05,0.2854,False
2021-06-18,Gothic_ME,14.8,0.5247,False
2021-06-24,Gothic_ME,7.77,0.2755,False
2021-07-02,Gothic_ME,24.04,0.8523,False
2021-07-09,Gothic_ME,11.67,0.4137,False
2021-07-15,Gothic_ME,10.7,0.3793,False
2021-07-23,Gothic_ME,6.57,0.2329,False
2021-07-30,Gothic_ME,9.08,0.3219,False
2021-07-31,Gothic_ME,7.26,0.2574,False
2021-08-06,Gothic_ME,8.43,0.2989,False
2021-08-13,Gothic_ME,9.18,0.3255,False
2021-08-19,Gothic_ME,24.02,0.8516,False
2021-08-27,Gothic_ME,8.7,0.3084,False
2021-09-03,Gothic_ME,13.3362,0.4728,False
2021-10-01,Gothic_ME,12.01,0.4258,False
2021-10-07,Gothic_ME,10.34,0.3666,False
2021-10-15,Gothic_ME,15.73,0.5577,False
2021-10-22,Gothic_ME,13.38,0.4744,False
2021-10-27,Gothic_ME,11.97,0.4244,False
2021-11-03,Gothic_ME,14.69,0.5208,False
2021-11-11,Gothic_ME,11.73,0.4159,False
2021-12-20,Gothic_ME,20.43,0.7243,False
2022-01-12,Gothic_ME,11.3897,0.4038,False
2022-01-20,Gothic_ME,10.28,0.3645,False
2022-02-04,Gothic_ME,69.78,2.4739,True
2022-02-10,Gothic_ME,9.7,0.3439,False
2022-02-25,Gothic_ME,7.36,0.2609,False
2022-03-03,Gothic_ME,7.32,0.2595,False
2022-03-08,Gothic_ME,7.75,0.2748,False
2022-03-14,Gothic_ME,8.96,0.3177,False
2022-03-25,Gothic_ME,11.32,0.4013,False
2022-04-08,Gothic_ME,18.91,0.6704,False
2022-06-03,Gothic_ME,5.58,0.1978,False
2022-06-10,Gothic_ME,5.32,0.1886,False
2022-06-16,Gothic_ME,4.8,0.1702,False
2022-06-25,Gothic_ME,6.06,0.2148,False
2022-06-29,Gothic_ME,5.11,0.1812,False
2022-07-07,Gothic_ME,19.13,0.6782,False
2022-07-13,Gothic_ME,5.32,0.1886,False
2022-07-22,Gothic_ME,6.07,0.2152,False
2022-07-29,Gothic_ME,5.26,0.1865,False
2022-08-04,Gothic_ME,6.39,0.2265,False
2022-08-12,Gothic_ME,6.8,0.2411,False
2022-08-25,Gothic_ME,7.15,0.2535,False
2022-09-01,Gothic_ME,6.38,0.2262,False
2022-09-08,Gothic_ME,5.23,0.1854,False
2022-09-15,Gothic_ME,9.27,0.3286,False
2022-09-27,Gothic_ME,10.75,0.3811,False
2022-10-18,Gothic_ME,9.26,0.3283,False
2022-11-09,Gothic_ME,11.06,0.3921,False
2022-11-21,Gothic_ME,17.01,0.6031,False
2022-12-16,Gothic_ME,11.88,0.4212,False
2023-01-05,Gothic_ME,11.68,0.4141,False
2023-01-12,Gothic_ME,8.76,0.3106,False
2023-01-27,Gothic_ME,10.67,0.3783,False
2023-02-17,Gothic_ME,9.61,0.3407,False
2023-03-06,Gothic_ME,9.57,0.3393,False
2023-04-18,Gothic_ME,21.45,0.7605,False
2023-05-05,Gothic_ME,18.39,0.652,False
2023-05-31,Gothic_ME,8.4985,0.3013,False
2023-06-09,Gothic_ME,5.71,0.2024,False
2023-06-23,Gothic_ME,6.1855,0.2193,False
2023-07-07,Gothic_ME,5.5773,0.1977,False
2023-07-21,Gothic_ME,5.443,0.193,False
2023-08-04,Gothic_ME,5.6699,0.201,False
2023-08-18,Gothic_ME,5.2581,0.1864,False
2023-09-13,Gothic_ME,9.2702,0.3287,False
2023-10-25,Gothic_ME,9.7906,0.3471,False
2023-11-21,Gothic_ME,8.7731,0.311,False
2023-12-13,Gothic_ME,8.0727,0.2862,False
2024-01-09,Gothic_ME,10.0059,0.3547,False
2024-02-07,Gothic_ME,9.2845,0.3292,False
2024-02-29,Gothic_ME,8.8193,0.3127,False
2024-04-19,Gothic_ME,22.1487,0.7852,False
2024-05-24,Gothic_ME,11.1003,0.3935,False
2024-06-03,Gothic_ME,6.9283,0.2456,False
2024-06-25,Gothic_ME,15.4088,0.5463,False
2024-07-18,Gothic_ME,5.4213,0.1922,False
2024-08-02,Gothic_ME,8.5937,0.3047,False
2024-08-19,Gothic_ME,17.1238,0.6071,False
2024-09-03,Gothic_ME,7.4808,0.2652,False
2014-05-02,PH_LT,245.8,8.7143,True
2014-05-03,PH_LT,80.19999999999999,2.8433,True
2014-05-04,PH_LT,86.4,3.0631,True
2014-05-05,PH_LT,45.6,1.6167,False
2014-05-06,PH_LT,57.9,2.0527,True
2014-05-07,PH_LT,50.1,1.7762,False
2014-05-08,PH_LT,73.80000000000001,2.6164,True
2014-05-09,PH_LT,47.6,1.6876,False
2014-05-10,PH_LT,50.3,1.7833,False
2014-05-11,PH_LT,59.4,2.1059,True
2014-05-12,PH_LT,36.3,1.2869,False
2014-05-13,PH_LT,54.7,1.9393,True
2014-05-14,PH_LT,11.2,0.3971,False
2014-05-15,PH_LT,38.5,1.3649,False
2014-05-16,PH_LT,10.4,0.3687,False
2014-05-17,PH_LT,41.5,1.4713,False
2014-05-18,PH_LT,32.300000000000004,1.1451,False
2014-05-19,PH_LT,49.0,1.7372,False
2014-05-20,PH_LT,28.0,0.9927,False
2014-05-21,PH_LT,21.2,0.7516,False
2014-05-22,PH_LT,25.2,0.8934,False
2014-05-23,PH_LT,11.4,0.4042,False
2014-05-24,PH_LT,25.7,0.9111,False
2014-05-25,PH_LT,19.9,0.7055,False
2014-05-26,PH_LT,26.1,0.9253,False
2014-05-27,PH_LT,24.8,0.8792,False
2014-05-28,PH_LT,21.6,0.7658,False
2014-05-29,PH_LT,17.6,0.624,False
2014-05-30,PH_LT,24.4,0.8651,False
2014-05-31,PH_LT,20.7,0.7339,False
2014-06-01,PH_LT,25.4,0.9005,False
2014-06-02,PH_LT,25.9,0.9182,False
2014-06-03,PH_LT,20.2,0.7162,False
2014-06-04,PH_LT,21.4,0.7587,False
2014-06-05,PH_LT,32.800000000000004,1.1629,False
2014-06-06,PH_LT,26.1,0.9253,False
2014-06-07,PH_LT,21.9,0.7764,False
2014-06-08,PH_LT,14.9,0.5282,False
2014-06-09,PH_LT,12.6,0.4467,False
2014-06-10,PH_LT,12.4,0.4396,False
2014-06-11,PH_LT,14.6,0.5176,False
2014-06-12,PH_LT,16.6,0.5885,False
2014-06-13,PH_LT,18.700000000000003,0.663,False
2014-06-14,PH_LT,13.9,0.4928,False
2014-06-15,PH_LT,19.5,0.6913,False
2014-06-16,PH_LT,14.4,0.5105,False
2014-06-17,PH_LT,19.2,0.6807,False
2014-06-18,PH_LT,55.1,1.9535,True
2014-06-19,PH_LT,12.2,0.4325,False
2014-06-20,PH_LT,10.7,0.3793,False
2014-06-21,PH_LT,13.8,0.4893,False
2014-06-22,PH_LT,8.8,0.312,False
2014-06-23,PH_LT,12.0,0.4254,False
2014-06-24,PH_LT,854.1,30.2804,True
2014-06-25,PH_LT,33.300000000000004,1.1806,False
2014-06-26,PH_LT,18.4,0.6523,False
2014-06-27,PH_LT,12.9,0.4573,False
2014-06-28,PH_LT,11.6,0.4113,False
2014-06-29,PH_LT,167.1,5.9242,True
2014-06-30,PH_LT,14.0,0.4963,False
2014-07-01,PH_LT,27.7,0.982,False
2014-07-02,PH_LT,14.4,0.5105,False
2014-07-03,PH_LT,66.69999999999999,2.3647,True
2014-07-04,PH_LT,11.6,0.4113,False
2014-07-05,PH_LT,15.8,0.5602,False
2014-07-06,PH_LT,10.0,0.3545,False
2014-07-07,PH_LT,12.9,0.4573,False
2014-07-08,PH_LT,13.1,0.4644,False
2014-07-09,PH_LT,8.200000000000001,0.2907,False
2014-07-10,PH_LT,10.1,0.3581,False
2014-07-11,PH_LT,14.1,0.4999,False
2014-07-12,PH_LT,6.9,0.2446,False
2014-07-13,PH_LT,9.1,0.3226,False
2014-07-14,PH_LT,10.4,0.3687,False
2014-07-15,PH_LT,8.0,0.2836,False
2014-07-16,PH_LT,13.9,0.4928,False
2014-07-17,PH_LT,9.4,0.3333,False
2014-07-18,PH_LT,9.0,0.3191,False
2014-07-19,PH_LT,16.7,0.5921,False
2014-07-20,PH_LT,6.7,0.2375,False
2014-07-21,PH_LT,9.9,0.351,False
2014-07-22,PH_LT,6.8,0.2411,False
2014-07-23,PH_LT,5.9,0.2092,False
2014-07-24,PH_LT,17.0,0.6027,False
2014-07-25,PH_LT,9.0,0.3191,False
2014-07-26,PH_LT,6.5,0.2304,False
2014-07-27,PH_LT,7.6,0.2694,False
2014-07-28,PH_LT,8.5,0.3014,False
2014-07-29,PH_LT,8.6,0.3049,False
2014-07-30,PH_LT,7.1000000000000005,0.2517,False
2014-07-31,PH_LT,11.7,0.4148,False
2014-08-01,PH_LT,18.1,0.6417,False
2014-08-02,PH_LT,11.6,0.4113,False
2014-08-03,PH_LT,7.4,0.2624,False
2014-08-04,PH_LT,9.3,0.3297,False
2014-08-05,PH_LT,9.8,0.3474,False
2014-08-06,PH_LT,9.5,0.3368,False
2014-08-07,PH_LT,8.8,0.312,False
2014-08-08,PH_LT,8.4,0.2978,False
2014-08-09,PH_LT,9.8,0.3474,False
2014-08-10,PH_LT,10.5,0.3723,False
2014-08-11,PH_LT,8.3,0.2943,False
2014-08-12,PH_LT,7.7,0.273,False
2014-08-13,PH_LT,10.4,0.3687,False
2014-08-14,PH_LT,10.0,0.3545,False
2014-08-15,PH_LT,10.5,0.3723,False
2014-08-16,PH_LT,7.2,0.2553,False
2014-08-17,PH_LT,7.3,0.2588,False
2014-08-18,PH_LT,8.1,0.2872,False
2014-08-19,PH_LT,10.5,0.3723,False
2014-08-20,PH_LT,11.1,0.3935,False
2014-08-21,PH_LT,15.3,0.5424,False
2014-08-22,PH_LT,9.7,0.3439,False
2014-08-23,PH_LT,14.9,0.5282,False
2014-08-24,PH_LT,10.0,0.3545,False
2014-08-25,PH_LT,10.7,0.3793,False
2014-08-26,PH_LT,9.6,0.3403,False
2014-08-27,PH_LT,17.6,0.624,False
2014-08-28,PH_LT,15.0,0.5318,False
2014-08-29,PH_LT,14.2,0.5034,False
2014-08-30,PH_LT,11.6,0.4113,False
2014-08-31,PH_LT,21.3,0.7551,False
2014-09-01,PH_LT,11.6,0.4113,False
2014-09-02,PH_LT,12.7,0.4503,False
2014-09-03,PH_LT,15.8,0.5602,False
2014-09-04,PH_LT,15.2,0.5389,False
2014-09-05,PH_LT,12.9,0.4573,False
2014-09-06,PH_LT,9.9,0.351,False
2014-09-07,PH_LT,24.8,0.8792,False
2014-09-08,PH_LT,12.0,0.4254,False
2014-09-09,PH_LT,20.8,0.7374,False
2014-09-10,PH_LT,17.2,0.6098,False
2014-09-11,PH_LT,16.9,0.5992,False
2014-09-12,PH_LT,14.2,0.5034,False
2014-09-13,PH_LT,15.1,0.5353,False
2014-09-14,PH_LT,17.6,0.624,False
2014-09-15,PH_LT,25.2,0.8934,False
2014-09-16,PH_LT,18.1,0.6417,False
2014-09-17,PH_LT,14.9,0.5282,False
2014-09-18,PH_LT,24.2,0.858,False
2014-09-19,PH_LT,13.4,0.4751,False
2014-09-20,PH_LT,13.2,0.468,False
2014-09-21,PH_LT,12.8,0.4538,False
2014-09-22,PH_LT,24.9,0.8828,False
2014-09-23,PH_LT,20.2,0.7162,False
2014-09-24,PH_LT,24.4,0.8651,False
2014-09-25,PH_LT,30.3,1.0742,False
2014-09-26,PH_LT,25.2,0.8934,False
2014-09-27,PH_LT,20.7,0.7339,False
2014-09-28,PH_LT,25.2,0.8934,False
2014-09-29,PH_LT,20.4,0.7232,False
2014-09-30,PH_LT,22.8,0.8083,False
2014-10-01,PH_LT,68.0,2.4108,True
2014-10-02,PH_LT,24.6,0.8721,False
2014-10-03,PH_LT,24.1,0.8544,False
2014-10-04,PH_LT,57.7,2.0456,True
2014-10-05,PH_LT,14.1,0.4999,False
2014-10-06,PH_LT,13.6,0.4822,False
2014-10-07,PH_LT,18.0,0.6382,False
2014-10-08,PH_LT,12.8,0.4538,False
2014-10-09,PH_LT,13.3,0.4715,False
2014-10-10,PH_LT,14.8,0.5247,False
2014-10-11,PH_LT,14.1,0.4999,False
2014-10-12,PH_LT,18.7,0.663,False
2014-10-13,PH_LT,15.1,0.5353,False
2014-10-14,PH_LT,17.3,0.6133,False
2014-10-15,PH_LT,15.7,0.5566,False
2014-10-16,PH_LT,15.0,0.5318,False
2014-10-17,PH_LT,14.1,0.4999,False
2014-10-18,PH_LT,14.1,0.4999,False
2014-10-19,PH_LT,15.9,0.5637,False
2014-10-20,PH_LT,15.0,0.5318,False
2014-10-21,PH_LT,13.8,0.4893,False
2014-10-22,PH_LT,20.7,0.7339,False
2014-10-23,PH_LT,17.1,0.6062,False
2014-10-24,PH_LT,15.4,0.546,False
2014-10-25,PH_LT,15.1,0.5353,False
2014-10-26,PH_LT,14.8,0.5247,False
2014-10-27,PH_LT,23.4,0.8296,False
2014-10-28,PH_LT,23.0,0.8154,False
2014-10-29,PH_LT,24.5,0.8686,False
2014-10-30,PH_LT,24.3,0.8615,False
2014-10-31,PH_LT,22.5,0.7977,False
2014-11-01,PH_LT,22.8,0.8083,False
2014-11-02,PH_LT,20.3,0.7197,False
2014-11-03,PH_LT,21.4,0.7587,False
2014-11-04,PH_LT,21.4,0.7587,False
2014-11-05,PH_LT,15.0,0.5318,False
2014-11-06,PH_LT,18.8,0.6665,False
2014-11-07,PH_LT,28.0,0.9927,False
2014-11-08,PH_LT,31.4,1.1132,False
2014-11-09,PH_LT,34.8,1.2338,False
2014-11-10,PH_LT,41.3,1.4642,False
2014-11-11,PH_LT,18.3,0.6488,False
2014-11-12,PH_LT,18.2,0.6452,False
2014-11-13,PH_LT,14.0,0.4963,False
2014-11-14,PH_LT,14.8,0.5247,False
2014-11-15,PH_LT,13.6,0.4822,False
2014-11-16,PH_LT,12.7,0.4503,False
2014-11-17,PH_LT,13.8,0.4893,False
2014-11-18,PH_LT,16.7,0.5921,False
2014-11-19,PH_LT,15.3,0.5424,False
2014-11-20,PH_LT,14.5,0.5141,False
2014-11-21,PH_LT,12.9,0.4573,False
2014-11-22,PH_LT,12.8,0.4538,False
2014-11-23,PH_LT,12.4,0.4396,False
2014-11-24,PH_LT,12.3,0.4361,False
2014-11-25,PH_LT,12.6,0.4467,False
2014-11-26,PH_LT,13.2,0.468,False
2014-11-27,PH_LT,14.0,0.4963,False
2014-11-28,PH_LT,22.4,0.7941,False
2014-11-29,PH_LT,16.5,0.585,False
2014-11-30,PH_LT,13.9,0.4928,False
2014-12-01,PH_LT,17.9,0.6346,False
2014-12-02,PH_LT,14.2,0.5034,False
2014-12-03,PH_LT,12.3,0.4361,False
2014-12-04,PH_LT,15.5,0.5495,False
2014-12-05,PH_LT,18.8,0.6665,False
2014-12-06,PH_LT,14.7,0.5212,False
2014-12-07,PH_LT,17.7,0.6275,False
2014-12-08,PH_LT,13.4,0.4751,False
2014-12-09,PH_LT,14.2,0.5034,False
2014-12-10,PH_LT,14.7,0.5212,False
2014-12-11,PH_LT,13.3,0.4715,False
2014-12-12,PH_LT,16.9,0.5992,False
2014-12-13,PH_LT,17.2,0.6098,False
2014-12-14,PH_LT,17.1,0.6062,False
2014-12-15,PH_LT,11.3,0.4006,False
2014-12-16,PH_LT,16.6,0.5885,False
2014-12-17,PH_LT,14.9,0.5282,False
2014-12-18,PH_LT,14.3,0.507,False
2014-12-19,PH_LT,12.5,0.4432,False
2014-12-20,PH_LT,12.2,0.4325,False
2014-12-21,PH_LT,10.9,0.3864,False
2014-12-22,PH_LT,11.5,0.4077,False
2014-12-23,PH_LT,12.3,0.4361,False
2014-12-24,PH_LT,15.7,0.5566,False
2014-12-25,PH_LT,20.9,0.741,False
2014-12-26,PH_LT,20.7,0.7339,False
2014-12-27,PH_LT,33.7,1.1948,False
2014-12-28,PH_LT,19.0,0.6736,False
2014-12-29,PH_LT,18.6,0.6594,False
2014-12-30,PH_LT,17.9,0.6346,False
2014-12-31,PH_LT,18.1,0.6417,False
2015-01-01,PH_LT,16.9,0.5992,False
2015-01-02,PH_LT,19.6,0.6949,False
2015-01-03,PH_LT,18.9,0.6701,False
2015-01-04,PH_LT,17.3,0.6133,False
2015-01-06,PH_LT,14.8,0.5247,False
2015-01-08,PH_LT,16.299999999999997,0.5779,False
2015-01-10,PH_LT,17.1,0.6062,False
2015-01-12,PH_LT,14.1,0.4999,False
2015-01-14,PH_LT,16.5,0.585,False
2015-01-16,PH_LT,14.2,0.5034,False
2015-01-18,PH_LT,14.9,0.5282,False
2015-01-20,PH_LT,14.9,0.5282,False
2015-01-22,PH_LT,16.9,0.5992,False
2015-01-24,PH_LT,15.2,0.5389,False
2015-01-26,PH_LT,14.9,0.5282,False
2015-01-28,PH_LT,14.5,0.5141,False
2015-01-30,PH_LT,15.7,0.5566,False
2015-02-01,PH_LT,14.5,0.5141,False
2015-02-03,PH_LT,14.4,0.5105,False
2015-02-05,PH_LT,15.5,0.5495,False
2015-02-07,PH_LT,19.2,0.6807,False
2015-02-09,PH_LT,19.3,0.6842,False
2015-02-11,PH_LT,19.2,0.6807,False
2015-02-13,PH_LT,17.4,0.6169,False
2015-02-15,PH_LT,21.1,0.7481,False
2015-02-16,PH_LT,21.1,0.7481,False
2015-02-17,PH_LT,24.6,0.8721,False
2015-02-18,PH_LT,22.5,0.7977,False
2015-02-19,PH_LT,17.9,0.6346,False
2015-02-20,PH_LT,19.5,0.6913,False
2015-02-21,PH_LT,21.8,0.7729,False
2015-02-22,PH_LT,22.2,0.7871,False
2015-02-23,PH_LT,18.5,0.6559,False
2015-02-24,PH_LT,21.4,0.7587,False
2015-02-25,PH_LT,22.4,0.7941,False
2015-02-26,PH_LT,17.9,0.6346,False
2015-02-27,PH_LT,17.7,0.6275,False
2015-02-28,PH_LT,22.9,0.8119,False
2015-03-01,PH_LT,20.7,0.7339,False
2015-03-02,PH_LT,23.0,0.8154,False
2015-03-03,PH_LT,19.5,0.6913,False
2015-03-04,PH_LT,18.8,0.6665,False
2015-03-05,PH_LT,19.3,0.6842,False
2015-03-06,PH_LT,18.2,0.6452,False
2015-03-07,PH_LT,21.3,0.7551,False
2015-03-08,PH_LT,19.9,0.7055,False
2015-03-09,PH_LT,19.0,0.6736,False
2015-03-10,PH_LT,20.6,0.7303,False
2015-03-11,PH_LT,23.5,0.8331,False
2015-03-12,PH_LT,22.9,0.8119,False
2015-03-13,PH_LT,21.4,0.7587,False
2015-03-14,PH_LT,26.1,0.9253,False
2015-03-15,PH_LT,24.9,0.8828,False
2015-03-16,PH_LT,25.9,0.9182,False
2015-03-17,PH_LT,23.9,0.8473,False
2015-03-18,PH_LT,22.4,0.7941,False
2015-03-19,PH_LT,20.4,0.7232,False
2015-03-20,PH_LT,21.7,0.7693,False
2015-03-21,PH_LT,23.7,0.8402,False
2015-03-22,PH_LT,25.1,0.8899,False
2015-03-23,PH_LT,24.3,0.8615,False
2015-03-24,PH_LT,37.0,1.3118,False
2015-03-25,PH_LT,29.5,1.0459,False
2015-03-26,PH_LT,34.9,1.2373,False
2015-03-27,PH_LT,23.2,0.8225,False
2015-03-28,PH_LT,27.2,0.9643,False
2015-03-29,PH_LT,27.8,0.9856,False
2015-03-30,PH_LT,52.3,1.8542,False
2015-03-31,PH_LT,44.900000000000006,1.5918,False
2015-04-01,PH_LT,49.0,1.7372,False
2015-04-02,PH_LT,49.4,1.7514,False
2015-04-03,PH_LT,49.7,1.762,False
2015-04-04,PH_LT,46.0,1.6308,False
2015-04-05,PH_LT,24.3,0.8615,False
2015-04-06,PH_LT,21.6,0.7658,False
2015-04-07,PH_LT,22.700000000000003,0.8048,False
2015-04-08,PH_LT,23.8,0.8438,False
2015-04-09,PH_LT,22.2,0.7871,False
2015-04-10,PH_LT,24.15,0.8562,False
2015-04-11,PH_LT,26.1,0.9253,False
2015-04-12,PH_LT,26.8,0.9501,False
2015-04-13,PH_LT,26.200000000000003,0.9289,False
2015-04-14,PH_LT,25.0,0.8863,False
2015-04-15,PH_LT,23.6,0.8367,False
2015-04-16,PH_LT,21.2,0.7516,False
2015-04-17,PH_LT,20.1,0.7126,False
2015-04-18,PH_LT,23.8,0.8438,False
2015-04-19,PH_LT,23.8,0.8438,False
2015-04-20,PH_LT,24.4,0.8651,False
2015-04-21,PH_LT,21.4,0.7587,False
2015-04-22,PH_LT,23.9,0.8473,False
2015-04-23,PH_LT,23.4,0.8296,False
2015-04-24,PH_LT,26.0,0.9218,False
2015-04-25,PH_LT,25.6,0.9076,False
2015-04-26,PH_LT,25.6,0.9076,False
2015-04-27,PH_LT,33.0,1.1699,False
2015-04-28,PH_LT,27.8,0.9856,False
2015-04-29,PH_LT,28.5,1.0104,False
2015-04-30,PH_LT,30.1,1.0671,False
2015-05-01,PH_LT,28.2,0.9998,False
2015-05-02,PH_LT,27.4,0.9714,False
2015-05-03,PH_LT,26.200000000000003,0.9289,False
2015-05-04,PH_LT,24.8,0.8792,False
2015-05-05,PH_LT,23.3,0.8261,False
2015-05-06,PH_LT,26.6,0.943,False
2015-05-07,PH_LT,26.1,0.9253,False
2015-05-08,PH_LT,24.3,0.8615,False
2015-05-09,PH_LT,25.2,0.8934,False
2015-05-10,PH_LT,25.3,0.897,False
2015-05-11,PH_LT,24.5,0.8686,False
2015-05-12,PH_LT,22.5,0.7977,False
2015-05-13,PH_LT,21.7,0.7693,False
2015-05-14,PH_LT,20.3,0.7197,False
2015-05-15,PH_LT,19.3,0.6842,False
2015-05-16,PH_LT,20.6,0.7303,False
2015-05-17,PH_LT,21.8,0.7729,False
2015-05-18,PH_LT,21.9,0.7764,False
2015-05-19,PH_LT,24.5,0.8686,False
2015-05-20,PH_LT,20.5,0.7268,False
2015-05-21,PH_LT,22.9,0.8119,False
2015-05-22,PH_LT,25.8,0.9147,False
2015-05-23,PH_LT,28.2,0.9998,False
2015-05-24,PH_LT,25.3,0.897,False
2015-05-25,PH_LT,26.700000000000003,0.9466,False
2015-05-26,PH_LT,23.8,0.8438,False
2015-05-27,PH_LT,24.0,0.8509,False
2015-05-28,PH_LT,18.9,0.6701,False
2015-05-29,PH_LT,18.0,0.6382,False
2015-05-30,PH_LT,17.3,0.6133,False
2015-05-31,PH_LT,20.2,0.7162,False
2015-06-01,PH_LT,14.2,0.5034,False
2015-06-02,PH_LT,11.4,0.4042,False
2015-06-03,PH_LT,13.1,0.4644,False
2015-06-04,PH_LT,9.8,0.3474,False
2015-06-05,PH_LT,12.6,0.4467,False
2015-06-06,PH_LT,13.0,0.4609,False
2015-06-07,PH_LT,10.6,0.3758,False
2015-06-08,PH_LT,10.4,0.3687,False
2015-06-09,PH_LT,11.3,0.4006,False
2015-06-10,PH_LT,11.1,0.3935,False
2015-06-11,PH_LT,10.0,0.3545,False
2015-06-12,PH_LT,13.3,0.4715,False
2015-06-13,PH_LT,8.200000000000001,0.2907,False
2015-06-14,PH_LT,7.1000000000000005,0.2517,False
2015-06-15,PH_LT,6.6,0.234,False
2015-06-16,PH_LT,7.4,0.2624,False
2015-06-17,PH_LT,8.0,0.2836,False
2015-06-18,PH_LT,7.9,0.2801,False
2015-06-19,PH_LT,7.6,0.2694,False
2015-06-20,PH_LT,6.1000000000000005,0.2163,False
2015-06-21,PH_LT,7.1000000000000005,0.2517,False
2015-06-22,PH_LT,7.4,0.2624,False
2015-06-23,PH_LT,7.7,0.273,False
2015-06-24,PH_LT,7.3,0.2588,False
2015-06-25,PH_LT,7.9,0.2801,False
2015-06-26,PH_LT,8.5,0.3014,False
2015-06-27,PH_LT,8.0,0.2836,False
2015-06-28,PH_LT,7.4,0.2624,False
2015-06-29,PH_LT,8.1,0.2872,False
2015-06-30,PH_LT,7.3,0.2588,False
2015-07-01,PH_LT,8.0,0.2836,False
2015-07-02,PH_LT,8.1,0.2872,False
2015-07-03,PH_LT,8.4,0.2978,False
2015-07-04,PH_LT,8.4,0.2978,False
2015-07-05,PH_LT,7.0,0.2482,False
2015-07-06,PH_LT,7.5,0.2659,False
2015-07-07,PH_LT,7.7,0.273,False
2015-07-08,PH_LT,4.9,0.1737,False
2015-07-09,PH_LT,4.8,0.1702,False
2015-07-10,PH_LT,6.9,0.2446,False
2015-07-11,PH_LT,6.5,0.2304,False
2015-07-12,PH_LT,5.0,0.1773,False
2015-07-13,PH_LT,5.2,0.1844,False
2015-07-14,PH_LT,6.6,0.234,False
2015-07-15,PH_LT,7.8,0.2765,False
2015-07-16,PH_LT,6.9,0.2446,False
2015-07-17,PH_LT,6.5,0.2304,False
2015-07-18,PH_LT,7.8,0.2765,False
2015-07-19,PH_LT,7.4,0.2624,False
2015-07-20,PH_LT,7.1000000000000005,0.2517,False
2015-07-21,PH_LT,8.4,0.2978,False
2015-07-22,PH_LT,8.1,0.2872,False
2015-07-23,PH_LT,6.9,0.2446,False
2015-07-24,PH_LT,8.4,0.2978,False
2015-07-25,PH_LT,7.8,0.2765,False
2015-07-26,PH_LT,7.8,0.2765,False
2015-07-27,PH_LT,8.5,0.3014,False
2015-07-28,PH_LT,8.1,0.2872,False
2015-07-29,PH_LT,7.7,0.273,False
2015-07-30,PH_LT,9.1,0.3226,False
2015-07-31,PH_LT,9.8,0.3474,False
2015-08-01,PH_LT,11.0,0.39,False
2015-08-02,PH_LT,14.2,0.5034,False
2015-08-03,PH_LT,6.4,0.2269,False
2015-08-04,PH_LT,9.9,0.351,False
2015-08-05,PH_LT,10.1,0.3581,False
2015-08-06,PH_LT,19.2,0.6807,False
2015-08-07,PH_LT,9.5,0.3368,False
2015-08-08,PH_LT,10.3,0.3652,False
2015-08-09,PH_LT,6.8,0.2411,False
2015-08-10,PH_LT,9.9,0.351,False
2015-08-11,PH_LT,31.2,1.1061,False
2015-08-12,PH_LT,28.5,1.0104,False
2015-08-13,PH_LT,9.6,0.3403,False
2015-08-14,PH_LT,9.2,0.3262,False
2015-08-15,PH_LT,8.6,0.3049,False
2015-08-16,PH_LT,9.2,0.3262,False
2015-08-17,PH_LT,25.7,0.9111,False
2015-08-18,PH_LT,11.3,0.4006,False
2015-08-19,PH_LT,9.2,0.3262,False
2015-08-20,PH_LT,9.6,0.3403,False
2015-08-21,PH_LT,9.1,0.3226,False
2015-08-22,PH_LT,9.8,0.3474,False
2015-08-23,PH_LT,9.1,0.3226,False
2015-08-24,PH_LT,10.4,0.3687,False
2015-08-25,PH_LT,9.7,0.3439,False
2015-08-25,PH_LT,6.7,0.2375,False
2015-08-26,PH_LT,11.7,0.4148,False
2015-08-26,PH_LT,7.7,0.273,False
2015-08-27,PH_LT,12.5,0.4432,False
2015-08-27,PH_LT,45.7,1.6202,False
2015-08-28,PH_LT,15.9,0.5637,False
2015-08-28,PH_LT,11.0,0.39,False
2015-08-29,PH_LT,9.0,0.3191,False
2015-08-29,PH_LT,8.0,0.2836,False
2015-08-30,PH_LT,10.1,0.3581,False
2015-08-30,PH_LT,9.7,0.3439,False
2015-08-31,PH_LT,8.3,0.2943,False
2015-08-31,PH_LT,10.6,0.3758,False
2015-09-01,PH_LT,10.1,0.3581,False
2015-09-01,PH_LT,7.3,0.2588,False
2015-09-02,PH_LT,10.8,0.3829,False
2015-09-02,PH_LT,8.5,0.3014,False
2015-09-03,PH_LT,8.7,0.3084,False
2015-09-03,PH_LT,7.2,0.2553,False
2015-09-04,PH_LT,12.8,0.4538,False
2015-09-04,PH_LT,15.9,0.5637,False
2015-09-05,PH_LT,40.6,1.4394,False
2015-09-05,PH_LT,13.5,0.4786,False
2015-09-06,PH_LT,9.8,0.3474,False
2015-09-07,PH_LT,11.8,0.4183,False
2015-09-07,PH_LT,10.5,0.3723,False
2015-09-08,PH_LT,12.5,0.4432,False
2015-09-08,PH_LT,9.3,0.3297,False
2015-09-09,PH_LT,11.1,0.3935,False
2015-09-09,PH_LT,8.6,0.3049,False
2015-09-10,PH_LT,10.0,0.3545,False
2015-09-10,PH_LT,11.0,0.39,False
2015-09-11,PH_LT,8.6,0.3049,False
2015-09-11,PH_LT,11.3,0.4006,False
2015-09-12,PH_LT,11.0,0.39,False
2015-09-12,PH_LT,10.1,0.3581,False
2015-09-13,PH_LT,10.1,0.3581,False
2015-09-13,PH_LT,10.7,0.3793,False
2015-09-14,PH_LT,8.7,0.3084,False
2015-09-14,PH_LT,10.6,0.3758,False
2015-09-15,PH_LT,10.0,0.3545,False
2015-09-15,PH_LT,36.2,1.2834,False
2015-09-16,PH_LT,18.9,0.6701,False
2015-09-16,PH_LT,14.1,0.4999,False
2015-09-17,PH_LT,13.7,0.4857,False
2015-09-17,PH_LT,13.0,0.4609,False
2015-09-18,PH_LT,13.2,0.468,False
2015-09-18,PH_LT,12.8,0.4538,False
2015-09-19,PH_LT,12.2,0.4325,False
2015-09-20,PH_LT,13.3,0.4715,False
2015-09-21,PH_LT,12.8,0.4538,False
2015-09-22,PH_LT,11.4,0.4042,False
2015-09-23,PH_LT,12.6,0.4467,False
2015-09-24,PH_LT,10.1,0.3581,False
2015-09-25,PH_LT,13.5,0.4786,False
2015-09-26,PH_LT,12.6,0.4467,False
2015-09-27,PH_LT,12.9,0.4573,False
2015-09-28,PH_LT,14.0,0.4963,False
2015-09-29,PH_LT,11.9,0.4219,False
2015-09-30,PH_LT,12.3,0.4361,False
2015-10-01,PH_LT,12.6,0.4467,False
2015-10-02,PH_LT,11.7,0.4148,False
2015-10-03,PH_LT,13.4,0.4751,False
2015-10-04,PH_LT,13.8,0.4893,False
2015-10-05,PH_LT,10.2,0.3616,False
2015-10-06,PH_LT,16.299999999999997,0.5779,False
2015-10-07,PH_LT,15.3,0.5424,False
2015-10-08,PH_LT,18.700000000000003,0.663,False
2015-10-09,PH_LT,14.0,0.4963,False
2015-10-10,PH_LT,15.0,0.5318,False
2015-10-11,PH_LT,13.9,0.4928,False
2015-10-12,PH_LT,13.2,0.468,False
2015-10-13,PH_LT,13.0,0.4609,False
2015-10-14,PH_LT,13.7,0.4857,False
2015-10-15,PH_LT,12.9,0.4573,False
2015-10-16,PH_LT,12.7,0.4503,False
2015-10-17,PH_LT,10.6,0.3758,False
2015-10-18,PH_LT,12.5,0.4432,False
2015-10-19,PH_LT,13.5,0.4786,False
2015-10-20,PH_LT,19.4,0.6878,False
2015-10-21,PH_LT,16.0,0.5672,False
2015-10-22,PH_LT,15.4,0.546,False
2015-10-23,PH_LT,17.8,0.6311,False
2015-10-24,PH_LT,15.3,0.5424,False
2015-10-25,PH_LT,15.6,0.5531,False
2015-10-26,PH_LT,16.2,0.5743,False
2015-10-27,PH_LT,12.9,0.4573,False
2015-10-28,PH_LT,14.0,0.4963,False
2015-10-29,PH_LT,31.6,1.1203,False
2015-10-30,PH_LT,23.3,0.8261,False
2015-10-31,PH_LT,22.6,0.8012,False
2015-11-01,PH_LT,25.9,0.9182,False
2015-11-02,PH_LT,27.0,0.9572,False
2015-11-03,PH_LT,26.3,0.9324,False
2015-11-04,PH_LT,24.0,0.8509,False
2015-11-05,PH_LT,16.6,0.5885,False
2015-11-06,PH_LT,15.7,0.5566,False
2015-11-07,PH_LT,14.15,0.5017,False
2015-11-08,PH_LT,12.6,0.4467,False
2015-11-09,PH_LT,15.0,0.5318,False
2015-11-10,PH_LT,14.4,0.5105,False
2015-11-11,PH_LT,14.1,0.4999,False
2015-11-12,PH_LT,14.3,0.507,False
2015-11-13,PH_LT,14.6,0.5176,False
2015-11-14,PH_LT,15.7,0.5566,False
2015-11-15,PH_LT,14.6,0.5176,False
2015-11-16,PH_LT,14.4,0.5105,False
2015-11-17,PH_LT,12.9,0.4573,False
2015-11-18,PH_LT,14.0,0.4963,False
2015-11-19,PH_LT,12.9,0.4573,False
2015-11-20,PH_LT,12.5,0.4432,False
2015-11-21,PH_LT,13.5,0.4786,False
2015-11-22,PH_LT,14.5,0.5141,False
2015-11-23,PH_LT,11.5,0.4077,False
2015-11-24,PH_LT,13.7,0.4857,False
2015-11-25,PH_LT,14.3,0.507,False
2015-11-26,PH_LT,15.8,0.5602,False
2015-11-27,PH_LT,13.3,0.4715,False
2015-11-28,PH_LT,12.7,0.4503,False
2015-11-29,PH_LT,13.8,0.4893,False
2015-11-30,PH_LT,13.1,0.4644,False
2015-12-01,PH_LT,13.8,0.4893,False
2015-12-02,PH_LT,12.3,0.4361,False
2015-12-03,PH_LT,12.8,0.4538,False
2015-12-04,PH_LT,12.7,0.4503,False
2015-12-05,PH_LT,12.8,0.4538,False
2015-12-06,PH_LT,12.2,0.4325,False
2015-12-07,PH_LT,12.9,0.4573,False
2015-12-08,PH_LT,12.7,0.4503,False
2015-12-09,PH_LT,12.8,0.4538,False
2015-12-10,PH_LT,13.9,0.4928,False
2015-12-11,PH_LT,15.9,0.5637,False
2015-12-12,PH_LT,12.2,0.4325,False
2015-12-13,PH_LT,13.3,0.4715,False
2015-12-14,PH_LT,12.2,0.4325,False
2015-12-15,PH_LT,12.7,0.4503,False
2015-12-16,PH_LT,13.7,0.4857,False
2015-12-17,PH_LT,13.2,0.468,False
2015-12-18,PH_LT,13.1,0.4644,False
2015-12-19,PH_LT,13.4,0.4751,False
2015-12-20,PH_LT,12.6,0.4467,False
2015-12-21,PH_LT,12.3,0.4361,False
2015-12-22,PH_LT,15.1,0.5353,False
2015-12-23,PH_LT,13.3,0.4715,False
2015-12-24,PH_LT,15.8,0.5602,False
2015-12-25,PH_LT,14.3,0.507,False
2015-12-26,PH_LT,14.6,0.5176,False
2015-12-27,PH_LT,15.6,0.5531,False
2015-12-28,PH_LT,15.3,0.5424,False
2015-12-29,PH_LT,18.9,0.6701,False
2015-12-30,PH_LT,13.8,0.4893,False
2015-12-31,PH_LT,13.2,0.468,False
2016-01-01,PH_LT,18.4,0.6523,False
2016-01-02,PH_LT,19.7,0.6984,False
2016-01-03,PH_LT,18.6,0.6594,False
2016-01-04,PH_LT,22.3,0.7906,False
2016-01-05,PH_LT,17.2,0.6098,False
2016-01-06,PH_LT,16.8,0.5956,False
2016-01-07,PH_LT,20.1,0.7126,False
2016-01-08,PH_LT,16.9,0.5992,False
2016-01-09,PH_LT,19.0,0.6736,False
2016-01-10,PH_LT,19.1,0.6772,False
2016-01-11,PH_LT,17.5,0.6204,False
2016-01-12,PH_LT,18.9,0.6701,False
2016-01-13,PH_LT,22.4,0.7941,False
2016-01-14,PH_LT,21.1,0.7481,False
2016-01-15,PH_LT,15.8,0.5602,False
2016-01-16,PH_LT,15.5,0.5495,False
2016-01-17,PH_LT,14.5,0.5141,False
2016-01-18,PH_LT,13.5,0.4786,False
2016-01-19,PH_LT,15.2,0.5389,False
2016-01-20,PH_LT,15.3,0.5424,False
2016-01-21,PH_LT,15.0,0.5318,False
2016-01-22,PH_LT,15.9,0.5637,False
2016-01-23,PH_LT,17.2,0.6098,False
2016-01-24,PH_LT,15.2,0.5389,False
2016-01-25,PH_LT,14.5,0.5141,False
2016-01-26,PH_LT,15.5,0.5495,False
2016-01-27,PH_LT,15.3,0.5424,False
2016-01-28,PH_LT,15.3,0.5424,False
2016-01-29,PH_LT,15.2,0.5389,False
2016-01-30,PH_LT,13.6,0.4822,False
2016-01-31,PH_LT,15.6,0.5531,False
2016-02-01,PH_LT,17.1,0.6062,False
2016-02-02,PH_LT,16.9,0.5992,False
2016-02-03,PH_LT,15.3,0.5424,False
2016-02-04,PH_LT,15.1,0.5353,False
2016-02-05,PH_LT,15.6,0.5531,False
2016-02-06,PH_LT,15.8,0.5602,False
2016-02-07,PH_LT,15.1,0.5353,False
2016-02-08,PH_LT,15.2,0.5389,False
2016-02-09,PH_LT,15.25,0.5407,False
2016-02-10,PH_LT,15.3,0.5424,False
2016-02-11,PH_LT,17.0,0.6027,False
2016-02-12,PH_LT,15.5,0.5495,False
2016-02-13,PH_LT,15.6,0.5531,False
2016-02-14,PH_LT,17.0,0.6027,False
2016-02-15,PH_LT,16.400000000000002,0.5814,False
2016-02-16,PH_LT,16.7,0.5921,False
2016-02-17,PH_LT,16.5,0.585,False
2016-02-18,PH_LT,13.6,0.4822,False
2016-02-19,PH_LT,16.299999999999997,0.5779,False
2016-02-20,PH_LT,15.8,0.5602,False
2016-02-21,PH_LT,18.8,0.6665,False
2016-02-22,PH_LT,14.8,0.5247,False
2016-02-23,PH_LT,19.0,0.6736,False
2016-02-24,PH_LT,15.2,0.5389,False
2016-02-25,PH_LT,17.9,0.6346,False
2016-02-26,PH_LT,18.2,0.6452,False
2016-02-27,PH_LT,17.6,0.624,False
2016-02-28,PH_LT,20.4,0.7232,False
2016-02-29,PH_LT,19.8,0.702,False
2016-03-01,PH_LT,21.4,0.7587,False
2016-03-02,PH_LT,22.2,0.7871,False
2016-03-03,PH_LT,21.9,0.7764,False
2016-03-04,PH_LT,20.7,0.7339,False
2016-03-05,PH_LT,21.9,0.7764,False
2016-03-06,PH_LT,22.1,0.7835,False
2016-03-07,PH_LT,27.3,0.9679,False
2016-03-08,PH_LT,20.7,0.7339,False
2016-03-09,PH_LT,22.3,0.7906,False
2016-03-10,PH_LT,26.6,0.943,False
2016-03-11,PH_LT,26.700000000000003,0.9466,False
2016-03-12,PH_LT,30.0,1.0636,False
2016-03-13,PH_LT,28.1,0.9962,False
2016-03-14,PH_LT,29.3,1.0388,False
2016-03-15,PH_LT,28.3,1.0033,False
2016-03-16,PH_LT,34.4,1.2196,False
2016-03-17,PH_LT,25.0,0.8863,False
2016-03-18,PH_LT,26.5,0.9395,False
2016-03-19,PH_LT,30.6,1.0849,False
2016-03-20,PH_LT,28.7,1.0175,False
2016-03-21,PH_LT,28.9,1.0246,False
2016-03-22,PH_LT,30.1,1.0671,False
2016-03-23,PH_LT,33.7,1.1948,False
2016-03-24,PH_LT,30.8,1.092,False
2016-03-25,PH_LT,31.1,1.1026,False
2016-03-26,PH_LT,45.1,1.5989,False
2016-03-27,PH_LT,37.7,1.3366,False
2016-03-28,PH_LT,41.0,1.4536,False
2016-03-29,PH_LT,31.9,1.131,False
2016-03-30,PH_LT,36.900000000000006,1.3082,False
2016-03-31,PH_LT,35.3,1.2515,False
2016-04-01,PH_LT,45.2,1.6025,False
2016-04-02,PH_LT,36.6,1.2976,False
2016-04-03,PH_LT,41.9,1.4855,False
2016-04-04,PH_LT,38.8,1.3756,False
2016-04-05,PH_LT,34.2,1.2125,False
2016-04-06,PH_LT,49.1,1.7407,False
2016-04-07,PH_LT,30.9,1.0955,False
2016-04-08,PH_LT,32.099999999999994,1.138,False
2016-04-09,PH_LT,29.4,1.0423,False
2016-04-10,PH_LT,36.4,1.2905,False
2016-04-11,PH_LT,73.1,2.5916,True
2016-04-12,PH_LT,85.8,3.0419,True
2016-04-13,PH_LT,68.0,2.4108,True
2016-04-14,PH_LT,66.19999999999999,2.347,True
2016-04-15,PH_LT,58.7,2.0811,True
2016-04-16,PH_LT,63.9,2.2654,True
2016-04-17,PH_LT,64.3,2.2796,True
2016-04-18,PH_LT,60.3,2.1378,True
2016-04-19,PH_LT,53.1,1.8826,True
2016-04-20,PH_LT,45.8213,1.6245,False
2016-04-21,PH_LT,47.5879,1.6871,False
2016-04-22,PH_LT,50.9777,1.8073,False
2016-04-23,PH_LT,26.6129,0.9435,False
2016-04-24,PH_LT,28.1396,0.9976,False
2016-04-25,PH_LT,29.1801,1.0345,False
2016-04-26,PH_LT,29.7512,1.0548,False
2016-04-27,PH_LT,29.8039,1.0566,False
2016-04-28,PH_LT,28.9206,1.0253,False
2016-04-29,PH_LT,27.6314,0.9796,False
2016-04-30,PH_LT,27.7757,0.9847,False
2016-05-01,PH_LT,52.7005,1.8684,True
2016-05-02,PH_LT,27.8879,0.9887,False
2016-05-03,PH_LT,29.2228,1.036,False
2016-05-04,PH_LT,28.7383,1.0189,False
2016-05-05,PH_LT,31.2596,1.1082,False
2016-05-06,PH_LT,29.4548,1.0443,False
2016-05-07,PH_LT,30.6319,1.086,False
2016-05-08,PH_LT,30.6963,1.0883,False
2016-05-09,PH_LT,30.261,1.0728,False
2016-05-10,PH_LT,34.2927,1.2158,False
2016-05-11,PH_LT,56.4796,2.0024,True
2016-05-12,PH_LT,34.0885,1.2085,False
2016-05-13,PH_LT,33.7094,1.1951,False
2016-05-14,PH_LT,29.3388,1.0401,False
2016-05-15,PH_LT,26.0732,0.9244,False
2016-05-16,PH_LT,25.4955,0.9039,False
2016-05-17,PH_LT,24.7927,0.879,False
2016-05-18,PH_LT,23.7966,0.8437,False
2016-05-19,PH_LT,22.5709,0.8002,False
2016-05-20,PH_LT,21.2173,0.7522,False
2016-05-21,PH_LT,17.9014,0.6347,False
2016-05-22,PH_LT,15.1527,0.5372,False
2016-05-23,PH_LT,19.5143,0.6918,False
2016-05-24,PH_LT,15.1037,0.5355,False
2016-05-25,PH_LT,13.6715,0.4847,False
2016-05-26,PH_LT,13.0083,0.4612,False
2016-05-27,PH_LT,14.2047,0.5036,False
2016-05-28,PH_LT,13.3969,0.475,False
2016-05-29,PH_LT,12.3797,0.4389,False
2016-05-30,PH_LT,10.9183,0.3871,False
2016-05-31,PH_LT,10.92,0.3871,False
2016-06-01,PH_LT,10.3546,0.3671,False
2016-06-02,PH_LT,8.94,0.3169,False
2016-06-03,PH_LT,8.6343,0.3061,False
2016-06-04,PH_LT,7.9007,0.2801,False
2016-06-05,PH_LT,7.4894,0.2655,False
2016-06-06,PH_LT,7.1019,0.2518,False
2016-06-07,PH_LT,6.9745,0.2473,False
2016-06-08,PH_LT,6.8471,0.2428,False
2016-06-09,PH_LT,7.0674,0.2506,False
2016-06-10,PH_LT,7.5923,0.2692,False
2016-06-11,PH_LT,7.1962,0.2551,False
2016-06-12,PH_LT,6.8643,0.2434,False
2016-06-13,PH_LT,6.9759,0.2473,False
2016-06-14,PH_LT,6.8832,0.244,False
2016-06-15,PH_LT,7.292,0.2585,False
2016-06-16,PH_LT,6.6008,0.234,False
2016-06-17,PH_LT,8.7608,0.3106,False
2016-06-18,PH_LT,6.2138,0.2203,False
2016-06-19,PH_LT,6.0106,0.2131,False
2016-06-20,PH_LT,6.2181,0.2205,False
2016-06-21,PH_LT,5.815,0.2062,False
2016-06-22,PH_LT,6.6445,0.2356,False
2016-06-23,PH_LT,6.8535,0.243,False
2016-06-24,PH_LT,7.4612,0.2645,False
2016-06-25,PH_LT,5.7725,0.2047,False
2016-06-26,PH_LT,5.2272,0.1853,False
2016-06-27,PH_LT,6.0494,0.2145,False
2016-06-28,PH_LT,6.0642,0.215,False
2016-06-29,PH_LT,5.4453,0.1931,False
2016-07-13,PH_LT,18.8776,0.6693,False
2016-07-14,PH_LT,12.1396,0.4304,False
2016-07-15,PH_LT,13.8269,0.4902,False
2016-07-16,PH_LT,9.4899,0.3364,False
2016-07-17,PH_LT,7.73195,0.2741,False
2016-07-18,PH_LT,5.974,0.2118,False
2016-07-20,PH_LT,26.461,0.9381,False
2016-07-21,PH_LT,13.0142,0.4614,False
2016-07-22,PH_LT,13.9567,0.4948,False
2016-07-23,PH_LT,6.2891,0.223,False
2016-07-24,PH_LT,11.3776,0.4034,False
2016-07-25,PH_LT,11.5155,0.4083,False
2016-07-26,PH_LT,6.9161,0.2452,False
2016-07-27,PH_LT,11.6517,0.4131,False
2016-07-28,PH_LT,11.8653,0.4207,False
2016-07-29,PH_LT,11.0451,0.3916,False
2016-07-30,PH_LT,7.3079,0.2591,False
2016-07-31,PH_LT,11.8111,0.4187,False
2016-08-01,PH_LT,12.6497,0.4485,False
2016-08-02,PH_LT,12.13,0.43,False
2016-08-03,PH_LT,11.6575,0.4133,False
2016-08-04,PH_LT,11.436,0.4054,False
2016-08-05,PH_LT,12.118,0.4296,False
2016-08-06,PH_LT,16.4291,0.5825,False
2016-08-07,PH_LT,11.7589,0.4169,False
2016-08-08,PH_LT,10.9211,0.3872,False
2016-08-09,PH_LT,11.0506,0.3918,False
2016-08-10,PH_LT,10.3022,0.3652,False
2016-08-11,PH_LT,8.3919,0.2975,False
2016-08-12,PH_LT,7.386,0.2619,False
2016-08-26,PH_LT,12.3061,0.4363,False
2016-08-27,PH_LT,8.9821,0.3184,False
2016-08-28,PH_LT,8.8917,0.3152,False
2016-08-29,PH_LT,8.1877,0.2903,False
2016-08-30,PH_LT,8.277,0.2934,False
2016-08-31,PH_LT,7.7215,0.2738,False
2016-09-01,PH_LT,7.9895,0.2833,False
2016-09-02,PH_LT,33.4065,1.1844,False
2016-09-03,PH_LT,13.1948,0.4678,False
2016-09-04,PH_LT,8.7891,0.3116,False
2016-09-05,PH_LT,8.2637,0.293,False
2016-09-06,PH_LT,55.8365,1.9796,True
2016-09-07,PH_LT,8.1286,0.2882,False
2016-09-08,PH_LT,8.4228,0.2986,False
2016-09-09,PH_LT,9.0289,0.3201,False
2016-09-10,PH_LT,7.4945,0.2657,False
2016-09-11,PH_LT,7.4836,0.2653,False
2016-09-12,PH_LT,7.5128,0.2664,False
2016-09-13,PH_LT,9.1361,0.3239,False
2016-09-14,PH_LT,8.274,0.2933,False
2016-09-15,PH_LT,9.1481,0.3243,False
2016-09-16,PH_LT,10.3438,0.3667,False
2016-09-17,PH_LT,8.796,0.3118,False
2016-09-18,PH_LT,9.2959,0.3296,False
2016-09-19,PH_LT,10.0042,0.3547,False
2016-09-20,PH_LT,9.799,0.3474,False
2016-09-21,PH_LT,9.2003,0.3262,False
2016-09-22,PH_LT,8.8211,0.3127,False
2016-09-23,PH_LT,12.8802,0.4566,False
2016-09-24,PH_LT,11.6674,0.4136,False
2016-09-25,PH_LT,12.4981,0.4431,False
2016-09-26,PH_LT,10.8876,0.386,False
2016-09-27,PH_LT,10.6954,0.3792,False
2016-09-28,PH_LT,11.0678,0.3924,False
2016-09-29,PH_LT,10.0485,0.3562,False
2016-09-30,PH_LT,11.597,0.4111,False
2016-10-01,PH_LT,12.406,0.4398,False
2016-10-02,PH_LT,10.6614,0.378,False
2016-10-03,PH_LT,9.4238,0.3341,False
2016-10-04,PH_LT,9.3175,0.3303,False
2016-10-05,PH_LT,14.7285,0.5222,False
2016-10-06,PH_LT,10.1693,0.3605,False
2016-10-07,PH_LT,12.0025,0.4255,False
2016-10-08,PH_LT,10.0158,0.3551,False
2016-10-13,PH_LT,13.5365,0.4799,False
2016-10-14,PH_LT,13.0748,0.4635,False
2016-10-15,PH_LT,13.1154,0.465,False
2016-10-16,PH_LT,14.5013,0.5141,False
2016-10-17,PH_LT,12.4014,0.4397,False
2016-10-18,PH_LT,11.667,0.4136,False
2016-10-19,PH_LT,11.0064,0.3902,False
2016-10-20,PH_LT,11.9916,0.4251,False
2016-10-21,PH_LT,11.865,0.4206,False
2016-10-22,PH_LT,10.7201,0.3801,False
2016-10-23,PH_LT,11.4773,0.4069,False
2016-10-24,PH_LT,11.1978,0.397,False
2016-10-25,PH_LT,10.2757,0.3643,False
2016-10-26,PH_LT,10.1087,0.3584,False
2016-10-27,PH_LT,12.0538,0.4273,False
2016-10-28,PH_LT,19.3443,0.6858,False
2016-10-29,PH_LT,25.4311,0.9016,False
2016-10-30,PH_LT,11.5086,0.408,False
2016-11-01,PH_LT,11.4934,0.4075,False
2016-11-04,PH_LT,9.3375,0.331,False
2016-11-07,PH_LT,10.8362,0.3842,False
2016-11-10,PH_LT,11.1959,0.3969,False
2016-11-13,PH_LT,16.9574,0.6012,False
2016-11-16,PH_LT,10.2232,0.3624,False
2016-11-19,PH_LT,15.538,0.5509,False
2016-11-22,PH_LT,83.742,2.9689,True
2016-11-25,PH_LT,10.1466,0.3597,False
2016-11-28,PH_LT,10.7384,0.3807,False
2016-12-01,PH_LT,10.5169,0.3729,False
2016-12-04,PH_LT,9.2733,0.3288,False
2016-12-07,PH_LT,9.0011,0.3191,False
2016-12-10,PH_LT,9.3342,0.3309,False
2016-12-13,PH_LT,9.1563,0.3246,False
2016-12-16,PH_LT,10.5578,0.3743,False
2016-12-19,PH_LT,10.1789,0.3609,False
2016-12-22,PH_LT,9.6826,0.3433,False
2016-12-25,PH_LT,10.6754,0.3785,False
2016-12-28,PH_LT,10.1402,0.3595,False
2016-12-31,PH_LT,16.5485,0.5867,False
2017-01-03,PH_LT,14.8141,0.5252,False
2017-01-06,PH_LT,11.6932,0.4146,False
2017-01-09,PH_LT,11.4509,0.406,False
2017-01-27,PH_LT,15.5189,0.5502,False
2017-01-30,PH_LT,14.3988,0.5105,False
2017-02-02,PH_LT,14.4468,0.5122,False
2017-02-05,PH_LT,14.8454,0.5263,False
2017-02-08,PH_LT,14.1771,0.5026,False
2017-02-11,PH_LT,13.3152,0.4721,False
2017-02-14,PH_LT,14.635,0.5189,False
2017-02-17,PH_LT,14.6891,0.5208,False
2017-02-20,PH_LT,13.8909,0.4925,False
2017-02-23,PH_LT,14.6062,0.5178,False
2017-02-26,PH_LT,16.2586,0.5764,False
2017-03-01,PH_LT,15.7723,0.5592,False
2017-03-04,PH_LT,15.9744,0.5663,False
2017-03-07,PH_LT,16.4383,0.5828,False
2017-03-10,PH_LT,17.1522,0.6081,False
2017-03-13,PH_LT,20.3609,0.7219,False
2017-03-16,PH_LT,23.6557,0.8387,False
2017-03-19,PH_LT,23.6921,0.84,False
2017-03-22,PH_LT,25.7927,0.9144,False
2017-03-25,PH_LT,28.0614,0.9949,False
2017-03-28,PH_LT,29.5846,1.0489,False
2017-03-31,PH_LT,32.7098,1.1597,False
2017-04-03,PH_LT,66.8371,2.3696,True
2017-04-06,PH_LT,31.6861,1.1234,False
2017-04-10,PH_LT,34.7291,1.2313,False
2017-04-11,PH_LT,36.0179,1.2769,False
2017-04-12,PH_LT,36.9273,1.3092,False
2017-04-13,PH_LT,33.8994,1.2018,False
2017-04-14,PH_LT,32.3058,1.1453,False
2017-04-15,PH_LT,31.4416,1.1147,False
2017-04-16,PH_LT,31.4586,1.1153,False
2017-04-17,PH_LT,31.3515,1.1115,False
2017-04-18,PH_LT,30.3997,1.0778,False
2017-04-19,PH_LT,27.8946,0.9889,False
2017-04-20,PH_LT,30.1685,1.0696,False
2017-04-21,PH_LT,30.501,1.0814,False
2017-04-22,PH_LT,29.9717,1.0626,False
2017-04-23,PH_LT,30.855,1.0939,False
2017-04-24,PH_LT,31.2097,1.1065,False
2017-04-25,PH_LT,32.7342,1.1605,False
2017-04-26,PH_LT,32.0777,1.1373,False
2017-04-27,PH_LT,31.4212,1.114,False
2017-04-28,PH_LT,30.1734,1.0697,False
2017-04-29,PH_LT,30.8935,1.0953,False
2017-04-30,PH_LT,31.8861,1.1305,False
2017-05-01,PH_LT,31.9247,1.1318,False
2017-05-02,PH_LT,31.9834,1.1339,False
2017-05-03,PH_LT,33.905,1.202,False
2017-05-04,PH_LT,35.0764,1.2436,False
2017-05-05,PH_LT,36.9282,1.3092,False
2017-05-06,PH_LT,31.9259,1.1319,False
2017-05-07,PH_LT,31.3595,1.1118,False
2017-05-08,PH_LT,28.4644,1.0091,False
2017-05-09,PH_LT,28.5797,1.0132,False
2017-05-10,PH_LT,27.5499,0.9767,False
2017-05-11,PH_LT,27.1176,0.9614,False
2017-05-12,PH_LT,24.9026,0.8829,False
2017-05-13,PH_LT,21.9405,0.7779,False
2017-05-14,PH_LT,19.4529,0.6897,False
2017-05-15,PH_LT,18.8377,0.6679,False
2017-05-16,PH_LT,19.1128,0.6776,False
2017-05-17,PH_LT,21.8555,0.7748,False
2017-05-18,PH_LT,17.2651,0.6121,False
2017-05-19,PH_LT,21.8166,0.7735,False
2017-05-20,PH_LT,18.0097,0.6385,False
2017-05-21,PH_LT,18.4372,0.6537,False
2017-05-22,PH_LT,19.5952,0.6947,False
2017-05-23,PH_LT,18.8555,0.6685,False
2017-05-24,PH_LT,17.8399,0.6325,False
2017-05-25,PH_LT,15.5169,0.5501,False
2017-05-26,PH_LT,14.2591,0.5055,False
2017-05-27,PH_LT,13.4904,0.4783,False
2017-05-28,PH_LT,13.8955,0.4926,False
2017-05-29,PH_LT,11.472,0.4067,False
2017-05-30,PH_LT,16.2601,0.5765,False
2017-05-31,PH_LT,11.34,0.402,False
2017-06-01,PH_LT,9.0731,0.3217,False
2017-06-02,PH_LT,14.6586,0.5197,False
2017-06-03,PH_LT,10.8594,0.385,False
2017-06-04,PH_LT,13.2295,0.469,False
2017-06-05,PH_LT,11.8546,0.4203,False
2017-06-06,PH_LT,12.2462,0.4342,False
2017-06-07,PH_LT,22.8428,0.8098,False
2017-06-08,PH_LT,6.7575,0.2396,False
2017-06-09,PH_LT,6.4298,0.228,False
2017-06-10,PH_LT,6.4907,0.2301,False
2017-06-11,PH_LT,5.8926,0.2089,False
2017-06-12,PH_LT,5.9288,0.2102,False
2017-06-13,PH_LT,5.4642,0.1937,False
2017-06-14,PH_LT,6.3443,0.2249,False
2017-06-15,PH_LT,5.927,0.2101,False
2017-06-16,PH_LT,6.9084,0.2449,False
2017-06-17,PH_LT,5.4542,0.1934,False
2017-06-18,PH_LT,5.3496,0.1897,False
2017-06-19,PH_LT,5.2409,0.1858,False
2017-06-20,PH_LT,5.4023,0.1915,False
2017-06-21,PH_LT,5.4879,0.1946,False
2017-06-22,PH_LT,5.2512,0.1862,False
2017-06-23,PH_LT,3.8371,0.136,False
2017-06-24,PH_LT,7.2099,0.2556,False
2017-06-26,PH_LT,7.6902,0.2726,False
2017-06-28,PH_LT,7.2761,0.258,False
2017-06-30,PH_LT,7.5714,0.2684,False
2017-07-02,PH_LT,6.8543,0.243,False
2017-07-04,PH_LT,6.9181,0.2453,False
2017-07-06,PH_LT,6.8652,0.2434,False
2017-07-08,PH_LT,6.9929,0.2479,False
2017-07-10,PH_LT,6.858,0.2431,False
2017-07-12,PH_LT,6.758,0.2396,False
2017-07-14,PH_LT,7.4382,0.2637,False
2017-07-16,PH_LT,8.3179,0.2949,False
2017-07-18,PH_LT,8.5292,0.3024,False
2017-07-20,PH_LT,7.5931,0.2692,False
2017-07-22,PH_LT,16.1663,0.5731,False
2017-07-24,PH_LT,10.1022,0.3582,False
2017-07-26,PH_LT,7.8815,0.2794,False
2017-07-28,PH_LT,10.8899,0.3861,False
2017-07-30,PH_LT,8.5662,0.3037,False
2017-08-01,PH_LT,7.9894,0.2832,False
2017-08-03,PH_LT,8.8444,0.3136,False
2017-08-05,PH_LT,15.2025,0.539,False
2017-08-07,PH_LT,10.2698,0.3641,False
2017-08-09,PH_LT,10.0469,0.3562,False
2017-08-11,PH_LT,7.3947,0.2622,False
2017-08-13,PH_LT,5.5075,0.1953,False
2017-08-15,PH_LT,6.2352,0.2211,False
2017-08-17,PH_LT,5.548,0.1967,False
2017-08-19,PH_LT,8.4551,0.2998,False
2017-08-21,PH_LT,10.8313,0.384,False
2017-08-23,PH_LT,6.104,0.2164,False
2017-08-25,PH_LT,11.6761,0.414,False
2017-08-27,PH_LT,9.7212,0.3446,False
2017-08-29,PH_LT,13.635,0.4834,False
2017-08-31,PH_LT,9.655,0.3423,False
2017-09-02,PH_LT,10.5289,0.3733,False
2017-09-04,PH_LT,9.6649,0.3426,False
2017-09-06,PH_LT,12.5235,0.444,False
2017-09-08,PH_LT,24.1121,0.8548,False
2017-09-10,PH_LT,15.4159,0.5465,False
2017-09-12,PH_LT,24.6437,0.8737,False
2017-09-14,PH_LT,10.933,0.3876,False
2017-09-16,PH_LT,22.3782,0.7934,False
2017-09-18,PH_LT,19.7462,0.7001,False
2017-09-20,PH_LT,7.5594,0.268,False
2017-09-22,PH_LT,8.1321,0.2883,False
2017-09-24,PH_LT,7.2116,0.2557,False
2017-09-26,PH_LT,7.255,0.2572,False
2017-09-28,PH_LT,15.3835,0.5454,False
2017-09-30,PH_LT,18.5947,0.6592,False
2017-10-02,PH_LT,14.6582,0.5197,False
2017-10-03,PH_LT,8.9433,0.3171,False
2017-10-04,PH_LT,10.5741,0.3749,False
2017-10-05,PH_LT,9.8141,0.3479,False
2017-10-06,PH_LT,9.6936,0.3437,False
2017-10-07,PH_LT,10.7706,0.3819,False
2017-10-08,PH_LT,9.0308,0.3202,False
2017-10-10,PH_LT,9.175,0.3253,False
2017-10-12,PH_LT,10.9643,0.3887,False
2017-10-14,PH_LT,9.8822,0.3504,False
2017-10-16,PH_LT,14.6751,0.5203,False
2017-10-18,PH_LT,9.1035,0.3227,False
2017-10-20,PH_LT,9.1652,0.3249,False
2017-10-22,PH_LT,9.4699,0.3357,False
2017-10-24,PH_LT,9.3236,0.3305,False
2017-10-26,PH_LT,9.2812,0.329,False
2017-10-28,PH_LT,9.2688,0.3286,False
2017-10-30,PH_LT,11.9073,0.4221,False
2017-11-01,PH_LT,12.36,0.4382,False
2017-11-10,PH_LT,11.5464,0.4094,False
2017-11-13,PH_LT,11.2962,0.4005,False
2017-11-19,PH_LT,10.5791,0.3751,False
2017-11-22,PH_LT,8.3758,0.2969,False
2017-11-25,PH_LT,8.9674,0.3179,False
2017-11-27,PH_LT,9.379,0.3325,False
2017-11-30,PH_LT,9.6834,0.3433,False
2017-12-03,PH_LT,8.9511,0.3173,False
2017-12-06,PH_LT,9.3936,0.333,False
2017-12-09,PH_LT,8.6832,0.3078,False
2017-12-12,PH_LT,8.6531,0.3068,False
2017-12-15,PH_LT,7.895,0.2799,False
2017-12-18,PH_LT,8.0543,0.2855,False
2017-12-21,PH_LT,9.4242,0.3341,False
2017-12-24,PH_LT,7.7088,0.2733,False
2017-12-27,PH_LT,7.6567,0.2715,False
2017-12-30,PH_LT,9.0717,0.3216,False
2018-01-02,PH_LT,7.5296,0.2669,False
2018-01-05,PH_LT,7.7329,0.2742,False
2018-01-08,PH_LT,8.0246,0.2845,False
2018-01-11,PH_LT,7.6391,0.2708,False
2018-01-14,PH_LT,9.0128,0.3195,False
2018-01-17,PH_LT,7.7691,0.2754,False
2018-01-20,PH_LT,8.1228,0.288,False
2018-01-23,PH_LT,9.1693,0.3251,False
2018-01-26,PH_LT,11.9652,0.4242,False
2018-01-29,PH_LT,10.1737,0.3607,False
2018-02-09,PH_LT,12.3644,0.4384,False
2018-02-12,PH_LT,11.8881,0.4215,False
2018-02-15,PH_LT,11.7356,0.4161,False
2018-02-18,PH_LT,11.6464,0.4129,False
2018-02-21,PH_LT,16.3844,0.5809,False
2018-02-24,PH_LT,11.8139,0.4188,False
2018-02-27,PH_LT,11.4924,0.4074,False
2018-03-02,PH_LT,11.9464,0.4235,False
2018-03-05,PH_LT,13.0328,0.4621,False
2018-03-08,PH_LT,13.9704,0.4953,False
2018-03-11,PH_LT,11.213,0.3975,False
2018-03-14,PH_LT,12.2701,0.435,False
2018-03-17,PH_LT,18.5746,0.6585,False
2018-03-20,PH_LT,14.9842,0.5312,False
2018-03-23,PH_LT,14.2364,0.5047,False
2018-03-26,PH_LT,15.4718,0.5485,False
2018-03-29,PH_LT,20.7463,0.7355,False
2018-04-01,PH_LT,20.532,0.7279,False
2018-04-04,PH_LT,22.5878,0.8008,False
2018-04-07,PH_LT,42.3975,1.5031,False
2018-04-10,PH_LT,60.8312,2.1566,True
2018-04-13,PH_LT,61.78,2.1903,True
2018-04-16,PH_LT,51.7063,1.8331,False
2018-04-18,PH_LT,78.5385,2.7844,True
2018-04-20,PH_LT,52.6434,1.8664,True
2018-04-22,PH_LT,69.2463,2.455,True
2018-04-24,PH_LT,29.1785,1.0345,False
2018-04-26,PH_LT,29.2953,1.0386,False
2018-04-28,PH_LT,28.6599,1.0161,False
2018-04-30,PH_LT,31.6426,1.1218,False
2018-05-02,PH_LT,31.655,1.1223,False
2018-05-04,PH_LT,33.9555,1.2038,False
2018-05-06,PH_LT,29.4444,1.0439,False
2018-05-08,PH_LT,24.5329,0.8698,False
2018-05-10,PH_LT,17.7096,0.6279,False
2018-05-12,PH_LT,15.9975,0.5672,False
2018-05-14,PH_LT,14.6376,0.5189,False
2018-05-16,PH_LT,12.2412,0.434,False
2018-05-18,PH_LT,10.8735,0.3855,False
2018-05-20,PH_LT,10.8424,0.3844,False
2018-05-22,PH_LT,10.5024,0.3723,False
2018-05-24,PH_LT,9.113,0.3231,False
2018-05-26,PH_LT,8.0687,0.2861,False
2018-05-28,PH_LT,10.0026,0.3546,False
2018-05-30,PH_LT,8.8609,0.3141,False
2018-06-01,PH_LT,9.6337,0.3415,False
2018-06-03,PH_LT,8.7749,0.3111,False
2018-06-05,PH_LT,8.1647,0.2895,False
2018-06-07,PH_LT,7.3258,0.2597,False
2018-06-09,PH_LT,8.3105,0.2946,False
2018-06-11,PH_LT,7.7352,0.2742,False
2018-06-13,PH_LT,11.354,0.4025,False
2018-06-15,PH_LT,6.3647,0.2256,False
2018-06-17,PH_LT,13.5458,0.4802,False
2018-06-19,PH_LT,7.5385,0.2673,False
2018-06-21,PH_LT,6.9721,0.2472,False
2018-06-23,PH_LT,8.3856,0.2973,False
2018-06-25,PH_LT,6.4815,0.2298,False
2018-06-27,PH_LT,9.358,0.3318,False
2018-06-29,PH_LT,5.5347,0.1962,False
2018-07-01,PH_LT,7.8816,0.2794,False
2018-07-03,PH_LT,5.5277,0.196,False
2018-07-05,PH_LT,7.9576,0.2821,False
2018-07-07,PH_LT,7.9419,0.2816,False
2018-07-09,PH_LT,7.279,0.2581,False
2018-07-11,PH_LT,8.3251,0.2951,False
2018-07-13,PH_LT,6.5623,0.2327,False
2018-07-15,PH_LT,6.4719,0.2294,False
2018-07-17,PH_LT,8.1018,0.2872,False
2018-07-19,PH_LT,7.0879,0.2513,False
2018-07-21,PH_LT,7.1459,0.2533,False
2018-07-23,PH_LT,10.4501,0.3705,False
2018-07-25,PH_LT,7.0114,0.2486,False
2018-07-27,PH_LT,6.9436,0.2462,False
2018-07-29,PH_LT,8.0895,0.2868,False
2018-07-31,PH_LT,6.8733,0.2437,False
2018-08-02,PH_LT,7.0492,0.2499,False
2018-08-04,PH_LT,7.6597,0.2716,False
2018-08-06,PH_LT,7.8693,0.279,False
2018-08-08,PH_LT,8.1372,0.2885,False
2018-08-10,PH_LT,7.4525,0.2642,False
2018-08-12,PH_LT,7.5303,0.267,False
2018-08-14,PH_LT,7.8735,0.2791,False
2018-08-16,PH_LT,9.434,0.3345,False
2018-08-18,PH_LT,10.1651,0.3604,False
2018-08-20,PH_LT,9.0726,0.3217,False
2018-08-22,PH_LT,25.5802,0.9069,False
2018-08-24,PH_LT,10.8861,0.3859,False
2018-08-25,PH_LT,12.695,0.4501,False
2018-08-26,PH_LT,8.9172,0.3161,False
2018-08-28,PH_LT,10.3191,0.3658,False
2018-08-30,PH_LT,8.8354,0.3132,False
2018-09-01,PH_LT,8.6594,0.307,False
2018-09-03,PH_LT,9.8315,0.3486,False
2018-09-05,PH_LT,9.1173,0.3232,False
2018-09-07,PH_LT,10.3447,0.3668,False
2018-09-09,PH_LT,12.589,0.4463,False
2018-09-11,PH_LT,10.3737,0.3678,False
2018-09-13,PH_LT,12.6837,0.4497,False
2018-09-15,PH_LT,12.8304,0.4549,False
2018-09-17,PH_LT,10.9586,0.3885,False
2018-09-19,PH_LT,10.8936,0.3862,False
2018-09-21,PH_LT,17.4607,0.619,False
2018-09-23,PH_LT,14.8291,0.5257,False
2018-09-25,PH_LT,14.147,0.5016,False
2018-09-27,PH_LT,13.9835,0.4958,False
2018-09-29,PH_LT,12.8334,0.455,False
2018-10-01,PH_LT,11.7695,0.4173,False
2018-10-03,PH_LT,25.5066,0.9043,False
2018-10-05,PH_LT,18.3858,0.6518,False
2018-10-07,PH_LT,17.5788,0.6232,False
2018-10-09,PH_LT,16.4145,0.5819,False
2018-10-11,PH_LT,14.9684,0.5307,False
2018-11-16,PH_LT,13.4555,0.477,False
2018-11-19,PH_LT,11.8695,0.4208,False
2018-11-22,PH_LT,26.6457,0.9447,False
2018-11-25,PH_LT,19.9912,0.7087,False
2018-11-28,PH_LT,15.0548,0.5337,False
2018-12-01,PH_LT,18.7191,0.6636,False
2018-12-04,PH_LT,13.7186,0.4864,False
2018-12-07,PH_LT,14.6866,0.5207,False
2018-12-10,PH_LT,12.4385,0.441,False
2018-12-13,PH_LT,27.7193,0.9827,False
2018-12-16,PH_LT,28.5789,1.0132,False
2018-12-19,PH_LT,17.1755,0.6089,False
2018-12-22,PH_LT,26.5564,0.9415,False
2018-12-25,PH_LT,24.171,0.8569,False
2018-12-28,PH_LT,15.2107,0.5393,False
2018-12-31,PH_LT,14.7772,0.5239,False
2019-01-03,PH_LT,15.5365,0.5508,False
2019-01-06,PH_LT,14.0584,0.4984,False
2019-01-09,PH_LT,19.8502,0.7037,False
2019-01-12,PH_LT,26.0541,0.9237,False
2019-01-15,PH_LT,16.9611,0.6013,False
2019-01-18,PH_LT,28.2143,1.0003,False
2019-01-21,PH_LT,22.1255,0.7844,False
2019-01-24,PH_LT,43.9783,1.5592,False
2019-01-27,PH_LT,46.7331,1.6568,False
2019-01-30,PH_LT,49.0868,1.7403,False
2019-02-02,PH_LT,37.4687,1.3284,False
2019-02-05,PH_LT,43.7199,1.55,False
2019-02-08,PH_LT,47.1269,1.6708,False
2019-02-11,PH_LT,28.9851,1.0276,False
2019-02-14,PH_LT,39.1299,1.3873,False
2019-02-17,PH_LT,39.3099,1.3937,False
2019-02-20,PH_LT,32.7815,1.1622,False
2019-02-23,PH_LT,16.8613,0.5978,False
2019-02-26,PH_LT,18.3251,0.6497,False
2019-03-01,PH_LT,21.7381,0.7707,False
2019-03-04,PH_LT,21.8042,0.773,False
2019-03-07,PH_LT,22.0211,0.7807,False
2019-03-10,PH_LT,21.2051,0.7518,False
2019-03-13,PH_LT,30.3974,1.0777,False
2019-03-16,PH_LT,34.8148,1.2343,False
2019-03-19,PH_LT,34.794,1.2336,False
2019-03-22,PH_LT,68.07,2.4133,True
2019-03-25,PH_LT,43.6856,1.5488,False
2019-03-28,PH_LT,148.6751,5.271,True
2019-03-31,PH_LT,39.3912,1.3965,False
2019-04-03,PH_LT,38.5976,1.3684,False
2019-04-06,PH_LT,37.7137,1.3371,False
2019-04-09,PH_LT,41.1616,1.4593,False
2019-04-12,PH_LT,46.0192,1.6315,False
2019-04-15,PH_LT,36.9363,1.3095,False
2019-04-18,PH_LT,40.8339,1.4477,False
2019-04-21,PH_LT,47.8621,1.6969,False
2019-04-24,PH_LT,35.8299,1.2703,False
2019-04-25,PH_LT,34.3945,1.2194,False
2019-04-27,PH_LT,35.0087,1.2412,False
2019-04-29,PH_LT,36.3637,1.2892,False
2019-05-01,PH_LT,37.2251,1.3197,False
2019-05-03,PH_LT,39.6686,1.4064,False
2019-05-05,PH_LT,38.5868,1.368,False
2019-05-07,PH_LT,38.4546,1.3633,False
2019-05-09,PH_LT,39.4047,1.397,False
2019-05-11,PH_LT,38.4294,1.3624,False
2019-05-13,PH_LT,36.5524,1.2959,False
2019-05-15,PH_LT,33.8699,1.2008,False
2019-05-17,PH_LT,26.9268,0.9546,False
2019-05-19,PH_LT,32.9151,1.1669,False
2019-05-21,PH_LT,28.3443,1.0049,False
2019-05-23,PH_LT,30.7251,1.0893,False
2019-05-25,PH_LT,32.7118,1.1597,False
2019-05-27,PH_LT,33.4336,1.1853,False
2019-05-29,PH_LT,33.8159,1.1989,False
2019-05-31,PH_LT,67.0628,2.3776,True
2019-06-02,PH_LT,24.0337,0.8521,False
2019-06-04,PH_LT,27.0602,0.9594,False
2019-06-06,PH_LT,14.6669,0.52,False
2019-06-08,PH_LT,12.3613,0.4382,False
2019-06-10,PH_LT,13.5102,0.479,False
2019-06-11,PH_LT,12.5357,0.4444,False
2019-06-12,PH_LT,10.1686,0.3605,False
2019-06-13,PH_LT,11.852,0.4202,False
2019-06-14,PH_LT,11.7964,0.4182,False
2019-06-15,PH_LT,9.4346,0.3345,False
2019-06-16,PH_LT,10.5813,0.3751,False
2019-06-17,PH_LT,9.0332,0.3203,False
2019-06-18,PH_LT,18.0283,0.6392,False
2019-06-19,PH_LT,15.3787,0.5452,False
2019-06-20,PH_LT,10.528,0.3732,False
2019-06-21,PH_LT,11.5663,0.4101,False
2019-06-22,PH_LT,10.4105,0.3691,False
2019-06-23,PH_LT,13.586,0.4817,False
2019-06-24,PH_LT,14.879,0.5275,False
2019-06-25,PH_LT,13.2811,0.4709,False
2019-06-26,PH_LT,10.5046,0.3724,False
2019-06-27,PH_LT,13.915,0.4933,False
2019-06-28,PH_LT,22.5531,0.7996,False
2019-06-29,PH_LT,7.6552,0.2714,False
2019-06-30,PH_LT,9.784,0.3469,False
2019-07-01,PH_LT,6.5327,0.2316,False
2019-07-02,PH_LT,509.4331,18.0609,True
2019-07-03,PH_LT,10.3481,0.3669,False
2019-07-04,PH_LT,6.875,0.2437,False
2019-07-07,PH_LT,7.6764,0.2722,False
2019-07-09,PH_LT,10.5905,0.3755,False
2019-07-11,PH_LT,10.0417,0.356,False
2019-07-13,PH_LT,11.8142,0.4188,False
2019-07-15,PH_LT,7.2307,0.2564,False
2019-07-17,PH_LT,8.3166,0.2948,False
2019-07-19,PH_LT,7.234,0.2565,False
2019-07-21,PH_LT,7.6358,0.2707,False
2019-07-23,PH_LT,14.797,0.5246,False
2019-07-25,PH_LT,13.2253,0.4689,False
2019-07-27,PH_LT,6.7011,0.2376,False
2019-07-29,PH_LT,11.9325,0.423,False
2019-07-31,PH_LT,11.2062,0.3973,False
2019-08-02,PH_LT,9.6561,0.3423,False
2019-08-04,PH_LT,6.6727,0.2366,False
2019-08-06,PH_LT,9.6266,0.3413,False
2019-08-08,PH_LT,8.3521,0.2961,False
2019-08-10,PH_LT,5.2054,0.1845,False
2019-08-12,PH_LT,6.4157,0.2275,False
2019-08-14,PH_LT,5.9954,0.2126,False
2019-08-18,PH_LT,5.6113,0.1989,False
2019-08-20,PH_LT,6.9855,0.2477,False
2019-08-22,PH_LT,11.0378,0.3913,False
2019-08-24,PH_LT,7.3194,0.2595,False
2019-08-26,PH_LT,5.2072,0.1846,False
2019-08-28,PH_LT,5.6657,0.2009,False
2019-08-30,PH_LT,5.5345,0.1962,False
2019-09-01,PH_LT,5.0885,0.1804,False
2019-09-03,PH_LT,5.5163,0.1956,False
2019-09-05,PH_LT,5.716,0.2026,False
2019-09-07,PH_LT,5.6146,0.1991,False
2019-09-09,PH_LT,6.0047,0.2129,False
2019-09-11,PH_LT,10.3157,0.3657,False
2019-09-13,PH_LT,7.1662,0.2541,False
2019-09-15,PH_LT,6.8527,0.2429,False
2019-09-17,PH_LT,6.7564,0.2395,False
2019-09-19,PH_LT,6.0977,0.2162,False
2019-09-21,PH_LT,7.9636,0.2823,False
2019-09-23,PH_LT,7.5708,0.2684,False
2019-09-25,PH_LT,8.4997,0.3013,False
2019-09-27,PH_LT,9.7353,0.3451,False
2019-09-29,PH_LT,7.3962,0.2622,False
2019-10-01,PH_LT,38.7598,1.3742,False
2019-10-03,PH_LT,8.3523,0.2961,False
2019-10-05,PH_LT,25.0956,0.8897,False
2019-10-07,PH_LT,7.8033,0.2767,False
2019-10-09,PH_LT,9.1695,0.3251,False
2019-10-11,PH_LT,19.3385,0.6856,False
2019-10-13,PH_LT,8.0514,0.2854,False
2019-10-15,PH_LT,9.0484,0.3208,False
2019-10-17,PH_LT,8.2538,0.2926,False
2019-10-19,PH_LT,13.8894,0.4924,False
2019-10-23,PH_LT,14.746,0.5228,False
2019-10-25,PH_LT,11.1151,0.3941,False
2019-10-27,PH_LT,12.8278,0.4548,False
2019-10-30,PH_LT,8.1075,0.2874,False
2019-11-05,PH_LT,9.2515,0.328,False
2019-11-07,PH_LT,9.3665,0.3321,False
2019-11-08,PH_LT,9.855,0.3494,False
2019-11-11,PH_LT,10.3102,0.3655,False
2019-11-14,PH_LT,9.0885,0.3222,False
2019-11-20,PH_LT,16.2771,0.5771,False
2019-11-23,PH_LT,9.9689,0.3534,False
2019-11-29,PH_LT,8.8099,0.3123,False
2019-12-02,PH_LT,6.9487,0.2464,False
2019-12-05,PH_LT,7.599,0.2694,False
2019-12-08,PH_LT,8.6121,0.3053,False
2019-12-11,PH_LT,8.0007,0.2836,False
2019-12-14,PH_LT,7.9192,0.2808,False
2019-12-17,PH_LT,9.3852,0.3327,False
2019-12-20,PH_LT,7.4805,0.2652,False
2019-12-23,PH_LT,8.9675,0.3179,False
2019-12-29,PH_LT,10.9041,0.3866,False
2020-01-01,PH_LT,11.0326,0.3911,False
2020-01-07,PH_LT,12.0543,0.4274,False
2020-03-30,PH_LT,19.323,0.6851,False
2020-04-07,PH_LT,22.0996,0.7835,False
2020-04-17,PH_LT,20.7281,0.7349,False
2020-04-21,PH_LT,26.3238,0.9333,False
2020-04-30,PH_LT,34.5787,1.2259,False
2020-05-02,PH_LT,31.2474,1.1078,False
2020-05-04,PH_LT,106.8958,3.7898,True
2020-05-06,PH_LT,30.1525,1.069,False
2020-05-12,PH_LT,25.2161,0.894,False
2020-05-14,PH_LT,26.4062,0.9362,False
2020-05-16,PH_LT,21.9627,0.7786,False
2020-05-18,PH_LT,17.8373,0.6324,False
2020-05-20,PH_LT,16.2181,0.575,False
2020-05-22,PH_LT,19.0366,0.6749,False
2020-05-24,PH_LT,14.1847,0.5029,False
2020-05-26,PH_LT,12.787,0.4533,False
2020-05-28,PH_LT,27.5908,0.9782,False
2020-05-30,PH_LT,9.2473,0.3278,False
2020-06-01,PH_LT,9.5124,0.3372,False
2020-06-03,PH_LT,12.7016,0.4503,False
2020-06-05,PH_LT,9.0152,0.3196,False
2020-06-07,PH_LT,10.1069,0.3583,False
2020-06-09,PH_LT,11.0371,0.3913,False
2020-06-11,PH_LT,9.724,0.3447,False
2020-06-13,PH_LT,8.4683,0.3002,False
2020-06-15,PH_LT,7.7139,0.2735,False
2020-06-16,PH_LT,7.847,0.2782,False
2020-06-18,PH_LT,6.4071,0.2272,False
2020-06-20,PH_LT,6.386,0.2264,False
2020-06-22,PH_LT,9.0635,0.3213,False
2020-06-24,PH_LT,5.9826,0.2121,False
2020-06-26,PH_LT,5.8703,0.2081,False
2020-06-28,PH_LT,5.7327,0.2032,False
2020-06-30,PH_LT,6.6041,0.2341,False
2020-07-02,PH_LT,4.9772,0.1765,False
2020-07-04,PH_LT,12.41,0.44,False
2020-07-06,PH_LT,6.0574,0.2148,False
2020-07-08,PH_LT,12.0971,0.4289,False
2020-07-10,PH_LT,8.4445,0.2994,False
2020-07-12,PH_LT,11.1599,0.3957,False
2020-07-14,PH_LT,5.951,0.211,False
2020-07-16,PH_LT,8.5177,0.302,False
2020-07-18,PH_LT,14.7277,0.5221,False
2020-07-20,PH_LT,6.5463,0.2321,False
2020-07-22,PH_LT,7.9532,0.282,False
2020-07-24,PH_LT,7.6075,0.2697,False
2020-07-26,PH_LT,9.149,0.3244,False
2020-07-28,PH_LT,8.704,0.3086,False
2020-07-30,PH_LT,6.9419,0.2461,False
2020-08-02,PH_LT,5.8364,0.2069,False
2020-08-05,PH_LT,15.06,0.5339,False
2020-08-07,PH_LT,33.15,1.1753,False
2020-08-09,PH_LT,6.56,0.2326,False
2020-08-11,PH_LT,10.05,0.3563,False
2020-08-13,PH_LT,27.96,0.9913,False
2020-08-15,PH_LT,14.19,0.5031,False
2020-08-17,PH_LT,8.7,0.3084,False
2020-08-19,PH_LT,6.85,0.2429,False
2020-08-21,PH_LT,13.26,0.4701,False
2020-08-23,PH_LT,10.06,0.3567,False
2020-08-25,PH_LT,26.23,0.9299,False
2020-08-27,PH_LT,12.6684,0.4491,False
2020-08-29,PH_LT,9.273,0.3288,False
2020-08-31,PH_LT,9.7426,0.3454,False
2020-09-02,PH_LT,7.637,0.2708,False
2020-09-04,PH_LT,8.4751,0.3005,False
2020-09-06,PH_LT,9.9317,0.3521,False
2020-09-08,PH_LT,8.1296,0.2882,False
2020-09-10,PH_LT,12.4216,0.4404,False
2020-09-12,PH_LT,10.5846,0.3753,False
2020-09-14,PH_LT,21.9844,0.7794,False
2020-09-16,PH_LT,13.6807,0.485,False
2020-09-17,PH_LT,13.42,0.4758,False
2020-09-19,PH_LT,38.72,1.3727,False
2020-09-21,PH_LT,11.24,0.3985,False
2020-09-23,PH_LT,15.63,0.5541,False
2020-09-25,PH_LT,9.85,0.3492,False
2020-09-27,PH_LT,15.03,0.5329,False
2020-09-29,PH_LT,10.35,0.3669,False
2020-10-01,PH_LT,12.12,0.4297,False
2020-10-03,PH_LT,19.25,0.6825,False
2020-10-05,PH_LT,11.9,0.4219,False
2020-10-07,PH_LT,15.59,0.5527,False
2020-10-09,PH_LT,12.1,0.429,False
2020-10-11,PH_LT,11.95,0.4237,False
2020-10-13,PH_LT,47.91,1.6986,False
2020-10-15,PH_LT,10.47,0.3712,False
2020-10-17,PH_LT,9.24,0.3276,False
2020-10-19,PH_LT,11.46,0.4063,False
2020-10-21,PH_LT,9.59,0.34,False
2020-10-23,PH_LT,9.86,0.3496,False
2020-10-25,PH_LT,10.35,0.3669,False
2020-10-27,PH_LT,12.56,0.4453,False
2020-11-05,PH_LT,12.44,0.441,False
2020-11-08,PH_LT,9.49,0.3364,False
2020-11-11,PH_LT,10.66,0.3779,False
2020-11-14,PH_LT,12.86,0.4559,False
2020-11-17,PH_LT,8.26,0.2928,False
2020-11-20,PH_LT,10.37,0.3676,False
2020-11-23,PH_LT,14.07,0.4988,False
2020-11-26,PH_LT,8.64,0.3063,False
2020-11-29,PH_LT,8.73,0.3095,False
2020-12-02,PH_LT,8.6,0.3049,False
2020-12-05,PH_LT,8.59,0.3045,False
2020-12-11,PH_LT,10.62,0.3765,False
2020-12-14,PH_LT,12.13,0.43,False
2020-12-17,PH_LT,9.22,0.3269,False
2020-12-23,PH_LT,22.61,0.8016,False
2020-12-26,PH_LT,14.54,0.5155,False
2020-12-29,PH_LT,14.59,0.5173,False
2021-01-01,PH_LT,10.12,0.3588,False
2021-01-04,PH_LT,9.95,0.3528,False
2021-01-07,PH_LT,15.69,0.5563,False
2021-01-10,PH_LT,10.51,0.3726,False
2021-01-13,PH_LT,13.88,0.4921,False
2021-01-14,PH_LT,12.73,0.4513,False
2021-01-17,PH_LT,12.64,0.4481,False
2021-01-20,PH_LT,11.69,0.4144,False
2021-01-23,PH_LT,10.11,0.3584,False
2021-01-26,PH_LT,10.03,0.3556,False
2021-01-29,PH_LT,10.15,0.3598,False
2021-02-01,PH_LT,9.9,0.351,False
2021-02-04,PH_LT,10.33,0.3662,False
2021-02-07,PH_LT,9.78,0.3467,False
2021-02-10,PH_LT,9.44,0.3347,False
2021-02-13,PH_LT,10.12,0.3588,False
2021-02-16,PH_LT,10.23,0.3627,False
2021-02-19,PH_LT,10.11,0.3584,False
2021-02-22,PH_LT,10.14,0.3595,False
2021-02-25,PH_LT,13.51,0.479,False
2021-02-28,PH_LT,11.04,0.3914,False
2021-03-03,PH_LT,10.16,0.3602,False
2021-03-06,PH_LT,9.76,0.346,False
2021-03-09,PH_LT,10.22,0.3623,False
2021-03-12,PH_LT,11.62,0.412,False
2021-03-15,PH_LT,10.64,0.3772,False
2021-03-18,PH_LT,10.79,0.3825,False
2021-03-21,PH_LT,29.8,1.0565,False
2021-03-25,PH_LT,12.83,0.4549,False
2021-03-28,PH_LT,14.36,0.5091,False
2021-03-31,PH_LT,18.71,0.6633,False
2021-04-03,PH_LT,24.27,0.8604,False
2021-04-06,PH_LT,25.09,0.8895,False
2021-04-09,PH_LT,31.32,1.1104,False
2021-04-12,PH_LT,35.17,1.2469,False
2021-04-15,PH_LT,52.4,1.8577,False
2021-04-18,PH_LT,49.86,1.7677,False
2021-04-21,PH_LT,56.92,2.018,True
2021-04-24,PH_LT,52.02,1.8443,False
2021-04-27,PH_LT,66.97,2.3743,True
2021-04-29,PH_LT,58.81,2.085,True
2021-05-01,PH_LT,64.42,2.2839,True
2021-05-03,PH_LT,45.61,1.617,False
2021-05-05,PH_LT,48.27,1.7113,False
2021-05-07,PH_LT,39.23,1.3908,False
2021-05-09,PH_LT,34.81,1.2341,False
2021-05-11,PH_LT,38.06,1.3493,False
2021-05-13,PH_LT,41.49,1.4709,False
2021-05-15,PH_LT,42.76,1.516,False
2021-05-17,PH_LT,56.87,2.0162,True
2021-05-19,PH_LT,37.77,1.3391,False
2021-05-21,PH_LT,24.4,0.8651,False
2021-05-23,PH_LT,22.49,0.7973,False
2021-05-25,PH_LT,23.93,0.8484,False
2021-05-27,PH_LT,20.6,0.7303,False
2021-05-29,PH_LT,15.99,0.5669,False
2021-05-31,PH_LT,14.25,0.5052,False
2021-06-02,PH_LT,14.99,0.5314,False
2021-06-04,PH_LT,15.93,0.5648,False
2021-06-06,PH_LT,11.19,0.3967,False
2021-06-08,PH_LT,10.06,0.3567,False
2021-06-10,PH_LT,14.95,0.53,False
2021-06-12,PH_LT,11.21,0.3974,False
2021-06-16,PH_LT,18.09,0.6413,False
2021-06-18,PH_LT,10.7,0.3793,False
2021-06-20,PH_LT,8.26,0.2928,False
2021-06-22,PH_LT,6.99,0.2478,False
2021-06-24,PH_LT,10.45,0.3705,False
2021-06-26,PH_LT,9.51,0.3372,False
2021-06-28,PH_LT,8.36,0.2964,False
2021-06-30,PH_LT,8.83,0.313,False
2021-07-02,PH_LT,8.92,0.3162,False
2021-07-04,PH_LT,7.25,0.257,False
2021-07-06,PH_LT,8.31,0.2946,False
2021-07-08,PH_LT,8.48,0.3006,False
2021-07-10,PH_LT,8.38,0.2971,False
2021-07-12,PH_LT,7.99,0.2833,False
2021-07-14,PH_LT,10.56,0.3744,False
2021-07-16,PH_LT,8.58,0.3042,False
2021-07-18,PH_LT,8.17,0.2897,False
2021-07-20,PH_LT,7.16,0.2538,False
2021-07-22,PH_LT,6.79,0.2407,False
2021-07-24,PH_LT,7.26,0.2574,False
2021-07-26,PH_LT,8.75,0.3102,False
2021-07-28,PH_LT,10.39,0.3684,False
2021-08-04,PH_LT,10.99,0.3896,False
2021-08-06,PH_LT,10.31,0.3655,False
2021-08-08,PH_LT,8.31,0.2946,False
2021-08-10,PH_LT,8.63,0.306,False
2021-08-12,PH_LT,8.72,0.3092,False
2021-08-14,PH_LT,8.06,0.2858,False
2021-08-16,PH_LT,8.6,0.3049,False
2021-08-18,PH_LT,10.39,0.3684,False
2021-08-20,PH_LT,11.84,0.4198,False
2021-08-22,PH_LT,11.2,0.3971,False
2021-08-25,PH_LT,9.43,0.3343,False
2021-08-27,PH_LT,20.67,0.7328,False
2021-08-29,PH_LT,9.24,0.3276,False
2021-08-31,PH_LT,8.75,0.3102,False
2021-09-02,PH_LT,29.85,1.0583,False
2021-09-04,PH_LT,12.1,0.429,False
2021-09-06,PH_LT,10.55,0.374,False
2021-09-08,PH_LT,10.52,0.373,False
2021-09-10,PH_LT,9.79,0.3471,False
2021-09-12,PH_LT,10.03,0.3556,False
2021-09-14,PH_LT,10.37,0.3676,False
2021-09-16,PH_LT,9.16,0.3247,False
2021-09-18,PH_LT,9.91,0.3513,False
2021-09-20,PH_LT,36.16,1.282,False
2021-09-22,PH_LT,21.2,0.7516,False
2021-09-24,PH_LT,20.87,0.7399,False
2021-09-26,PH_LT,15.01,0.5321,False
2021-09-28,PH_LT,14.87,0.5272,False
2021-09-30,PH_LT,20.32,0.7204,False
2021-10-02,PH_LT,23.48,0.8324,False
2021-10-04,PH_LT,15.12,0.536,False
2021-10-06,PH_LT,15.28,0.5417,False
2021-10-08,PH_LT,15.43,0.547,False
2021-10-10,PH_LT,25.38,0.8998,False
2021-10-11,PH_LT,18.62,0.6601,False
2021-10-28,PH_LT,21.99,0.7796,False
2021-10-31,PH_LT,20.32,0.7204,False
2021-11-03,PH_LT,20.28,0.719,False
2021-11-06,PH_LT,15.74,0.558,False
2021-11-09,PH_LT,15.91,0.5641,False
2021-11-12,PH_LT,13.88,0.4921,False
2021-11-15,PH_LT,17.28,0.6126,False
2021-11-18,PH_LT,16.34,0.5793,False
2021-11-21,PH_LT,13.14,0.4659,False
2021-11-24,PH_LT,13.96,0.4949,False
2021-11-27,PH_LT,14.41,0.5109,False
2021-11-30,PH_LT,15.46,0.5481,False
2021-12-03,PH_LT,21.49,0.7619,False
2021-12-06,PH_LT,14.72,0.5219,False
2021-12-09,PH_LT,15.2,0.5389,False
2021-12-12,PH_LT,14.81,0.5251,False
2021-12-15,PH_LT,15.22,0.5396,False
2021-12-18,PH_LT,12.95,0.4591,False
2021-12-21,PH_LT,12.38,0.4389,False
2021-12-24,PH_LT,13.4,0.4751,False
2021-12-27,PH_LT,14.8,0.5247,False
2021-12-30,PH_LT,11.65,0.413,False
2022-01-02,PH_LT,13.22,0.4687,False
2022-01-05,PH_LT,11.46,0.4063,False
2022-01-14,PH_LT,16.3619,0.5801,False
2022-01-21,PH_LT,20.98,0.7438,False
2022-01-24,PH_LT,16.72,0.5928,False
2022-01-27,PH_LT,15.67,0.5555,False
2022-01-30,PH_LT,15.0,0.5318,False
2022-02-02,PH_LT,16.5,0.585,False
2022-02-05,PH_LT,17.26,0.6119,False
2022-02-08,PH_LT,13.49,0.4783,False
2022-02-11,PH_LT,14.18,0.5027,False
2022-02-14,PH_LT,13.17,0.4669,False
2022-02-17,PH_LT,13.79,0.4889,False
2022-02-20,PH_LT,14.24,0.5049,False
2022-02-23,PH_LT,14.53,0.5151,False
2022-02-26,PH_LT,13.84,0.4907,False
2022-03-01,PH_LT,18.23,0.6463,False
2022-03-04,PH_LT,15.79,0.5598,False
2022-03-07,PH_LT,16.08,0.5701,False
2022-03-10,PH_LT,16.8,0.5956,False
2022-03-13,PH_LT,16.69,0.5917,False
2022-03-16,PH_LT,16.67,0.591,False
2022-03-19,PH_LT,17.37,0.6158,False
2022-03-22,PH_LT,16.55,0.5867,False
2022-03-25,PH_LT,19.47,0.6903,False
2022-03-28,PH_LT,27.17,0.9633,False
2022-03-31,PH_LT,21.1,0.7481,False
2022-04-06,PH_LT,24.41,0.8654,False
2022-04-09,PH_LT,21.46,0.7608,False
2022-04-12,PH_LT,21.43,0.7598,False
2022-04-15,PH_LT,28.85,1.0228,False
2022-04-18,PH_LT,27.4,0.9714,False
2022-04-21,PH_LT,34.26,1.2146,False
2022-04-24,PH_LT,47.48,1.6833,False
2022-04-27,PH_LT,33.48,1.187,False
2022-04-30,PH_LT,25.01,0.8867,False
2022-05-03,PH_LT,20.86,0.7395,False
2022-05-06,PH_LT,19.04,0.675,False
2022-05-09,PH_LT,20.33,0.7208,False
2022-05-12,PH_LT,17.07,0.6052,False
2022-05-15,PH_LT,14.98,0.5311,False
2022-05-17,PH_LT,16.88,0.5984,False
2022-05-19,PH_LT,12.15,0.4308,False
2022-05-21,PH_LT,12.75,0.452,False
2022-05-23,PH_LT,13.6,0.4822,False
2022-05-25,PH_LT,14.01,0.4967,False
2022-05-27,PH_LT,10.86,0.385,False
2022-05-29,PH_LT,9.63,0.3414,False
2022-05-31,PH_LT,11.06,0.3921,False
2022-06-02,PH_LT,11.01,0.3903,False
2022-06-04,PH_LT,8.89,0.3152,False
2022-06-07,PH_LT,12.17,0.4315,False
2022-06-09,PH_LT,8.14,0.2886,False
2022-06-11,PH_LT,7.1,0.2517,False
2022-06-13,PH_LT,6.18,0.2191,False
2022-06-15,PH_LT,6.45,0.2287,False
2022-06-17,PH_LT,7.22,0.256,False
2022-06-19,PH_LT,9.5,0.3368,False
2022-06-21,PH_LT,7.29,0.2585,False
2022-06-23,PH_LT,7.03,0.2492,False
2022-06-25,PH_LT,7.83,0.2776,False
2022-06-27,PH_LT,8.81,0.3123,False
2022-06-29,PH_LT,6.67,0.2365,False
2022-07-01,PH_LT,6.57,0.2329,False
2022-07-03,PH_LT,6.61,0.2343,False
2022-07-07,PH_LT,7.76,0.2751,False
2022-07-09,PH_LT,7.45,0.2641,False
2022-07-11,PH_LT,6.64,0.2354,False
2022-07-13,PH_LT,6.46,0.229,False
2022-07-15,PH_LT,6.82,0.2418,False
2022-07-17,PH_LT,6.2,0.2198,False
2022-07-19,PH_LT,6.79,0.2407,False
2022-07-21,PH_LT,6.21,0.2202,False
2022-07-23,PH_LT,6.07,0.2152,False
2022-07-25,PH_LT,6.08,0.2156,False
2022-07-27,PH_LT,5.99,0.2124,False
2022-07-29,PH_LT,6.45,0.2287,False
2022-07-31,PH_LT,7.08,0.251,False
2022-08-02,PH_LT,7.58,0.2687,False
2022-08-04,PH_LT,6.76,0.2397,False
2022-08-06,PH_LT,7.0,0.2482,False
2022-08-08,PH_LT,6.48,0.2297,False
2022-08-10,PH_LT,9.54,0.3382,False
2022-08-12,PH_LT,7.8,0.2765,False
2022-08-14,PH_LT,7.09,0.2514,False
2022-08-16,PH_LT,6.8,0.2411,False
2022-08-17,PH_LT,7.0376,0.2495,False
2022-08-19,PH_LT,7.1013,0.2518,False
2022-08-21,PH_LT,7.724,0.2738,False
2022-08-23,PH_LT,7.5267,0.2668,False
2022-08-25,PH_LT,8.4149,0.2983,False
2022-08-27,PH_LT,8.2349,0.292,False
2022-08-29,PH_LT,8.5332,0.3025,False
2022-08-31,PH_LT,7.5728,0.2685,False
2022-09-02,PH_LT,10.0654,0.3568,False
2022-09-04,PH_LT,6.502,0.2305,False
2022-09-06,PH_LT,7.361,0.261,False
2022-09-08,PH_LT,6.4499,0.2287,False
2022-09-10,PH_LT,7.5247,0.2668,False
2022-09-12,PH_LT,7.4005,0.2624,False
2022-09-14,PH_LT,8.13,0.2882,False
2022-09-16,PH_LT,11.24,0.3985,False
2022-09-18,PH_LT,10.78,0.3822,False
2022-09-20,PH_LT,9.78,0.3467,False
2022-09-22,PH_LT,13.2,0.468,False
2022-09-24,PH_LT,11.19,0.3967,False
2022-09-26,PH_LT,10.15,0.3598,False
2022-09-28,PH_LT,10.5,0.3723,False
2022-09-30,PH_LT,12.32,0.4368,False
2022-10-02,PH_LT,20.98,0.7438,False
2022-10-08,PH_LT,12.96,0.4595,False
2022-10-10,PH_LT,12.64,0.4481,False
2022-10-12,PH_LT,11.72,0.4155,False
2022-10-14,PH_LT,17.64,0.6254,False
2022-10-16,PH_LT,12.08,0.4283,False
2022-10-18,PH_LT,12.72,0.451,False
2022-11-17,PH_LT,13.13,0.4655,False
2022-12-16,PH_LT,13.05,0.4627,False
2022-12-19,PH_LT,11.47,0.4066,False
2022-12-22,PH_LT,17.55,0.6222,False
2022-12-25,PH_LT,11.2,0.3971,False
2022-12-28,PH_LT,11.89,0.4215,False
2022-12-31,PH_LT,10.75,0.3811,False
2023-01-03,PH_LT,11.12,0.3942,False
2023-01-06,PH_LT,12.6,0.4467,False
2023-01-09,PH_LT,12.44,0.441,False
2023-01-12,PH_LT,12.67,0.4492,False
2023-01-15,PH_LT,12.14,0.4304,False
2023-01-18,PH_LT,12.52,0.4439,False
2023-01-21,PH_LT,12.42,0.4403,False
2023-01-24,PH_LT,13.09,0.4641,False
2023-01-27,PH_LT,13.65,0.4839,False
2023-01-30,PH_LT,13.97,0.4953,False
2023-02-02,PH_LT,12.61,0.4471,False
2023-02-05,PH_LT,12.65,0.4485,False
2023-02-09,PH_LT,13.1,0.4644,False
2023-02-12,PH_LT,12.79,0.4534,False
2023-02-15,PH_LT,12.94,0.4588,False
2023-02-18,PH_LT,13.01,0.4612,False
2023-02-21,PH_LT,16.33,0.5789,False
2023-02-24,PH_LT,14.45,0.5123,False
2023-02-27,PH_LT,13.48,0.4779,False
2023-03-02,PH_LT,13.1,0.4644,False
2023-03-05,PH_LT,13.1,0.4644,False
2023-03-08,PH_LT,13.51,0.479,False
2023-03-11,PH_LT,13.81,0.4896,False
2023-03-14,PH_LT,22.36,0.7927,False
2023-03-17,PH_LT,14.59,0.5173,False
2023-03-20,PH_LT,13.96,0.4949,False
2023-03-23,PH_LT,13.76,0.4878,False
2023-03-26,PH_LT,14.66,0.5197,False
2023-03-29,PH_LT,13.23,0.469,False
2023-04-01,PH_LT,14.4,0.5105,False
2023-04-04,PH_LT,15.14,0.5368,False
2023-04-07,PH_LT,14.72,0.5219,False
2023-04-10,PH_LT,15.45,0.5477,False
2023-04-13,PH_LT,19.08,0.6764,False
2023-04-16,PH_LT,24.39,0.8647,False
2023-04-19,PH_LT,25.46,0.9026,False
2023-04-21,PH_LT,24.7286,0.8767,False
2023-04-24,PH_LT,28.3832,1.0063,False
2023-04-27,PH_LT,29.448,1.044,False
2023-04-30,PH_LT,31.6401,1.1217,False
2023-05-03,PH_LT,30.7798,1.0912,False
2023-05-06,PH_LT,28.6386,1.0153,False
2023-05-09,PH_LT,31.3467,1.1113,False
2023-05-12,PH_LT,31.2151,1.1067,False
2023-05-15,PH_LT,27.6265,0.9794,False
2023-05-18,PH_LT,22.6973,0.8047,False
2023-05-24,PH_LT,15.9385,0.5651,False
2023-05-26,PH_LT,16.2087,0.5746,False
2023-05-28,PH_LT,13.6462,0.4838,False
2023-05-30,PH_LT,11.7831,0.4177,False
2023-06-01,PH_LT,10.9467,0.3881,False
2023-06-03,PH_LT,12.4078,0.4399,False
2023-06-05,PH_LT,10.6074,0.3761,False
2023-06-07,PH_LT,8.9515,0.3174,False
2023-06-09,PH_LT,9.0384,0.3204,False
2023-06-11,PH_LT,9.0031,0.3192,False
2023-06-13,PH_LT,9.068,0.3215,False
2023-06-15,PH_LT,9.8274,0.3484,False
2023-06-17,PH_LT,25.2116,0.8938,False
2023-06-19,PH_LT,11.4914,0.4074,False
2023-06-21,PH_LT,8.5168,0.3019,False
2023-06-23,PH_LT,7.9075,0.2803,False
2023-06-25,PH_LT,8.3674,0.2966,False
2023-06-27,PH_LT,6.7367,0.2388,False
2023-06-29,PH_LT,6.9125,0.2451,False
2023-07-01,PH_LT,7.2933,0.2586,False
2023-07-03,PH_LT,7.5143,0.2664,False
2023-07-05,PH_LT,6.5909,0.2337,False
2023-07-07,PH_LT,7.2855,0.2583,False
2023-07-09,PH_LT,6.6177,0.2346,False
2023-07-11,PH_LT,6.0705,0.2152,False
2023-07-13,PH_LT,5.8802,0.2085,False
2023-07-15,PH_LT,6.2905,0.223,False
2023-07-17,PH_LT,5.5858,0.198,False
2023-07-19,PH_LT,5.7502,0.2039,False
2023-07-21,PH_LT,4.8826,0.1731,False
2023-07-23,PH_LT,5.8147,0.2061,False
2023-07-25,PH_LT,5.2525,0.1862,False
2023-07-27,PH_LT,5.8069,0.2059,False
2023-07-29,PH_LT,6.2173,0.2204,False
2023-07-31,PH_LT,5.719,0.2028,False
2023-08-02,PH_LT,5.317,0.1885,False
2023-08-04,PH_LT,5.9189,0.2098,False
2023-08-06,PH_LT,6.3479,0.2251,False
2023-08-08,PH_LT,5.9414,0.2106,False
2023-08-10,PH_LT,6.2505,0.2216,False
2023-08-12,PH_LT,7.2774,0.258,False
2023-08-14,PH_LT,7.4915,0.2656,False
2023-08-16,PH_LT,4.9939,0.177,False
2023-08-18,PH_LT,4.8014,0.1702,False
2023-08-20,PH_LT,4.5778,0.1623,False
2023-08-22,PH_LT,6.2935,0.2231,False
2023-08-24,PH_LT,5.015,0.1778,False
2023-08-26,PH_LT,5.0323,0.1784,False
2023-08-28,PH_LT,15.8781,0.5629,False
2023-08-30,PH_LT,7.1968,0.2551,False
2023-09-01,PH_LT,5.5408,0.1964,False
2023-09-03,PH_LT,5.6179,0.1992,False
2023-09-05,PH_LT,5.4005,0.1915,False
2023-09-07,PH_LT,5.4531,0.1933,False
2023-09-09,PH_LT,5.972,0.2117,False
2023-09-11,PH_LT,22.6025,0.8013,False
2023-09-13,PH_LT,10.146,0.3597,False
2023-09-15,PH_LT,10.7197,0.38,False
2023-09-17,PH_LT,11.5763,0.4104,False
2023-09-19,PH_LT,12.1443,0.4306,False
2023-09-21,PH_LT,12.8976,0.4573,False
2023-09-23,PH_LT,10.6599,0.3779,False
2023-09-25,PH_LT,10.1343,0.3593,False
2023-09-27,PH_LT,11.3212,0.4014,False
2023-09-29,PH_LT,10.4674,0.3711,False
2023-10-01,PH_LT,8.9489,0.3173,False
2023-10-03,PH_LT,18.1501,0.6435,False
2023-10-05,PH_LT,11.3324,0.4018,False
2023-10-07,PH_LT,11.9997,0.4254,False
2023-10-09,PH_LT,10.7698,0.3818,False
2023-10-30,PH_LT,12.5293,0.4442,False
2023-11-17,PH_LT,11.2956,0.4005,False
2023-11-20,PH_LT,10.5201,0.373,False
2023-11-28,PH_LT,13.6251,0.4831,False
2023-12-09,PH_LT,10.2007,0.3616,False
2023-12-12,PH_LT,10.5441,0.3738,False
2023-12-20,PH_LT,11.1769,0.3963,False
2023-12-29,PH_LT,11.1414,0.395,False
2024-01-05,PH_LT,11.6976,0.4147,False
2024-01-12,PH_LT,16.2615,0.5765,False
2024-01-21,PH_LT,11.475,0.4068,False
2024-01-30,PH_LT,11.9412,0.4234,False
2024-02-09,PH_LT,16.6203,0.5892,False
2024-02-14,PH_LT,10.5003,0.3723,False
2024-02-19,PH_LT,10.6105,0.3762,False
2024-03-27,PH_LT,17.4421,0.6184,False
2024-04-01,PH_LT,14.6837,0.5206,False
2024-04-23,PH_LT,38.2978,1.3578,False
2024-05-23,PH_LT,23.1534,0.8209,False
2024-05-25,PH_LT,22.5571,0.7997,False
2024-05-27,PH_LT,22.2003,0.7871,False
2024-05-29,PH_LT,14.9351,0.5295,False
2024-05-31,PH_LT,12.3958,0.4395,False
2024-06-02,PH_LT,8.8815,0.3149,False
2024-06-04,PH_LT,8.5659,0.3037,False
2024-06-06,PH_LT,7.1247,0.2526,False
2024-06-08,PH_LT,6.6512,0.2358,False
2024-06-10,PH_LT,5.6753,0.2012,False
2024-06-12,PH_LT,5.9456,0.2108,False
2024-06-14,PH_LT,7.3251,0.2597,False
2024-06-19,PH_LT,5.8932,0.2089,False
2024-06-21,PH_LT,6.9238,0.2455,False
2024-06-23,PH_LT,5.9269,0.2101,False
2024-06-25,PH_LT,5.282,0.1873,False
2024-06-27,PH_LT,7.1763,0.2544,False
2024-06-29,PH_LT,6.3956,0.2267,False
2024-07-01,PH_LT,10.9799,0.3893,False
2024-07-03,PH_LT,6.6793,0.2368,False
2024-07-05,PH_LT,7.1781,0.2545,False
2024-07-10,PH_LT,6.8427,0.2426,False
2024-07-12,PH_LT,8.5713,0.3039,False
2024-07-14,PH_LT,6.4566,0.2289,False
2024-07-16,PH_LT,7.5584,0.268,False
2024-07-18,PH_LT,10.6377,0.3771,False
2024-07-20,PH_LT,8.0647,0.2859,False
2024-07-22,PH_LT,6.8392,0.2425,False
2024-07-24,PH_LT,5.8186,0.2063,False
2024-07-26,PH_LT,6.0743,0.2154,False
2024-07-28,PH_LT,7.4913,0.2656,False
2024-07-31,PH_LT,7.3844,0.2618,False
2024-08-02,PH_LT,6.8132,0.2415,False
2024-08-04,PH_LT,6.5146,0.231,False
2024-08-20,PH_LT,7.4957,0.2657,False
2024-08-21,PH_LT,22.7378,0.8061,False
2024-08-23,PH_LT,15.2825,0.5418,False
2024-08-25,PH_LT,9.5936,0.3401,False
2024-08-27,PH_LT,13.6475,0.4838,False
2024-08-29,PH_LT,8.8483,0.3137,False
2024-08-31,PH_LT,10.0293,0.3556,False
2024-09-02,PH_LT,7.2164,0.2558,False
2024-09-04,PH_LT,8.3424,0.2958,False
2024-09-06,PH_LT,8.4932,0.3011,False
2024-09-08,PH_LT,8.0671,0.286,False
2024-09-10,PH_LT,10.4177,0.3693,False
2024-09-12,PH_LT,9.0087,0.3194,False
2024-09-14,PH_LT,8.658,0.307,False
2024-09-16,PH_LT,10.4563,0.3707,False
2024-09-18,PH_LT,10.0968,0.358,False
2024-09-20,PH_LT,10.1382,0.3594,False
2024-09-22,PH_LT,15.1989,0.5388,False
2024-09-24,PH_LT,12.1159,0.4295,False
2024-09-26,PH_LT,14.9527,0.5301,False
2024-09-28,PH_LT,12.0486,0.4272,False
2024-09-30,PH_LT,11.5614,0.4099,False
2014-06-27,Rustlers,5.2,0.1844,False
2014-07-03,Rustlers,6.7,0.2375,False
2014-07-16,Rustlers,8.8,0.312,False
2014-07-23,Rustlers,4.3,0.1524,False
2014-07-30,Rustlers,4.3,0.1524,False
2014-08-05,Rustlers,7.4,0.2624,False
2014-08-13,Rustlers,4.5,0.1595,False
2014-08-21,Rustlers,5.5,0.195,False
2014-08-30,Rustlers,4.9,0.1737,False
2014-09-07,Rustlers,6.2,0.2198,False
2014-09-14,Rustlers,9.6,0.3403,False
2014-09-23,Rustlers,11.1,0.3935,False
2014-10-01,Rustlers,11.2,0.3971,False
2014-10-07,Rustlers,9.2,0.3262,False
2014-10-14,Rustlers,15.2,0.5389,False
2014-10-23,Rustlers,9.8,0.3474,False
2014-10-31,Rustlers,9.3,0.3297,False
2014-11-08,Rustlers,10.4,0.3687,False
2014-12-12,Rustlers,14.6,0.5176,False
2015-01-24,Rustlers,55.7,1.9747,True
2015-02-07,Rustlers,3.8,0.1347,False
2015-03-16,Rustlers,9.6,0.3403,False
2015-04-09,Rustlers,7.9,0.2801,False
2015-05-11,Rustlers,9.6,0.3403,False
2015-05-24,Rustlers,6.8,0.2411,False
2015-06-02,Rustlers,6.8,0.2411,False
2015-06-11,Rustlers,8.1,0.2872,False
2015-06-18,Rustlers,8.7,0.3084,False
2015-06-25,Rustlers,8.1,0.2872,False
2015-07-02,Rustlers,7.2,0.2553,False
2015-07-09,Rustlers,8.9,0.3155,False
2015-07-15,Rustlers,4.0,0.1418,False
2015-07-25,Rustlers,4.9,0.1737,False
2015-08-02,Rustlers,8.3,0.2943,False
2015-08-09,Rustlers,7.9,0.2801,False
2015-08-16,Rustlers,5.2,0.1844,False
2015-08-23,Rustlers,9.2,0.3262,False
2015-08-30,Rustlers,7.1,0.2517,False
2015-09-07,Rustlers,9.5,0.3368,False
2015-09-13,Rustlers,5.3,0.1879,False
2015-09-22,Rustlers,6.9,0.2446,False
2015-09-28,Rustlers,11.7,0.4148,False
2015-10-04,Rustlers,10.5,0.3723,False
2015-10-13,Rustlers,9.6,0.3403,False
2015-10-19,Rustlers,14.8,0.5247,False
2015-10-26,Rustlers,12.7,0.4503,False
2015-11-02,Rustlers,10.5,0.3723,False
2015-11-09,Rustlers,10.0,0.3545,False
2015-11-15,Rustlers,10.6,0.3758,False
2015-11-23,Rustlers,9.6,0.3403,False
2015-12-01,Rustlers,9.8,0.3474,False
2015-12-09,Rustlers,9.9,0.351,False
2016-01-28,Rustlers,12.3,0.4361,False
2016-02-12,Rustlers,12.9,0.4573,False
2016-02-21,Rustlers,10.5,0.3723,False
2016-03-09,Rustlers,9.6,0.3403,False
2016-03-24,Rustlers,9.4,0.3333,False
2016-03-31,Rustlers,10.3,0.3652,False
2016-04-08,Rustlers,11.5,0.4077,False
2016-04-21,Rustlers,10.4,0.3687,False
2016-05-02,Rustlers,8.5,0.3014,False
2016-05-27,Rustlers,6.5,0.2304,False
2016-06-04,Rustlers,7.3,0.2588,False
2016-06-11,Rustlers,5.9,0.2092,False
2016-06-17,Rustlers,4.0,0.1418,False
2016-06-27,Rustlers,9.4,0.3333,False
2016-07-08,Rustlers,5.5,0.195,False
2016-07-15,Rustlers,5.8,0.2056,False
2016-07-22,Rustlers,5.0,0.1773,False
2016-07-29,Rustlers,6.9,0.2446,False
2016-08-05,Rustlers,8.1,0.2872,False
2016-08-12,Rustlers,9.3,0.3297,False
2016-08-19,Rustlers,5.5,0.195,False
2016-08-26,Rustlers,6.0,0.2127,False
2016-09-02,Rustlers,9.7,0.3439,False
2016-09-09,Rustlers,6.2,0.2198,False
2016-09-16,Rustlers,7.2,0.2553,False
2016-09-23,Rustlers,12.1,0.429,False
2016-09-30,Rustlers,12.3,0.4361,False
2016-10-12,Rustlers,11.4,0.4042,False
2016-10-19,Rustlers,7.9,0.2801,False
2016-10-27,Rustlers,7.8,0.2765,False
2016-11-03,Rustlers,8.9,0.3155,False
2016-11-12,Rustlers,7.3,0.2588,False
2016-11-23,Rustlers,7.5,0.2659,False
2017-03-19,Rustlers,7.0,0.2482,False
2017-04-12,Rustlers,8.1,0.2872,False
2017-04-30,Rustlers,7.5,0.2659,False
2017-06-30,Rustlers,4.0,0.1418,False
2017-07-30,Rustlers,3.2,0.1134,False
2017-08-25,Rustlers,2.9,0.1028,False
2017-09-14,Rustlers,10.4,0.3687,False
2017-09-27,Rustlers,6.2,0.2198,False
2017-10-12,Rustlers,6.9,0.2446,False
2017-10-23,Rustlers,6.2,0.2198,False
2017-11-03,Rustlers,7.2,0.2553,False
2017-11-16,Rustlers,5.5,0.195,False
2018-04-05,Rustlers,15.1,0.5353,False
2018-06-08,Rustlers,6.2,0.2198,False
2018-06-15,Rustlers,3.7,0.1312,False
2018-06-25,Rustlers,3.4,0.1205,False
2018-07-09,Rustlers,4.4,0.156,False
2018-07-15,Rustlers,4.9,0.1737,False
2018-08-17,Rustlers,4.5,0.1595,False
2018-08-24,Rustlers,7.3,0.2588,False
2018-08-31,Rustlers,5.7,0.2021,False
2018-09-07,Rustlers,8.1,0.2872,False
2018-09-14,Rustlers,7.2,0.2553,False
2018-09-21,Rustlers,9.1,0.3226,False
2018-09-28,Rustlers,10.7,0.3793,False
2018-10-05,Rustlers,13.89,0.4924,False
2018-10-12,Rustlers,10.55,0.374,False
2018-10-18,Rustlers,11.04,0.3914,False
2018-10-25,Rustlers,12.23,0.4336,False
2018-11-02,Rustlers,11.31,0.401,False
2018-11-17,Rustlers,9.41,0.3336,False
2018-12-14,Rustlers,9.31,0.3301,False
2018-12-20,Rustlers,9.6,0.3403,False
2019-01-29,Rustlers,17.35,0.6151,False
2019-02-27,Rustlers,7.89,0.2797,False
2019-03-30,Rustlers,10.37,0.3676,False
2019-04-18,Rustlers,13.22,0.4687,False
2019-05-08,Rustlers,10.52,0.373,False
2019-06-05,Rustlers,7.48,0.2652,False
2019-06-11,Rustlers,5.85,0.2074,False
2019-06-21,Rustlers,6.48,0.2297,False
2019-06-27,Rustlers,5.34,0.1893,False
2019-07-05,Rustlers,4.42,0.1567,False
2019-07-14,Rustlers,4.52,0.1602,False
2019-07-19,Rustlers,3.97,0.1407,False
2019-07-26,Rustlers,4.02,0.1425,False
2019-08-02,Rustlers,8.42,0.2985,False
2019-08-09,Rustlers,8.04,0.285,False
2019-08-16,Rustlers,4.18,0.1482,False
2019-08-30,Rustlers,8.42,0.2985,False
2019-09-06,Rustlers,4.81,0.1705,False
2019-09-13,Rustlers,6.79,0.2407,False
2019-09-20,Rustlers,23.6,0.8367,True
2019-09-27,Rustlers,10.79,0.3825,False
2019-10-04,Rustlers,6.51,0.2308,False
2019-10-11,Rustlers,7.17,0.2542,False
2019-10-19,Rustlers,9.54,0.3382,False
2019-10-25,Rustlers,9.17,0.3251,False
2019-11-03,Rustlers,6.75,0.2393,False
2019-11-08,Rustlers,6.1,0.2163,False
2019-11-13,Rustlers,7.13,0.2528,False
2019-11-22,Rustlers,9.07,0.3216,False
2019-12-04,Rustlers,7.51,0.2663,False
2019-12-16,Rustlers,10.33,0.3662,False
2019-12-20,Rustlers,5.8,0.2056,False
2020-01-08,Rustlers,6.1,0.2163,False
2020-01-21,Rustlers,6.65,0.2358,False
2020-01-28,Rustlers,10.81,0.3832,False
2020-02-11,Rustlers,8.6451,0.3065,False
2020-02-20,Rustlers,8.658,0.307,False
2020-03-11,Rustlers,8.3481,0.296,False
2020-03-17,Rustlers,9.484,0.3362,False
2020-04-03,Rustlers,8.3694,0.2967,False
2020-04-09,Rustlers,13.0181,0.4615,False
2020-04-14,Rustlers,11.6727,0.4138,False
2020-04-24,Rustlers,8.5864,0.3044,False
2020-05-22,Rustlers,14.0974,0.4998,False
2020-05-29,Rustlers,9.0523,0.3209,False
2020-06-05,Rustlers,6.3801,0.2262,False
2020-06-12,Rustlers,5.8909,0.2089,False
2020-06-19,Rustlers,6.7973,0.241,False
2020-06-26,Rustlers,11.1885,0.3967,False
2020-07-02,Rustlers,5.1594,0.1829,False
2020-07-10,Rustlers,8.2716,0.2933,False
2020-07-17,Rustlers,7.2893,0.2584,False
2020-07-23,Rustlers,5.8842,0.2086,False
2020-07-30,Rustlers,6.258,0.2219,False
2020-08-07,Rustlers,11.3185,0.4013,False
2020-08-14,Rustlers,13.4048,0.4752,False
2020-08-20,Rustlers,13.7885,0.4888,False
2020-08-27,Rustlers,421.1877,14.9324,True
2020-09-03,Rustlers,13.88,0.4921,False
2020-09-11,Rustlers,6.9529,0.2465,False
2020-09-18,Rustlers,39.7986,1.411,True
2020-09-24,Rustlers,6.7256,0.2384,False
2020-10-01,Rustlers,6.2262,0.2207,False
2020-10-08,Rustlers,5.8395,0.207,False
2020-10-16,Rustlers,6.7155,0.2381,False
2020-10-23,Rustlers,8.6083,0.3052,False
2020-10-27,Rustlers,12.5771,0.4459,False
2020-11-06,Rustlers,8.34,0.2957,False
2020-11-13,Rustlers,8.2,0.2907,False
2020-12-04,Rustlers,6.3334,0.2245,False
2021-01-08,Rustlers,59.44,2.1073,True
2021-01-15,Rustlers,6.99,0.2478,False
2021-01-28,Rustlers,8.0,0.2836,False
2021-02-11,Rustlers,9.75,0.3457,False
2021-03-03,Rustlers,15.67,0.5555,False
2021-03-19,Rustlers,19.04,0.675,False
2021-03-25,Rustlers,4.16,0.1475,False
2021-04-07,Rustlers,8.64,0.3063,False
2021-05-17,Rustlers,72.76,2.5796,True
2021-05-28,Rustlers,9.09,0.3223,False
2021-06-04,Rustlers,8.23,0.2918,False
2021-06-11,Rustlers,6.11,0.2166,False
2021-06-18,Rustlers,13.12,0.4651,False
2021-06-24,Rustlers,4.38,0.1553,False
2021-07-02,Rustlers,4.72,0.1673,False
2021-07-09,Rustlers,14.24,0.5049,False
2021-07-15,Rustlers,6.65,0.2358,False
2021-07-23,Rustlers,7.31,0.2592,False
2021-07-30,Rustlers,7.17,0.2542,False
2021-07-31,Rustlers,6.05,0.2145,False
2021-08-06,Rustlers,6.37,0.2258,False
2021-08-13,Rustlers,5.93,0.2102,False
2021-08-19,Rustlers,8.49,0.301,False
2021-08-27,Rustlers,11.64,0.4127,False
2021-09-03,Rustlers,13.7188,0.4864,False
2021-10-01,Rustlers,10.59,0.3754,False
2021-10-07,Rustlers,7.88,0.2794,False
2021-10-15,Rustlers,61.15,2.168,True
2021-10-22,Rustlers,8.92,0.3162,False
2021-10-27,Rustlers,10.16,0.3602,False
2021-11-03,Rustlers,10.61,0.3762,False
2021-11-11,Rustlers,7.18,0.2546,False
2022-01-12,Rustlers,10.359,0.3673,False
2022-02-04,Rustlers,66.91,2.3722,True
2022-03-03,Rustlers,7.77,0.2755,False
2022-03-25,Rustlers,10.1,0.3581,False
2022-06-03,Rustlers,6.08,0.2156,False
2022-06-10,Rustlers,6.2,0.2198,False
2022-06-16,Rustlers,4.75,0.1684,False
2022-06-25,Rustlers,8.49,0.301,False
2022-06-29,Rustlers,4.46,0.1581,False
2022-07-07,Rustlers,4.1,0.1454,False
2022-07-13,Rustlers,5.75,0.2039,False
2022-07-22,Rustlers,4.73,0.1677,False
2022-07-29,Rustlers,4.72,0.1673,False
2022-08-04,Rustlers,6.19,0.2195,False
2022-08-12,Rustlers,5.55,0.1968,False
2022-08-25,Rustlers,6.01,0.2131,False
2022-09-01,Rustlers,5.99,0.2124,False
2022-09-08,Rustlers,5.16,0.1829,False
2022-09-15,Rustlers,13.19,0.4676,False
2022-09-27,Rustlers,8.92,0.3162,False
