Almont__Precip_mm_day,Almont__Evap_mm_day,Almont__Runoff_mm_day,Billy_Barr__Precip_mm_day,Billy_Barr__Evap_mm_day,Billy_Barr__Runoff_mm_day,Judd_Falls__Precip_mm_day,Judd_Falls__Evap_mm_day,Judd_Falls__Runoff_mm_day,Kettle_Ponds__Precip_mm_day,Kettle_Ponds__Evap_mm_day,Kettle_Ponds__Runoff_mm_day,Mexican_Cut__Precip_mm_day,Mexican_Cut__Evap_mm_day,Mexican_Cut__Runoff_mm_day,Snodgrass_Mountain__Precip_mm_day,Snodgrass_Mountain__Evap_mm_day,Snodgrass_Mountain__Runoff_mm_day,castnet_gothic__Precip_mm_day,castnet_gothic__Evap_mm_day,castnet_gothic__Runoff_mm_day,nrcs_1141__Precip_mm_day,nrcs_1141__Evap_mm_day,nrcs_1141__Runoff_mm_day,nrcs_380__Precip_mm_day,nrcs_380__Evap_mm_day,nrcs_380__Runoff_mm_day,nrcs_680__Precip_mm_day,nrcs_680__Evap_mm_day,nrcs_680__Runoff_mm_day,nrcs_737__Precip_mm_day,nrcs_737__Evap_mm_day,nrcs_737__Runoff_mm_day,wu_KCOCREST10__Precip_mm_day,wu_KCOCREST10__Evap_mm_day,wu_KCOCREST10__Runoff_mm_day,wu_KCOCREST4__Precip_mm_day,wu_KCOCREST4__Evap_mm_day,wu_KCOCREST4__Runoff_mm_day,wu_KCOCREST6__Precip_mm_day,wu_KCOCREST6__Evap_mm_day,wu_KCOCREST6__Runoff_mm_day,wu_KCOMTCRE2__Precip_mm_day,wu_KCOMTCRE2__Evap_mm_day,wu_KCOMTCRE2__Runoff_mm_day,wu_MRMEX__Precip_mm_day,wu_MRMEX__Evap_mm_day,wu_MRMEX__Runoff_mm_day,wu_MTAPC2__Precip_mm_day,wu_MTAPC2__Evap_mm_day,wu_MTAPC2__Runoff_mm_day,date
0.0,0.0,0.133191,0.855641,0.393455,0.615179,0.811939,0.391933,0.622905,0.936742,0.0,0.598128,3.572309,0.830271,0.58192,1.145847,0.290536,0.418631,0.811939,0.391933,0.622905,0.180891,0.060362,0.046502,1.758307,0.14427,0.356669,0.0,0.002714,0.002482,3.526587,0.837581,0.664694,1.291799,0.0,0.413329,1.087186,0.008775,0.075183,1.139776,0.0,0.359391,1.426968,0.113562,0.092805,3.862703,0.383056,0.719568,0.472765,0.0,0.113101,2013-12-25
0.0,0.009692,0.133413,0.0,0.301801,0.610316,0.0,0.29547,0.617407,0.0,0.020317,0.592944,4.7003,1.203411,0.576662,0.0,0.024528,0.417138,0.0,0.29547,0.617407,0.0,0.031042,0.046778,0.0,-8e-06,0.35582,0.467756,0.098,0.002482,4.690123,1.192663,0.658885,0.0,0.0,0.411509,0.0,0.0,0.075684,0.0,0.0,0.35838,0.0,0.0,0.093364,5.072663,0.265078,0.714083,0.0,-0.000313,0.113567,2013-12-26
0.0,0.005327,0.133626,0.0,0.166652,0.605493,0.0,0.159626,0.611956,0.0,-0.002928,0.587806,2.322442,0.697541,0.57147,0.0,0.041441,0.415606,0.0,0.159626,0.611956,0.0,0.045225,0.047054,0.0,0.00094,0.354934,1.040512,0.231976,0.002481,2.32462,0.6974,0.653112,0.0,-0.00031,0.409671,0.0,-0.0,0.076177,0.0,-1e-06,0.357339,0.0,0.000866,0.093913,2.507197,0.131394,0.708597,0.204166,-0.016777,0.114021,2013-12-27
0.0,0.0,0.133831,0.0,0.313326,0.600711,0.0,0.295411,0.606554,0.0,0.0,0.582716,1.170981,0.597628,0.566346,0.0,0.049872,0.414038,0.0,0.295411,0.606554,0.0,0.061947,0.047327,0.0,0.000164,0.354012,0.576377,0.129482,0.002481,1.172566,0.618138,0.647377,0.0,0.0,0.407814,0.0,0.0,0.076661,0.0,0.0,0.356268,0.0,0.0,0.09445,1.267751,0.268481,0.703111,0.212854,-0.002867,0.114466,2013-12-28
0.0,6e-06,0.134028,0.0,0.098202,0.595973,0.0,0.089257,0.601201,0.0,0.004792,0.577675,0.0,0.206276,0.561287,0.0,0.037494,0.412436,0.0,0.089257,0.601201,0.0,0.031619,0.047599,0.0,-0.009542,0.353059,0.0,0.00497,0.002481,0.0,0.193135,0.641684,0.0,-0.001745,0.405941,0.0,-0.0,0.077138,0.0,-0.00077,0.355169,0.0,-0.004881,0.094977,0.0,0.090372,0.697629,0.0,-0.018487,0.1149,2013-12-29
0.0,0.000592,0.134218,0.0,0.081397,0.591278,0.0,0.072655,0.595899,0.0,-0.000707,0.572684,0.0,0.201834,0.556295,0.0,0.033917,0.410804,0.0,0.072655,0.595899,0.0,0.032004,0.047869,0.0,-0.003967,0.352074,0.0,0.004233,0.00248,0.0,0.212825,0.636035,0.0,-0.000504,0.404053,0.0,-0.0,0.077606,0.0,-0.000181,0.354045,0.0,0.006895,0.095494,0.0,0.07788,0.692156,0.0,-0.011801,0.115324,2013-12-30
0.0,-2e-05,0.134399,0.0,0.129738,0.586627,0.0,0.105481,0.590649,0.0,-0.000463,0.567743,0.0,0.210312,0.551368,0.0,0.037335,0.409143,0.0,0.105481,0.590649,0.0,0.033409,0.048136,0.0,0.008687,0.35106,0.0,0.004235,0.00248,0.0,0.22206,0.630432,0.0,-0.000181,0.402153,0.0,-4.2e-05,0.078065,0.0,-1.4e-05,0.352897,0.0,-0.000472,0.096,0.0,0.104902,0.686694,0.0,-0.004097,0.115738,2013-12-31
0.352433,-0.000443,0.134573,2.708055,0.197853,0.582022,2.522417,0.185636,0.585453,2.014125,-0.004097,0.562854,3.696469,0.752636,0.546507,2.298679,0.470583,0.407456,2.522417,0.185636,0.585453,2.839447,0.503176,0.048402,2.393533,0.104647,0.350019,0.292362,0.065248,0.002479,3.615145,0.742813,0.624878,2.096358,-0.005648,0.400242,1.923292,0.031284,0.078517,1.9525,-0.004794,0.351726,2.142308,0.115649,0.096496,3.926468,0.207026,0.681248,1.523265,-0.007886,0.116142,2014-01-01
0.0,0.0,0.134738,1.170878,0.289739,0.577462,1.072895,0.277714,0.580311,0.940137,0.0,0.558016,2.590875,0.751715,0.541711,1.165049,0.298754,0.405746,1.072895,0.277714,0.580311,3.701896,0.852043,0.048664,2.00686,0.14932,0.348952,0.0,0.001978,0.002479,2.528796,0.734177,0.619375,1.155926,0.0,0.39832,0.678484,0.010858,0.078961,0.924227,0.0,0.350533,1.513439,0.110203,0.096982,2.781797,0.274723,0.675821,0.707859,0.0,0.116535,2014-01-02
0.212981,0.0,0.134896,0.772059,0.354115,0.572948,0.733766,0.331138,0.575223,0.599473,0.0,0.553231,1.162848,0.523865,0.536978,0.644799,0.185555,0.404014,0.733766,0.331138,0.575223,1.291323,0.383117,0.048925,0.274557,0.01585,0.347861,1.051607,0.225094,0.002478,1.138224,0.536353,0.613924,0.717638,0.0,0.396391,0.937518,0.013162,0.079397,0.782425,0.0,0.349321,0.453615,0.028271,0.097458,1.237091,0.304585,0.670416,0.837802,0.0,0.116919,2014-01-03
1.022684,0.0,0.135046,3.23776,0.268666,0.568481,3.072765,0.256272,0.570191,2.612864,0.0,0.548498,7.007645,0.874051,0.53231,2.957407,0.53403,0.402263,3.072765,0.256272,0.570191,1.215063,0.247082,0.049182,3.230098,0.178951,0.346748,2.512732,0.464289,0.002478,6.881963,0.897889,0.608527,3.673929,0.0,0.394455,3.93675,0.014078,0.079825,3.696987,0.030107,0.348091,3.1305,0.172758,0.097924,7.49079,0.248023,0.665036,3.019971,-0.000404,0.117293,2014-01-04
0.83471,0.0,0.135189,2.88385,0.345784,0.56406,2.715287,0.355276,0.565214,2.228302,0.0,0.543818,8.366673,0.879787,0.527704,2.56952,0.611787,0.400494,2.715287,0.355276,0.565214,1.178386,0.262626,0.049437,3.069129,0.23346,0.345614,2.332692,0.428611,0.002477,8.214105,0.966111,0.603184,3.050253,0.0,0.392512,3.085267,0.0,0.080246,3.003875,0.045412,0.346844,2.770671,0.209106,0.098381,9.005429,0.312526,0.659684,3.033715,0.0,0.117658,2014-01-05
0.0,0.0,0.135324,0.610317,0.119384,0.559686,0.546986,0.12231,0.560294,0.445166,0.0,0.539191,3.618692,0.827092,0.523161,0.628376,0.176291,0.398709,0.546986,0.12231,0.560294,0.389312,0.09872,0.049689,1.025012,0.03571,0.34446,1.713201,0.460964,0.002477,3.542206,0.882623,0.597898,0.630667,0.0,0.390565,0.39037,0.0,0.080659,0.541839,0.056027,0.345581,0.792612,0.03604,0.098827,3.923241,0.107913,0.654363,1.581395,-0.000963,0.118012,2014-01-06
0.337525,0.0,0.135452,1.545035,0.111158,0.555359,1.411563,0.10678,0.555429,1.096871,0.0,0.534617,2.479207,0.796376,0.518679,1.329609,0.309524,0.396909,1.411563,0.10678,0.555429,2.518131,0.495877,0.049938,1.434196,0.080902,0.343287,2.369545,0.516767,0.002476,2.430719,0.760741,0.592668,1.244425,0.0,0.388615,1.108278,0.0,0.081065,1.21866,0.01774,0.344304,1.264414,0.090348,0.099265,2.636185,0.095066,0.649075,2.040921,-0.002786,0.118358,2014-01-07
0.693076,0.0,0.135572,3.401175,0.242785,0.551079,3.164879,0.227866,0.550622,2.389448,0.0,0.530097,3.686736,0.694006,0.514259,2.643283,0.500697,0.395098,3.164879,0.227866,0.550622,2.800882,0.642189,0.050184,1.80831,0.100231,0.342098,2.473893,0.532043,0.002476,3.617705,0.692075,0.587496,2.516917,0.0,0.386662,2.916577,0.0,0.081463,2.639737,0.0,0.343013,1.942378,0.111853,0.099693,3.914163,0.22431,0.643822,2.032794,0.0,0.118694,2014-01-08
2.654016,0.0,0.135685,10.929962,0.474503,0.546846,10.249654,0.469706,0.545871,7.850297,0.0,0.52563,13.487213,1.445669,0.509899,8.366827,1.350813,0.393275,10.249654,0.469706,0.545871,4.365005,0.831558,0.050427,7.820517,0.375138,0.340893,2.85821,0.643661,0.002475,13.173028,1.504253,0.582381,7.546474,0.0,0.384708,7.570519,0.0,0.081854,7.231841,0.0,0.34171,7.23267,0.373516,0.100112,14.284636,0.478319,0.638605,3.572647,0.0,0.11902,2014-01-09
2.965977,0.0,0.135791,11.872927,0.467945,0.542659,11.067148,0.467519,0.541176,8.548773,0.118921,0.521215,15.240493,1.986494,0.505598,9.224967,1.898112,0.391443,11.067148,0.467519,0.541176,9.873162,1.715268,0.050668,8.605826,0.411097,0.339674,2.462902,0.541988,0.002475,14.883696,2.128073,0.577325,8.212388,0.0,0.382754,8.207778,0.0,0.082237,7.858919,0.0,0.340396,7.894555,0.394933,0.100521,16.128729,0.440636,0.633428,4.305091,0.0,0.119338,2014-01-10
0.594117,0.0,0.135889,3.349941,0.449324,0.53852,3.086665,0.438198,0.536538,2.627014,0.473648,0.516854,5.110666,1.24002,0.501356,3.061273,0.84942,0.389602,3.086665,0.438198,0.536538,6.381757,1.137398,0.050905,3.144031,0.222705,0.338441,0.725768,0.172225,0.002474,5.005726,1.257838,0.572328,3.180083,0.0,0.3808,3.241128,0.0,0.082613,3.11827,0.0,0.339071,2.902608,0.20947,0.100922,5.395448,0.450989,0.628291,2.216916,0.0,0.119646,2014-01-11
0.462592,0.0,0.135981,2.508635,0.332047,0.534426,2.401539,0.314106,0.531956,2.101851,0.374944,0.512546,4.715911,0.8599,0.497173,2.372203,0.46248,0.387754,2.401539,0.314106,0.531956,1.241247,0.258945,0.051139,2.702501,0.169473,0.337196,0.628419,0.133531,0.002474,4.635751,0.867207,0.567389,2.863304,0.0,0.378847,2.992101,0.0,0.082983,2.843133,0.0,0.337738,2.576703,0.157664,0.101313,4.996678,0.354254,0.623195,2.417424,0.0,0.119945,2014-01-12
0.482277,0.0,0.136066,2.700274,0.412274,0.530379,2.530187,0.40969,0.52743,2.074873,0.421704,0.508289,3.909288,1.031677,0.493046,2.359931,0.57301,0.3859,2.530187,0.40969,0.52743,5.027042,0.971252,0.051371,1.904675,0.13463,0.335939,0.80054,0.172971,0.002474,3.828072,1.040606,0.562509,2.456307,0.014806,0.376896,2.829513,0.0,0.083345,2.52838,0.0,0.336396,1.981593,0.140669,0.101696,4.203497,0.40983,0.618142,2.978715,0.0,0.120236,2014-01-13
0.0,0.0,0.136144,1.261214,0.43749,0.526378,1.146056,0.433806,0.52296,0.994698,0.44595,0.504085,0.264858,0.174178,0.488976,1.154024,0.25771,0.384042,1.146056,0.433806,0.52296,4.267016,0.922744,0.051599,1.126483,0.069194,0.334673,0.434696,0.100801,0.002473,0.243144,0.178465,0.557688,0.745017,0.0,0.374948,0.475542,0.0,0.0837,0.63893,0.0,0.335046,0.962204,0.059809,0.10207,0.328915,0.431897,0.613134,2.207765,0.0,0.120518,2014-01-14
0.0,0.0,0.136215,0.611353,0.385873,0.522423,0.582658,0.374938,0.518546,0.58814,0.410749,0.499933,0.0,0.162895,0.484962,0.641437,0.183091,0.38218,0.582658,0.374938,0.518546,0.0,0.033711,0.051825,0.920208,0.076342,0.333397,0.0,0.004187,0.002473,0.0,0.174399,0.552926,0.569547,0.047514,0.373004,0.295637,0.0,0.084049,0.470565,0.0,0.33369,0.765074,0.052685,0.102436,0.0,0.408703,0.60817,0.865873,0.0,0.120791,2014-01-15
0.0,0.0,0.13628,0.0,0.387895,0.518513,0.0,0.374205,0.514187,0.0,0.425306,0.495832,0.0,0.151699,0.481002,0.0,0.031238,0.380315,0.0,0.374205,0.514187,0.0,0.028794,0.052047,0.0,0.001047,0.332112,0.0,0.003427,0.002472,0.0,0.159604,0.548223,0.0,0.046683,0.371063,0.0,0.0,0.084391,0.0,0.0,0.332327,0.0,0.0,0.102793,0.0,0.414143,0.603252,0.0,0.0,0.121056,2014-01-16
0.0,0.0,0.136339,0.0,0.399469,0.514648,0.0,0.389522,0.509883,0.0,0.416188,0.491783,0.0,0.178074,0.477097,0.0,0.030394,0.378449,0.0,0.389522,0.509883,0.0,0.027216,0.052267,0.0,0.2747,0.33082,0.0,0.00337,0.002472,0.0,0.185659,0.543577,0.0,0.114275,0.369128,0.0,0.0,0.084726,0.0,0.0,0.33096,0.0,-0.001366,0.103141,0.0,0.389083,0.598381,0.0,-0.00357,0.121313,2014-01-17
0.0,-0.001236,0.136391,0.0,0.121249,0.510827,0.0,0.097119,0.505633,0.0,0.09599,0.487783,0.0,0.20531,0.473245,0.0,0.025529,0.376582,0.0,0.097119,0.505633,0.0,0.019951,0.052484,0.0,0.311809,0.329521,0.0,0.00405,0.002471,0.0,0.214051,0.53899,0.0,0.059373,0.367198,0.0,-0.001919,0.085054,0.0,-0.00168,0.329588,0.0,-0.003512,0.103482,0.0,0.105362,0.593556,0.0,-0.011469,0.121561,2014-01-18
0.0,-0.000187,0.136436,0.0,0.109945,0.507051,0.0,0.094223,0.501437,0.0,0.151594,0.483834,0.0,0.173654,0.469445,0.0,0.053401,0.374714,0.0,0.094223,0.501437,0.0,0.054891,0.052697,0.0,-0.012296,0.328216,0.0,0.003213,0.002471,0.0,0.179314,0.534461,0.0,0.026947,0.365273,0.0,-0.000623,0.085376,0.0,-0.000377,0.328213,0.0,0.015325,0.103814,0.0,0.057474,0.58878,0.0,-0.021861,0.121801,2014-01-19
0.0,0.0,0.136476,0.0,0.288059,0.503318,0.0,0.271008,0.497294,0.0,0.166871,0.479935,0.0,0.17669,0.465697,0.0,0.031047,0.372848,0.0,0.271008,0.497294,0.0,0.029703,0.052908,0.0,0.03887,0.326906,0.0,0.002689,0.00247,0.0,0.181347,0.529989,0.0,0.0,0.363356,0.0,0.0,0.085691,0.0,0.0,0.326834,0.0,0.0,0.104137,0.0,0.21865,0.584051,0.0,0.0,0.122033,2014-01-20
0.0,0.0,0.13651,0.0,0.228074,0.499629,0.0,0.20557,0.493205,0.0,0.121013,0.476084,1.163321,0.412314,0.462,0.0,0.042813,0.370983,0.0,0.20557,0.493205,0.0,0.03334,0.053116,0.0,0.110773,0.325591,0.0,0.003237,0.00247,1.140547,0.413317,0.525574,0.0,0.0,0.361445,0.0,0.0,0.086,0.0,0.0,0.325453,0.0,0.0,0.104453,1.271224,0.163752,0.57937,0.0,0.0,0.122257,2014-01-21
0.0,0.0,0.136537,0.0,0.195549,0.495982,0.0,0.167096,0.489168,0.0,0.122291,0.472283,1.212824,0.575604,0.458353,0.0,0.050421,0.369119,0.0,0.167096,0.489168,0.0,0.043345,0.053321,0.0,-0.004595,0.324273,0.474409,0.098492,0.002469,1.189081,0.58212,0.521215,0.0,3e-05,0.359541,0.0,0.0,0.086303,0.0,0.008834,0.32407,0.0,-0.001382,0.104761,1.325319,0.116098,0.574738,0.0,-0.003799,0.122473,2014-01-22
0.0,0.0,0.136559,0.0,0.403152,0.492378,0.0,0.389366,0.485183,0.0,0.0,0.468529,0.0,0.20659,0.454755,0.0,0.026491,0.367259,0.0,0.389366,0.485183,0.0,0.020956,0.053524,0.0,0.0,0.322951,0.494597,0.115752,0.002469,0.0,0.218288,0.516912,0.0,0.0,0.357645,0.0,0.0,0.0866,0.0,0.007221,0.322686,0.0,0.0,0.105061,0.0,0.361949,0.570155,0.0,0.0,0.122682,2014-01-23
0.0,0.0,0.136575,0.0,0.343519,0.488816,0.0,0.332928,0.481249,0.0,0.057232,0.464823,0.0,0.21562,0.451205,0.0,0.029232,0.365402,0.0,0.332928,0.481249,0.0,0.023843,0.053723,0.0,0.001328,0.321627,0.756419,0.156897,0.002468,0.0,0.228832,0.512665,0.0,0.0,0.355757,0.0,0.0,0.08689,0.0,0.006805,0.321301,0.0,0.000142,0.105354,0.0,0.317372,0.565621,0.0,0.000208,0.122883,2014-01-24
0.0,0.0,0.136586,0.0,0.194246,0.485295,0.0,0.189079,0.477366,0.0,-0.000193,0.461163,0.0,0.244621,0.447704,0.0,0.053025,0.36355,0.0,0.189079,0.477366,0.0,0.043272,0.05392,0.0,0.017818,0.320301,1.297279,0.283211,0.002468,0.0,0.237536,0.508472,0.0,0.0,0.353878,0.0,0.0,0.087174,0.0,0.0,0.319916,0.0,-0.00069,0.105639,0.0,0.152998,0.561135,0.0,-0.006781,0.123076,2014-01-25
0.0,-0.001318,0.136591,0.0,0.072688,0.481816,0.0,0.056746,0.473533,0.0,-0.005927,0.45755,0.0,0.200414,0.444249,0.0,0.033669,0.361701,0.0,0.056746,0.473533,0.0,0.031681,0.054113,0.0,-0.005827,0.318973,0.530318,0.114742,0.002467,0.0,0.208471,0.504333,0.0,-0.002162,0.352007,0.0,-0.001371,0.087452,0.0,-0.001325,0.31853,0.0,-0.002377,0.105916,0.0,0.045275,0.556699,0.0,-0.033473,0.123263,2014-01-26
0.0,-0.014876,0.13659,0.610241,0.006882,0.478376,0.574294,-0.008191,0.46975,0.5867,-0.019501,0.453983,0.174096,0.168057,0.440841,0.690287,0.132026,0.359858,0.574294,-0.008191,0.46975,0.0,0.026753,0.054304,0.943153,0.003302,0.317644,0.224554,0.045917,0.002467,0.167714,0.169697,0.500248,0.765549,-0.018543,0.350146,0.66447,-0.015966,0.087725,0.69822,-0.01506,0.317146,0.836323,0.005142,0.106186,0.186758,0.006154,0.552311,0.569907,-0.041927,0.123442,2014-01-27
0.0,-0.005373,0.136585,0.636209,0.093519,0.474977,0.598732,0.087761,0.466016,0.611666,-0.005573,0.450461,0.181504,0.174471,0.437478,0.719661,0.221317,0.35802,0.598732,0.087761,0.466016,0.0,0.025464,0.054493,0.983287,0.034332,0.316315,0.234109,0.070899,0.002467,0.174851,0.18239,0.496216,0.798126,-0.003286,0.348294,0.692745,-0.005436,0.087991,0.727931,-0.005059,0.315762,0.871911,0.051427,0.106449,0.194705,0.097846,0.547972,0.594158,-0.012956,0.123613,2014-01-28
3.207795,-0.000248,0.136574,6.884106,0.137458,0.471618,6.594742,0.12491,0.46233,5.672851,0.007978,0.446984,3.916213,0.738436,0.43416,6.145994,0.933796,0.356187,6.594742,0.12491,0.46233,5.062711,0.806047,0.054678,3.186383,0.103902,0.314986,2.974019,0.496137,0.002466,4.091104,0.752291,0.492237,6.344687,-0.001541,0.346452,8.411359,-0.000831,0.088252,6.701863,-0.000937,0.31438,4.135475,0.14805,0.106704,4.021398,0.148521,0.543681,4.215856,-0.002974,0.123778,2014-01-29
9.207288,-0.021839,0.136558,27.579792,0.025249,0.468297,26.487118,0.019386,0.458692,22.089367,-0.017795,0.443551,24.964914,1.433922,0.430886,23.003021,1.342312,0.354362,26.487118,0.019386,0.458692,23.704458,1.683915,0.054861,19.14864,0.294776,0.313657,11.479169,1.312923,0.002466,24.768562,1.400488,0.488309,16.760027,-0.021916,0.344619,15.940619,-0.016814,0.088507,15.912232,-0.019127,0.313,18.220535,0.292813,0.106952,26.054941,0.047156,0.539439,14.385119,-0.025577,0.123936,2014-01-30
11.975471,-0.064136,0.136537,41.673691,0.17215,0.465015,40.058037,0.157828,0.455102,33.03854,0.165232,0.440161,42.652706,3.627456,0.427655,33.897182,2.950212,0.352542,40.058037,0.157828,0.455102,37.636723,3.217051,0.055042,32.326809,0.434442,0.312329,17.113728,1.659984,0.002465,41.879223,3.639542,0.484432,20.722425,-0.045816,0.342797,14.647822,-0.043678,0.088756,18.230162,-0.047786,0.311622,28.410042,0.420463,0.107194,44.655155,0.217185,0.535245,20.404833,-0.036976,0.124087,2014-01-31
4.683523,0.0,0.136511,10.018511,0.619584,0.46177,9.122277,0.621446,0.451558,7.088643,0.586512,0.436814,16.068913,3.696848,0.424467,8.14918,1.777358,0.35073,9.122277,0.621446,0.451558,7.333343,1.547443,0.055219,7.378625,0.512278,0.311002,5.424572,1.169027,0.002465,15.876067,3.673676,0.480605,8.170265,0.0,0.340985,8.740202,0.0,0.088999,7.797932,0.0,0.310247,6.782917,0.476828,0.107428,16.888702,0.569383,0.531098,5.577833,0.0,0.124231,2014-02-01
0.877877,0.0,0.13648,1.385615,0.366231,0.458564,1.243104,0.370518,0.448059,1.12615,0.323628,0.433509,1.561099,0.587557,0.421321,1.364946,0.322949,0.348925,1.243104,0.370518,0.448059,3.5958,0.835278,0.055394,1.306451,0.095155,0.309677,0.41133,0.091637,0.002464,1.363311,0.559626,0.476829,1.064664,0.0,0.339184,1.012597,0.0,0.089238,0.903823,0.0,0.308875,1.040483,0.07544,0.107656,1.748703,0.352617,0.527,0.545081,0.0,0.124368,2014-02-02
1.563455,0.0,0.136444,3.150522,0.351981,0.455394,2.84149,0.356024,0.444606,2.002058,0.300502,0.430246,3.729445,0.961649,0.418216,2.284986,0.506748,0.347128,2.84149,0.356024,0.444606,2.688682,0.588733,0.055567,0.784655,0.050954,0.308354,0.483994,0.10713,0.002464,3.527461,0.945234,0.473101,1.301966,0.0,0.337393,1.555056,0.0,0.08947,1.338982,0.0,0.307505,0.881705,0.056974,0.107877,4.06224,0.3453,0.522948,0.794539,0.0,0.124499,2014-02-03
1.166848,0.0,0.136404,7.290624,0.522541,0.452261,6.527216,0.523399,0.441198,4.061576,0.507992,0.427023,9.669418,1.719954,0.415151,4.592382,0.940833,0.345339,6.527216,0.523399,0.441198,3.381514,0.71327,0.055737,1.130045,0.071881,0.307033,0.256407,0.057836,0.002463,9.575903,1.777571,0.469421,1.5975,0.0,0.335613,1.840857,0.0,0.089698,1.556716,0.0,0.30614,1.28976,0.081644,0.108091,10.383877,0.496947,0.518943,0.763703,0.0,0.124624,2014-02-04
1.082553,0.0,0.136359,6.415817,0.216314,0.449164,5.767723,0.213228,0.437834,3.679069,0.217909,0.423842,8.200928,1.091799,0.412126,4.178979,0.902354,0.343557,5.767723,0.213228,0.437834,3.442639,0.70105,0.055904,1.056522,0.065799,0.305715,0.201413,0.041219,0.002463,7.694413,1.109903,0.46579,1.271039,0.0,0.333844,1.439156,0.0,0.08992,1.195685,0.0,0.304778,1.186518,0.082182,0.108298,9.145503,0.200913,0.514985,0.793532,0.0,0.124742,2014-02-05
2.364571,0.0,0.13631,6.336821,0.340184,0.446103,5.669625,0.342069,0.434513,3.622179,0.340383,0.4207,8.086564,1.321302,0.409141,4.189507,0.816225,0.341785,5.669625,0.342069,0.434513,5.619245,0.969227,0.056069,1.246064,0.082278,0.3044,2.93967,0.478304,0.002462,7.550927,1.347668,0.462205,1.967523,0.0,0.332087,2.356775,0.0,0.090137,2.026375,0.0,0.30342,1.330338,0.087977,0.1085,9.076379,0.319907,0.511073,2.364505,0.0,0.124854,2014-02-06
4.154837,0.0,0.136257,15.124019,0.433314,0.443076,13.887032,0.430717,0.431235,9.466556,0.430469,0.417597,19.928669,1.106927,0.406194,9.717827,1.15316,0.34002,13.887032,0.430717,0.431235,11.574513,1.0434,0.056231,3.966182,0.236169,0.303088,8.358029,1.087012,0.002462,19.628935,1.170638,0.458667,4.783355,0.0,0.33034,5.207139,0.0,0.090348,4.572386,0.0,0.302066,5.044353,0.290195,0.108695,21.28336,0.427932,0.507206,5.532337,0.0,0.12496,2014-02-07
7.085319,-0.000635,0.136199,24.085831,0.668549,0.440085,22.376387,0.660211,0.428,16.914801,0.663192,0.414533,27.735796,4.07005,0.403285,17.626543,3.486379,0.338265,22.376387,0.660211,0.428,14.217542,2.735559,0.056391,13.066528,0.663206,0.30178,12.273765,2.51667,0.002461,27.381948,4.25142,0.455174,12.225139,0.05268,0.328605,11.887264,0.0,0.090555,11.228215,0.0,0.300717,13.005115,0.646573,0.108883,29.290724,0.65674,0.503385,9.27952,0.0,0.12506,2014-02-08
9.360192,-0.005176,0.136137,26.041483,0.390074,0.437127,24.022341,0.378178,0.424805,18.781706,0.393332,0.411507,28.57469,3.488666,0.400413,20.637655,2.91042,0.336519,24.022341,0.378178,0.424805,14.381362,2.428397,0.056549,19.146639,0.934895,0.300475,13.532156,2.320204,0.002461,28.354315,3.469442,0.451726,17.2834,0.068744,0.326881,16.43688,-0.000942,0.090756,15.945591,-0.001591,0.299373,16.799149,0.453786,0.109066,29.906605,0.461783,0.499609,11.905917,5.3e-05,0.125154,2014-02-09
8.947668,-0.01781,0.136071,17.038643,0.448433,0.434203,15.631198,0.444048,0.421652,12.377011,0.447025,0.408519,23.48115,2.16762,0.397578,13.898321,1.448627,0.334782,15.631198,0.444048,0.421652,12.33215,1.763977,0.056704,13.542389,1.079125,0.299174,10.983932,1.69246,0.002461,23.286016,1.97835,0.448323,11.388178,0.135191,0.325169,10.41747,-0.008474,0.090953,10.251609,-0.010103,0.298033,11.693806,0.249735,0.109242,24.735437,0.442651,0.495877,9.457002,-0.006267,0.125242,2014-02-10
4.185699,0.0,0.136002,4.625726,0.54638,0.431312,4.219638,0.54447,0.418539,3.484916,0.542249,0.405567,8.718998,1.343737,0.394779,4.033939,1.139994,0.333054,4.219638,0.54447,0.418539,4.594089,1.110432,0.056856,4.301268,0.593036,0.297878,4.139213,1.043876,0.00246,8.613271,1.369145,0.444964,2.955723,0.032446,0.323468,2.350188,0.0,0.091144,2.453736,0.0,0.296699,3.641523,0.269489,0.109413,9.367868,0.533775,0.492189,3.432586,0.0,0.125325,2014-02-11
0.0,0.0,0.135928,0.640212,0.502377,0.428454,0.54741,0.503126,0.415466,0.258674,0.500993,0.402652,3.472056,0.754948,0.392015,0.331599,0.201526,0.331336,0.54741,0.503126,0.415466,0.20352,0.068351,0.057007,0.0,0.445426,0.296585,0.0,0.021771,0.00246,3.437374,0.74509,0.441648,0.0,0.207429,0.321779,0.0,0.0,0.091331,0.0,0.0,0.29537,0.0,0.0,0.109577,3.79462,0.490692,0.488545,0.537724,0.0,0.125401,2014-02-12
0.635305,-0.00135,0.13585,4.098055,0.314209,0.425629,3.705912,0.303295,0.412432,2.419022,0.305862,0.399773,6.104845,1.330138,0.389286,2.773036,0.691107,0.329628,3.705912,0.303295,0.412432,1.957423,0.423042,0.057155,1.341689,0.59334,0.295317,1.328599,0.261927,0.002459,6.024902,1.324532,0.438374,1.653274,0.236858,0.320101,1.83638,-0.001043,0.091513,1.679527,0.116012,0.294055,1.315894,0.072455,0.109736,6.620005,0.423373,0.484944,1.943427,0.0,0.125473,2014-02-13
1.240461,-0.075174,0.135769,4.081181,0.11113,0.422835,3.732612,0.109452,0.409437,2.846468,0.11571,0.396929,4.944765,1.074889,0.386592,3.387209,0.820789,0.327929,3.732612,0.109452,0.409437,3.166757,0.714538,0.0573,3.188023,0.550989,0.294316,4.066152,0.6417,0.002459,4.870037,1.011301,0.435142,2.758917,0.120828,0.318443,2.578247,-0.059589,0.091691,2.583269,0.03665,0.293123,2.511793,0.005254,0.109889,5.311092,0.21024,0.481385,3.36803,-0.049044,0.125539,2014-02-14
0.765353,-0.116643,0.135684,0.526071,-0.052283,0.420073,0.483735,-0.048138,0.40648,0.631439,-0.007885,0.39412,2.454145,0.488559,0.383931,0.893043,0.389372,0.326241,0.483735,-0.048138,0.40648,2.466901,0.356131,0.057444,1.865379,0.161111,0.293131,3.026028,0.189973,0.002458,2.423827,0.483974,0.431951,1.079346,0.006602,0.316781,0.691967,-0.082507,0.091863,0.86769,0.053178,0.291442,1.18841,0.582281,0.110037,2.641644,-0.007095,0.477868,2.0579,-0.086197,0.125599,2014-02-15
0.16955,-0.077012,0.135595,0.0,0.02808,0.417341,0.0,0.037018,0.40356,0.0,0.079556,0.391346,0.0,0.331885,0.381303,0.0,0.244368,0.324561,0.0,0.037018,0.40356,2.218593,0.379531,0.057585,0.0,0.604418,0.291464,0.240752,0.100822,0.002458,0.0,0.341343,0.4288,0.0,0.102339,0.315139,0.0,-0.050897,0.092031,0.0,0.149181,0.290111,0.0,0.867463,0.110179,0.156988,0.08506,0.474393,0.344374,-0.062078,0.125654,2014-02-16
0.0,-0.028814,0.135503,0.0,0.234549,0.41464,0.0,0.238515,0.400677,0.0,0.266226,0.388604,0.0,0.300165,0.378707,0.0,0.341149,0.322892,0.0,0.238515,0.400677,1.158345,0.356195,0.057724,0.0,1.034703,0.290196,0.0,0.01675,0.002457,0.0,0.316728,0.425689,0.0,0.217424,0.313508,0.0,-0.017475,0.092195,0.0,0.189554,0.288811,0.0,0.935749,0.110315,0.163669,0.250186,0.470959,0.277009,-0.025831,0.125704,2014-02-17
0.0,0.0,0.135407,0.0,0.422438,0.411969,0.0,0.411785,0.39783,0.0,0.483183,0.385897,0.0,0.387302,0.376144,0.0,0.424072,0.321232,0.0,0.411785,0.39783,0.0,0.085699,0.05786,0.0,1.065784,0.288934,0.0,0.008517,0.002457,0.0,0.405053,0.422617,0.0,0.323101,0.311889,0.0,0.0,0.092354,0.0,0.186261,0.287517,0.0,0.144456,0.110446,0.0,0.448214,0.467565,0.288796,0.0,0.125749,2014-02-18
2.255831,-0.001719,0.135308,4.105793,0.293438,0.409328,3.642938,0.290466,0.395019,3.268588,0.315872,0.383221,8.846692,1.68089,0.373612,3.859854,1.012146,0.319583,3.642938,0.290466,0.395019,1.967355,0.459292,0.057995,4.344401,0.75727,0.287677,1.329117,0.288967,0.002456,9.028385,1.720154,0.419584,4.540096,0.309692,0.310282,4.645582,-0.001364,0.092509,4.380905,0.098902,0.286229,3.912216,0.214215,0.110572,9.189445,0.338982,0.464211,2.696349,-0.006356,0.125789,2014-02-19
2.649279,-0.001652,0.135206,6.418703,0.361717,0.406716,5.637236,0.359859,0.392243,4.570456,0.354381,0.380578,10.975263,2.089719,0.371111,5.473142,1.464244,0.317945,5.637236,0.359859,0.392243,9.407424,1.718699,0.058127,4.906181,0.912087,0.286425,1.631099,0.355257,0.002456,10.982991,2.15188,0.416589,5.196537,0.252402,0.308687,5.419771,-0.000414,0.092659,5.003592,0.102513,0.284948,4.403738,0.229559,0.110693,11.697628,0.363907,0.460898,3.191725,-0.000901,0.125824,2014-02-20
0.310113,0.0,0.135101,2.229182,0.481497,0.404133,1.917547,0.488712,0.389502,1.212259,0.472887,0.377967,2.963206,0.89339,0.36864,1.510699,0.589213,0.316316,1.917547,0.488712,0.389502,7.829188,1.235966,0.058257,0.39295,1.066497,0.28518,0.255867,0.06018,0.002455,2.764268,0.859187,0.413631,0.482958,0.369674,0.307103,0.601037,0.0,0.092805,0.454829,0.167701,0.283673,0.338877,0.023295,0.110809,3.439177,0.463662,0.457623,0.396835,0.0,0.125854,2014-02-21
0.0,0.0,0.134992,0.207973,0.815706,0.401578,0.191639,0.81453,0.386795,0.183332,0.802627,0.375387,1.184896,0.791768,0.3662,0.18962,0.665042,0.314698,0.191639,0.81453,0.386795,0.166601,0.083561,0.058385,0.0,1.633739,0.28394,2.184474,0.477021,0.002455,1.174981,0.827558,0.41071,0.0,0.601874,0.305531,0.0,0.0,0.092947,0.0,0.224613,0.282405,0.0,0.0,0.110919,1.284366,0.755107,0.454386,0.303912,0.0,0.12588,2014-02-22
0.0,0.000605,0.13488,0.216823,0.283735,0.399052,0.199793,0.265289,0.384121,0.191134,0.324068,0.372838,0.0,0.446631,0.363789,0.197689,0.5324,0.31309,0.199793,0.265289,0.384121,0.0,0.075616,0.05851,0.0,0.795184,0.282706,2.277431,0.499384,0.002455,0.0,0.465513,0.407825,0.0,0.318524,0.303971,0.0,0.000782,0.093085,0.0,0.156917,0.281144,0.0,0.001205,0.111025,0.0,0.343618,0.451188,0.316845,-0.000729,0.1259,2014-02-23
0.0,-0.013997,0.134766,0.0,0.074059,0.396553,0.0,0.062464,0.381481,0.0,0.117225,0.370319,0.0,0.298719,0.361407,0.0,0.32766,0.311493,0.0,0.062464,0.381481,0.0,0.094574,0.058634,0.0,0.633651,0.281478,0.0,0.007851,0.002454,0.0,0.301293,0.404976,0.0,0.13611,0.302422,0.0,-0.013886,0.093218,0.0,0.145707,0.279889,0.0,-0.028681,0.111126,0.0,0.116501,0.448028,0.0,-0.045194,0.125917,2014-02-24
0.0,-0.018976,0.134648,0.0,-0.012851,0.394081,0.0,-0.020714,0.378873,0.0,0.039776,0.367829,1.153567,0.581757,0.359053,0.0,0.396573,0.309906,0.0,-0.020714,0.378873,0.0,0.119566,0.058756,0.0,0.002148,0.280256,0.0,0.012585,0.002454,1.142507,0.59729,0.402162,0.0,0.045917,0.300885,0.0,-0.025109,0.093348,0.0,0.093584,0.27864,0.0,-0.010157,0.111222,1.265199,0.036796,0.444904,0.0,-0.071084,0.125928,2014-02-25
0.0,-0.024685,0.134528,0.0,0.043111,0.391636,0.0,0.035444,0.376297,0.0,0.091623,0.365369,3.503164,1.09372,0.356727,0.0,0.576509,0.308329,0.0,0.035444,0.376297,0.0,0.135215,0.058875,0.0,0.657749,0.27904,0.0,0.01438,0.002453,3.470038,1.08415,0.399382,0.0,0.102619,0.29936,0.0,-0.01877,0.093474,0.0,0.147219,0.277399,0.0,0.069938,0.111313,3.838677,0.05071,0.441817,0.0,-0.060234,0.125936,2014-02-26
2.531777,-0.034881,0.134405,7.42474,0.167284,0.389218,6.7556,0.155178,0.373752,4.520522,0.194943,0.362938,8.431207,1.394789,0.354429,4.946633,1.14668,0.306762,6.7556,0.155178,0.373752,1.000512,0.295648,0.058993,2.161798,0.624421,0.277834,2.573838,0.546115,0.002453,8.323962,1.346921,0.396636,3.190978,0.18877,0.297846,3.739372,-0.014076,0.093595,3.09692,0.139124,0.276165,2.414045,0.736352,0.1114,9.10104,0.225572,0.438766,2.118418,-0.032796,0.125939,2014-02-27
5.171289,-0.00125,0.134279,15.165425,0.271008,0.386826,13.798672,0.252828,0.371239,9.233406,0.271721,0.360535,12.322322,2.246634,0.352157,10.103762,2.077547,0.305206,13.798672,0.252828,0.371239,2.043599,0.515562,0.059108,4.415587,0.777069,0.276627,5.257201,1.154286,0.002452,12.149255,2.235282,0.393924,6.517742,0.250787,0.296344,7.637867,-0.002341,0.093713,6.325623,0.137892,0.274937,4.930814,0.203897,0.111482,13.223861,0.351681,0.435751,4.326981,-0.002459,0.125938,2014-02-28
6.114072,-0.092378,0.13415,21.871511,-0.042341,0.384459,20.767658,-0.048611,0.368756,16.003246,-0.038058,0.35816,35.203197,4.178284,0.349913,16.837986,2.674614,0.30366,20.767658,-0.048611,0.368756,18.67944,2.564425,0.059222,13.004826,0.874826,0.27543,8.652166,1.353193,0.002452,35.472839,3.99866,0.391244,11.298423,-0.047836,0.294853,11.105865,-0.06252,0.093827,10.497554,-0.051837,0.273717,11.63891,0.215085,0.11156,36.425083,0.035738,0.432771,6.770539,-0.048333,0.125932,2014-03-01
3.878676,-0.093852,0.134019,14.714194,0.003747,0.382118,14.055086,-0.005614,0.366303,11.27273,0.032766,0.355813,24.347754,1.157618,0.347694,11.793203,0.81772,0.302125,14.055086,-0.005614,0.366303,15.748466,0.787901,0.059333,9.664471,0.92486,0.274239,7.843643,0.511763,0.002451,24.130369,1.137452,0.388596,7.08148,0.022642,0.293374,6.157559,-0.058632,0.093937,6.109982,0.028409,0.272503,8.381509,0.584159,0.111633,25.387028,0.074338,0.429826,5.024247,-0.049815,0.125923,2014-03-02
0.0,-0.070371,0.133886,0.0,0.075512,0.379802,0.0,0.069427,0.36388,0.147004,0.109395,0.353493,0.0,0.409158,0.345502,0.254323,0.446574,0.3006,0.0,0.069427,0.36388,0.143909,0.154762,0.059443,0.875443,0.921498,0.273055,0.98322,0.294686,0.002451,0.0,0.429607,0.385981,0.473558,0.117993,0.291906,0.283084,-0.03783,0.094044,0.343989,0.126273,0.271296,0.573406,0.347917,0.111702,0.136708,0.12097,0.426915,0.567022,-0.046311,0.125909,2014-03-03
1.125267,-0.049872,0.133749,0.13911,0.193374,0.377511,0.0,0.188945,0.361486,0.166816,0.22942,0.3512,0.0,0.423642,0.343335,0.27612,0.479345,0.299086,0.0,0.188945,0.361486,0.0,0.088618,0.05955,0.263719,1.124735,0.271877,0.239116,0.071102,0.00245,0.0,0.45338,0.383396,0.598934,0.239007,0.290449,0.785659,-0.022336,0.094147,0.67945,0.248877,0.270097,0.297643,0.381757,0.111767,0.182312,0.230907,0.424037,0.218181,-0.040156,0.125892,2014-03-04
1.382578,-0.022968,0.133611,1.023241,0.24041,0.375244,0.80807,0.23284,0.35912,0.856588,0.267902,0.348933,0.194742,0.316142,0.341192,1.077966,0.503004,0.297581,0.80807,0.23284,0.35912,2.337589,0.545253,0.059656,1.260821,0.605697,0.270706,1.158937,0.259206,0.00245,0.16509,0.316038,0.380842,1.113968,0.27857,0.289003,1.112952,-0.007153,0.094246,1.056397,0.130322,0.268904,0.991765,0.068771,0.111828,0.452326,0.283354,0.421193,0.770894,-0.020908,0.125871,2014-03-05
0.218338,-0.001317,0.13347,1.112025,0.247831,0.373001,0.99389,0.211696,0.356783,0.921688,0.284694,0.346692,3.527752,1.327758,0.339074,1.20985,0.850665,0.296087,0.99389,0.211696,0.356783,2.624608,0.67255,0.05976,1.292574,0.531985,0.269541,0.948354,0.215656,0.002449,3.591221,1.364778,0.378318,1.368802,0.323131,0.287569,1.512261,0.0,0.094341,1.298921,0.090839,0.267719,1.071407,0.066564,0.111884,3.887479,0.270894,0.418382,1.417235,-0.000457,0.125846,2014-03-06
1.506334,-0.01134,0.133327,1.63634,0.189324,0.370781,1.514417,0.166276,0.354474,1.581935,0.216756,0.344476,6.956971,2.178164,0.33698,2.127121,1.256366,0.294603,1.514417,0.166276,0.354474,0.80068,0.294501,0.059862,3.492767,1.181185,0.268382,1.732898,0.318256,0.002449,7.141554,2.255524,0.375824,2.716282,0.226162,0.286146,2.48493,-0.003868,0.094434,2.398354,0.199209,0.26654,2.659852,0.384854,0.111937,7.4448,0.184917,0.415603,2.175275,-0.007731,0.125817,2014-03-07
1.570433,-0.020779,0.133181,1.492456,0.254873,0.368585,1.414265,0.249742,0.352191,1.421037,0.278609,0.342286,3.639314,1.130425,0.33491,1.797942,0.842443,0.29313,1.414265,0.249742,0.352191,4.064268,0.910362,0.059962,3.353643,1.093275,0.26723,3.311567,0.793665,0.002449,3.729166,1.075729,0.373359,1.898833,0.274955,0.284733,1.279963,-0.003108,0.094522,1.482975,0.25455,0.265369,2.380712,0.167195,0.111985,4.023523,0.290172,0.412855,2.067491,-0.003422,0.125784,2014-03-08
0.0,-0.019575,0.133034,0.987989,0.327589,0.366412,0.830128,0.322026,0.349936,0.0,0.362979,0.34012,5.470176,1.300757,0.332863,0.0,0.529321,0.291666,0.830128,0.322026,0.349936,3.579465,0.658724,0.06006,0.0,1.323277,0.266085,1.568968,0.351793,0.002448,5.68644,1.318418,0.370923,0.0,0.377006,0.283332,0.0,-0.00548,0.094608,0.0,0.37595,0.264205,0.0,0.56042,0.11203,5.911775,0.325573,0.41014,0.755092,-0.013125,0.125749,2014-03-09
0.0,0.036986,0.132884,2.108241,0.137489,0.364262,1.873313,0.09291,0.347708,0.668419,0.24052,0.337978,6.849762,1.12269,0.330839,0.710521,0.706228,0.290213,1.873313,0.09291,0.347708,0.257565,0.246301,0.060156,0.135437,0.564127,0.264946,0.0,0.019132,0.002448,7.106254,1.201348,0.368515,0.141272,0.295537,0.281942,0.163933,-0.014675,0.09469,0.141267,0.30857,0.263048,0.16311,0.789385,0.11208,7.181216,0.217941,0.407455,0.614506,-0.037475,0.125709,2014-03-10
0.0,0.486772,0.132732,2.979181,0.470046,0.362134,2.679614,0.476895,0.345505,1.631108,0.424482,0.335861,5.805445,1.479914,0.328838,1.85089,0.814592,0.28877,2.679614,0.476895,0.345505,1.816915,0.448651,0.060251,1.166945,1.476781,0.263814,0.142132,0.04486,0.002447,5.93689,1.465229,0.366134,0.605437,0.445833,0.280562,0.451066,-0.00598,0.094768,0.465006,0.385764,0.261898,0.866896,0.713071,0.112115,6.304329,0.39629,0.404801,1.086915,-0.010839,0.125666,2014-03-11
0.0,0.32437,0.132578,1.93403,0.566301,0.360028,1.698179,0.569075,0.343328,0.974001,0.570707,0.333767,8.222444,2.076924,0.326858,1.157374,0.675075,0.287336,1.698179,0.569075,0.343328,3.115657,0.713243,0.060344,1.069393,1.190216,0.262688,0.14818,0.040744,0.002447,8.414825,2.118654,0.363781,0.477649,0.58822,0.279193,0.292079,0.0,0.094844,0.331249,0.25106,0.260755,0.726498,0.04776,0.112141,8.973199,0.555636,0.402177,0.465249,0.0,0.12562,2014-03-12
0.0,0.000119,0.132423,0.170665,0.654086,0.357944,0.163735,0.645428,0.341177,0.127905,0.647023,0.331697,3.56183,1.391051,0.324901,0.138712,0.748543,0.285913,0.163735,0.645428,0.341177,1.565267,0.422125,0.060435,0.0,1.46198,0.261569,0.0,0.012536,0.002446,3.654683,1.43276,0.361455,0.0,0.666675,0.277835,0.0,0.0,0.094916,0.0,0.407186,0.259619,0.0,0.109535,0.112171,3.890331,0.618918,0.399582,0.0,6.9e-05,0.12557,2014-03-13
0.0,-0.003664,0.132265,0.601033,0.723757,0.355881,0.541015,0.687244,0.33905,0.282442,0.730682,0.329649,3.318608,1.467965,0.322965,0.348988,1.038762,0.284499,0.541015,0.687244,0.33905,0.0,0.143455,0.060524,0.0,1.748048,0.260457,0.530627,0.132638,0.002446,3.412347,1.505512,0.359155,0.0,0.765852,0.276488,0.0,-0.000443,0.094985,0.0,0.552862,0.25849,0.0,0.810746,0.112197,3.627225,0.691447,0.397017,0.246522,-0.002688,0.125518,2014-03-14
0.0,-0.013317,0.132105,0.948216,0.437893,0.35384,0.85649,0.428482,0.336948,0.486373,0.457249,0.327624,3.598591,0.878299,0.32105,0.58181,0.538565,0.283096,0.85649,0.428482,0.336948,1.176296,0.331062,0.060611,0.0,1.387059,0.259351,0.553207,0.131445,0.002445,3.557553,0.857541,0.356881,0.0,0.477252,0.275151,0.0,-0.004067,0.095051,0.0,0.413312,0.257369,0.0,0.377916,0.11222,3.971199,0.408349,0.394481,0.384322,-0.014012,0.125462,2014-03-15
0.0,0.018164,0.131944,0.528684,0.47057,0.351819,0.490438,0.465262,0.33487,0.345017,0.501806,0.325622,0.14467,0.580314,0.319156,0.384431,0.733036,0.281702,0.490438,0.465262,0.33487,1.226351,0.361993,0.060697,0.0,1.452569,0.258251,0.0,0.017658,0.002445,0.0,0.579152,0.354633,0.0,0.522747,0.273824,0.0,-0.000114,0.095114,0.0,0.501435,0.256254,0.0,0.593795,0.112239,0.197693,0.52006,0.391973,0.132727,-0.001537,0.125403,2014-03-16
0.0,0.422241,0.131781,0.179553,0.437353,0.349819,0.169249,0.442326,0.332815,0.149479,0.458166,0.323641,0.0,0.585283,0.317282,0.154366,0.685853,0.280318,0.169249,0.442326,0.332815,0.0,0.126502,0.060781,0.0,1.498236,0.257159,0.0,0.020262,0.002444,0.0,0.611387,0.352411,0.0,0.483744,0.272508,0.0,-0.004443,0.095174,0.0,0.49417,0.255147,0.0,0.56863,0.112255,0.0,0.476342,0.389493,0.0,-0.010225,0.125341,2014-03-17
0.0,0.707584,0.131616,0.403192,0.539712,0.34784,0.383877,0.539512,0.330785,0.296844,0.540538,0.321682,0.0,0.463994,0.315429,0.315302,0.594023,0.278944,0.383877,0.539512,0.330785,0.0,0.064204,0.060863,0.0,1.440899,0.256072,0.0,0.013852,0.002444,0.0,0.49133,0.350212,0.0,0.570925,0.271202,0.0,-5.5e-05,0.095231,0.0,0.544598,0.254046,0.0,0.229832,0.112267,0.0,0.531448,0.387041,0.0,0.0,0.125276,2014-03-18
0.0,0.805701,0.131449,0.225189,0.696726,0.34588,0.216252,0.66483,0.328777,0.147004,0.698151,0.319744,0.0,0.475857,0.313595,0.160935,0.570204,0.27758,0.216252,0.66483,0.328777,1.221808,0.312422,0.060944,0.0,1.547865,0.254993,0.0,0.010818,0.002444,0.0,0.494276,0.348039,0.0,0.713433,0.269906,0.0,0.0,0.095284,0.0,0.484446,0.252952,0.0,0.0,0.112276,0.191086,0.644183,0.384616,0.0,0.0,0.125208,2014-03-19
0.0,0.029642,0.131281,0.0,0.612914,0.34394,0.0,0.603407,0.326792,0.0,0.646292,0.317827,0.0,0.50547,0.311781,0.0,0.541188,0.276225,0.0,0.603407,0.326792,1.2738,0.352834,0.061023,0.0,1.323457,0.25392,0.0,0.012579,0.002443,0.0,0.510965,0.345889,0.0,0.668537,0.26862,0.0,0.0,0.095336,0.0,0.474021,0.251866,0.0,0.0,0.112282,0.199217,0.631941,0.382218,0.0,0.651342,0.125137,2014-03-20
0.0,0.446565,0.131111,0.170665,0.54716,0.34202,0.160766,0.538446,0.324829,0.171054,0.595209,0.315931,0.0,0.629632,0.309986,0.188718,0.696051,0.27488,0.160766,0.538446,0.324829,0.0,0.143805,0.0611,0.0,1.285068,0.252853,0.0,0.017112,0.002443,0.0,0.65825,0.343763,0.215832,0.622218,0.267345,0.306549,-0.000134,0.095384,0.236097,0.503892,0.250786,0.0,0.0,0.112285,0.0,0.571123,0.379847,0.0,0.593553,0.125063,2014-03-21
0.446392,0.798981,0.13094,4.632098,0.721803,0.340119,4.373389,0.708621,0.322888,3.15405,0.749686,0.314055,3.57309,1.100577,0.30821,3.438011,1.114254,0.273544,4.373389,0.708621,0.322888,1.724434,0.421487,0.061175,2.416403,1.367647,0.251793,1.038958,0.232233,0.002442,3.647915,1.133752,0.34166,2.053214,0.757079,0.266079,2.019825,0.0,0.095429,1.870468,0.452829,0.249713,1.989854,0.127978,0.112285,3.794425,0.716569,0.377501,1.134992,0.767095,0.124987,2014-03-22
0.465388,0.821994,0.130767,4.64371,0.723495,0.338236,4.384752,0.711364,0.320969,3.102343,0.735433,0.312199,3.725136,1.222779,0.306452,3.379188,1.190237,0.272218,4.384752,0.711364,0.320969,2.9331,0.672712,0.061249,2.519229,1.439865,0.250739,1.083169,0.241724,0.002442,3.803145,1.255405,0.339581,1.905993,0.740848,0.264823,1.772582,0.0,0.095472,1.693445,0.4226,0.248648,2.074529,0.135958,0.112282,3.95589,0.719862,0.375182,1.18329,0.667242,0.124908,2014-03-23
0.0,0.936474,0.130592,0.0,0.827332,0.336373,0.0,0.813963,0.319071,0.0,0.828926,0.310362,0.0,0.709022,0.304713,0.0,0.779702,0.270901,0.0,0.813963,0.319071,1.183596,0.34404,0.061322,0.0,1.915969,0.249692,0.0,0.013518,0.002441,0.0,0.741655,0.337524,0.0,0.840412,0.263577,0.0,0.0,0.095512,0.0,0.50884,0.247589,0.0,0.160714,0.112276,0.0,0.806459,0.372887,0.0,0.750277,0.124827,2014-03-24
0.0,0.197975,0.130417,1.977311,0.394449,0.334528,1.75909,0.387257,0.317194,0.371387,0.430495,0.308546,6.52197,1.699712,0.302993,0.352651,0.703237,0.269594,1.75909,0.387257,0.317194,0.137535,0.188086,0.061393,0.0,1.167872,0.248651,0.0,0.016072,0.002441,6.873932,1.730691,0.335489,0.0,0.45967,0.262341,0.0,-0.011407,0.095549,0.0,0.481976,0.246537,0.0,0.323069,0.112267,6.713364,0.397905,0.370618,0.267216,0.245063,0.124756,2014-03-25
2.249254,0.37898,0.13024,12.736439,0.405037,0.332701,11.837048,0.390037,0.315338,8.347349,0.454801,0.306748,15.204445,3.0322,0.301289,8.592131,2.145484,0.268296,11.837048,0.390037,0.315338,3.914337,0.94763,0.061462,2.776206,0.991525,0.247619,1.052335,0.242375,0.00244,15.859261,3.113983,0.333476,5.236876,0.481869,0.261114,6.638009,0.311645,0.095584,5.571487,0.500991,0.245491,4.02763,1.280483,0.112255,15.900146,0.469355,0.368373,2.812638,0.471611,0.124699,2014-03-26
5.246197,0.398355,0.130061,16.176739,0.40673,0.330892,15.2581,0.395098,0.313502,13.080301,0.419409,0.30497,10.814919,1.331479,0.299604,14.263835,1.598822,0.267007,15.2581,0.395098,0.313502,11.958437,1.664396,0.06153,10.573372,1.333473,0.246589,5.830953,1.065455,0.00244,11.345993,1.316029,0.331484,10.856019,0.412503,0.259897,11.527852,0.035715,0.095616,10.519748,0.413422,0.244453,10.289485,1.426678,0.11224,11.589972,0.44883,0.366153,6.240299,0.391273,0.124567,2014-03-27
3.024686,0.735144,0.129881,5.883166,0.69918,0.329101,5.585427,0.684192,0.311686,5.387468,0.709065,0.30321,2.291584,0.883369,0.297935,6.407629,1.488962,0.265727,5.585427,0.684192,0.311686,12.78721,1.877356,0.061596,8.005797,1.650229,0.245568,8.677533,1.560025,0.002439,2.380426,0.924713,0.329514,5.625927,0.699893,0.258689,4.803432,0.192159,0.095646,4.911652,0.701171,0.243421,6.519779,1.52576,0.112222,2.703313,0.740771,0.363956,5.572116,0.227432,0.124475,2014-03-28
0.0,0.978324,0.1297,0.647302,0.860511,0.327328,0.57402,0.837755,0.309891,0.419724,0.85718,0.301468,0.158402,0.892198,0.296284,0.496406,1.01963,0.264457,0.57402,0.837755,0.309891,5.883961,1.384933,0.06166,0.0,2.178964,0.244552,4.759868,1.056525,0.002439,0.0,0.890161,0.327565,0.0,0.873818,0.25749,0.0,0.31825,0.095673,0.0,0.88119,0.242396,0.177385,1.95938,0.112202,0.307466,0.866059,0.361783,2.451823,0.17573,0.124381,2014-03-29
0.422696,0.07306,0.129518,1.920867,0.472971,0.325571,1.788359,0.473732,0.308114,1.541794,0.48203,0.299744,0.316103,0.690642,0.294649,1.677594,0.911887,0.263195,1.788359,0.473732,0.308114,2.556484,0.683772,0.061724,0.314316,1.032397,0.243543,0.894893,0.209003,0.002439,0.294459,0.667778,0.325636,0.643573,0.491081,0.256301,0.860774,0.363767,0.095697,0.713178,0.48897,0.241377,0.474382,1.391228,0.112179,0.358287,0.528717,0.359634,0.876946,0.207012,0.124285,2014-03-30
0.863378,0.012526,0.309981,3.923473,0.29892,0.323832,3.652818,0.238786,0.306357,3.149197,0.354998,0.298039,0.645657,0.600104,0.293031,3.426575,1.093839,0.261943,3.652818,0.238786,0.306357,2.501736,0.652317,0.061785,0.642008,0.209094,0.242541,0.0,0.014465,0.002438,0.601449,0.577972,0.323727,1.314531,0.313156,0.255121,1.758177,0.053838,0.095719,1.456703,0.276964,0.240365,0.96895,0.526634,0.112153,0.731819,0.461586,0.357507,0.61196,0.039337,0.124187,2014-03-31
0.0,0.047805,0.612263,2.775057,0.660567,0.322109,2.587573,0.68786,0.304618,2.270176,0.644689,0.296351,4.796439,1.574155,0.291429,2.702976,1.268439,0.260699,2.587573,0.68786,0.304618,4.337573,1.019458,0.061845,2.895407,1.952642,0.241544,1.450218,0.331965,0.002438,4.735543,1.603324,0.321838,2.571791,0.611801,0.25395,2.475806,0.324152,0.095739,2.356924,0.514878,0.23936,2.539729,1.891336,0.112125,5.442291,0.725515,0.355403,2.173859,0.486832,0.124086,2014-04-01
1.559637,0.51915,0.260989,5.102057,0.536475,0.320403,4.670683,0.541716,0.302899,2.804687,0.569662,0.29468,8.973339,2.146462,0.289843,3.055497,1.217414,0.259464,4.670683,0.541716,0.302899,6.672815,1.495481,0.061904,0.461585,1.814688,0.240554,1.456043,0.327209,0.002437,8.881138,2.111894,0.319969,0.131916,0.625089,0.252789,0.214924,0.462212,0.095756,0.50278,0.605578,0.238361,0.403505,1.584023,0.112094,9.811294,0.553852,0.353321,1.795601,0.508672,0.123983,2014-04-02
2.353876,0.665152,0.143553,5.644802,0.526927,0.318714,5.205626,0.526331,0.301197,3.441471,0.543353,0.293026,7.793459,1.886159,0.288273,3.84762,1.241151,0.258239,5.205626,0.526331,0.301197,5.300714,1.153275,0.061961,1.689992,1.56066,0.265594,2.92695,0.600374,0.002437,7.875049,1.895098,0.31812,1.209814,0.647272,0.251636,1.260033,0.277997,0.095771,1.485899,0.627268,0.237369,1.454173,0.667777,0.112061,8.294986,0.527883,0.351262,2.654394,0.347067,0.123878,2014-04-03
1.129274,0.719525,0.128589,0.868821,0.649746,0.31704,0.689365,0.646173,0.299514,0.999333,0.647537,0.291389,2.043494,0.892717,0.286718,1.478824,0.799836,0.257021,0.689365,0.646173,0.299514,5.157933,1.147714,0.062017,2.289376,1.652886,0.238593,4.100207,0.919275,0.002436,1.903465,0.889194,0.316289,2.001748,0.673394,0.250492,1.937902,0.196653,0.095784,1.727296,0.673803,0.236384,1.862662,0.416444,0.112026,2.563012,0.64985,0.349223,3.086057,0.137589,0.123771,2014-04-04
0.386192,0.422687,0.128401,0.145706,0.438055,0.315383,0.0,0.437047,0.297848,0.272602,0.431049,0.289769,0.402076,0.71088,0.285179,0.545101,0.76466,0.255813,0.0,0.437047,0.297848,2.723563,0.690719,0.062071,1.072969,1.712642,0.237621,1.315269,0.30397,0.002436,0.464946,0.766596,0.314478,0.921444,0.415444,0.249357,0.894361,0.246046,0.095795,0.755484,0.405347,0.235404,0.818599,0.691654,0.111988,0.614363,0.453725,0.347207,1.149226,0.261308,0.123663,2014-04-05
0.447112,0.460688,0.128211,3.816845,0.488256,0.313741,3.471077,0.48988,0.2962,1.972618,0.508115,0.288165,5.219486,1.517882,0.283655,2.219634,1.057339,0.254613,3.471077,0.48988,0.2962,0.608625,0.252609,0.062124,0.195029,1.963691,0.236656,0.292982,0.080768,0.002435,5.430263,1.523949,0.312684,0.0,0.517368,0.24823,0.0,0.363936,0.095803,0.0,0.555518,0.234432,0.153254,0.985703,0.111947,5.321313,0.528064,0.345211,0.874562,0.364137,0.123552,2014-04-06
0.623215,0.365688,0.12802,5.766545,0.615988,0.312115,5.208468,0.613659,0.29457,3.072896,0.629983,0.286578,9.36271,1.714117,0.282146,3.603683,1.248465,0.253422,5.208468,0.613659,0.29457,4.729744,1.116526,0.062176,1.280359,1.98437,0.235696,0.577085,0.145844,0.002435,9.555984,1.726445,0.31091,0.753332,0.702896,0.247112,0.701841,0.29265,0.095809,0.607899,0.722769,0.233465,1.00025,1.860141,0.111905,9.983656,0.652148,0.343236,1.277014,0.342245,0.123439,2014-04-07
0.163761,0.090293,0.438604,1.863336,0.308719,0.310504,1.657333,0.286009,0.292956,1.059585,0.372461,0.285006,4.087974,1.652227,0.280651,1.344473,1.27112,0.25224,1.657333,0.286009,0.292956,4.269485,1.132988,0.062226,1.122862,0.397408,0.405656,0.283195,0.096554,0.002435,4.060376,1.710817,0.309153,0.785389,0.449963,0.246003,0.731706,0.329859,0.095824,0.633767,0.396078,0.232506,0.876239,0.864376,0.1119,4.624667,0.654701,0.341282,0.540127,0.292986,0.123341,2014-04-08
0.0,0.028215,0.484749,0.0,0.187631,0.308908,0.0,0.161367,0.291359,0.0,0.19123,0.28345,0.0,1.520299,0.279171,0.0,1.473939,0.251065,0.0,0.161367,0.291359,0.0,0.434948,0.062274,0.0,0.129505,1.441617,0.0,0.021201,0.002434,0.0,1.462676,0.307413,0.0,0.209537,0.244902,0.0,0.146683,0.095815,0.0,0.18124,0.231551,0.0,0.212187,0.27518,0.0,0.360466,0.339347,0.0,0.222648,0.123208,2014-04-09
0.0,-0.051625,0.273045,0.0,-0.005443,0.307327,0.0,-0.003726,0.289779,0.0,0.003965,0.281909,0.0,1.167938,0.277704,0.0,1.191986,0.249899,0.0,-0.003726,0.289779,0.0,0.376676,0.062322,0.0,0.014553,1.411749,0.0,0.038621,0.002434,0.0,1.186672,0.305691,0.0,0.009544,0.243809,0.0,0.007313,0.095815,0.0,0.002803,0.230604,0.0,0.029205,0.993182,0.0,0.032308,0.337433,0.0,0.015611,0.123089,2014-04-10
0.0,-0.096537,0.374483,0.0,-0.034425,0.305761,0.0,-0.032868,0.288215,0.0,-0.022238,0.280384,0.0,1.006731,0.276252,0.0,1.009164,0.24874,0.0,-0.032868,0.288215,0.0,0.660277,0.062368,0.0,-0.01798,1.301298,0.0,0.031797,0.213961,0.0,0.991729,0.303985,0.0,-0.011275,0.242725,0.0,-0.012856,0.095813,0.0,-0.020761,0.229662,0.0,0.000835,0.942346,0.0,0.003231,0.335538,0.0,-0.019475,0.122969,2014-04-11
0.652425,-0.061053,0.795307,1.533267,0.013454,0.304209,1.394402,0.01419,0.286667,0.77334,0.022381,0.278874,0.589242,1.220093,0.274812,0.882934,1.261543,0.24759,1.394402,0.01419,0.286667,0.0,1.057316,0.062412,0.0,0.003934,1.874515,0.0,0.036758,0.286154,0.977874,1.242315,0.302295,0.0,0.028379,0.241649,0.0,0.024255,0.095809,0.0,0.021481,0.228727,0.0,0.025598,1.389659,0.5355,0.051118,0.333663,0.0,0.015779,0.122848,2014-04-12
2.312179,0.27542,0.623229,8.814967,0.762557,0.302672,8.169772,0.750601,0.285134,5.772903,0.802083,0.277378,11.092874,2.445126,0.273385,6.630004,1.953866,0.246447,8.169772,0.750601,0.285134,5.44755,1.856442,0.062455,3.925786,1.991495,0.718781,1.974561,0.458379,0.003384,11.548622,2.468268,0.300622,3.032172,0.813099,0.240584,2.827612,0.770898,0.096182,2.63244,0.797236,0.227805,3.43901,2.211439,0.286401,11.365819,0.839202,0.331807,2.90231,0.86503,0.123039,2014-04-13
1.701437,0.996509,0.140938,7.523537,0.735647,0.301149,7.001823,0.732739,0.283618,5.178002,0.763755,0.275898,12.469942,2.269322,0.271972,5.952456,1.967334,0.245312,7.001823,0.732739,0.283618,7.026084,2.127595,0.062497,4.092841,2.233546,0.233578,2.243233,0.535557,0.002432,12.189277,1.947914,0.298964,3.161201,0.833946,0.239522,2.947936,0.760088,0.095794,2.744459,0.867223,0.226875,3.58535,1.771675,0.14993,13.233883,0.691707,0.329969,3.270051,0.743842,0.1226,2014-04-14
0.0,0.590131,0.126462,0.0,0.656726,0.29964,0.0,0.654145,0.282117,0.0,0.682058,0.274431,1.611254,1.077552,0.270572,0.0,0.858306,0.244186,0.0,0.654145,0.282117,1.40403,1.043274,0.062538,0.0,2.096632,0.228234,0.192506,0.130857,0.002431,1.26367,1.082394,0.297323,0.0,0.748255,0.23847,0.0,0.738363,0.095784,0.0,0.758156,0.225958,0.0,1.88477,0.111485,2.050135,0.676272,0.328151,0.254631,0.692794,0.122473,2014-04-15
0.0,0.070928,0.375198,0.0,0.648668,0.298145,0.0,0.651561,0.280631,0.0,0.64249,0.27298,0.0,0.885333,0.269186,0.0,0.930289,0.243067,0.0,0.651561,0.280631,0.0,0.663135,0.062577,0.0,2.018309,0.227327,0.0,0.148483,0.002431,0.0,0.916787,0.295698,0.0,0.657576,0.237426,0.0,0.700938,0.095772,0.0,0.681629,0.225047,0.0,2.288841,0.111424,0.0,0.663342,0.32635,0.0,0.68088,0.122345,2014-04-16
0.0,0.070058,0.551853,0.0,0.455667,0.296663,0.0,0.442589,0.27916,0.0,0.534732,0.271542,0.0,0.906033,0.267811,0.0,0.969856,0.241956,0.0,0.442589,0.27916,0.0,0.876603,0.062615,0.0,1.367065,0.655375,0.0,0.156402,0.00243,0.0,0.964561,0.294088,0.0,0.473151,0.236391,0.0,0.485444,0.095759,0.0,0.397672,0.224142,0.0,1.941789,0.111361,0.0,0.752789,0.324568,0.0,0.705569,0.122215,2014-04-17
0.0,0.010256,0.751882,0.0,0.076889,0.295195,0.0,0.076744,0.277703,0.0,0.080913,0.270118,0.0,1.201456,0.26645,0.0,1.223351,0.240853,0.0,0.076744,0.277703,0.0,1.193844,0.062652,0.0,0.154143,1.901004,0.0,0.239473,0.181095,0.0,1.211085,0.292494,0.0,0.083643,0.235362,0.0,0.068072,0.291411,0.0,0.078781,0.383769,0.0,0.307357,1.525076,0.0,0.113635,0.322803,0.0,0.086612,0.287174,2014-04-18
0.0,-0.109074,1.108474,0.0,0.014623,0.636174,0.0,0.016915,0.67682,0.0,0.036063,0.804924,0.0,1.065614,0.2651,0.0,1.064867,0.239757,0.0,0.016915,0.67682,0.0,0.998226,0.062687,0.0,0.016133,2.016325,0.0,0.286415,0.757124,0.0,0.993407,0.290914,0.0,0.050882,0.958449,0.0,0.047843,0.88331,0.0,0.038506,1.056322,0.0,0.055391,1.741108,0.0,0.120942,0.321056,0.0,0.030417,0.973857,2014-04-19
0.0,-0.215919,0.474025,0.0,-0.101785,0.581204,0.0,-0.097195,0.549814,0.0,-0.081586,0.537342,0.0,0.533081,0.263762,0.0,0.522023,0.326909,0.0,-0.097195,0.549814,0.0,0.478289,0.062721,0.0,-0.16605,1.200183,0.0,0.071348,0.433274,0.0,0.50576,0.289348,0.0,-0.07162,0.484248,0.0,-0.074164,0.352305,0.0,-0.081039,0.477439,0.0,-0.117438,1.011849,0.0,-0.018049,0.319326,0.0,-0.089895,0.414445,2014-04-20
0.0,-0.380384,0.907414,0.0,-0.173206,0.921077,0.0,-0.16048,0.877141,0.0,-0.13703,0.848367,0.0,0.623225,0.262436,0.0,0.593855,1.564972,0.0,-0.16048,0.877141,0.0,0.569458,0.184989,0.0,-0.334842,2.01541,0.0,0.051276,0.966775,0.0,0.58926,1.119121,0.0,-0.135059,0.802002,0.0,-0.133203,0.622472,0.0,-0.144408,0.800538,0.0,-0.248542,1.703636,0.0,0.005752,0.317613,0.0,-0.137057,1.253694,2014-04-21
0.0,-0.19116,0.654173,0.286149,-0.078134,0.704961,0.261359,-0.076378,0.676939,0.149217,-0.071027,0.675286,0.146462,1.19367,0.261121,0.169574,1.103983,0.811662,0.261359,-0.076378,0.676939,0.0,1.067034,0.074437,0.0,-0.121442,1.991091,0.0,0.297024,0.550664,0.206696,1.135024,0.833041,0.0,-0.077909,0.628095,0.0,-0.080076,0.504126,0.0,-0.086632,0.626956,0.0,-0.068204,1.770545,0.0,0.001084,0.315918,0.0,-0.082536,0.561276,2014-04-22
0.0,-0.073161,0.808159,0.594675,0.122857,0.854835,0.543627,0.102375,0.828433,0.31587,0.112303,0.814441,0.3427,1.36382,0.259817,0.35683,1.423045,0.322788,0.543627,0.102375,0.828433,0.0,1.14678,0.062816,0.0,0.767559,1.928625,0.0,0.246003,0.399161,0.468806,1.445214,0.337375,0.0,0.07569,0.776992,0.0,0.070414,0.63201,0.0,0.059626,0.778101,0.0,1.437437,1.262727,0.179091,0.865455,0.314238,0.0,0.147928,0.665078,2014-04-23
0.0,-0.02817,0.733705,0.308961,0.216117,0.793291,0.282685,0.193258,0.775698,0.167126,0.19706,0.755379,0.19809,0.901763,0.258525,0.187702,0.986837,0.271741,0.282685,0.193258,0.775698,0.0,0.338213,0.062845,0.0,0.75276,1.610584,0.0,0.135546,0.36101,0.264094,0.953449,0.333079,0.0,0.146575,0.74256,0.0,0.140398,0.550859,0.0,0.126454,0.744142,0.0,1.174615,0.640377,0.186712,1.067235,0.312576,0.0,0.361236,0.492387,2014-04-24
0.0,-0.320401,0.96876,0.0,-0.124571,1.018332,0.0,-0.108976,0.974544,0.0,-0.118461,0.978584,0.0,0.720712,0.291962,0.0,0.540686,0.982232,0.0,-0.108976,0.974544,1.266694,0.896793,0.063341,0.0,-0.342054,4.276527,0.0,0.03359,0.673725,0.0,0.670621,0.57818,0.0,-0.149464,0.963711,0.0,-0.160673,0.760104,0.0,-0.173998,0.968608,0.0,-0.216686,1.700457,0.0,0.282145,0.310929,0.0,-0.044723,0.751612,2014-04-25
1.30114,-0.29092,0.729358,2.631445,-0.11837,0.836691,2.518635,-0.116401,0.800203,2.1417,-0.117471,0.778694,3.895106,1.337875,1.184414,2.407002,0.90864,1.497484,2.518635,-0.116401,0.800203,2.359948,1.106958,0.749449,1.602425,-0.131749,6.513498,0.239082,0.155426,0.779173,3.565505,1.186127,1.342415,1.143425,-0.151668,0.721441,1.05023,-0.162992,0.539259,1.009587,-0.176003,0.723344,1.37929,-0.114366,1.550023,4.361431,0.242136,0.309298,0.626455,-0.093999,0.558651,2014-04-26
2.615596,-0.099189,0.820599,7.187652,0.268353,0.852717,6.71015,0.265409,0.806281,4.94507,0.332294,0.676112,12.97809,2.30312,0.441149,5.651248,1.456326,0.518551,6.71015,0.265409,0.806281,4.025267,1.018654,0.217196,3.162916,0.522242,11.222548,1.978865,0.499956,0.151265,12.200188,2.130344,0.619946,1.931279,0.263091,0.615194,1.767306,0.257785,0.418237,1.784353,0.182058,0.653275,2.549078,1.49107,0.432565,14.1813,0.525786,0.307683,2.507102,0.33003,0.437622,2014-04-27
2.700384,0.734173,0.373931,9.7019,0.627258,0.31421,8.933719,0.632624,0.298544,6.136749,0.702064,0.297166,15.470163,2.603463,0.256064,7.117088,2.104094,0.251135,8.933719,0.632624,0.298544,5.773564,1.34846,0.117949,4.019135,1.239201,16.015158,3.223826,0.78899,0.002426,15.457644,2.649859,0.284632,2.632547,0.85477,0.283188,2.400143,0.882916,0.116434,2.309756,0.859316,0.223799,3.252529,2.739955,0.110544,16.393412,0.599147,0.306084,3.724491,0.818151,0.157063,2014-04-28
1.44677,0.796598,0.285911,6.990928,0.607546,0.279888,6.416749,0.604014,0.2626,4.333203,0.618699,0.272463,10.917691,2.536628,0.252227,5.063309,1.721776,0.229189,6.416749,0.604014,0.2626,4.371475,1.014208,0.078971,2.708634,0.682267,24.385139,3.029765,0.730937,0.002425,11.020637,2.444779,0.275869,1.941123,0.71212,0.268672,1.771448,0.692299,0.112504,1.612632,0.732449,0.271274,2.183266,0.617819,0.11046,11.535188,0.63725,0.3045,2.861716,0.716152,0.13333,2014-04-29
0.0,1.205263,0.212838,3.486006,0.821302,0.293686,3.150048,0.786694,0.28559,1.804165,0.800248,0.287929,9.153744,2.864379,0.250999,2.161561,1.599873,0.22817,3.150048,0.786694,0.28559,3.165136,0.767023,0.066594,0.286943,0.819659,21.035664,3.163295,0.774191,0.002425,8.42654,2.789659,0.274437,0.0,0.920205,0.274387,0.0,0.952672,0.118985,0.0,0.958656,0.269956,0.0,0.101689,0.110376,10.040876,0.795413,0.302931,2.030031,0.877253,0.128329,2014-04-30
0.0,0.333898,0.617794,0.681463,0.98047,0.323162,0.588555,0.964688,0.304844,0.288242,0.995562,0.286395,7.865654,2.354622,0.249782,0.38525,1.114371,0.227159,0.588555,0.964688,0.304844,1.506902,0.43312,0.063472,0.0,1.385394,15.665029,0.0,0.154086,0.002424,8.196641,2.465206,0.273018,0.0,1.04931,0.225507,0.0,0.941407,0.099375,0.0,0.891891,0.246289,0.0,0.494719,0.11048,8.032871,1.008481,0.301377,0.0,1.025993,0.124252,2014-05-01
0.0,-0.082566,0.634268,0.0,0.071461,0.302524,0.0,0.082705,0.258753,0.0,0.050425,0.25154,7.895441,2.060437,0.248576,0.0,0.828535,0.226154,0.0,0.082705,0.258753,1.38448,0.832388,0.06952,0.0,0.695644,12.903082,0.0,0.236798,0.002424,8.233233,1.968823,0.271611,0.0,0.021261,0.272806,0.0,0.002992,0.204676,0.0,-0.001226,0.442174,0.0,0.405183,1.396292,8.055264,0.477986,0.299838,0.0,0.133991,0.120116,2014-05-02
0.0,0.106406,0.979671,0.0,-0.073558,1.083999,0.0,-0.073857,0.96713,0.0,-0.072345,0.936998,3.044277,1.482177,0.557478,0.0,1.338817,0.916354,0.0,-0.073857,0.96713,1.443395,1.386757,0.273432,0.0,1.272776,9.19586,0.0,0.372707,0.852105,3.170152,1.436908,0.936945,0.0,-0.077503,1.031283,0.0,-0.09896,2.285995,0.0,-0.097108,1.041562,0.0,1.014117,3.091433,3.124354,0.2206,0.298314,0.0,-0.048733,0.66134,2014-05-03
0.0,1.943062,0.295449,0.0,-0.115876,1.043692,0.0,-0.108762,0.975955,0.0,-0.104704,0.942126,0.0,1.34496,1.262402,0.0,1.347296,1.271584,0.0,-0.108762,0.975955,0.0,1.168271,0.699632,0.0,1.524985,6.833708,0.0,0.369518,0.752859,0.0,1.352558,1.393234,0.0,-0.103602,0.964805,0.0,-0.119115,2.220132,0.0,-0.117666,0.977838,0.0,0.528204,1.564487,0.0,-0.009517,0.296803,0.0,-0.091143,0.790877,2014-05-04
0.0,2.540639,0.339147,0.0,-0.124832,1.227262,0.0,-0.119208,1.167107,0.0,-0.120185,1.143732,0.0,1.299374,1.266405,0.0,1.2776,1.447821,0.0,-0.119208,1.167107,0.0,1.152585,0.643988,0.0,1.727011,5.94309,0.0,0.318353,0.850724,0.0,1.274608,1.409236,0.0,-0.120299,1.128775,0.0,-0.140408,2.823747,0.0,-0.137823,1.168971,0.0,0.450038,2.46547,0.0,-0.002597,0.295307,0.0,-0.078159,0.936905,2014-05-05
0.0,1.321009,0.380986,0.0,-0.104028,0.936014,0.0,-0.0996,0.891374,0.0,-0.103258,0.877417,0.0,1.143775,1.017287,0.0,1.107558,1.138239,0.0,-0.0996,0.891374,0.0,1.030204,0.473719,0.0,1.435093,5.242314,0.0,0.355102,0.690253,0.0,1.140396,1.161747,0.0,-0.111108,0.854244,0.0,-0.128546,1.940324,0.0,-0.126049,0.877441,0.0,0.348489,1.803163,0.0,0.026358,0.782416,0.0,-0.056279,0.680684,2014-05-06
0.239422,2.481798,0.439153,0.484902,-0.080668,1.437659,0.43049,-0.077539,1.370539,0.217983,-0.081092,1.344596,0.0,1.067425,1.034511,0.244655,1.093878,1.143755,0.43049,-0.077539,1.370539,0.0,1.053115,0.419086,0.0,1.72559,4.673028,0.0,0.52602,0.713172,0.0,1.054465,1.211103,0.16173,-0.101355,1.338572,0.21616,-0.120671,3.389797,0.182297,-0.122784,1.371961,0.0,0.615306,5.996592,0.0,0.184276,1.282338,0.0,-0.005245,1.088205,2014-05-07
1.423144,2.126737,0.569528,2.259427,0.09364,0.843289,2.044503,0.087883,0.806593,1.446366,0.075374,0.761053,0.672972,1.123707,0.306318,1.604598,1.347136,0.305354,2.044503,0.087883,0.806593,2.690947,1.235771,0.164386,1.217484,1.453085,4.299069,1.064409,0.576992,0.256675,0.604789,1.149094,0.34139,0.929286,0.039429,0.715384,0.824756,0.022534,1.523203,0.871453,0.015534,0.735993,1.059632,1.157902,5.913096,0.765939,0.866448,0.364916,0.152884,0.317375,0.408411,2014-05-08
2.143439,1.630228,0.676874,7.772453,0.089186,1.403897,7.221079,0.08601,1.309094,5.072224,0.070708,1.200068,2.279642,1.159074,0.286743,5.210439,1.688206,0.266547,7.221079,0.08601,1.309094,6.989354,1.740799,0.141663,3.2407,1.394094,4.066381,1.553526,0.464517,0.362393,2.20952,1.099235,0.397322,2.126942,0.042636,1.007715,1.726527,0.018871,1.353163,1.842115,0.002262,1.029903,3.032643,1.224374,22.213854,2.405211,0.809986,0.34775,1.057841,0.381136,0.506602,2014-05-09
0.959114,1.982647,0.652777,9.00396,-0.019947,1.771372,8.334364,-0.017092,1.676082,5.584403,-0.027088,1.473933,4.82103,1.628959,0.788113,5.763936,1.674322,1.075917,8.334364,-0.017092,1.676082,7.175249,2.07233,0.162593,2.423782,1.564339,3.682926,0.462709,0.413207,0.573734,4.963667,1.568733,1.191536,1.63103,-0.047573,1.175063,1.390936,-0.072358,2.801478,1.397159,-0.087336,1.204068,2.45401,1.453127,24.237484,4.855161,0.508091,0.460943,2.681095,0.053859,0.982935,2014-05-10
6.082992,4.042756,1.101088,20.791792,0.307549,2.276997,19.607325,0.29553,2.084535,16.045736,0.301069,1.854434,17.81307,3.305147,0.980534,16.893429,3.204408,0.78857,19.607325,0.29553,2.084535,16.839281,3.056612,0.486916,11.125668,2.856484,4.087802,5.994619,1.797215,0.266824,18.428886,3.242123,1.338366,10.141335,0.296507,1.468635,9.885259,0.307864,2.909812,9.621244,0.159923,1.635408,11.616377,3.789721,19.391245,18.011757,0.793957,0.328481,6.429129,0.818229,0.622205,2014-05-11
9.744567,3.430671,1.438927,21.987293,0.996484,0.472845,20.814686,0.969739,0.31566,18.041527,0.967009,0.27203,23.350019,2.949615,0.247716,19.243937,2.361737,0.22207,20.814686,0.969739,0.31566,18.732672,2.201696,0.103555,15.260124,4.477649,3.285168,7.135713,1.396367,0.002567,24.130661,3.196434,0.42341,15.314857,0.967509,0.240485,15.646695,0.99949,0.095124,14.855957,1.01314,0.333397,15.611931,3.680377,13.539441,23.666103,0.906571,0.285215,6.981205,0.998068,0.126422,2014-05-12
3.835666,3.308256,0.806534,3.716784,1.114556,1.014572,3.446907,1.105559,0.566033,3.38841,1.108036,0.367919,10.562628,2.734772,0.235905,3.966737,1.766924,0.215522,3.446907,1.105559,0.566033,5.761403,1.317629,0.108843,4.234365,2.34286,2.487883,2.69845,0.696874,0.002419,10.946281,2.76294,0.258013,5.216139,1.093406,0.323453,5.842775,1.096478,0.094847,5.276843,1.102277,0.445756,4.153413,1.907879,9.753171,10.741408,1.095194,0.283826,3.528357,1.134485,0.143166,2014-05-13
0.300406,3.348352,0.868426,0.220919,1.104931,2.953844,0.186964,1.102346,1.137243,0.189968,1.088002,0.614468,3.054013,1.611063,0.234806,0.237225,1.201123,0.217898,0.186964,1.102346,1.137243,1.403842,0.433127,0.111365,0.0,1.822118,2.292677,1.850265,0.509443,0.002419,3.171593,1.692342,0.277679,0.0,0.946975,0.492303,0.0,0.891019,0.094794,0.0,0.733813,0.799213,0.0,1.508737,7.507566,3.149334,1.123471,0.282449,1.314969,1.087432,0.184586,2014-05-14
0.0,3.151114,0.854044,0.287062,0.174661,4.367699,0.23789,0.157521,2.984127,0.0,0.145045,1.263147,1.030187,1.523612,0.233715,0.0,1.447512,0.215899,0.23789,0.157521,2.984127,1.318222,1.031254,0.095528,0.0,3.134197,2.574929,0.0,0.210718,0.187802,1.067297,1.586286,0.297089,0.0,0.115497,1.306769,0.0,0.106946,0.539525,0.0,0.112598,2.066053,0.0,3.294075,6.514515,1.06395,0.992958,0.281085,0.0,0.432292,0.443455,2014-05-15
0.0,1.903939,0.935631,2.034742,0.074111,6.922921,1.794757,0.07249,3.956387,0.876141,0.069048,2.210133,0.236046,1.445342,0.232633,0.986944,1.601701,0.259796,1.794757,0.07249,3.956387,2.762003,1.772053,0.079493,0.182443,1.368183,2.325254,0.0,0.376258,0.553395,0.219469,1.469692,0.299317,0.498048,0.053859,1.635369,0.673269,0.043088,0.626625,0.549848,0.048103,3.040846,0.274451,1.473936,7.888988,0.251959,0.217056,0.279733,0.200788,0.116629,0.816178,2014-05-16
0.0,0.210542,1.025503,1.809314,-0.208153,8.170153,1.612563,-0.200599,4.032444,0.913424,-0.204931,2.906862,2.160389,0.69799,1.089295,1.028941,0.542468,1.448247,1.612563,-0.200599,4.032444,1.446737,0.687887,0.063867,0.190206,0.57494,1.916726,0.828542,-0.009997,0.735339,2.219024,0.60811,1.503438,0.519242,-0.227495,2.222668,0.701919,-0.250073,0.602956,0.573246,-0.241767,3.524747,0.28613,0.507444,5.18629,2.237238,-0.07089,0.775809,0.897313,-0.13492,0.894659,2014-05-17
0.0,0.839877,1.106973,0.0,-0.437846,8.925014,0.0,-0.422054,4.873691,0.0,-0.412024,3.896933,1.995759,0.66919,2.34101,0.0,0.811183,2.316597,0.0,-0.422054,4.873691,0.0,0.74187,0.063195,0.0,1.597518,1.801005,0.863799,-0.421706,1.363458,2.074906,0.583412,2.791428,0.0,-0.413312,3.356137,0.0,-0.434836,1.028861,0.0,-0.439144,4.321299,0.0,1.528486,4.643044,2.058581,-0.227852,1.367638,0.717256,-0.338167,1.485474,2014-05-18
0.0,1.296743,1.173301,0.0,-0.492103,8.490193,0.0,-0.477699,5.211149,0.0,-0.474214,4.013299,0.0,0.714928,2.266896,0.0,0.704452,2.539609,0.0,-0.477699,5.211149,0.0,0.688471,1.62522,0.0,1.755696,1.71696,0.0,-0.065445,1.210276,0.0,0.628094,2.768549,0.0,-0.457444,3.603788,0.0,-0.50679,1.264779,0.0,-0.494928,4.331306,0.0,1.690746,4.19965,0.0,-0.262159,1.139157,0.0,-0.392468,1.474379,2014-05-19
0.0,2.518551,1.22361,0.0,-0.326194,7.779241,0.0,-0.314404,5.466578,0.0,-0.318868,3.7988,0.0,1.270479,1.813553,0.0,1.319988,2.234606,0.0,-0.314404,5.466578,0.0,1.145776,1.326216,0.0,2.69692,1.643561,0.0,0.593905,1.155394,0.0,1.261402,2.381289,0.0,-0.329741,3.545777,0.0,-0.411147,1.69441,0.0,-0.360133,4.248487,0.0,2.607322,3.814149,0.0,-0.118414,0.951883,0.0,-0.23655,1.355519,2014-05-20
0.0,2.161722,1.259015,0.0,-0.274378,8.088512,0.0,-0.262079,6.732601,0.0,-0.266322,3.908291,0.0,1.286805,1.290203,0.0,1.289202,1.892539,0.0,-0.262079,6.732601,0.0,1.155457,0.862461,0.0,2.163925,1.579082,0.0,0.825871,1.698529,0.0,1.300572,2.017364,0.0,-0.292067,3.773641,0.0,-0.371762,1.905617,0.0,-0.320283,4.981291,0.0,2.098906,3.477758,0.0,-0.081407,0.939121,0.0,-0.189484,1.399367,2014-05-21
0.0,2.434182,1.281452,0.19687,-0.347796,10.737211,0.172013,-0.335778,10.629643,0.0,-0.3422,5.181277,0.0,1.22375,1.933451,0.0,1.279291,3.194672,0.172013,-0.335778,10.629643,0.0,1.096793,1.462529,0.0,2.548755,1.522042,0.0,1.103972,71.65081,0.0,1.241812,4.883026,0.0,-0.386333,5.061896,0.0,-0.541434,2.81975,0.0,-0.483928,9.257366,0.0,2.448315,3.180094,0.0,-0.106456,1.421213,0.0,-0.243229,2.111621,2014-05-22
1.198681,3.625479,1.389442,1.000002,-0.174214,11.378823,0.91176,-0.169059,11.617226,0.680461,-0.177362,8.119358,0.24176,1.55167,1.881302,0.775125,1.665064,5.281555,0.91176,-0.169059,11.617226,1.370053,1.605528,1.55445,1.024249,3.311339,1.539897,0.371038,1.606975,80.038498,0.230829,1.568485,8.619229,0.954552,-0.211056,7.740264,0.946444,0.044272,3.624977,0.927746,0.233602,12.505809,0.912259,3.181624,2.758185,0.254147,0.086797,1.221531,0.565673,-0.122537,2.990664,2014-05-23
4.144231,3.273239,1.629255,2.825885,-0.082512,11.590552,2.617766,-0.07842,11.590653,2.403626,-0.082087,11.344945,1.083262,1.631396,1.579426,2.660363,1.722108,10.654401,2.617766,-0.07842,11.590653,1.962161,1.486498,1.068794,2.758641,2.536202,1.638671,1.397057,1.473978,37.947224,0.991753,1.629685,12.897452,3.117441,-0.082293,12.546758,3.396208,0.476158,4.421212,3.200121,1.450452,23.211601,2.702152,2.4791,2.598072,1.191874,0.060486,1.189519,1.676243,-0.025745,4.357155,2014-05-24
4.602509,3.133674,1.662524,4.276969,0.05878,12.26719,3.992196,0.055048,12.240008,3.790854,0.057284,12.188533,3.028799,1.712712,2.663737,4.288361,1.945425,18.582983,3.992196,0.055048,12.240008,2.28512,1.514435,0.884021,5.029765,2.901609,1.714901,3.268502,1.683997,12.581197,3.015013,1.702122,24.339022,5.504052,0.301948,15.69048,5.925961,1.043922,15.333672,5.530434,1.620283,27.729708,4.734863,2.797862,2.51048,3.111948,0.297437,1.55189,2.934732,0.789616,6.651471,2014-05-25
1.652233,3.88784,1.417,2.288056,-0.034409,12.597653,2.146745,-0.033762,13.059967,2.110702,-0.032072,13.498571,5.12633,1.959238,4.782952,2.457598,1.633622,27.873447,2.146745,-0.033762,13.059967,1.802154,1.496152,1.011275,3.406031,2.807412,1.578477,2.879789,1.59338,4.91267,5.318157,1.897189,27.149467,3.431535,1.247509,28.319759,3.559214,1.452249,28.649273,3.338799,1.999318,24.405325,3.033075,2.74707,2.242109,5.179045,0.164665,2.013777,1.878679,1.758965,16.062855,2014-05-26
0.0,0.94523,1.272118,0.163897,-0.27658,14.955404,0.158746,-0.266308,20.721605,0.148128,-0.271395,22.342499,2.994326,1.321579,8.196534,0.154933,1.030104,26.392725,0.158746,-0.266308,20.721605,0.0,0.954308,1.283091,0.0,1.858608,1.312702,0.594504,1.492411,0.054014,3.118517,1.302998,24.053076,0.0,0.522713,27.289537,0.0,0.828968,27.74402,0.0,0.699884,18.119339,0.0,1.821908,1.906354,3.067349,-0.049772,1.149545,0.0,0.674433,26.349882,2014-05-27
0.0,2.143863,1.257099,0.170871,-0.326877,28.01495,0.165501,-0.314206,28.775347,0.154431,-0.319969,28.701202,0.0,1.227157,11.908509,0.161525,0.751804,23.332911,0.165501,-0.314206,28.775347,0.0,1.0723,1.481583,0.0,1.961615,1.281465,0.168007,1.024875,0.10103,0.0,1.185394,21.363659,0.0,1.24984,26.582949,0.0,1.376003,26.417074,0.0,1.411002,13.258526,0.0,1.924438,1.801187,0.0,-0.137343,1.223079,0.589624,1.487651,22.504459,2014-05-28
0.886437,2.205261,1.310953,0.462112,-0.367164,27.172579,0.409903,-0.353966,26.306583,0.442279,-0.36981,26.123203,0.0,1.269967,12.341349,0.601693,0.759478,21.548317,0.409903,-0.353966,26.306583,0.189691,0.856467,1.620354,1.010373,1.735265,1.397526,0.820916,1.235416,0.059645,0.0,1.225915,20.34952,1.259217,1.46536,21.858921,1.456105,1.421284,21.382006,1.250461,1.498219,9.713099,0.879886,1.730111,1.846143,0.0,-0.163224,1.642513,2.048262,1.730876,16.836023,2014-05-29
0.924158,2.607618,1.295433,1.860837,-0.260005,23.065901,1.7362,-0.250491,22.014599,1.505146,-0.266101,22.573088,0.497586,1.188286,13.695565,1.732175,1.154892,22.86388,1.7362,-0.250491,22.014599,0.385852,1.05673,1.292261,1.413113,2.031791,1.37608,1.239646,1.397065,0.064982,0.431213,1.137485,21.083988,1.593231,1.815111,16.13464,1.780831,1.63542,15.692255,1.583031,1.88086,7.660112,1.366692,2.012624,1.780149,0.560785,-0.095266,2.02679,4.389162,1.916507,12.549761,2014-05-30
0.0,2.070474,1.20215,2.816806,-0.161903,19.947086,2.673404,-0.152708,19.005068,2.132522,-0.163284,20.442888,1.016346,1.536,25.389376,2.256771,1.822895,22.747513,2.673404,-0.152708,19.005068,0.384181,1.388526,1.096591,0.734801,2.281522,1.268171,1.156918,1.756458,0.045647,0.880776,1.463532,22.825729,0.572794,1.760114,11.719456,0.536708,1.838432,11.355625,0.570604,1.820894,6.590885,0.917852,2.248249,1.643046,1.145432,-0.035733,3.329773,5.912401,1.837848,9.197203,2014-05-31
0.0,1.02844,1.182033,0.390727,-0.372575,18.810863,0.36644,-0.368231,18.042356,0.217243,-0.338006,23.282139,0.0,0.951584,29.20027,0.256824,1.398481,19.637663,0.36644,-0.368231,18.042356,0.0,0.882461,1.582864,0.0,1.547294,1.176416,0.755769,1.276342,0.045878,0.0,0.837626,23.363976,0.0,1.040844,8.244996,0.0,1.151331,8.041972,0.0,1.031165,5.786533,0.0,1.579378,1.498866,0.0,-0.162153,4.73117,0.250294,1.092271,7.099139,2014-06-01
0.0,1.438777,1.161508,0.0,-0.543067,19.319164,0.0,-0.520625,18.664581,0.0,0.29391,26.580282,0.0,1.470044,27.072952,0.0,2.395241,15.275764,0.0,-0.520625,18.664581,0.0,1.34426,1.93881,0.0,2.739575,1.153275,0.0,2.272167,0.00241,0.0,1.48524,22.701054,0.0,1.489682,6.887449,0.0,1.837956,6.758156,0.0,1.499469,5.169559,0.0,2.633806,1.441216,0.0,-0.265842,8.38542,0.0,1.50021,6.140623,2014-06-02
0.0,1.461509,1.140768,0.0,-0.313622,20.14094,0.0,-0.311946,19.789045,0.0,1.606172,25.188156,0.0,1.480734,24.385405,0.0,2.046471,11.494955,0.0,-0.311946,19.789045,0.0,1.319412,1.565168,0.0,2.441727,1.130809,0.0,2.012362,0.00241,0.0,1.488913,22.101017,0.0,2.214171,6.002984,0.0,2.081215,5.87709,0.0,2.235224,4.646387,0.0,2.377586,1.388183,0.0,-0.128466,11.683437,0.0,2.197282,5.418188,2014-06-03
0.0,1.091902,1.11996,0.0,-0.251035,22.761532,0.0,-0.251363,22.804045,0.0,2.116708,20.274046,0.0,1.533024,23.983078,0.0,2.322065,8.38041,0.0,-0.251363,22.804045,0.0,1.366731,1.569361,0.0,2.630119,1.108881,0.0,2.15839,0.002409,0.0,1.539398,23.768017,0.0,2.504122,5.306868,0.0,2.222006,5.187621,0.0,2.53252,4.196896,0.0,2.659827,1.339103,0.0,-0.078915,12.668925,0.0,2.508446,4.828529,2014-06-04
0.0,0.844066,1.099198,0.0,-0.308067,22.764982,0.0,-0.338325,23.869585,0.0,1.835902,15.074056,0.0,1.509333,22.486582,0.0,2.266692,7.160494,0.0,-0.338325,23.869585,0.0,1.317078,1.521042,0.0,2.590504,1.087381,0.0,2.178874,0.002409,0.0,1.474139,23.023075,0.0,2.075241,4.734429,0.0,2.185837,4.623378,0.0,2.08581,3.807704,0.0,2.532273,1.293464,0.0,-0.078715,20.467308,0.0,2.129638,4.335559,2014-06-05
0.0,0.778139,1.078566,0.0,-0.328021,23.226597,0.0,-0.360611,26.271357,0.0,1.892821,11.117055,0.0,1.734407,21.354755,0.0,2.547851,6.293537,0.0,-0.360611,26.271357,0.0,1.581427,1.624861,0.0,2.776318,1.066232,0.0,2.446935,0.002408,0.0,1.751805,22.387302,0.0,2.043301,4.252796,0.0,2.332296,4.150513,0.0,2.031379,3.469061,0.0,2.662323,1.250857,0.0,-0.095504,28.192902,0.0,2.148678,3.917512,2014-06-06
0.0,0.653558,1.058132,0.0,-0.44034,24.150909,0.0,-0.055968,29.441711,0.0,1.841557,8.126076,0.0,1.310131,20.781696,0.0,2.180649,5.574399,0.0,-0.055968,29.441711,0.0,1.201315,1.577101,0.0,2.281008,1.045383,0.0,2.110737,0.002408,0.0,1.250915,22.201485,0.0,1.952212,3.842405,0.0,1.984421,3.748751,0.0,1.94141,3.166029,0.0,2.351885,1.210947,0.0,-0.172481,27.586071,0.0,2.073418,3.559405,2014-06-07
1.005629,1.416283,1.116937,3.008401,-0.274759,25.626513,2.897871,1.502985,27.567442,2.253572,2.20407,7.16804,0.985477,1.133892,20.704552,2.631799,1.985717,5.200974,2.897871,1.502985,27.567442,1.654109,1.144226,1.451889,1.239747,2.064887,1.166259,0.902453,1.863904,0.05035,0.925125,1.082842,22.401541,1.920547,2.325085,3.664803,2.037563,2.082124,3.573611,2.167349,2.347673,2.866499,2.124594,2.134058,1.367303,1.04058,-0.075264,26.066153,0.72235,2.271456,3.318747,2014-06-08
1.048422,1.680419,1.100292,3.136418,0.063289,25.248045,3.021185,1.779032,25.493856,2.349468,2.133165,6.301591,1.027412,1.435565,20.798094,2.74379,2.059693,4.662794,3.021185,1.779032,25.493856,1.724497,1.435775,0.845757,1.292502,2.349042,1.092873,0.940856,1.997323,0.033688,0.964492,1.436893,22.481388,2.002272,2.24488,3.348448,2.124268,2.029489,3.23211,2.259576,2.272886,2.552509,2.215003,2.336602,1.295106,1.08486,0.10604,23.389444,1.087823,2.183204,2.904915,2014-06-09
0.0,0.711477,0.99846,0.0,3.128046,23.858252,0.0,2.385395,19.394318,0.0,2.646789,5.388676,1.015032,1.638503,20.248207,0.0,1.991713,4.012995,0.0,2.385395,19.394318,1.568595,1.67606,1.004205,0.0,2.420357,0.98464,0.0,2.016234,0.002407,1.033678,1.66404,21.663605,0.0,2.764889,2.695198,0.0,2.070945,2.582181,0.0,2.798346,2.167888,0.0,2.388473,1.104925,1.023734,0.137152,22.255165,0.348979,2.689343,2.472245,2014-06-10
0.597756,0.939902,1.025892,3.238086,3.258955,21.494444,3.075215,2.269808,14.397677,2.105191,2.465553,4.972384,2.630918,2.002863,17.506042,2.268212,2.467814,3.7918,3.075215,2.269808,14.397677,5.012223,2.229311,1.316443,0.245649,2.535651,0.980253,0.0,2.291747,0.002406,2.618731,2.022181,18.608944,0.583672,2.550977,2.421682,0.615,2.418245,2.353477,0.811766,2.555649,2.069457,0.870187,2.574717,1.128,2.66619,0.073038,20.331963,0.1597,2.555474,2.243263,2014-06-11
0.623193,1.168897,1.008918,3.375878,3.573354,17.045294,3.206075,2.328294,10.584152,2.194773,2.483827,4.502218,1.639616,1.58652,14.159794,2.364732,2.119996,3.501366,3.206075,2.328294,10.584152,3.520576,1.639381,1.200433,0.256102,2.206016,0.977764,0.0,2.021783,0.002406,1.606644,1.562736,15.181048,0.608509,2.586086,2.228107,0.64117,2.045664,2.168509,0.846309,2.598481,1.950293,0.907216,2.287438,1.120531,1.666931,0.086731,18.812386,0.166495,2.548263,2.079994,2014-06-12
0.0,0.506416,0.941778,0.0,3.160404,12.426603,0.0,2.28407,7.757956,0.0,2.423192,3.882997,0.0,1.916373,11.704427,0.0,2.635043,2.919611,0.0,2.28407,7.757956,0.0,2.03676,7.342148,0.0,2.777409,0.926805,0.0,2.587854,0.002405,0.0,1.97625,12.992706,0.0,2.484585,2.013776,0.0,2.674332,1.968587,0.0,2.495614,1.762916,0.0,2.879621,1.015471,0.0,0.045157,19.136673,0.0,2.492312,1.929697,2014-06-13
0.0,0.450825,0.923612,0.745809,4.038254,9.106868,0.679998,2.317521,6.783321,0.303726,2.407667,3.559708,0.0,1.370334,11.367903,0.374189,1.818142,2.546819,0.679998,2.317521,6.783321,0.0,1.581526,167.139389,0.0,1.943905,0.908221,0.0,2.049534,0.002405,0.0,1.355767,11.684353,0.0,2.531413,1.880211,0.0,2.27695,1.840471,0.0,2.539825,1.664411,0.0,2.047644,0.988624,0.0,-0.03533,19.538473,0.0,2.4589,1.813134,2014-06-14
0.0,0.475174,0.905819,0.777546,4.447387,7.436131,0.708934,2.514808,5.962865,0.31665,2.568247,3.237119,2.841604,1.802263,11.27783,0.390112,1.994896,2.289674,0.708934,2.514808,5.962865,0.0,1.423738,43.277523,0.0,1.792843,0.890007,0.0,1.963777,0.002405,2.911066,1.772593,11.488928,0.0,2.658068,1.766021,0.0,2.153071,1.730464,0.0,2.699061,1.577792,0.0,1.980234,0.963067,2.855578,0.10338,18.473354,0.0,2.562421,1.711891,2014-06-15
0.0,0.391976,0.888401,0.0,3.719135,6.433903,0.0,2.576401,5.232507,0.0,2.646678,2.750645,3.909724,1.938951,11.825422,0.0,2.334305,2.089554,0.0,2.576401,5.232507,0.0,2.002789,0.748029,0.0,2.05327,0.872175,0.0,2.226216,0.002404,4.005619,1.917448,11.822539,0.0,2.668225,1.666789,0.0,2.589962,1.634549,0.0,2.691585,1.50083,0.0,2.234277,0.9387,3.930075,0.042629,17.203093,0.0,2.642648,1.622793,2014-06-16
0.0,0.351611,0.871358,0.0,2.74062,5.685192,0.0,2.000038,4.677186,0.0,2.095901,2.417247,0.987508,1.621864,12.075593,0.0,2.285335,1.946222,0.0,2.000038,4.677186,0.0,1.967326,3.437862,0.0,1.897888,0.854721,0.0,2.221544,0.002404,1.011984,1.674205,11.069592,0.0,2.071376,1.579463,0.0,2.469893,1.549862,0.0,2.057216,1.43183,0.0,2.094435,0.915428,0.993535,-0.071918,16.804506,0.0,2.171208,1.543537,2014-06-17
0.0,0.320648,0.854689,0.0,3.796352,5.063853,0.0,2.750823,4.206763,0.0,2.791357,2.210677,0.0,1.687046,11.906302,0.0,2.653087,1.824304,0.0,2.750823,4.206763,0.0,2.276228,7.649102,0.0,2.250298,0.837649,0.0,2.654611,0.002403,0.0,2.078705,10.101868,0.0,2.695339,1.501822,0.0,2.909126,1.474318,0.0,2.715651,1.369501,0.0,2.374917,0.893166,0.0,-0.042297,20.11364,0.556305,2.582544,1.520785,2014-06-18
0.0,0.358414,0.83839,0.0,3.023846,4.539518,0.0,2.615269,3.804683,0.0,2.642088,2.048935,0.0,1.534433,11.581179,0.0,2.315313,1.718629,0.0,2.615269,3.804683,0.0,1.9798,9.468105,0.0,1.819313,0.820956,0.0,2.305229,0.002403,0.0,1.876746,12.234655,0.0,2.470626,1.432183,0.0,2.530402,1.406359,0.0,2.502127,1.312821,0.0,1.907135,0.871842,0.0,0.006817,23.515913,0.579977,2.481554,1.451845,2014-06-19
0.0,0.368718,0.822459,0.0,2.395771,4.092513,0.0,2.802315,3.458646,0.0,2.832782,1.913956,0.947201,1.769797,15.855947,0.0,2.383132,1.625819,0.0,2.802315,3.458646,0.0,2.033072,9.180435,0.0,1.819929,0.804645,0.0,2.301081,0.002402,0.970678,2.129529,14.895109,0.0,2.607857,1.369248,0.0,2.592153,1.344792,0.0,2.628761,1.260977,0.0,1.87183,0.85139,0.952982,-0.020673,25.228155,0.0,2.661439,1.34955,2014-06-20
0.0,0.360292,0.806891,0.0,1.894068,3.708714,0.0,2.452966,3.148483,0.0,2.505733,1.798141,0.987508,1.64266,23.927578,0.0,2.336977,1.543443,0.0,2.452966,3.148483,0.0,2.212718,8.37201,0.0,1.682484,0.787525,0.0,2.287615,0.002402,1.011984,2.185805,14.675552,0.0,2.250441,1.311995,0.0,2.514596,1.288674,0.0,2.246674,1.213307,0.0,1.824082,0.831754,0.993535,-0.10577,24.61417,0.0,2.305531,1.29596,2014-06-21
0.0,0.313235,0.791574,0.0,1.62276,3.377286,0.0,2.493613,2.673057,0.0,2.502185,1.697114,0.0,1.625715,25.243643,0.0,2.467396,1.469681,0.0,2.493613,2.673057,0.0,2.282925,7.5034,0.0,1.721717,0.761024,0.0,2.307624,0.002402,0.0,2.292607,12.10258,0.0,2.120863,1.259614,0.0,2.617587,1.237247,0.0,2.138891,1.169278,0.0,1.816489,0.812881,0.0,-0.127431,25.306873,0.0,2.178843,1.246655,2014-06-22
0.0,0.29531,0.768495,0.0,1.394249,3.034513,0.0,2.777137,2.378524,0.0,2.736279,1.607919,0.0,1.673898,25.187298,0.0,2.44869,1.40313,0.0,2.777137,2.378524,0.0,2.242976,6.713286,0.0,1.645336,0.74646,0.0,2.233916,0.002401,0.0,2.300951,9.20551,0.0,2.305239,1.211449,0.0,2.577386,1.1899,0.0,2.327095,1.128446,0.0,1.708758,0.794724,0.0,-0.115821,26.100649,0.0,2.264098,1.201095,2014-06-23
0.0,0.318598,0.753525,0.0,1.187223,2.573857,0.0,2.748326,2.182299,0.0,2.66164,1.528397,0.0,1.780738,22.973513,0.0,2.419478,1.342694,0.0,2.748326,2.182299,0.0,2.186069,6.025004,0.0,1.5248,0.738012,0.0,2.097848,0.002401,0.0,2.308512,7.586736,0.0,2.273373,1.166961,0.0,2.51973,1.146133,0.0,2.285924,1.090438,0.0,1.60294,0.762134,0.0,-0.103436,25.262152,0.0,2.262147,1.158825,2014-06-24
0.0,0.28877,0.745344,0.0,1.043305,2.320269,0.0,2.562176,2.025905,0.0,2.483329,1.456913,0.0,2.179291,20.000185,0.0,2.524409,1.287498,0.0,2.562176,2.025905,0.0,2.416145,5.428556,0.0,1.552752,0.73089,0.0,2.262266,0.0024,0.0,2.427312,6.606003,0.0,2.176137,1.125706,0.0,2.558765,1.105531,0.0,2.171322,1.054942,0.0,1.647691,0.730296,0.0,-0.164805,24.163086,0.0,2.230235,1.119467,2014-06-25
0.0,0.251121,0.738589,0.0,0.917537,2.138226,0.0,2.388582,1.894459,0.0,2.298547,1.3922,0.0,2.171779,16.809956,0.0,2.462229,1.236834,0.0,2.388582,1.894459,0.0,2.302697,4.908485,0.0,1.48555,0.724045,0.0,2.134877,0.0024,0.0,2.284339,5.856733,0.0,2.076955,1.087315,0.0,2.499306,1.067742,0.0,2.07231,1.021694,0.0,1.578813,0.715723,0.0,-0.17253,22.901613,0.0,2.115377,1.082702,2014-06-26
0.0,0.292146,0.732152,0.253779,1.041441,2.011636,0.233432,2.405661,1.814297,0.0,2.16438,1.33326,0.0,2.181871,12.990096,0.0,2.438712,1.190124,0.233432,2.405661,1.814297,0.0,2.401001,4.451973,0.0,1.537949,0.717249,0.0,2.121864,0.002399,0.0,2.380861,5.244388,0.0,1.857184,1.051476,0.0,2.658446,1.032471,0.0,1.860266,0.990469,0.0,1.574354,0.70728,0.0,-0.126357,22.547892,0.0,1.837213,1.048259,2014-06-27
0.0,0.255517,0.725802,0.264578,1.060645,1.887296,0.243365,2.477481,1.708067,0.0,2.119681,1.27929,0.0,1.94514,9.610341,0.0,2.135765,1.14689,0.243365,2.477481,1.708067,0.0,2.100375,4.049331,0.0,1.255613,0.710446,0.0,1.782447,0.002399,0.0,2.123324,4.725401,0.0,1.614539,1.017927,0.0,2.055836,0.999463,0.0,1.66072,0.961075,0.0,1.333185,0.700539,0.0,-0.038878,22.684071,0.0,1.528192,1.01591,2014-06-28
0.0,0.278362,0.719483,0.0,0.753841,1.757089,0.0,2.646723,1.59481,0.0,2.381544,1.229639,0.0,2.308129,7.669016,0.0,2.491253,1.106735,0.0,2.646723,1.59481,0.0,2.437094,3.6933,0.0,1.449982,0.703624,0.0,1.856105,0.002398,0.0,2.454449,4.277271,0.0,2.171514,0.986442,0.0,2.304927,0.968504,0.0,2.185573,0.933345,0.0,1.477951,0.694254,0.0,-0.030362,22.954233,0.0,2.01991,0.985457,2014-06-29
0.0,0.217945,0.713181,0.0,0.668888,1.662356,0.0,2.341593,1.5167,0.0,2.20185,1.183768,0.0,2.370081,6.710759,0.0,2.539905,1.069322,0.0,2.341593,1.5167,0.0,2.450154,3.378068,0.0,1.416809,0.696781,0.0,1.8558,0.002398,0.0,2.501847,3.886357,0.0,2.075942,0.956826,0.0,2.271317,0.939404,0.0,2.066543,0.907133,0.0,1.490124,0.688083,0.0,-0.157205,22.137186,0.0,2.082689,0.956727,2014-06-30
0.0,0.233065,0.706892,0.0,0.641555,1.578468,0.0,2.286013,1.446421,0.0,2.098698,1.141234,0.0,1.931424,5.924335,0.0,1.957358,1.034364,0.0,2.286013,1.446421,0.0,1.999529,3.027131,0.0,1.041366,0.689921,0.0,1.591129,0.002398,0.0,2.067721,3.543433,0.0,1.752686,0.92891,0.0,1.922687,0.911997,0.0,1.769767,0.88231,0.0,1.059324,0.681926,0.0,-0.204331,21.8554,0.0,1.739777,0.929566,2014-07-01
0.0,-0.033632,0.700617,0.0,0.290168,1.503511,0.0,0.718277,1.382752,0.0,0.691955,1.101663,0.0,0.863027,5.264863,0.0,0.706156,1.001617,0.0,0.718277,1.382752,0.0,0.951417,2.485619,0.0,0.301815,0.683055,0.0,0.577006,0.002397,0.0,0.873704,3.241745,0.0,0.653189,0.902546,0.0,0.765716,0.886138,0.0,0.630161,0.858766,0.0,0.365185,0.675756,0.0,-0.255292,21.664654,0.0,0.661085,0.903846,2014-07-02
0.0,0.369917,0.694358,0.0,0.710571,1.43601,0.0,1.348801,1.32474,0.0,1.23413,1.064746,0.0,2.29057,4.706476,0.0,2.340851,0.970873,0.0,1.348801,1.32474,0.0,2.300597,2.19021,0.0,1.419451,0.676194,0.136131,1.523169,0.046626,0.0,2.364599,2.755661,0.0,1.13072,0.87761,0.0,1.918086,0.861702,0.0,1.095534,0.836405,0.0,1.454765,0.66957,0.0,-0.425382,22.649818,0.0,1.299832,0.879456,2014-07-03
1.647217,1.199353,0.81232,0.0,0.551286,1.374811,0.0,1.462677,1.27161,0.0,1.413343,1.030213,0.0,2.081645,4.230639,0.0,1.899236,0.941946,0.0,1.462677,1.27161,0.0,2.186384,1.974725,0.0,1.225919,0.669337,0.461129,1.838589,0.029043,0.0,2.144522,2.346614,0.0,1.316066,0.853986,0.0,1.492454,0.838573,0.0,1.242181,0.81514,0.0,1.317856,0.66336,0.0,-0.272839,20.781298,0.297083,1.479817,0.888576,2014-07-04
1.903186,1.789598,0.825315,0.0,0.526749,1.318992,0.0,1.946079,1.222722,0.0,1.829864,0.99783,0.0,1.966687,3.822806,0.0,1.795285,0.914674,0.0,1.946079,1.222722,0.0,1.931348,1.807459,0.0,1.048811,0.662491,0.332788,1.610471,0.028221,0.0,2.098,2.1053,0.0,1.770622,0.831573,0.0,1.607795,0.816647,0.0,1.703616,0.794891,0.0,1.058412,0.657129,0.0,-0.310758,22.457415,1.291822,2.087993,0.936875,2014-07-05
0.362381,0.46569,0.702998,0.0,0.285279,1.267812,0.0,0.728592,1.177551,0.0,0.740315,0.967398,0.0,1.46406,3.471533,0.0,1.368251,0.888919,0.0,0.728592,1.177551,0.0,1.561704,1.674289,0.0,0.775172,0.655666,0.0,1.290541,0.002395,0.0,1.452594,1.920297,0.47361,0.718891,0.860369,0.742126,0.970438,0.851275,0.526654,0.690987,0.813619,0.0,0.904445,0.650885,0.0,-0.33995,24.681303,1.023888,0.815029,0.905335,2014-07-06
0.543331,0.709334,0.710426,0.0,0.505251,1.220665,0.0,0.883025,1.135666,0.0,0.941845,0.938741,0.444506,1.692878,3.245772,0.0,1.625117,0.864554,0.0,0.883025,1.135666,0.0,1.909652,1.565771,0.0,1.023587,0.648871,0.185681,1.411581,0.041386,0.32832,1.694547,1.855335,0.493764,0.931656,0.862948,0.773706,1.434574,0.854197,0.549065,0.929922,0.791644,0.0,1.081113,0.644637,0.51149,0.736009,24.813417,0.0,1.187702,0.79313,2014-07-07
0.774848,0.894544,0.721669,0.732809,0.875928,1.235327,0.694711,0.995149,1.18545,0.567332,0.992818,0.98934,0.736593,1.638347,2.794401,0.548316,1.360763,0.949159,0.694711,0.995149,1.18545,0.0,1.911401,1.475405,0.830452,0.728484,0.79897,0.193582,1.553815,0.041567,0.701648,1.541335,1.773717,0.449566,0.923393,0.822231,0.269257,1.296647,0.78267,0.397103,0.897862,0.749026,0.677653,0.931026,0.776546,0.775415,1.376657,21.747135,0.143581,1.370249,0.790718,2014-07-08
0.595757,1.041105,0.702096,0.763992,1.27391,1.197168,0.724274,1.899673,1.14895,0.768175,1.915809,0.975184,0.780944,1.753526,2.475615,0.805489,1.654958,0.933342,0.724274,1.899673,1.14895,0.158756,1.818805,1.445753,1.85639,1.193466,0.852421,1.726417,1.642379,0.087153,0.798991,1.661633,1.664243,1.066441,1.907271,0.816093,0.650109,1.896617,0.761639,0.989659,1.838126,0.765572,1.491141,1.336458,0.813893,0.806379,2.777764,16.745554,0.469747,1.939286,0.765274,2014-07-09
0.491251,0.743471,0.688179,2.349299,1.927952,1.284375,2.248833,2.330865,1.199514,1.962551,2.318824,1.012263,2.018737,2.790216,2.314522,1.893482,2.816704,0.925753,2.248833,2.330865,1.199514,0.663381,2.751305,1.376918,2.307324,2.428474,0.812585,1.936534,2.602282,0.081048,2.073328,2.859654,1.614094,1.507775,2.280514,0.787321,1.015976,2.796833,0.72147,1.406189,2.221608,0.760656,2.137681,2.450315,0.790639,1.985157,3.126918,12.536596,0.657386,2.225554,0.737027,2014-07-10
1.811123,0.562461,0.78104,3.299832,1.171224,1.32355,3.175206,0.667394,1.25791,2.696048,0.673513,1.062632,2.178314,1.360224,2.196404,2.605923,1.358854,0.976885,3.175206,0.667394,1.25791,1.08073,1.289966,1.37258,2.632547,0.758237,0.856522,2.550063,1.055709,0.112375,2.385581,1.338312,1.593138,2.154631,0.645483,0.823386,1.879935,0.950266,0.771099,2.128524,0.532283,0.820015,2.63014,0.868882,0.847014,2.03102,1.230379,9.130036,2.905243,0.679559,0.886436,2014-07-11
2.561997,0.010559,0.831205,3.963608,0.543777,1.341647,3.751592,0.110699,1.276534,2.851757,0.14875,1.05725,1.223016,0.96609,2.008317,2.622756,0.801852,0.949142,3.751592,0.110699,1.276534,0.585575,0.938174,1.310006,1.359217,-0.070152,0.796587,4.661026,0.492967,0.222632,1.690641,0.795842,1.49594,1.284836,0.100062,0.755642,1.274237,0.475483,0.723895,1.527759,0.030812,0.781329,1.735713,0.17976,0.806441,1.094149,0.750861,7.43836,3.309827,0.224863,0.928416,2014-07-12
1.037701,0.131659,0.71114,3.207781,0.620451,1.250695,3.008356,0.236743,1.213687,2.057875,0.272343,0.998502,0.752663,1.124602,1.897074,1.771319,0.822281,0.914311,3.008356,0.236743,1.213687,0.0,1.555712,1.176521,0.0,0.498047,0.608941,2.242511,0.777307,0.156565,1.017771,0.997565,1.435532,0.0,0.224151,0.620299,0.0,0.649319,0.591841,0.192613,0.112916,0.69498,0.446204,0.209871,0.764463,0.776165,1.058532,6.503884,0.65973,0.346038,0.738203,2014-07-13
0.0,0.022305,0.62768,0.0,0.68357,0.970222,0.0,0.315545,0.909495,0.0,0.351509,0.767359,0.149945,0.692469,1.738047,0.0,0.609854,0.655492,0.0,0.315545,0.909495,0.0,0.993275,1.134563,0.0,-0.080538,0.602483,0.254008,0.495424,0.054106,0.0,0.843732,1.218637,0.0,0.207984,0.613031,0.0,0.587973,0.581783,0.0,0.092301,0.622445,0.0,0.067184,0.601234,0.258428,1.166035,5.718639,0.0,0.386611,0.640615,2014-07-14
0.466519,1.796648,0.656719,0.973048,2.595619,1.018315,0.928676,1.895294,1.005496,0.787856,1.920889,0.834462,1.977354,2.619571,1.799109,0.783579,2.661604,0.78119,0.928676,1.895294,1.005496,0.241148,2.657846,1.196438,1.136988,2.17872,0.81722,0.679469,2.750877,0.082907,1.766718,2.638225,1.386345,0.799602,1.823756,0.720656,0.613061,2.441129,0.672821,0.754777,1.751605,0.731626,0.96353,2.268237,0.791441,2.144158,3.38097,5.276516,0.607219,1.9455,0.727076,2014-07-15
3.572939,1.697119,0.882623,5.347699,2.235719,1.331419,5.094903,1.472123,1.251557,3.966208,1.461336,0.990242,3.993965,2.46706,1.823795,3.686569,2.580908,0.891065,5.094903,1.472123,1.251557,1.578226,2.410822,1.197175,2.878745,2.198435,0.855838,1.383653,2.526922,0.080739,4.157108,2.516188,1.460987,2.768888,1.393119,0.822076,2.680273,1.862597,0.762467,2.891259,1.312484,0.843258,3.041332,2.270973,0.855211,3.961023,2.589499,4.91912,2.196268,1.521009,0.806533,2014-07-16
3.217911,1.522351,0.85032,4.517638,1.931045,1.241601,4.302314,1.434078,1.184416,3.278649,1.447387,0.915902,2.014701,1.970694,1.60058,2.991759,1.850779,0.846562,4.302314,1.434078,1.184416,1.383276,1.977682,1.14445,1.765433,1.337376,0.770334,0.991838,1.727674,0.063784,2.41373,1.912287,1.294555,2.017612,1.398652,0.765953,2.127981,1.643368,0.729346,2.193911,1.346889,0.791324,2.123473,1.488213,0.78863,1.799054,2.433346,4.275233,1.629729,1.496155,0.760412,2014-07-17
0.138228,1.315732,0.615181,0.674457,1.918416,0.920389,0.627498,1.371503,0.883414,0.507488,1.369387,0.685479,1.371165,2.103016,1.47802,0.50705,1.915655,0.663139,0.627498,1.371503,0.883414,2.485331,2.177145,1.172208,0.14804,1.348878,0.658191,0.240447,1.940236,0.034682,1.228895,2.033892,1.161631,0.308658,1.226797,0.636609,0.322664,1.63252,0.593267,0.359364,1.191131,0.651114,0.299045,1.449419,0.659396,1.487278,2.588654,3.862226,2.041989,1.559162,0.777884,2014-07-18
0.14411,0.583836,0.610061,0.703158,1.07657,0.900217,0.6542,0.623948,0.876937,0.529084,0.628202,0.683082,1.429512,1.459926,1.453895,0.528626,1.226333,0.685998,0.6542,0.623948,0.876937,2.59109,1.464627,1.202196,0.154339,0.542089,0.682111,0.250678,1.400354,0.040109,1.281188,1.414178,1.159866,0.321792,0.501634,0.645666,0.336394,0.998485,0.606688,0.374656,0.467892,0.660334,0.311771,0.672888,0.684788,1.550566,1.561174,3.53571,2.424398,0.83059,0.813027,2014-07-19
1.045611,1.518517,0.671537,0.833741,1.967973,0.888843,0.800406,1.398691,0.858052,0.670526,1.438093,0.685245,0.59171,2.187966,1.348559,0.617567,2.12637,0.687954,0.800406,1.398691,0.858052,0.0,2.523729,0.941913,0.233341,1.496442,0.681723,0.0,2.42117,0.00239,0.626571,2.133755,1.091513,0.348917,1.366155,0.643899,0.363831,2.097353,0.604163,0.331764,1.346852,0.653184,0.381352,1.607081,0.683111,0.565833,2.562376,3.12066,0.308092,1.724114,0.660482,2014-07-20
1.090105,1.417738,0.669365,0.869219,1.895292,0.87124,0.834466,1.444886,0.815471,0.699059,1.483326,0.679374,0.616889,2.335486,1.304685,0.643846,2.311038,0.684814,0.834466,1.444886,0.815471,0.0,2.537164,0.916492,0.243271,1.637102,0.67001,0.0,2.60011,0.002389,0.653234,2.300138,1.067367,0.363765,1.427133,0.6369,0.379313,2.026702,0.597956,0.345882,1.394844,0.645155,0.397579,1.728129,0.674158,0.589911,2.564275,2.653163,0.0,1.770808,0.601117,2014-07-21
0.0,-0.007392,0.583055,0.0,0.397464,0.780845,0.0,0.208439,0.679981,0.0,0.195032,0.589178,0.0,1.465309,1.163327,0.0,1.096392,0.573756,0.0,0.208439,0.679981,0.0,1.550291,0.89242,0.0,0.351591,0.553168,0.0,1.422379,0.002389,0.0,1.175531,0.933932,0.0,0.148448,0.569373,0.0,0.544398,0.5339,0.0,0.098304,0.577765,0.0,0.514358,0.553938,0.0,0.949336,2.339496,0.0,0.328795,0.595571,2014-07-22
0.0,0.71234,0.57775,1.106047,1.316961,0.818243,1.041041,0.795516,0.786124,0.705866,0.736915,0.693929,0.45802,1.15805,1.237381,0.588633,0.923968,0.713762,1.041041,0.795516,0.786124,0.0,1.467518,0.869569,0.0,0.44893,0.547323,0.0,1.400091,0.002388,0.58147,1.085944,1.040635,0.0,0.719883,0.564208,0.0,1.553083,0.528678,0.0,0.561161,0.572308,0.170648,0.174101,0.706025,0.415675,2.325083,2.189822,0.0,1.13661,0.590049,2014-07-23
0.0,0.546524,0.572508,2.095671,1.615835,0.85332,2.015043,1.020951,0.84,1.552974,0.989586,0.753034,2.989623,1.896203,1.387331,1.420028,1.649724,0.78705,2.015043,1.020951,0.84,1.343897,1.783009,1.040164,0.621326,0.687005,0.766099,0.171599,1.709789,0.069808,2.685247,1.796438,1.175847,0.659811,0.835101,0.676288,0.5769,1.400694,0.635964,0.561577,0.76027,0.681891,0.910434,0.893133,0.767627,3.329741,2.408903,2.284811,0.0,1.330027,0.584553,2014-07-24
1.746699,-0.088653,0.696512,1.477865,0.411818,0.782674,1.439246,0.155476,0.766354,1.258019,0.189315,0.703833,2.841506,1.102335,1.307831,1.20067,0.823992,0.703878,1.439246,0.155476,0.766354,1.401085,0.960579,0.983481,0.647765,0.162418,0.684748,0.647797,0.810293,0.062603,2.435687,0.953547,1.094553,0.687888,0.056347,0.648874,0.601449,0.318222,0.607084,0.585474,-0.002279,0.650708,0.929405,0.302978,0.694404,3.218885,0.99254,2.148462,0.143581,0.275268,0.621355,2014-07-25
3.13524,1.278963,0.79392,0.51627,1.6451,0.697982,0.489981,0.99771,0.689839,0.423463,1.070282,0.636454,0.231962,2.073552,1.075984,0.37533,2.041316,0.634296,0.489981,0.99771,0.689839,2.681766,2.121549,1.022729,0.0,1.769973,0.530245,0.921758,1.85702,0.070609,0.279596,1.989989,0.913378,0.0,1.023679,0.548905,0.0,1.491444,0.513307,0.0,0.98057,0.556171,0.172761,1.584413,0.624274,0.207736,2.195953,1.788701,0.149691,1.115377,0.617367,2014-07-26
2.88122,2.682261,0.769893,3.636708,3.102801,0.92494,3.415579,2.190569,0.87754,2.615191,2.173548,0.775441,2.265004,3.037089,1.178606,2.456038,3.185297,0.756543,3.415579,2.190569,0.87754,8.010205,3.234772,1.358776,2.550794,2.592252,0.778304,6.766051,2.959045,0.282615,2.650804,3.093355,1.045875,2.081202,2.069557,0.721211,1.862547,2.748015,0.656343,2.242927,1.991668,0.741174,2.456013,2.73198,0.764137,1.893896,3.678182,1.832792,2.06444,2.327221,0.736257,2014-07-27
4.385497,0.029439,0.875669,9.487289,0.513142,1.358165,9.056018,0.342791,1.28604,7.627014,0.206224,1.137202,7.013018,1.202024,1.474103,7.501559,0.856172,1.087307,9.056018,0.342791,1.28604,11.220242,1.515741,1.543523,8.28209,0.111673,1.17046,10.320004,1.016902,0.438991,7.586555,1.036138,1.360984,7.903413,-0.020565,1.142089,7.769219,0.306282,1.060305,8.235209,-0.134394,1.180085,8.133743,0.235685,1.151251,6.488278,1.206666,2.125149,12.728756,0.565375,1.490862,2014-07-28
4.809906,0.198105,0.901755,9.72631,0.980221,1.37117,9.430807,0.578458,1.301121,8.437197,0.445464,1.184462,8.206296,1.734402,1.532934,8.488591,1.391121,1.158308,9.430807,0.578458,1.301121,9.790061,1.795646,1.428231,9.787543,0.876335,1.247745,6.312558,1.287266,0.277513,8.460746,1.629774,1.391167,9.576962,0.247747,1.250865,9.391035,0.52459,1.184192,9.523987,0.126273,1.259848,9.601395,0.895458,1.235977,7.989319,1.764239,2.170815,14.104915,0.818239,1.585478,2014-07-29
1.960224,2.424687,0.686735,4.42873,3.2917,0.969935,4.334518,2.054513,0.92713,3.859906,2.027124,0.848997,3.975923,2.651691,1.180202,3.836505,2.53028,0.826644,4.334518,2.054513,0.92713,4.195205,2.55721,1.012192,4.349024,2.390842,0.87129,3.792479,2.473907,0.170142,4.064562,2.613138,1.022192,4.00579,1.976444,0.841086,3.69039,2.305475,0.780126,3.754771,1.922779,0.832278,4.273332,2.375084,0.863515,3.8889,3.739016,1.767739,4.389881,2.107417,0.878104,2014-07-30
0.0,1.831667,0.53756,0.979256,2.582137,0.707464,0.970443,1.781021,0.673073,0.796919,1.7643,0.61752,0.972991,2.187432,0.944718,0.729527,2.249954,0.588258,0.970443,1.781021,0.673073,0.562336,2.149271,0.745952,0.523823,2.034285,0.575571,2.599446,2.118945,0.121257,0.992543,2.204925,0.782496,0.51738,1.73681,0.578112,0.477248,2.023988,0.531104,0.479759,1.669447,0.584217,0.655647,2.012325,0.586036,0.951273,3.1778,1.467832,2.411234,1.827753,0.727474,2014-07-31
6.958338,3.151029,1.04432,6.214856,3.61952,1.09456,5.985798,2.232415,1.028217,4.971938,2.22919,0.910231,2.535258,2.109614,1.040958,5.143236,2.235757,0.888073,5.985798,2.232415,1.028217,3.80628,2.122697,0.965669,3.68279,2.015374,0.799646,4.838686,2.230412,0.208382,2.46554,2.114882,0.883164,4.199521,2.250235,0.832052,4.422923,2.290665,0.785803,4.272793,2.229714,0.845916,3.779604,2.079621,0.801281,2.546738,3.758618,1.540723,7.228367,2.31898,1.057344,2014-08-01
4.445462,2.122929,0.854634,2.695889,2.596412,0.827152,2.647388,1.76909,0.783013,2.645805,1.769361,0.737282,5.555287,2.248962,1.206986,2.970182,2.160686,0.733611,2.647388,1.76909,0.783013,2.506907,2.154948,0.866355,3.067036,1.923865,0.737404,3.889233,2.221609,0.166197,5.671635,2.229048,1.070484,3.287666,1.755478,0.759094,3.348408,2.120176,0.71659,3.275012,1.727457,0.765981,2.882385,1.95134,0.721047,5.557422,2.874449,1.73088,4.706283,1.809416,0.880823,2014-08-02
2.792209,1.298677,0.7284,1.488914,1.834244,0.732601,1.398381,1.09551,0.694412,1.212721,1.087607,0.63904,4.257121,2.025042,1.148238,1.477298,2.050531,0.645497,1.398381,1.09551,0.694412,4.896635,2.178778,1.009568,1.307467,1.524563,0.653188,1.135475,2.082651,0.072744,4.375487,2.03322,1.030191,1.213988,1.007226,0.621733,1.067924,1.59501,0.565774,1.28443,0.90746,0.634316,1.169937,1.592708,0.633806,4.251459,2.328406,1.578392,0.655715,1.224404,0.594644,2014-08-03
2.702318,2.429881,0.717061,3.440567,2.983114,0.873806,3.281271,1.8704,0.829255,2.96669,1.837089,0.762337,8.177317,2.431867,1.336418,3.258037,2.074808,0.768055,3.281271,1.8704,0.829255,8.801973,2.282583,1.313048,2.185001,1.782372,0.704966,3.899663,2.208482,0.170953,8.39655,2.39529,1.235134,2.543525,1.761409,0.712236,2.621036,2.15125,0.668338,2.891177,1.683816,0.745687,2.429336,1.820187,0.715381,8.176699,3.614169,1.84633,7.514327,1.996395,1.059685,2014-08-04
2.306624,2.733258,0.68341,2.614371,3.248694,0.807712,2.534836,2.064964,0.764116,2.638337,2.060264,0.728743,9.265364,2.907484,1.436136,3.017858,2.846736,0.732764,2.534836,2.064964,0.764116,4.067935,2.723781,0.970086,3.685257,2.702943,0.778999,6.022269,3.032997,0.261452,9.533324,2.986114,1.374743,3.099131,2.056996,0.739491,2.727221,2.593591,0.667521,3.137634,2.034241,0.750884,3.353729,2.671914,0.753859,9.21958,3.649604,1.887519,7.436428,2.112144,1.070448,2014-08-05
0.842368,1.741613,0.571657,0.813403,2.217547,0.669048,0.794407,1.542609,0.633273,0.942949,1.545394,0.600335,1.156409,2.488125,0.793062,1.236901,2.540668,0.596907,0.794407,1.542609,0.633273,3.789704,2.551774,0.907466,2.635577,2.306912,0.69116,2.2323,2.673053,0.101792,1.170241,2.530849,0.75163,1.670743,1.498308,0.629345,1.120677,1.943499,0.545798,1.292452,1.463215,0.609674,1.970535,2.340889,0.642714,1.143274,2.75852,1.208198,0.328457,1.638298,0.550613,2014-08-06
0.0,0.372291,0.505612,0.146169,0.765677,0.61495,0.139256,0.450468,0.583868,0.24524,0.436385,0.549433,0.0,1.452573,0.667411,0.391816,1.163054,0.544662,0.139256,0.450468,0.583868,4.892129,1.244947,1.013748,0.921158,0.524163,0.587857,0.0,1.259545,0.002382,0.0,1.291849,0.648585,0.590796,0.402603,0.553817,0.358409,0.726322,0.49473,0.365103,0.339353,0.543903,0.697325,0.774175,0.565235,0.0,1.245719,1.08274,0.0,0.60726,0.511846,2014-08-07
0.0,1.115312,0.501283,0.0,1.507361,0.599669,0.0,0.953359,0.552136,0.0,0.937273,0.509762,0.0,1.731303,0.63804,0.0,1.784319,0.490794,0.0,0.953359,0.552136,1.223307,1.604521,0.757206,0.0,1.566499,0.46389,0.0,1.850955,0.002381,0.0,1.749715,0.641925,0.0,0.923307,0.486883,0.0,1.288767,0.451746,0.0,0.890102,0.491424,0.0,1.598559,0.466248,0.0,1.880479,1.050011,0.0,1.100193,0.507035,2014-08-08
0.0,2.354416,0.497012,0.0,3.204548,0.595258,0.0,2.160397,0.547433,0.0,2.154724,0.505358,0.0,2.596567,0.617539,0.0,2.760544,0.486205,0.0,2.160397,0.547433,0.0,2.572494,0.63797,0.0,2.704279,0.459284,0.0,2.827684,0.002381,0.0,2.70118,0.63531,0.0,2.130095,0.482453,0.0,2.561786,0.447371,0.0,2.126592,0.486836,0.0,2.679431,0.461673,0.0,3.734262,1.019242,0.0,2.236591,0.502281,2014-08-09
1.928725,2.317928,0.633451,0.0,2.722602,0.590842,0.0,1.993131,0.542747,0.0,1.993872,0.500987,0.0,2.874368,0.604174,0.0,3.015069,0.481658,0.0,1.993131,0.542747,1.173376,2.776983,0.698819,0.0,3.047746,0.454744,0.249876,3.023042,0.010627,0.0,2.988521,0.628732,0.0,1.970845,0.478073,0.0,2.413577,0.44304,0.0,1.957713,0.482305,0.0,3.013369,0.457161,0.0,3.307908,0.990245,0.647007,2.043721,0.548756,2014-08-10
2.010798,1.234469,0.635195,0.0,1.492679,0.586423,0.0,1.150384,0.53808,0.0,1.124084,0.49665,0.0,2.127415,0.595055,0.0,2.195455,0.477152,0.0,1.150384,0.53808,1.223307,2.041864,0.719607,0.0,1.807745,0.450269,0.260509,2.099397,0.025726,0.0,2.122648,0.622192,0.0,1.083451,0.473743,0.0,1.648862,0.438754,0.0,1.007946,0.477829,0.0,1.894027,0.45271,0.0,2.021376,0.962859,0.867155,1.210218,0.568438,2014-08-11
0.0,1.185688,0.484535,0.835787,1.571003,0.643979,0.808234,1.149394,0.615886,0.745049,1.12863,0.57075,0.192885,1.818825,0.638149,0.838638,1.839928,0.571824,0.808234,1.149394,0.615886,2.435652,1.96087,0.797515,0.283237,1.480057,0.547163,0.153851,1.85691,0.033414,0.135386,1.810806,0.671326,1.094693,1.037663,0.57426,1.557355,1.607484,0.557313,1.300329,0.947062,0.594911,0.488152,1.51904,0.553162,0.221635,2.187819,0.95417,0.200813,1.276389,0.52593,2014-08-12
0.214303,1.513112,0.496075,1.195201,2.047502,0.666167,1.153972,1.296786,0.635951,1.112466,1.208109,0.59285,1.361317,2.379372,0.695566,1.29902,2.304618,0.595233,1.153972,1.296786,0.635951,2.816988,2.332983,0.829841,0.586989,1.810162,0.557331,0.347672,2.440941,0.033577,1.317778,2.34274,0.727823,1.490804,1.07036,0.600995,1.93096,1.773878,0.591742,1.663917,0.965497,0.620349,0.815897,1.869964,0.565943,1.376821,2.62647,1.019132,0.987159,1.50257,0.56989,2014-08-13
1.821991,0.947833,0.608919,1.634012,1.331637,0.694174,1.587459,0.840687,0.658175,1.482621,0.798009,0.612251,1.85967,1.575343,0.729253,1.587831,1.450634,0.603156,1.587459,0.840687,0.658175,2.632914,1.747704,0.782296,0.858141,0.875207,0.568258,1.35072,1.592987,0.070096,1.804184,1.507878,0.761844,1.0233,0.707047,0.562418,0.902081,1.029009,0.512075,0.912519,0.612191,0.561929,1.011897,0.984102,0.572383,1.907596,1.975384,1.036626,1.573204,1.077705,0.607127,2014-08-14
1.666593,1.117837,0.593611,1.351548,1.500887,0.668812,1.316605,0.84178,0.64039,1.18082,0.819387,0.590601,0.677738,1.699256,0.64736,1.19379,1.613663,0.588829,1.316605,0.84178,0.64039,2.443126,1.723191,0.799308,0.577605,1.22372,0.551683,2.89701,1.717181,0.13879,0.602058,1.682897,0.676087,0.686937,0.754281,0.534263,0.606421,1.332306,0.488591,0.616302,0.702906,0.534565,0.721303,1.289433,0.555236,0.743429,2.128326,0.924214,1.562545,1.061185,0.599949,2014-08-15
0.0,1.709595,0.468659,0.0,2.030567,0.564423,0.0,1.481972,0.515151,0.0,1.466398,0.475529,0.0,2.312942,0.566162,0.0,2.363177,0.455301,0.0,1.481972,0.515151,0.0,2.264163,0.591626,0.0,2.149081,0.428853,1.76438,2.189623,0.09029,0.0,2.370428,0.590213,0.0,1.442343,0.452863,0.0,2.129958,0.418118,0.0,1.408739,0.456306,0.0,2.149391,0.431369,0.0,2.692066,0.845662,1.037711,1.669148,0.556858,2014-08-16
0.0,0.905094,0.46482,0.0,1.210139,0.560064,0.0,0.922032,0.510661,0.0,0.880583,0.471423,0.0,1.972834,0.561089,0.0,2.017215,0.451072,0.0,0.922032,0.510661,0.0,1.993538,0.585267,0.0,1.767621,0.424757,0.0,2.070848,0.002378,0.0,2.063967,0.583983,0.0,0.817949,0.448841,0.0,1.417783,0.414149,0.0,0.797002,0.452169,0.0,1.747575,0.42728,0.0,1.842432,0.825481,0.0,1.144813,0.466258,2014-08-17
0.0,1.530063,0.461033,0.883179,2.091265,0.62091,0.807748,1.598404,0.594238,0.461199,1.582245,0.533183,0.0,2.050301,0.556066,0.490183,1.707567,0.541846,0.807748,1.598404,0.594238,1.218304,1.693921,0.702637,0.0,1.640749,0.420722,0.137405,1.736361,0.03679,0.0,2.095397,0.577814,0.0,1.542617,0.444869,0.0,2.024824,0.410232,0.0,1.440394,0.448088,0.0,1.745403,0.423249,0.0,2.418784,0.806206,0.0,1.815124,0.462007,2014-08-18
0.534017,1.481793,0.49595,6.655747,3.079014,1.042288,6.33413,1.944267,0.95839,4.732097,1.908792,0.808733,3.767327,2.038286,0.817754,4.610399,2.099025,0.768999,6.33413,1.944267,0.95839,1.760049,1.881449,0.723184,2.249967,1.783897,0.630972,0.410635,1.893502,0.036914,3.793279,2.013056,0.84871,2.366878,1.850385,0.628494,2.331108,2.048412,0.57442,2.195829,1.760627,0.623455,2.36613,1.795795,0.63376,3.752371,3.368955,1.071689,0.613708,2.089331,0.518161,2014-08-19
0.726791,1.3677,0.506184,6.774333,2.463995,1.046447,6.503345,1.600665,0.98311,5.124439,1.576221,0.844348,7.011852,2.065341,1.035225,5.020557,1.884764,0.811927,6.503345,1.600665,0.98311,1.732877,1.788502,0.700373,2.626458,1.536088,0.653082,1.235822,1.802326,0.063687,7.11092,2.045504,1.070057,2.880585,1.567749,0.663571,2.83171,1.806652,0.615934,2.66532,1.484499,0.654115,2.857338,1.541038,0.664415,6.969159,3.022904,1.270081,1.453321,1.704516,0.567391,2014-08-20
0.319492,0.902503,0.473061,2.568848,1.769797,0.732018,2.423307,1.145697,0.668047,1.67792,1.090306,0.579661,3.4132,1.563801,0.775538,1.77503,1.490447,0.55038,2.423307,1.145697,0.668047,1.274133,1.465261,0.647202,0.441531,1.18257,0.465551,0.997787,1.422237,0.046719,3.476134,1.525655,0.805757,0.786537,1.023713,0.497757,0.871115,1.277008,0.45756,0.794443,0.942279,0.503032,0.623522,1.239419,0.473491,3.390046,2.359089,0.963288,1.065319,1.241104,0.529035,2014-08-21
1.991459,1.205576,0.590182,8.131742,1.924239,1.136951,7.726445,1.209551,1.036057,5.818641,1.119352,0.866346,5.056457,1.781518,0.857294,5.841519,1.626626,0.819639,7.726445,1.209551,1.036057,2.753968,1.504283,0.740706,2.764036,1.154115,0.637296,1.571936,1.401854,0.074047,5.101871,1.699165,0.886093,3.979445,1.028278,0.721113,4.621389,1.240684,0.702486,4.179052,0.935133,0.74201,3.160605,1.206875,0.657604,5.044556,2.551324,1.071131,1.966655,1.213859,0.590031,2014-08-22
4.391339,2.522513,0.759712,16.043148,3.496886,1.714005,15.454377,1.970833,1.561862,12.825175,1.903477,1.336442,16.36499,3.188419,1.577093,12.66567,2.777411,1.239194,15.454377,1.970833,1.561862,10.667538,2.642756,1.231969,7.58419,2.292123,0.909238,4.207083,2.179412,0.172115,16.625566,3.154386,1.625758,8.108912,1.82882,0.991845,8.191882,2.128504,0.935257,7.872207,1.812462,0.982542,8.105243,2.267765,0.94709,16.269836,3.746733,1.908897,4.94325,1.76924,0.783685,2014-08-23
2.574796,0.607042,0.625015,9.85868,1.222909,1.254639,9.541333,0.857305,1.167808,8.130084,0.812163,1.027276,11.789499,1.736159,1.352252,7.984584,1.54569,0.971177,9.541333,0.857305,1.167808,8.12814,1.506475,1.115239,5.0713,1.195811,0.760386,2.677543,1.255469,0.118983,11.998048,1.671859,1.391473,4.532023,0.764906,0.747282,4.03031,1.122794,0.66468,4.120886,0.70739,0.72351,5.260029,1.194036,0.775352,11.709013,1.856476,1.5599,3.26214,0.799009,0.670432,2014-08-24
0.36695,1.247696,0.462322,3.159993,1.607175,0.758019,2.948306,1.009887,0.693639,1.961948,0.988849,0.590787,2.283523,1.422856,0.676618,1.994942,1.302697,0.567151,2.948306,1.009887,0.693639,1.402316,1.344557,0.643499,0.920396,0.774352,0.509448,1.302962,1.121063,0.076371,2.313875,1.325979,0.706101,0.985125,0.974876,0.505123,1.026909,1.2386,0.462243,1.051091,0.921211,0.514558,0.88947,0.843361,0.506197,2.276091,2.089778,0.845385,0.704382,1.096218,0.497216,2014-08-25
6.807669,2.902166,0.922512,9.837094,3.156426,1.243526,9.373038,1.867906,1.136577,7.093618,1.846947,0.938773,6.382689,1.716804,0.955726,7.14685,1.789036,0.896582,9.373038,1.867906,1.136577,4.498428,1.64294,0.842605,2.982043,1.242845,0.643189,5.360133,1.762653,0.221194,6.440451,1.681526,0.984674,4.553564,1.852181,0.742602,5.197944,1.844991,0.722703,4.916814,1.820698,0.771761,3.665665,1.38777,0.677185,6.384051,3.523528,1.150505,8.402638,1.943421,1.007381,2014-08-26
7.842621,2.601854,0.993325,12.0357,3.205577,1.400077,11.543504,1.888231,1.282574,9.23783,1.840012,1.082259,9.144056,2.252385,1.108649,9.526163,2.24482,1.03878,11.543504,1.888231,1.282574,6.917585,2.113986,0.976576,6.111692,2.000843,0.801503,7.174766,2.201337,0.285131,9.217186,2.278334,1.133463,6.79755,1.799286,0.889935,6.908903,1.860756,0.841644,6.732523,1.757536,0.891989,6.302916,2.001231,0.817607,9.147369,3.638323,1.354258,8.802455,1.878795,1.052744,2014-08-27
1.192794,3.103761,0.511552,6.340469,3.676683,0.978239,6.069021,1.981109,0.895894,4.883002,1.983006,0.77533,6.468902,1.937899,0.936679,5.21045,1.874968,0.752035,6.069021,1.981109,0.895894,6.359193,1.984044,0.934104,4.464199,1.786435,0.697704,3.13053,1.71166,0.131754,6.527937,1.974926,0.958405,3.619167,2.009484,0.666726,3.073412,1.564839,0.581014,3.287807,2.016773,0.647397,3.972149,1.735837,0.664838,6.467661,3.853405,1.148868,0.842239,1.937374,0.481036,2014-08-28
0.437058,2.052292,0.453918,0.942378,2.57211,0.578775,0.918585,1.635107,0.523815,0.770478,1.650884,0.478782,1.34028,1.501776,0.578868,0.819807,1.516289,0.449531,0.918585,1.635107,0.523815,2.551754,1.6374,0.668053,0.303074,1.441168,0.405457,1.367685,1.621536,0.047642,1.351936,1.566576,0.591254,0.380942,1.644719,0.431237,0.37176,1.370439,0.391608,0.439853,1.652648,0.438066,0.393438,1.457953,0.409348,1.345708,2.957287,0.760248,0.0,1.644225,0.418752,2014-08-29
0.960834,1.396852,0.488257,0.419127,1.765013,0.536467,0.40266,1.234013,0.488975,0.425544,1.2251,0.456826,0.0,1.51145,0.498484,0.534656,1.546935,0.433071,0.40266,1.234013,0.488975,0.0,1.516126,0.509596,0.213548,1.078453,0.417513,1.425885,1.616415,0.060704,0.0,1.545749,0.509315,0.981654,1.143337,0.474615,1.422404,1.365778,0.45352,1.125716,1.083426,0.487549,0.390991,1.193648,0.423651,0.0,2.211168,0.655436,0.158294,1.36689,0.428705,2014-08-30
1.031852,1.623156,0.490108,0.85609,2.034893,0.564434,0.822454,1.358078,0.518107,0.869196,1.348585,0.487784,0.0,1.424773,0.493953,1.092064,1.418987,0.474819,0.822454,1.358078,0.518107,0.0,1.401875,0.504332,0.436183,1.019672,0.436698,0.0,1.520472,0.002372,0.0,1.459785,0.504092,2.005081,1.293669,0.546876,2.905337,1.409855,0.558962,2.299335,1.230188,0.571578,0.79862,1.093066,0.45561,0.0,2.395766,0.651655,0.323323,1.472435,0.437698,2014-08-31
0.158792,1.835172,0.424343,0.0,2.615671,0.497976,0.0,1.613747,0.448106,0.0,1.632855,0.414863,0.0,1.582435,0.489472,0.0,1.73575,0.393541,0.0,1.613747,0.448106,0.0,1.58117,0.499145,0.0,1.573269,0.370174,0.0,1.75316,0.002371,0.0,1.654444,0.498942,0.0,1.677591,0.394289,0.0,1.663001,0.360807,0.0,1.6862,0.396341,0.0,1.529349,0.372621,0.0,2.911771,0.64785,0.0,1.581017,0.408016,2014-09-01
0.0,1.74549,0.409856,0.0,2.855444,0.494109,0.0,1.969767,0.444281,0.0,1.977544,0.411427,1.108277,1.696018,0.558552,0.0,1.782007,0.390092,0.0,1.969767,0.444281,0.0,1.635535,0.494034,0.0,1.501955,0.366954,0.0,1.742372,0.002371,1.127035,1.692907,0.573012,0.0,1.953154,0.391016,0.0,1.688149,0.357641,0.0,1.93905,0.393005,0.0,1.512879,0.369388,1.156047,3.239171,0.730616,0.0,2.002963,0.404533,2014-09-02
0.0,1.242206,0.406788,0.0,2.405378,0.49028,0.0,1.626099,0.4405,0.0,1.637419,0.408031,1.155437,1.330097,0.576749,0.0,1.491239,0.386688,0.0,1.626099,0.4405,0.0,1.506185,0.488999,0.0,1.340199,0.363781,0.0,1.519712,0.002371,1.174994,1.344963,0.591483,0.0,1.642561,0.387783,0.0,1.392714,0.354517,0.0,1.618205,0.389712,0.0,1.345368,0.366203,1.205241,2.633291,0.730414,0.0,1.71568,0.401094,2014-09-03
2.394004,2.168051,0.574903,3.565664,3.138444,0.746185,3.318526,1.916488,0.66307,2.635353,1.952885,0.583696,0.394748,1.313802,0.498568,2.887934,1.623839,0.552508,3.318526,1.916488,0.66307,4.822963,1.694954,0.775291,3.086565,1.622055,0.563307,2.047982,1.604624,0.072326,0.408684,1.383618,0.506981,2.881989,1.976268,0.579127,2.860687,1.409236,0.520433,3.019434,1.960972,0.590945,2.776177,1.623883,0.541107,0.411557,3.327621,0.66709,3.250744,1.896965,0.616419,2014-09-04
2.827697,2.140465,0.602812,3.717395,2.562226,0.753344,3.459739,1.65322,0.682338,2.747496,1.644056,0.598014,0.411546,1.53949,0.495238,3.010825,1.674821,0.581328,3.459739,1.65322,0.682338,9.77611,2.087998,1.122048,3.217908,1.418022,0.59256,3.047879,1.738752,0.119129,0.426075,1.59262,0.503095,3.004626,1.62306,0.595979,2.982419,1.529438,0.551605,3.147921,1.599167,0.609053,2.894312,1.420972,0.567216,0.42907,2.863841,0.664498,3.918552,1.686376,0.670118,2014-09-05
0.345941,1.644522,0.422519,0.0,2.319726,0.479021,0.0,1.586989,0.429418,0.0,1.580441,0.398082,0.0,1.561258,0.467867,0.0,1.659537,0.376749,0.0,1.586989,0.429418,6.11829,1.932492,0.879587,0.0,1.422032,0.354541,1.733607,1.776895,0.066796,0.0,1.64015,0.474295,0.0,1.548438,0.378331,0.0,1.501001,0.345413,0.0,1.535209,0.380092,0.0,1.402993,0.356923,0.0,2.537745,0.628504,0.55201,1.625213,0.430894,2014-09-06
0.144696,1.277941,0.405226,0.32463,2.231921,0.498935,0.297551,1.520961,0.453997,0.183781,1.492658,0.415811,0.0,1.632208,0.463719,0.19555,1.714867,0.393929,0.297551,1.520961,0.453997,1.218054,1.654464,0.551387,0.0,1.455729,0.351551,0.815295,1.658455,0.042133,0.0,1.71684,0.469584,0.0,1.450104,0.375261,0.0,1.476533,0.342463,0.0,1.416037,0.376969,0.0,1.420824,0.353919,0.0,2.481842,0.624584,0.0,1.609509,0.387787,2014-09-07
6.138854,2.211398,0.829597,8.178405,2.309867,1.065536,7.726041,1.555538,0.947164,6.193532,1.510953,0.810408,4.811027,1.913432,0.7429,5.997863,1.956748,0.729629,7.726041,1.555538,0.947164,2.755979,1.792842,0.620594,2.261171,1.212891,0.508651,1.293062,1.702966,0.047031,4.84062,1.894005,0.754195,3.052526,1.443704,0.58331,3.513143,1.450779,0.554696,3.520142,1.392168,0.617582,3.020825,1.29123,0.55233,4.92849,2.75728,0.988462,4.126268,1.584181,0.659519,2014-09-08
12.740509,1.613838,1.296755,22.12405,2.222856,2.073425,21.089527,1.553181,1.874172,17.863722,1.472852,1.613683,25.833565,2.873961,2.133919,17.917084,2.319981,1.510826,21.089527,1.553181,1.874172,14.662665,2.3085,1.384119,12.691626,1.75306,1.166239,12.193641,1.972324,0.45791,26.209333,2.72304,2.177364,10.790023,1.373948,1.105688,9.416561,1.478092,0.947875,10.738066,1.321448,1.10889,12.82012,1.72053,1.183744,26.461514,2.673511,2.59034,10.122653,1.36389,1.076958,2014-09-09
6.774196,1.820977,0.868651,14.544112,2.290368,1.519231,13.926564,1.280432,1.400468,12.10028,1.272581,1.236731,21.70368,2.029935,1.967854,12.381924,1.718057,1.22058,13.926564,1.280432,1.400468,13.466689,1.823482,1.393847,10.773989,1.191352,1.100343,12.141853,1.662948,0.511002,22.063271,2.037454,2.002416,7.93133,1.248641,0.924354,5.998771,1.308259,0.743899,7.368902,1.246555,0.888635,10.082271,1.233225,1.050721,22.355406,2.48599,2.279361,6.068493,1.232742,0.803743,2014-09-10
0.0,1.153557,0.383613,0.0,1.472369,0.46103,0.0,0.899633,0.412025,0.0,0.907571,0.382285,0.0,0.974178,0.447893,0.0,1.004298,0.361054,0.0,0.899633,0.412025,1.225626,1.147377,0.52016,0.0,0.536657,0.34002,0.870308,1.039648,0.039223,0.0,0.994358,0.451447,0.0,0.887058,0.363371,0.0,0.848108,0.331072,0.0,0.889468,0.364886,0.0,0.568696,0.342329,0.130037,1.762873,0.618521,0.0,0.933741,0.375171,2014-09-11
0.0,2.474633,0.380877,0.0,2.730822,0.457549,0.0,1.460312,0.40887,0.0,1.467421,0.379241,0.0,1.321082,0.444234,0.0,1.460524,0.358042,0.0,1.460312,0.40887,0.0,1.31967,0.447016,0.0,1.242059,0.337242,0.0,1.488214,0.002367,0.0,1.390184,0.447089,0.0,1.471668,0.360494,0.0,1.248565,0.328327,0.0,1.48042,0.361965,0.0,1.194759,0.339536,0.0,2.977461,0.604904,0.0,1.432208,0.372122,2014-09-12
0.0,2.787742,0.378176,0.0,3.169107,0.454108,0.0,1.742432,0.40596,0.0,1.748025,0.376235,0.0,1.373557,0.440782,0.0,1.504605,0.355071,0.0,1.742432,0.40596,1.17899,1.531725,0.510743,0.0,1.293434,0.334503,0.0,1.484084,0.002366,0.0,1.430228,0.442801,0.0,1.770853,0.357654,0.0,1.263998,0.32562,0.0,1.779278,0.359083,0.0,1.254089,0.336782,0.0,3.327716,0.600991,0.0,1.696528,0.369113,2014-09-13
0.0,0.617314,0.375508,0.0,0.867397,0.450707,0.0,0.71138,0.403418,0.0,0.719359,0.373265,0.0,0.936591,0.437616,0.0,0.892408,0.35214,0.0,0.71138,0.403418,1.229159,1.10818,0.50727,0.0,0.344115,0.331803,0.0,0.968959,0.002366,0.0,0.90424,0.438583,0.0,0.687763,0.35485,0.0,0.700056,0.322951,0.0,0.678681,0.356237,0.0,0.398776,0.334067,0.0,1.185242,0.597103,0.0,0.761429,0.366143,2014-09-14
0.0,0.992358,0.372874,0.0,1.321057,0.447348,0.0,0.928242,0.401425,0.0,0.927864,0.370331,0.0,1.383614,0.434853,0.0,1.432571,0.349248,0.0,0.928242,0.401425,0.0,1.376563,0.434282,0.0,0.63989,0.329143,0.0,1.412637,0.002366,0.0,1.412745,0.434436,0.0,0.889965,0.352082,0.0,1.069473,0.320319,0.0,0.877318,0.353429,0.0,0.65616,0.331391,0.0,1.624998,0.593248,0.0,1.027899,0.363212,2014-09-15
0.0,0.527978,0.370271,0.0,0.835129,0.444031,0.0,0.465726,0.400275,0.0,0.472195,0.367434,0.0,1.023812,0.432724,0.0,0.973038,0.346394,0.0,0.465726,0.400275,0.0,1.127441,0.430168,0.0,0.41372,0.32652,0.0,1.063902,0.002365,0.0,1.016098,0.430364,0.0,0.427513,0.349349,0.0,0.663472,0.317724,0.0,0.414352,0.350658,0.0,0.423228,0.328753,0.0,1.114436,0.589433,0.0,0.557092,0.36032,2014-09-16
0.0,-0.606799,0.367701,0.0,-0.402309,0.440757,0.0,-0.375127,0.400644,0.0,-0.369867,0.364573,0.0,0.010816,0.431965,0.0,-0.162552,0.343579,0.0,-0.375127,0.400644,0.0,0.149089,0.426117,0.0,-0.737202,0.323934,0.0,0.045043,0.002365,0.0,-0.104726,0.426377,0.0,-0.422293,0.346652,0.0,-0.088731,0.315166,0.0,-0.445079,0.347924,0.0,-0.499114,0.326152,0.0,-0.187399,0.585668,0.0,-0.362318,0.357466,2014-09-17
0.0,0.371604,0.365162,0.0,0.685825,0.43753,0.0,0.353834,0.404288,0.0,0.376866,0.361748,0.0,0.96192,0.43495,0.0,0.904381,0.340803,0.0,0.353834,0.404288,0.0,0.962193,0.422129,0.0,0.714374,0.321386,0.0,0.980994,0.002364,0.0,0.950808,0.422524,0.0,0.291385,0.343991,0.0,0.683241,0.312646,0.0,0.231892,0.345226,0.0,0.651578,0.323588,0.0,1.12824,0.58196,0.0,0.346149,0.354651,2014-09-18
0.0,2.076767,0.362653,0.0,2.438055,0.43435,0.0,1.59628,0.4146,0.0,1.599556,0.358959,0.0,1.817394,0.44671,0.0,1.961252,0.338065,0.0,1.59628,0.4146,0.0,1.798123,0.418204,0.0,1.930366,0.318873,0.704053,1.607421,0.044293,0.0,1.891104,0.41896,0.0,1.624635,0.341364,0.0,1.280534,0.310163,0.0,1.630009,0.342564,0.0,1.857079,0.32106,0.0,2.684565,0.578319,0.0,1.617314,0.351874,2014-09-19
1.234807,1.592524,0.447449,0.672722,1.85533,0.47963,0.595103,1.337305,0.472683,0.688746,1.342869,0.399809,0.139917,2.16328,0.478569,1.153266,2.349612,0.398314,0.595103,1.337305,0.472683,1.260332,2.229697,0.484603,0.646049,1.839155,0.353031,1.130488,2.332087,0.039966,0.124741,2.230148,0.423101,2.871393,1.328058,0.524882,4.188632,1.549807,0.547819,3.28523,1.31179,0.553413,1.10187,1.853824,0.381094,0.169379,2.206756,0.587298,0.526009,1.391468,0.382355,2014-09-20
8.536271,0.981986,0.960658,10.770147,1.524644,1.202631,10.259624,0.969327,1.187485,8.791425,0.927826,0.962227,6.642152,1.421784,0.950589,9.460735,1.485144,0.953421,10.259624,0.969327,1.187485,4.348833,1.215365,0.720388,7.734732,0.933691,0.861567,3.124974,1.121526,0.144724,6.626275,1.391281,0.860598,9.949808,0.862974,1.029553,11.174335,1.116954,1.048792,10.358994,0.796658,1.06165,7.878957,0.949506,0.87018,6.807602,2.06498,1.075141,7.510942,0.968479,0.864973,2014-09-21
11.031164,0.422641,1.134024,12.473288,0.768184,1.321623,11.955452,0.641346,1.34302,10.434176,0.59517,1.072023,11.451522,1.959713,1.293282,11.075649,1.875549,1.054623,11.955452,0.641346,1.34302,7.967124,1.977047,0.884976,11.4224,1.34495,1.056005,8.81123,1.893833,0.325639,11.510868,1.934293,1.165253,10.185186,0.518946,1.032555,9.383492,0.836768,0.930674,10.050003,0.451303,1.026441,10.251482,1.277801,0.984026,11.741698,1.107111,1.43656,9.823927,0.794786,1.017147,2014-09-22
3.621601,-0.405246,0.608422,2.220516,-0.170477,0.581681,2.128613,-0.115713,0.684661,2.1031,-0.115973,0.508162,4.877901,0.384706,0.92976,2.570762,0.262508,0.517752,2.128613,-0.115713,0.684661,6.180678,0.474254,0.831977,4.23353,-0.365855,0.637603,6.799347,0.28667,0.29569,4.939833,0.29415,0.791455,3.057755,-0.131733,0.559916,2.383638,-0.047346,0.477291,2.941015,-0.180751,0.555727,3.372547,-0.232783,0.572619,5.033981,0.07532,0.936931,2.674251,0.067797,0.533504,2014-09-23
0.0,1.302353,0.350559,0.167225,1.663677,0.431343,0.147447,0.930807,0.582427,0.0,1.07646,0.345522,1.056349,1.254453,0.70726,0.0,1.865924,0.324904,0.147447,0.930807,0.582427,1.223102,1.18221,0.535514,0.0,1.514807,0.306827,0.584336,1.145897,0.07015,1.077527,1.253799,0.562866,0.0,1.08461,0.328718,0.0,1.084383,0.298245,0.0,1.066744,0.32976,0.0,1.47997,0.308938,1.101691,1.953635,0.643076,0.0,1.078175,0.338516,2014-09-24
0.0,0.773808,0.348226,0.0,0.98202,0.416593,0.0,0.534387,0.566951,0.0,0.543027,0.342935,1.1013,0.720644,0.731596,0.0,0.995367,0.322375,0.0,0.534387,0.566951,0.0,1.037062,0.395907,0.0,0.681515,0.304517,0.0,1.00661,0.002362,1.123379,0.681043,0.578226,0.0,0.51702,0.326285,0.0,0.725515,0.295961,0.0,0.478681,0.327297,0.0,0.795229,0.306613,1.148571,1.265698,0.643712,0.0,0.596682,0.335948,2014-09-25
0.0,0.417797,0.345921,0.0,0.678891,0.413983,0.0,0.348579,0.588176,0.0,0.350738,0.340381,1.135202,0.637903,0.756523,0.0,0.974339,0.31988,0.0,0.348579,0.588176,0.0,0.967585,0.392418,0.0,0.572882,0.302239,2.039425,0.631547,0.107953,1.157128,0.604458,0.600467,0.0,0.284758,0.323882,0.0,0.693682,0.293707,0.0,0.269638,0.324866,0.0,0.728748,0.30432,1.161872,1.042575,0.642136,0.0,0.419359,0.333413,2014-09-26
0.23717,-0.336738,0.360327,0.137417,-0.170053,0.421393,0.128572,-0.181575,0.632136,0.165576,-0.210739,0.364364,1.183509,0.379975,0.75699,0.227028,0.056556,0.354856,0.128572,-0.181575,0.632136,0.0,0.457082,0.389015,0.131961,-0.901051,0.362717,2.877801,0.386582,0.130711,1.206368,0.26194,0.599121,0.0,-0.236435,0.321509,0.146715,-0.066839,0.312438,0.135176,-0.287191,0.349512,0.20451,-0.657236,0.356679,1.211313,0.130013,0.643613,0.309359,-0.093904,0.363695,2014-09-27
4.329743,-0.024006,0.645777,6.588943,0.287482,0.881043,6.168644,0.024176,1.095184,5.016384,0.002146,0.699641,3.414743,0.508794,0.927875,5.537038,0.357859,0.695978,6.168644,0.024176,1.095184,6.174322,0.614807,0.794683,4.266073,-0.265093,0.643784,3.928758,0.138008,0.174046,3.396637,0.392776,0.765297,4.709467,-0.054055,0.672583,5.137755,0.090951,0.638451,4.947013,-0.102342,0.684552,4.261367,-0.105301,0.634622,3.472996,0.843451,0.808692,3.03288,0.054181,0.550089,2014-09-28
7.850744,1.232571,0.89078,12.320071,1.644929,1.289077,11.577523,0.863452,1.480773,9.837294,0.820295,1.002472,11.772357,2.271831,1.452059,10.896357,1.962581,1.004597,11.577523,0.863452,1.480773,12.670936,2.026104,1.199885,10.087537,1.632837,0.95765,10.20023,1.370484,0.408177,11.890068,2.184669,1.286054,10.175352,0.81383,1.005236,10.098591,1.022824,0.943768,10.051597,0.761758,0.999971,9.431124,1.562929,0.916186,12.007223,2.051833,1.436833,5.150343,0.685841,0.680843,2014-09-29
7.211648,0.617918,0.843346,11.289377,0.978824,1.213446,10.657123,0.640447,1.422975,9.646162,0.564855,0.982628,16.449938,2.274828,1.782809,10.814458,1.842862,0.95352,10.657123,0.640447,1.422975,12.519145,1.880238,1.150371,11.620735,1.505227,1.020823,13.851482,1.498433,0.541279,16.721277,2.18317,1.620656,10.576054,0.535793,1.030066,9.844391,0.719919,0.921597,10.123577,0.455642,1.004523,10.469638,1.453055,0.947427,16.800957,1.186678,1.789489,4.665428,0.499994,0.634538,2014-09-30
2.328533,2.766125,0.49818,7.704317,3.05508,0.9557,7.635147,1.354599,1.200898,6.452512,1.311139,0.748417,8.819188,2.714616,1.243458,6.641903,2.515429,0.66881,7.635147,1.354599,1.200898,4.639979,2.650698,0.634143,5.561243,2.305077,0.61253,4.720176,2.162648,0.162781,8.773862,2.549992,1.07272,4.828516,1.280595,0.622535,4.430503,1.271815,0.557684,4.552659,1.265054,0.607299,4.990038,2.158351,0.580959,9.009316,2.020333,1.206869,4.219416,3.443388,0.605929,2014-10-01
1.851204,2.403556,0.462476,5.754774,2.736717,0.815605,5.79246,1.067143,1.09274,4.905026,1.043643,0.651139,8.5476,2.271562,1.280642,5.046199,2.444395,0.58331,5.79246,1.067143,1.09274,3.524749,1.905712,0.569871,4.418216,1.781378,0.548048,4.68949,1.522603,0.180881,8.5472,2.314279,1.133783,3.882255,1.040894,0.564034,3.570768,0.968284,0.502814,3.68428,1.029473,0.55351,3.970642,1.721833,0.520959,8.675554,1.377721,0.594246,3.987065,0.962077,0.595997,2014-10-02
0.0,1.041029,0.330522,0.0,1.351163,0.404055,0.0,0.611671,0.690551,0.0,0.601113,0.32347,1.083468,1.362288,0.813676,0.0,0.950076,0.303317,0.0,0.611671,0.690551,1.131914,1.122832,0.435194,0.0,1.084417,0.28713,0.0,1.090234,0.002358,1.095039,1.313226,0.635647,0.0,0.590596,0.30789,0.0,0.505451,0.278781,0.0,0.600825,0.308701,0.0,1.065765,0.289109,1.128717,1.057405,0.592454,0.0,0.549265,0.316565,2014-10-03
0.0,1.950462,0.328423,0.0,2.020888,0.404605,0.0,0.826736,0.702488,0.0,0.835802,0.321214,1.129573,1.100297,0.80431,0.0,1.075845,0.301074,0.0,0.826736,0.702488,1.180081,1.156534,0.436395,0.0,1.27338,0.285085,0.0,1.177423,0.002358,1.141636,1.179538,0.647633,0.0,0.838178,0.305718,0.0,0.664801,0.276764,0.0,0.855665,0.306507,0.0,1.256582,0.28705,1.176747,0.88065,1.187958,0.0,0.791326,0.31428,2014-10-04
0.0,0.665663,0.326347,0.0,0.817515,0.405798,0.0,0.414866,0.715242,0.0,0.413726,0.319011,0.0,0.664669,0.744076,0.0,0.750553,0.29886,0.0,0.414866,0.715242,0.0,0.690413,0.370143,0.0,0.665993,0.283067,0.0,0.770976,0.002357,0.0,0.709093,0.590155,0.0,0.41244,0.303573,0.0,0.465047,0.274773,0.0,0.412074,0.30434,0.0,0.688359,0.285019,0.0,1.182003,0.553533,0.0,0.417104,0.312024,2014-10-05
0.0,1.183569,0.324296,0.0,1.322894,0.407664,0.0,0.601329,0.731504,0.0,0.598578,0.316871,2.100958,1.038794,0.877307,0.0,0.946449,0.296675,0.0,0.601329,0.731504,0.0,0.849738,0.370047,0.0,0.714574,0.281076,0.544812,0.977594,0.021317,2.121863,1.051826,0.727488,0.0,0.600791,0.301454,0.0,0.552257,0.272808,0.0,0.599648,0.3022,0.0,0.731854,0.283014,2.182245,1.56889,0.71618,0.0,0.595327,0.309796,2014-10-06
0.0,1.22637,0.322267,0.0,1.339195,0.410329,0.0,0.624116,0.76064,0.0,0.614531,0.314814,4.34069,0.750872,1.095799,0.0,0.819168,0.294517,0.0,0.624116,0.76064,0.0,0.757729,0.370833,0.0,0.800818,0.279111,0.567995,0.500705,0.044783,4.380549,0.727548,0.946453,0.0,0.580107,0.299361,0.0,0.524578,0.270869,0.0,0.574864,0.300087,0.0,0.834107,0.281035,4.510295,1.584199,0.889918,0.0,0.641015,0.307597,2014-10-07
0.0,0.858404,0.320261,0.0,1.058815,0.414323,0.0,0.583356,0.818018,0.0,0.550479,0.312881,2.241832,0.888942,0.970735,0.0,0.873595,0.292387,0.0,0.583356,0.818018,1.038785,0.896586,0.437008,0.0,0.752609,0.277171,0.263031,0.838979,0.014047,2.260666,0.890082,0.822601,0.0,0.471774,0.297294,0.0,0.498204,0.268955,0.0,0.44094,0.298,0.0,0.788755,0.279081,2.330303,1.326269,0.731332,0.741131,0.576234,0.35845,2014-10-08
2.838307,0.228229,0.516419,2.380022,0.495103,0.592189,2.331274,0.245293,1.145608,2.373459,0.199425,0.472959,0.980686,0.58549,0.968585,2.465936,0.583073,0.438717,2.331274,0.245293,1.145608,3.41815,0.761913,0.588133,2.624132,0.124223,0.460893,1.747715,0.499315,0.067765,0.82399,0.52616,0.765591,2.62482,0.152356,0.475479,2.570773,0.271532,0.424655,2.617665,0.116882,0.477428,2.520661,0.237752,0.448877,1.137615,0.880095,0.647141,2.86004,0.309824,0.495983,2014-10-09
3.432894,1.113488,0.55586,3.454829,1.509272,0.682879,3.344234,0.601628,1.491223,3.363503,0.591833,0.546912,1.181751,0.98014,1.211593,3.481016,0.982197,0.517597,3.344234,0.601628,1.491223,3.578829,1.217457,0.603872,3.70532,0.660705,0.54089,1.877352,0.835278,0.083043,1.004516,0.894262,0.847098,3.318072,0.583606,0.527184,3.026788,0.607048,0.476086,3.24191,0.570904,0.524042,3.509046,0.693624,0.525698,1.351083,1.742266,0.67101,2.828883,0.618854,0.496255,2014-10-10
0.956173,0.11441,0.381053,1.304782,0.475955,0.549779,1.242023,0.241096,1.557763,1.209026,0.236984,0.39387,1.211431,0.678615,1.465323,1.262325,0.726072,0.354762,1.242023,0.241096,1.557763,1.363398,0.734993,0.47037,1.010779,0.192529,0.348678,0.599956,0.468054,0.024427,1.206938,0.693063,0.932448,1.077909,0.243219,0.363893,1.025728,0.332857,0.322322,1.063712,0.223554,0.364099,1.15733,0.256753,0.355126,1.25186,0.779593,0.680693,1.137792,0.273905,0.373984,2014-10-11
3.064856,1.861036,0.526029,5.021089,2.07173,0.849002,4.91559,0.816514,2.012961,4.840112,0.813842,0.634269,3.786799,1.574755,1.826457,5.072776,1.699802,0.558726,4.91559,0.816514,2.012961,9.207213,2.173181,0.939041,5.443018,1.064255,0.612975,5.061623,1.400822,0.18295,3.825139,1.519655,1.237069,5.02178,0.821909,0.61798,4.549322,0.917911,0.535884,4.7946,0.812262,0.604954,5.194295,1.140692,0.597846,3.816494,1.708419,0.898623,5.30534,1.889687,0.628294,2014-10-12
2.692899,2.067365,0.498132,4.919736,1.897961,0.873109,4.81023,2.523917,2.131478,4.739401,2.490131,0.645364,2.811766,2.047611,1.868727,4.947947,2.371719,0.549945,4.81023,2.523917,2.131478,9.413793,2.243776,0.499298,5.674636,1.029684,0.643261,5.0115,1.479199,0.191125,2.840903,2.023022,1.347618,4.722876,2.567055,0.610799,4.020809,1.903007,0.520188,4.42361,2.493779,0.579858,5.155868,3.310455,0.593254,2.805269,1.652933,0.659948,5.03402,2.0284,0.299186,2014-10-13
0.0,1.640141,0.308688,0.0,1.732944,0.542354,0.0,0.567806,1.797794,0.0,0.572052,0.342955,3.074912,1.137743,2.029328,0.0,0.713509,0.280162,0.0,0.567806,1.797794,0.0,0.992032,0.454308,0.0,0.662347,0.266044,0.582834,0.805133,0.021907,3.171275,1.196287,1.520077,0.0,0.564421,0.285407,0.0,0.435123,0.257982,0.0,0.573184,0.286006,0.0,0.585473,0.268131,3.046245,1.186269,0.968302,0.0,0.642045,0.574506,2014-10-14
0.0,1.581461,0.306833,0.48981,1.635615,0.605659,0.360334,0.709742,1.844755,0.0,0.708174,0.362591,5.329158,1.295724,2.223526,0.0,0.853813,0.278214,0.360334,0.709742,1.844755,0.0,0.857843,0.951557,0.0,0.738439,0.264271,0.607635,0.942969,0.022746,5.448416,1.3349,1.827398,0.0,0.710322,0.283508,0.0,0.494093,0.256235,0.0,0.716931,0.284092,0.0,0.709313,0.266091,5.377694,1.768006,1.138517,0.0,0.671635,0.290961,2014-10-15
0.0,1.975051,0.304998,0.510653,2.06386,0.631941,0.375667,0.925576,1.842928,0.0,0.921917,0.382515,2.213757,1.454513,2.009308,0.0,1.254929,0.27629,0.375667,0.925576,1.842928,0.0,1.125188,0.498773,0.0,1.034846,0.26252,0.0,1.185602,0.002353,2.233349,1.507273,1.68524,0.0,0.925425,0.281633,0.0,0.642262,0.254511,0.0,0.935732,0.2822,0.0,0.984581,0.264327,2.295515,2.192952,0.940562,0.0,0.882145,0.288995,2014-10-16
0.0,2.447563,0.303184,0.0,2.434015,0.616265,0.0,1.151263,1.795356,0.0,1.155712,0.401619,0.0,1.769545,1.843175,0.0,1.885957,0.274389,0.0,1.151263,1.795356,0.0,1.722916,0.519183,0.0,1.308102,0.260791,0.0,1.829763,0.002353,0.0,1.870838,1.578327,0.0,1.158894,0.279779,0.0,0.848717,0.252807,0.0,1.166594,0.280331,0.0,1.268087,0.262586,0.0,2.558702,0.797198,0.0,1.120638,0.287054,2014-10-17
0.0,0.602212,0.301388,0.0,0.761461,0.636233,0.0,0.383849,1.769643,0.0,0.363644,0.419608,2.134171,0.977353,1.976516,0.0,0.770507,0.272512,0.0,0.383849,1.769643,1.231978,0.909587,0.609636,0.0,0.330428,0.259083,0.0,0.740167,0.002352,2.155293,0.976698,1.761746,0.0,0.341403,0.277947,0.0,0.322601,0.251125,0.0,0.31989,0.278484,0.0,0.356043,0.260867,2.219617,1.023381,1.009354,0.0,0.455521,0.285136,2014-10-18
0.0,1.127248,0.299612,0.0,1.32731,0.654071,0.0,0.616423,1.740448,0.0,0.61048,0.436483,2.224987,1.343052,1.954141,0.0,1.013639,0.270657,0.0,0.616423,1.740448,1.284403,1.148927,0.630136,0.0,0.635804,0.257397,0.0,0.957995,0.002352,2.247007,1.402713,1.770143,0.0,0.606893,0.276137,0.0,0.487027,0.249463,0.0,0.601321,0.27666,0.0,0.642327,0.259168,2.314069,1.51004,1.075996,0.0,0.643644,0.283241,2014-10-19
0.0,1.080192,0.297855,0.0,1.222543,0.669938,0.0,0.526004,1.71024,0.0,0.525252,0.452326,0.0,0.732387,1.785081,0.0,0.765298,0.268825,0.0,0.526004,1.71024,0.0,0.719751,0.571937,0.0,0.599322,0.255731,0.0,0.73923,0.002351,0.0,0.742507,1.626631,0.0,0.527768,0.274348,0.0,0.436182,0.247821,0.0,0.528803,0.274857,0.0,0.589287,0.257491,0.0,1.304517,0.965241,0.0,0.550656,0.281369,2014-10-20
1.660598,1.252271,0.41121,3.308378,1.449628,0.933406,3.141644,0.696854,1.921154,2.980856,0.68387,0.668383,0.541285,0.847007,1.794597,3.04389,1.189228,0.431028,3.141644,0.696854,1.921154,0.535987,0.828508,0.61825,1.733678,0.780457,0.361307,1.37453,0.949484,0.048496,0.469367,0.876137,1.650002,2.547208,0.670986,0.435326,2.951093,0.711296,0.416865,2.709342,0.66421,0.446712,2.084482,0.810034,0.383254,0.646443,1.458148,1.084256,1.725202,0.679485,0.387586,2014-10-21
3.207686,1.673341,0.51661,4.390205,1.85345,1.027818,4.205307,0.742674,1.991871,4.188186,0.746633,0.780065,1.127596,0.935686,1.80643,4.543844,1.193275,0.546798,4.205307,0.742674,1.991871,2.833027,1.14066,0.768391,4.680996,0.876062,0.555676,1.761679,1.005252,0.065159,0.976777,0.948619,1.670722,4.341521,0.766749,0.560742,4.127768,0.727979,0.512502,4.219212,0.757162,0.55485,4.36439,0.877843,0.537627,1.360435,1.883943,1.202747,2.302405,0.725218,0.430705,2014-10-22
1.539251,1.036381,0.399276,0.98109,1.19355,0.781525,0.969549,0.527713,1.701259,1.126463,0.52905,0.574273,0.587247,0.746296,1.745468,1.428743,0.880795,0.345002,0.969549,0.527713,1.701259,2.371007,0.891673,0.771944,2.995822,0.520279,0.455216,0.342643,0.693069,0.013853,0.508179,0.753088,1.625837,1.757663,0.536561,0.386674,1.095824,0.518294,0.309067,1.453922,0.535124,0.366815,2.284449,0.53029,0.405948,0.715696,1.274364,1.204966,0.525228,0.532697,0.308701,2014-10-23
0.0,0.260754,0.291013,0.0,0.348654,0.716962,0.0,0.224492,1.598099,0.0,0.219707,0.507444,0.0,0.615116,1.682433,0.0,0.624712,0.261724,0.0,0.224492,1.598099,0.0,0.609126,0.626763,0.0,0.159064,0.249268,0.0,0.592514,0.00235,0.0,0.632893,1.577252,0.0,0.249925,0.267402,0.0,0.279031,0.241457,0.0,0.233305,0.267864,0.0,0.201013,0.250982,0.0,0.56747,1.191639,0.0,0.258064,0.274104,2014-10-24
0.0,-0.012235,0.289347,0.0,0.023135,0.725369,0.0,0.037894,1.57255,0.0,0.018741,0.519594,0.0,0.384238,1.658472,0.0,0.346705,0.260005,0.0,0.037894,1.57255,0.0,0.377094,0.638816,0.0,-0.114691,0.247701,0.0,0.380847,0.002349,0.0,0.382581,1.560942,0.0,-0.004475,0.265717,0.0,0.031496,0.239914,0.0,-0.019577,0.266172,0.0,-0.050006,0.249404,0.0,0.290862,1.225912,0.0,0.117767,0.272342,2014-10-25
0.185688,0.891544,0.300532,0.364947,0.955202,0.76039,0.340062,0.301302,1.591889,0.338278,0.284416,0.572239,0.0,0.712615,1.635303,0.357706,0.397332,0.31477,0.340062,0.301302,1.591889,0.0,0.70391,0.650489,0.136911,0.007969,0.287793,0.0,0.690038,0.002349,0.0,0.733563,1.544382,0.441962,0.237114,0.31173,0.58519,0.184814,0.293109,0.497755,0.216624,0.316734,0.221183,0.11782,0.288122,0.0,1.348767,1.251738,0.259732,0.382171,0.297139,2014-10-26
0.19359,1.927639,0.299442,0.665226,2.08749,0.789553,0.63834,0.650537,1.57616,0.673912,0.650143,0.593586,0.0,0.739801,1.612597,0.738965,0.861205,0.301739,0.63834,0.650537,1.57616,0.0,0.732713,0.661837,0.909016,0.615871,0.31,0.0,0.72178,0.002348,0.0,0.777506,1.527494,0.834819,0.646747,0.321767,0.811753,0.523764,0.29136,0.812305,0.640431,0.32192,0.80134,0.651718,0.302943,0.0,2.24223,1.269982,0.270784,1.398843,0.28768,2014-10-27
0.0,1.527581,0.284454,0.296867,1.693243,0.76703,0.295884,0.615682,1.518996,0.334909,0.615913,0.575119,0.0,0.771583,1.590001,0.381613,0.935733,0.275471,0.295884,0.615682,1.518996,0.0,0.754898,0.672849,0.798886,0.593042,0.291321,0.0,0.754251,0.002348,0.0,0.813696,1.510087,0.389967,0.618144,0.28498,0.210242,0.458829,0.247337,0.305852,0.612642,0.280222,0.595032,0.572318,0.280714,0.0,1.49763,1.281542,0.0,0.55472,0.267182,2014-10-28
0.0,1.448871,0.282857,0.0,1.582371,0.749076,0.0,0.609424,1.471726,0.0,0.609324,0.56264,0.0,0.714292,1.567193,0.0,0.777291,0.253386,0.0,0.609424,1.471726,0.0,0.697671,0.683462,0.0,0.448088,0.241617,0.0,0.74198,0.002348,0.0,0.75576,1.491953,0.0,0.623957,0.259188,0.0,0.460289,0.233924,0.0,0.62332,0.259663,0.0,0.502494,0.243276,0.0,1.88749,1.287285,0.0,0.588602,0.265503,2014-10-29
0.0,0.376627,0.281276,0.0,0.379252,0.752914,0.0,0.225161,1.446116,0.0,0.213675,0.57194,0.0,0.442884,1.543966,0.0,0.493345,0.251808,0.0,0.225161,1.446116,0.0,0.442718,0.693585,0.0,0.112402,0.24014,0.0,0.477907,0.002347,0.0,0.473817,1.472965,0.0,0.223008,0.257612,0.0,0.217887,0.232471,0.0,0.216267,0.258118,0.0,0.150829,0.241789,0.0,0.618374,1.288027,0.0,0.241464,0.263844,2014-10-30
0.0,1.067044,0.279712,0.0,1.042732,0.756035,0.0,0.470596,1.420391,0.0,0.462403,0.580613,0.0,0.673293,1.520207,0.0,0.7273,0.250268,0.0,0.470596,1.420391,0.0,0.673021,0.703126,0.0,0.330575,0.238681,0.0,0.707355,0.002347,0.0,0.700333,1.45307,0.0,0.468159,0.256063,0.0,0.348486,0.231035,0.0,0.466953,0.256619,0.0,0.348296,0.24032,0.0,1.229016,1.284518,0.0,0.475749,0.262205,2014-10-31
0.231876,0.896192,0.294134,0.291799,1.008372,0.780706,0.291,0.394264,1.420403,0.237421,0.412178,0.607926,2.451544,0.737207,1.680829,0.22522,0.671987,0.26311,0.291,0.394264,1.420403,1.443359,0.670337,0.813666,0.135306,0.264094,0.252795,1.163736,0.778598,0.041407,2.420582,0.726096,1.617894,0.267333,0.41273,0.274218,0.326206,0.398314,0.248369,0.292764,0.411875,0.276716,0.183804,0.291508,0.255451,2.630117,1.006109,1.488438,0.885253,0.438946,0.318527,2014-11-01
2.053514,1.341935,0.417994,8.289024,1.607233,1.38722,7.928285,0.791571,1.980531,6.347992,0.79424,1.046315,7.515311,1.236177,1.982754,6.626728,1.016168,0.63005,7.928285,0.791571,1.980531,4.602037,1.02803,0.997386,4.908907,0.539163,0.55169,1.717473,0.757053,0.059992,7.374703,1.16406,1.918337,4.636074,0.729072,0.552616,4.633524,0.779939,0.506929,4.31578,0.725737,0.53292,4.711545,0.716908,0.538034,7.807388,1.334877,1.787339,3.167321,0.848302,0.465197,2014-11-02
2.215331,1.632479,0.423801,9.584557,0.906518,0.792767,9.14156,1.751503,1.488034,7.515224,1.934135,0.708309,10.142438,2.405957,1.496122,7.964578,1.974951,0.546485,9.14156,1.751503,1.488034,6.014831,1.747714,0.882857,6.996642,2.681969,0.527843,2.688005,1.560864,0.043261,9.971468,2.380766,1.565528,5.690622,2.006932,0.346503,5.185368,1.712663,0.3416,5.090409,2.084708,0.350168,6.329935,1.884804,0.353078,10.566333,0.856903,1.255013,4.052271,1.837603,0.284471,2014-11-03
0.340357,1.288231,0.300752,1.313584,0.945259,0.762244,1.242925,1.396179,1.318714,1.204316,1.119158,0.608955,3.725068,0.998884,1.420036,1.356003,0.473548,0.244657,1.242925,1.396179,1.318714,1.516333,0.434758,0.734205,2.112121,1.404569,0.23301,3.182022,0.8037,0.002345,3.683576,0.966862,1.365484,1.196681,1.024706,0.2502,0.739411,0.638664,0.225456,0.947877,1.004822,0.251329,1.686515,1.096585,0.234609,3.943705,0.65139,1.240671,2.204825,0.924642,0.255849,2014-11-04
0.0,0.865258,0.272233,0.0,0.559862,0.922161,0.0,0.349213,1.614171,0.0,0.396442,0.869435,0.0,0.217558,1.394166,0.0,0.329292,0.243452,0.0,0.349213,1.614171,1.134654,0.400339,0.740083,0.0,0.106444,0.457621,0.967151,0.491998,0.002804,0.0,0.240502,1.342207,0.0,0.190085,0.555096,0.0,0.298432,0.408141,0.0,0.201708,0.496066,0.0,0.154653,0.557885,0.197976,0.452685,1.22481,0.437445,0.188592,0.549012,2014-11-05
0.0,0.700995,0.270657,0.0,0.288941,1.316891,0.0,0.152987,1.55423,0.0,0.11849,0.89297,0.0,0.264862,1.776471,0.0,0.213637,0.353669,0.0,0.152987,1.55423,1.182937,0.472359,1.129196,0.0,0.099254,0.230272,0.0,0.232531,0.17142,0.0,0.24319,1.80944,0.0,0.178325,0.255456,0.0,0.079179,0.26748,0.0,0.182515,0.249389,0.0,0.047383,0.249111,0.2064,0.092968,1.209154,0.0,0.153432,0.313762,2014-11-06
0.0,0.932744,0.269201,0.0,1.035035,0.761405,0.0,0.312161,1.246532,0.0,0.311764,0.624014,0.0,0.573607,1.423689,0.0,0.442461,0.241391,0.0,0.312161,1.246532,0.0,0.399199,0.882317,0.0,0.259085,0.228926,0.0,0.378948,0.00416,0.0,0.503353,1.523146,0.0,0.319878,0.246353,0.0,0.257778,0.221439,0.0,0.320167,0.248693,0.0,0.253093,0.230496,0.0,0.121083,1.418404,0.0,0.30901,0.251295,2014-11-07
0.0,0.799876,0.267761,0.0,0.838831,0.760264,0.0,0.308376,1.223489,0.0,0.310434,0.628002,0.0,0.641619,1.316397,0.0,0.441641,0.240577,0.0,0.308376,1.223489,0.0,0.428214,0.877639,0.0,0.22919,0.227595,0.0,0.389672,0.002344,0.0,0.440874,1.395957,0.0,0.309129,0.245238,0.0,0.241553,0.220131,0.0,0.307507,0.248225,0.0,0.221967,0.229156,0.0,0.09329,1.501186,0.0,0.309155,0.24982,2014-11-08
0.0,0.769287,0.266334,0.0,0.807188,0.758742,0.0,0.312272,1.200959,0.0,0.314421,0.631523,0.0,0.605071,1.290745,0.0,0.395298,0.239935,0.0,0.312272,1.200959,0.0,0.37518,0.875996,0.0,0.250483,0.226279,0.0,0.348595,0.002343,0.0,0.373529,1.24758,0.0,0.318706,0.244233,0.0,0.241955,0.218837,0.0,0.316734,0.248019,0.0,0.239266,0.227831,0.0,0.194941,1.536719,0.0,0.305241,0.248366,2014-11-09
0.0,1.098612,0.264923,0.869176,1.132089,0.807376,0.843295,1.677894,1.219095,0.854333,1.682734,0.67405,0.346868,0.638276,1.266479,0.909406,1.068262,0.261036,0.843295,1.677894,1.219095,1.178848,0.526001,0.785754,1.161951,0.576526,0.299884,0.0,0.435003,0.002343,0.306147,0.930814,1.22776,0.826627,1.668757,0.277727,0.676763,1.501556,0.241779,0.721779,1.62317,0.279021,1.026623,1.423174,0.27835,0.404622,0.679827,1.298971,0.818338,1.650578,0.282099,2014-11-10
0.0,1.327489,0.263526,0.906162,1.070901,0.75467,0.87918,1.04507,1.157394,0.890687,0.912775,0.637278,1.556131,0.431189,1.240284,0.948104,0.571457,0.239244,0.87918,1.04507,1.157394,2.367638,0.593092,0.775402,1.211396,1.492157,0.234109,1.087637,0.626684,0.002342,1.500229,0.432674,1.200753,0.861803,1.080437,0.242644,0.705561,0.810437,0.216294,0.752493,1.274308,0.248504,1.070309,1.408512,0.225224,1.703626,0.598282,1.113409,1.763097,0.838376,0.245529,2014-11-11
0.511317,0.781095,0.283962,1.968992,0.753717,0.752171,1.917679,0.59916,1.136336,1.940365,0.598282,0.63956,1.64747,0.420977,1.215586,2.046038,0.519473,0.239226,1.917679,0.59916,1.136336,3.496111,0.802723,0.762046,2.087511,0.972252,0.222419,1.13392,0.303156,0.002342,1.643924,0.428375,1.177714,1.728169,0.703266,0.242104,1.547829,0.595194,0.215045,1.605135,0.742536,0.249226,1.976017,0.680435,0.223943,1.793939,0.415743,1.093853,2.435048,0.467605,0.244147,2014-11-12
4.721982,0.394751,0.260774,8.963686,0.14297,0.749395,8.611223,0.411896,1.115752,7.811132,0.399632,0.641475,7.69347,1.507761,1.191303,8.374045,1.738485,0.239436,8.611223,0.411896,1.115752,8.820937,1.728655,0.762834,9.029589,0.589249,0.22116,3.248417,0.728043,0.002342,7.63763,1.535046,1.154995,8.124301,0.468693,0.241767,7.756814,0.682438,0.213809,7.748539,0.519253,0.250266,8.494257,0.576224,0.222676,8.013655,0.0,1.074326,5.446075,0.30751,0.242792,2014-11-13
7.554513,0.38961,0.25942,16.35129,0.224331,0.746365,15.658036,0.295857,1.095649,13.176191,0.335137,0.643043,15.022361,2.090296,1.167472,14.137899,2.152441,0.239873,15.658036,0.295857,1.095649,12.135886,1.792294,0.763135,14.068672,0.808789,0.219916,6.368979,1.416937,0.002341,14.848433,2.209718,1.132644,13.633106,0.345998,0.241651,13.58816,0.51374,0.212587,13.244459,0.374167,0.251606,13.485511,0.616567,0.221422,15.63759,0.096529,1.054897,7.179273,0.426079,0.241466,2014-11-14
6.661139,0.337177,0.258079,14.872359,0.211536,0.7431,14.293637,0.165773,1.076036,12.505793,0.175839,0.644285,11.402014,1.702489,1.144122,13.475761,1.917769,0.240526,14.293637,0.165773,1.076036,11.703059,1.89421,0.762979,15.192033,0.449288,0.218686,9.122564,1.844981,0.002341,11.278017,1.748576,1.110698,12.993568,0.19442,0.241773,12.037934,0.186854,0.21138,12.123657,0.216691,0.253216,13.952168,0.373535,0.220183,11.787671,-0.004413,1.035624,8.815145,0.14782,0.240169,2014-11-15
3.480203,0.007502,0.256752,5.563954,0.0,0.739621,5.375336,0.0,1.056929,5.275533,0.0,0.645219,3.802063,0.855907,1.121273,5.973716,1.363453,0.241379,5.375336,0.0,1.056929,6.278107,1.446829,0.762398,9.155284,0.342083,0.217469,7.183944,1.614687,0.00234,3.786186,0.847828,1.089193,6.341458,0.0,0.242142,4.969454,0.021102,0.210186,5.473989,0.0,0.255057,7.778521,0.381275,0.218957,3.832721,0.0,1.016552,6.275091,0.004736,0.238905,2014-11-16
0.0,0.0,0.255439,0.0,0.0,0.735945,0.0,0.0,1.03835,0.0,0.0,0.645866,2.325158,0.453478,1.098939,0.228528,0.068043,0.242411,0.0,0.0,1.03835,0.0,0.017429,0.761422,0.878221,0.064618,0.216265,0.953658,0.214957,0.00234,2.302961,0.454546,1.068159,0.467545,0.0,0.24276,0.23695,0.011044,0.209006,0.360669,0.0,0.257084,0.624794,0.045972,0.217745,2.499025,0.0,0.997719,0.492912,0.0,0.237676,2014-11-17
0.0,0.02135,0.254139,0.0,-0.000548,0.732091,0.0,-0.000556,1.020318,0.0,-1.5e-05,0.646246,3.583822,0.793331,1.077131,0.0,0.019764,0.243596,0.0,-0.000556,1.020318,0.0,0.023717,0.760077,0.0,-6.5e-05,0.215075,0.0,0.009167,0.00234,3.548891,0.781996,1.047624,0.0,4e-06,0.24362,0.0,0.002956,0.207839,0.0,0.0,0.259256,0.0,-8.9e-05,0.216545,3.850544,-0.000202,0.979154,0.0,0.0,0.236484,2014-11-18
0.0,0.11857,0.252853,0.0,-0.001072,0.728076,0.0,-0.000985,1.002846,0.0,-2e-06,0.64638,2.430731,0.587004,1.055852,0.0,0.0353,0.244907,0.0,-0.000985,1.002846,1.146571,0.280667,0.758392,0.0,0.000502,0.213898,0.0,0.016297,0.002339,2.405752,0.580056,1.02761,0.0,0.0,0.244704,0.0,0.005496,0.206687,0.0,0.0,0.26153,0.0,0.00098,0.215359,2.606443,-0.001381,0.960881,0.0,-9.3e-05,0.235332,2014-11-19
0.0,0.139706,0.25158,0.0,0.000256,0.723915,0.0,0.000278,0.985938,0.0,0.0,0.646289,2.436226,0.589222,1.035102,0.0,0.06026,0.246317,0.0,0.000278,0.985938,1.195361,0.318844,0.756391,0.0,0.000494,0.212734,0.855201,0.211283,0.002339,2.409296,0.584363,1.008133,0.0,0.0,0.245993,0.0,0.00799,0.205548,0.0,0.0,0.263872,0.0,-0.0,0.214186,2.613463,-0.000762,0.942917,0.309894,0.031272,0.234223,2014-11-20
0.0,0.104492,0.250321,0.0,0.022244,0.719623,0.0,0.0,0.969589,0.0,0.022538,0.645994,1.212051,0.309964,1.014873,0.0,0.045969,0.247803,0.0,0.0,0.969589,0.0,0.043009,0.754095,0.0,0.055708,0.211583,0.891592,0.220061,0.002338,1.197767,0.309056,0.989197,0.0,0.022017,0.247457,0.0,0.008953,0.204423,0.0,0.022264,0.266251,0.0,0.0,0.213025,1.302683,0.0,0.925276,0.323081,0.023107,0.23316,2014-11-21
3.17276,0.137502,0.249075,7.382035,0.074151,0.715215,7.123959,0.074133,0.95378,5.588441,0.052157,0.645514,4.983366,1.008752,0.995158,5.787995,1.143647,0.249342,7.123959,0.074133,0.95378,4.121002,0.855988,0.751528,3.562193,0.528391,0.210445,0.529583,0.153218,0.002338,4.947558,1.004617,0.970805,4.521563,0.07611,0.24907,5.028034,0.35635,0.203311,4.68118,0.097444,0.268641,3.836707,0.215704,0.211877,5.099688,-0.000308,0.90797,2.34093,0.057535,0.232146,2014-11-22
4.952525,0.091734,0.247842,10.032107,-0.018492,0.710704,9.671532,-0.018761,0.938482,8.144673,-0.016296,0.644867,6.155028,0.867347,0.975946,8.741943,1.021233,0.250915,9.671532,-0.018761,0.938482,7.689897,1.252361,0.748708,7.202262,0.133852,0.20932,2.570537,0.526409,0.002338,6.106816,0.823994,0.952948,8.264207,-0.018875,0.250802,8.904833,0.131159,0.202214,8.411271,-0.017965,0.271023,7.185899,0.153368,0.210742,6.393762,-0.010091,0.891004,5.679344,-0.010297,0.231185,2014-11-23
2.580632,0.020149,0.246622,5.653939,-6.2e-05,0.706104,5.442253,-5e-05,0.923658,5.008208,9e-06,0.644069,3.499031,0.686619,0.957225,5.507951,1.18451,0.252508,5.442253,-5e-05,0.923658,5.467595,1.234951,0.745656,6.139312,0.314836,0.208208,4.638333,0.955895,0.002337,3.45199,0.681249,0.935612,5.424349,-7e-06,0.252624,5.232095,0.124854,0.201132,5.161676,-1e-05,0.273382,5.53538,0.317557,0.209619,3.685508,0.0,0.874383,6.438259,0.0,0.23028,2014-11-24
2.145353,-0.000427,0.245416,7.127686,0.045231,0.701426,6.711733,-0.001269,0.909265,5.320164,-0.000836,0.643131,9.919157,1.397523,0.938977,5.736223,1.152207,0.254107,6.711733,-0.001269,0.909265,8.191534,1.264596,0.742388,5.233389,0.144996,0.20711,4.111537,0.947214,0.002337,9.798345,1.421786,0.918776,3.998131,-0.000929,0.254513,3.595647,0.02771,0.200064,3.561983,-0.000926,0.275704,4.621336,0.150485,0.208508,10.414394,0.0,0.858109,5.320039,-4.4e-05,0.229434,2014-11-25
1.295497,0.051828,0.244222,3.932647,-0.016139,0.696682,3.625373,-0.01678,0.895258,2.730215,-0.016498,0.642065,9.944927,1.136066,0.921188,3.061858,0.605629,0.255703,3.625373,-0.01678,0.895258,6.442734,0.841881,0.73892,2.736207,0.407371,0.206024,2.411753,0.585538,0.002336,9.833723,0.967692,0.902416,2.295465,-0.019191,0.256446,2.212416,-0.014865,0.199012,2.10434,-0.020082,0.27798,2.411684,0.052855,0.20741,10.562571,-0.006937,0.842181,2.650334,-0.010961,0.228649,2014-11-26
0.0,0.057266,0.243041,0.0,0.128099,0.691881,0.0,-0.004667,0.881593,0.0,-0.002058,0.640876,4.799521,1.024588,0.90384,0.0,0.083033,0.257286,0.0,-0.004667,0.881593,0.128611,0.101841,0.735268,0.0,0.266038,0.204951,0.916958,0.256704,0.002336,4.744292,1.115621,0.886504,0.0,-0.000499,0.258403,0.0,0.002951,0.197975,0.0,-0.00047,0.280204,0.0,-0.000176,0.206323,5.144485,-0.000756,0.826599,0.450025,-0.004386,0.227928,2014-11-27
0.0,-0.016655,0.241872,0.0,-0.053728,0.687034,0.0,-0.054622,0.868229,0.0,-0.058003,0.639571,2.482717,0.700493,0.887132,0.0,0.162609,0.258851,0.0,-0.054622,0.868229,0.134083,0.124181,0.731445,0.0,0.075265,0.203892,0.0,0.077216,0.002336,2.451278,0.670207,0.87103,0.0,-0.009764,0.260367,0.0,-0.010408,0.196955,0.0,-0.001405,0.282369,0.0,-0.045113,0.205249,2.65659,-0.055946,0.811358,0.0,-0.066926,0.227273,2014-11-28
0.0,-0.081048,0.240717,0.0,-0.118215,0.68215,0.0,-0.122274,0.855129,0.0,-0.12389,0.638152,0.0,0.328221,0.870399,0.0,0.194946,0.260393,0.0,-0.122274,0.855129,0.0,0.072567,0.727465,0.0,0.322554,0.202847,0.0,0.043754,0.002335,0.0,0.367715,0.855913,0.0,-0.079589,0.262326,0.0,-0.062449,0.195952,0.0,-0.103864,0.28447,0.0,0.115195,0.204187,0.0,-0.127796,0.796456,0.0,-0.1331,0.226686,2014-11-29
0.0,-0.133731,0.239574,0.0,-0.137647,0.677235,0.0,-0.136357,0.842262,0.0,-0.12869,0.63662,0.0,0.313065,0.854275,0.0,0.102913,0.261907,0.0,-0.136357,0.842262,0.0,0.096862,0.72334,0.0,0.288684,0.201816,0.0,0.069997,0.002335,0.0,0.143061,0.841179,0.0,-0.101412,0.264266,0.0,-0.066328,0.194967,0.0,-0.102932,0.286505,0.0,-0.073746,0.203137,0.0,-0.131803,0.777252,0.0,-0.148498,0.226168,2014-11-30
0.394368,0.032248,0.238443,1.803231,0.001094,0.672297,1.779097,-0.006471,0.829601,1.864644,0.039577,0.634977,2.344378,0.434595,0.838529,2.057781,0.314195,0.263407,1.779097,-0.006471,0.829601,1.239541,0.285384,0.719083,1.862641,0.448397,0.200845,1.079777,0.295297,0.002334,2.318971,0.412483,0.826787,1.583521,0.067025,0.266179,1.558297,0.034875,0.194002,1.374166,0.073767,0.28847,1.54936,0.016862,0.202099,2.466009,-0.054982,0.758034,0.981123,-0.06006,0.22572,2014-12-01
0.0,0.132248,0.237325,0.0,0.126845,0.667344,0.0,0.072172,0.817126,0.206319,0.179619,0.633221,2.247468,0.60745,0.823148,0.386578,0.130413,0.264839,0.0,0.072172,0.817126,0.0,0.040331,0.714706,1.537031,0.352039,0.199798,1.914454,0.426871,0.002334,2.236954,0.596814,0.812717,0.685062,0.179942,0.268055,0.329101,0.025536,0.193057,0.436101,0.236235,0.290362,0.998542,0.074839,0.201073,2.359959,-0.018263,0.748948,0.941917,-0.014032,0.225339,2014-12-02
0.359659,0.069485,0.236219,0.258969,0.083057,0.66238,0.257175,0.065268,0.804821,0.340685,0.085987,0.631354,0.0,0.090831,0.808122,0.405799,0.178081,0.266252,0.257175,0.065268,0.804821,0.0,0.085288,0.710221,0.764104,0.521313,0.198812,0.822292,0.247126,0.002334,0.0,0.097189,0.798951,0.520891,0.139893,0.269888,0.438121,0.029123,0.192134,0.465447,0.152389,0.29218,0.586773,0.030178,0.200059,0.0,-0.011617,0.742283,0.265851,-0.013749,0.225027,2014-12-03
0.374963,-0.062362,0.235126,0.269989,-0.055943,0.657412,0.268119,-0.059338,0.792675,0.355183,-0.025452,0.629376,0.0,0.099509,0.793438,0.423067,0.18228,0.267631,0.268119,-0.059338,0.792675,0.0,0.096224,0.705635,0.796619,0.461725,0.197881,0.0,0.082794,0.002333,0.0,0.097999,0.783329,0.543056,-0.025975,0.271671,0.456764,-0.001025,0.191235,0.485253,1e-06,0.293922,0.611742,-0.032067,0.199058,0.0,-0.063051,0.736127,0.0,-0.076259,0.22478,2014-12-04
0.0,0.165431,0.234044,0.0,0.19716,0.652443,0.0,0.16286,0.775861,0.0,0.132782,0.627286,0.0,0.370121,0.772707,0.0,0.33093,0.268958,0.0,0.16286,0.775861,0.0,0.107805,0.700961,0.0,0.421662,0.196889,0.0,0.092334,0.002333,0.0,0.12125,0.763734,0.0,0.255014,0.273401,0.0,0.004794,0.19036,0.0,0.290764,0.295587,0.0,0.001376,0.198068,0.0,-0.025475,0.730097,0.0,-0.027223,0.224597,2014-12-05
0.0,-0.034169,0.232975,0.0,0.004014,0.647479,0.0,-0.015836,0.763,0.0,-0.019729,0.625086,0.0,0.208578,0.756796,0.0,0.220323,0.270248,0.0,-0.015836,0.763,0.0,0.064912,0.696206,0.0,0.011322,0.195954,0.0,0.0476,0.002332,0.0,0.072139,0.75455,0.0,0.045161,0.275072,0.0,-0.00014,0.189512,0.0,0.075571,0.297173,0.0,-0.019616,0.197091,0.0,-0.027848,0.724106,0.0,-0.030401,0.224473,2014-12-06
0.0,-0.016104,0.231918,0.0,0.014214,0.642523,0.0,-0.007738,0.756902,0.0,0.001699,0.622779,0.0,0.264816,0.74873,0.0,0.347538,0.271493,0.0,-0.007738,0.756902,0.0,0.067899,0.691381,0.0,0.243894,0.195038,0.0,0.04647,0.002332,0.0,0.081258,0.748529,0.0,0.061775,0.276682,0.0,0.001953,0.188693,0.0,0.084829,0.29868,0.0,-0.012002,0.196127,0.0,-0.017526,0.718131,0.0,-0.019401,0.224406,2014-12-07
0.0,0.022881,0.230872,0.0,-0.008103,0.637578,0.0,-0.02464,0.752035,0.0,-0.028179,0.620365,0.0,0.069854,0.7423,0.0,0.061494,0.272692,0.0,-0.02464,0.752035,0.0,0.054932,0.686493,0.0,0.173238,0.194142,0.0,0.03294,0.002332,0.0,0.071938,0.743122,0.0,0.073259,0.278228,0.0,0.084911,0.187904,0.0,0.096364,0.300107,0.0,-0.009468,0.195175,0.0,-0.058451,0.712164,0.0,-0.055842,0.22439,2014-12-08
0.0,0.227524,0.229839,0.0,0.077324,0.632648,0.0,0.07027,0.747346,0.0,0.009326,0.617849,0.0,0.103592,0.736224,0.0,0.03659,0.273843,0.0,0.07027,0.747346,0.0,0.041651,0.681552,0.0,0.174831,0.193268,0.0,0.020182,0.002331,0.0,0.084132,0.737835,0.0,0.243884,0.279708,0.0,0.075884,0.187147,0.0,0.207174,0.301455,0.0,0.001418,0.194236,0.0,-0.041297,0.706205,0.0,-0.017049,0.224422,2014-12-09
0.0,0.355639,0.228817,0.0,0.210144,0.627736,0.0,0.197353,0.742638,0.0,0.290227,0.615234,0.0,0.282591,0.730241,0.0,0.240118,0.274945,0.0,0.197353,0.742638,0.0,0.274543,0.676564,0.0,0.477793,0.192415,0.0,0.03391,0.002331,0.0,0.275433,0.732561,0.0,0.369925,0.28112,0.0,0.001572,0.186426,0.0,0.400479,0.302723,0.0,0.000476,0.19331,0.0,-0.03915,0.700255,0.0,-0.017496,0.224496,2014-12-10
0.0,0.549597,0.227806,0.0,0.392064,0.622843,0.0,0.367499,0.737869,0.0,0.448442,0.612525,0.0,0.497779,0.72429,0.0,0.453639,0.275996,0.0,0.367499,0.737869,0.0,0.486001,0.671537,0.0,0.69604,0.191586,0.0,0.043507,0.00233,0.0,0.543342,0.727271,0.0,0.545349,0.282464,0.0,0.001456,0.185741,0.0,0.567655,0.303912,0.0,0.0,0.192398,0.0,-0.00054,0.694317,0.0,0.0,0.224608,2014-12-11
0.0,0.497783,0.226807,0.0,0.279287,0.617974,0.0,0.230791,0.733029,0.0,0.275404,0.609725,2.167767,1.229291,0.718359,0.0,0.713581,0.276996,0.0,0.230791,0.733029,0.222464,0.627902,0.666477,0.0,0.287139,0.190783,0.851393,0.257351,0.00233,2.154985,1.287687,0.722335,0.0,0.481776,0.283738,0.0,0.001253,0.185095,0.0,0.526675,0.305023,0.0,0.370271,0.191499,2.281402,-7.6e-05,0.688395,0.596546,-0.000126,0.224752,2014-12-12
2.29645,0.360611,0.225819,2.794056,0.223976,0.613128,2.77629,0.171645,0.728136,2.777086,0.146371,0.606839,4.103328,2.117264,0.712433,2.790378,1.998185,0.278346,2.77629,0.171645,0.728136,2.655307,1.713214,0.661458,2.589329,0.444773,0.1908,1.357856,0.421695,0.00233,4.036284,2.252981,0.717241,2.464252,0.219513,0.284964,2.409916,0.148038,0.18449,2.463158,0.249049,0.306058,2.579224,0.206338,0.190728,4.279207,0.032175,0.682492,1.819143,0.0,0.224986,2014-12-13
2.95802,0.233037,0.224842,3.697872,0.272496,0.60831,3.660442,0.252766,0.723142,3.683846,0.276726,0.603873,2.628151,0.883912,0.706495,3.728325,1.124763,0.278893,3.660442,0.252766,0.723142,3.834094,1.045743,0.656291,3.281781,0.384395,0.189469,0.661144,0.18748,0.002329,2.457394,0.855948,0.711226,3.16684,0.240812,0.286098,3.099638,0.197725,0.183927,3.118685,0.242172,0.307018,3.343208,0.16335,0.189783,2.917976,0.011765,0.676612,1.836461,0.0,0.225131,2014-12-14
0.587842,0.557792,0.223877,1.165449,0.534103,0.603519,1.143012,0.54491,0.718091,1.241988,0.508648,0.600833,0.736456,0.295164,0.700577,1.349143,0.32057,0.279679,1.143012,0.54491,0.718091,1.363237,0.345831,0.651163,1.469175,0.886511,0.188538,0.178172,0.056012,0.002329,0.616819,0.185567,0.70582,1.179976,0.54523,0.287143,1.03974,0.058303,0.183408,1.040597,0.543309,0.307893,1.365068,0.31636,0.188888,0.976215,0.116222,0.670758,0.863701,0.0,0.225331,2014-12-15
0.0,0.548604,0.222922,2.095036,0.503032,0.598759,1.917652,0.507274,0.71299,1.224793,0.432066,0.597722,3.364853,0.735585,0.69467,1.367814,0.344866,0.280467,1.917652,0.507274,0.71299,1.449478,0.308868,0.646034,1.101237,0.647285,0.187851,0.0,0.005357,0.002328,3.340049,0.667114,0.700391,0.788565,0.515916,0.288141,0.68717,0.074006,0.182934,0.668365,0.51689,0.308699,0.889632,0.061682,0.188046,3.53493,0.018007,0.664933,0.428442,0.0,0.225558,2014-12-16
0.642677,0.377219,0.221978,3.806004,0.295901,0.59403,3.613638,0.286349,0.707839,2.499954,0.2855,0.594548,4.660556,1.070503,0.688776,2.580603,0.54929,0.281202,3.613638,0.286349,0.707839,2.009477,0.457656,0.640903,1.390275,0.6401,0.187196,0.174525,0.041556,0.002328,4.625903,1.055524,0.694942,1.406377,0.322253,0.289071,1.471177,0.05617,0.182506,1.36898,0.331676,0.309434,1.362145,0.073498,0.18722,4.834493,-0.005289,0.659141,0.616549,-0.001699,0.225794,2014-12-17
0.670026,0.004726,0.221045,2.856083,-0.003652,0.589334,2.82783,-0.009146,0.702645,2.596041,0.01212,0.591314,1.455151,0.343096,0.682899,2.643783,0.412242,0.281883,2.82783,-0.009146,0.702645,0.519525,0.125207,0.635773,2.220453,0.284475,0.186575,0.181952,0.053431,0.002328,1.422205,0.322648,0.689477,1.82334,0.010764,0.289934,1.652817,0.029467,0.182125,1.689273,0.019031,0.310097,2.057416,0.052663,0.18641,1.467669,-0.027624,0.653384,0.460809,-0.01592,0.226037,2014-12-18
0.236488,0.050309,0.220122,0.969542,0.044416,0.584673,0.950016,0.038364,0.697415,0.881166,0.057397,0.588027,0.264381,0.101341,0.677042,0.91647,0.310087,0.282512,0.950016,0.038364,0.697415,0.0,0.039993,0.630649,1.033204,0.329104,0.18599,0.0,0.005033,0.002327,0.239591,0.109562,0.684002,0.608077,0.05826,0.290731,0.397641,0.021536,0.181791,0.479501,0.063609,0.310692,0.865644,0.049976,0.185616,0.281102,-0.009459,0.647665,0.0,-0.009359,0.226282,2014-12-19
2.098491,0.010627,0.21921,2.42639,0.100634,0.580046,2.411769,0.094089,0.692157,2.29662,0.122705,0.584692,4.510685,0.724404,0.671208,2.408927,0.424007,0.283088,2.411769,0.094089,0.692157,2.87226,0.487874,0.625535,2.168311,0.377343,0.185442,1.751466,0.301539,0.002327,4.481106,0.721733,0.678521,2.388413,0.124873,0.291465,2.47315,0.061925,0.181503,1.92348,0.134625,0.311219,2.299477,0.106809,0.184837,4.672077,0.009999,0.641986,2.485607,-0.001296,0.226527,2014-12-20
9.700904,0.106223,0.218308,9.063166,0.124666,0.575457,8.978204,0.117953,0.686876,9.293225,0.137452,0.581313,12.315665,1.588292,0.665401,9.778793,1.498791,0.283613,8.978204,0.117953,0.686876,10.805943,1.604921,0.620435,9.626173,0.388537,0.184931,8.493685,1.471231,0.002326,12.175121,1.562435,0.673038,10.515953,0.135165,0.292136,10.931793,-0.001641,0.181261,10.182253,0.13834,0.311681,9.835412,0.215727,0.184076,12.567512,-0.00341,0.63635,10.010592,-0.004423,0.226769,2014-12-21
11.294483,0.308639,0.217416,10.963967,0.360936,0.570904,10.849863,0.352885,0.681578,11.120348,0.373619,0.577896,9.380539,1.468225,0.659624,11.560545,1.553895,0.284087,10.849863,0.352885,0.681578,15.895996,1.455578,0.615353,10.611928,0.487808,0.184459,13.849046,1.466532,0.002326,9.191711,1.463479,0.667559,10.58471,0.36585,0.292746,10.633488,0.0,0.181064,10.590799,0.367605,0.31208,10.539167,0.345582,0.183332,9.69388,0.0,0.630758,13.64114,0.0,0.227006,2014-12-22
3.329582,0.36387,0.216533,4.746035,0.357773,0.56639,4.657347,0.364108,0.676271,4.539941,0.344019,0.574445,4.739242,1.002797,0.65388,4.685569,1.016613,0.28451,4.657347,0.364108,0.676271,8.308927,1.007624,0.610292,3.868867,0.589969,0.184026,7.191143,0.965927,0.002326,4.649159,0.968263,0.662087,2.714272,0.352995,0.293297,2.235366,0.0,0.180909,2.434708,0.350061,0.312417,3.510171,0.255748,0.182605,5.142465,0.0,0.625212,6.443967,0.0,0.227235,2014-12-23
0.604358,0.258433,0.215661,4.956448,0.262887,0.561915,4.829639,0.26574,0.67096,3.01596,0.248537,0.570965,11.007663,1.270188,0.648171,2.903818,0.65123,0.284885,4.829639,0.26574,0.67096,2.104774,0.489666,0.605254,1.61713,0.536627,0.183632,1.242391,0.299455,0.002325,11.033819,1.330196,0.656627,1.794348,0.247344,0.293789,1.933355,0.0,0.180796,1.678132,0.239657,0.312695,1.587753,0.100875,0.181896,11.140436,0.0,0.619715,1.554552,0.0,0.227454,2014-12-24
1.892986,0.358808,0.214798,9.667439,0.379642,0.557481,9.584167,0.377466,0.665649,7.840154,0.366312,0.567459,10.7426,1.765461,0.642502,7.808119,1.703673,0.285212,9.584167,0.377466,0.665649,7.878104,1.596915,0.600243,5.437923,0.598239,0.183277,3.882062,0.840991,0.002325,10.500983,1.817101,0.651184,5.25243,0.362777,0.294226,5.337096,0.0,0.180721,4.911536,0.353042,0.312915,5.255126,0.29347,0.181205,11.041209,0.0,0.614267,3.834142,0.052102,0.227662,2014-12-25
1.716819,0.297589,0.213945,5.705708,0.286293,0.553087,5.692554,0.284996,0.660344,5.824674,0.282173,0.563932,4.004227,1.047382,0.636873,6.125326,1.40372,0.285492,5.692554,0.284996,0.660344,6.396818,1.313322,0.595262,5.804203,0.532529,0.182961,3.737817,0.813554,0.002324,3.702447,0.956214,0.64576,4.575627,0.287229,0.294608,4.113078,0.0,0.180682,4.101838,0.284717,0.31308,5.224638,0.233756,0.180533,4.387913,0.0,0.608869,3.26171,0.289081,0.227858,2014-12-26
0.417196,0.191715,0.213101,0.564159,0.19793,0.548734,0.548611,0.197281,0.65505,0.69494,0.179897,0.560388,1.150915,0.383764,0.631287,0.797471,0.289677,0.285726,0.548611,0.197281,0.65505,0.223169,0.086736,0.590312,1.014808,0.380002,0.182683,1.085231,0.277224,0.002324,1.14327,0.382642,0.64036,0.619001,0.168485,0.294938,0.407582,0.0,0.180676,0.507738,0.168397,0.313192,0.953933,0.083007,0.179879,1.179053,0.0,0.603523,0.862364,0.210889,0.22804,2014-12-27
1.651035,0.246197,0.212266,5.126521,0.275821,0.544424,4.984141,0.278726,0.64977,4.074899,0.253033,0.55683,4.611854,0.819452,0.625747,4.155299,0.829402,0.285916,4.984141,0.278726,0.64977,4.02314,0.68087,0.585397,2.667748,0.454975,0.182443,2.472353,0.433886,0.002324,4.578454,0.854304,0.634986,2.579506,0.247776,0.295217,2.632238,0.0,0.180701,2.466669,0.24063,0.313252,2.759643,0.145874,0.179245,4.736042,0.0,0.59823,2.589163,0.282296,0.228208,2014-12-28
2.662317,0.150714,0.21144,7.460596,0.145114,0.540156,7.265654,0.141251,0.644509,5.987939,0.142777,0.553261,7.098877,1.091568,0.620253,6.118904,1.069857,0.286062,7.265654,0.141251,0.644509,5.584492,0.920202,0.580517,4.267818,0.358161,0.18224,4.998124,0.818315,0.002323,7.058508,1.135872,0.629642,3.985012,0.147492,0.295447,3.973797,0.0,0.180753,3.848604,0.145669,0.313263,4.18058,0.164025,0.178629,7.25629,0.0,0.592991,4.569976,0.152246,0.22836,2014-12-29
0.981068,0.134913,0.210623,3.04598,0.128462,0.535931,2.993073,0.1256,0.639271,2.7786,0.124587,0.549684,2.513489,0.769753,0.614808,2.829155,0.71549,0.286167,2.993073,0.1256,0.639271,1.449309,0.44374,0.575674,2.412425,0.299786,0.182071,4.231014,0.762223,0.002323,2.38247,0.738267,0.624331,1.906694,0.124846,0.29563,1.620121,0.0,0.180829,1.814311,0.124876,0.313226,2.301261,0.128712,0.178033,2.417384,0.0,0.587805,3.124921,0.040714,0.228495,2014-12-30
0.0,0.17119,0.209815,1.184782,0.156267,0.531749,1.185752,0.161611,0.634058,1.387642,0.145159,0.546104,0.255799,0.147455,0.609413,1.426687,0.308431,0.28623,1.185752,0.161611,0.634058,0.0,0.008975,0.570871,1.761946,0.343614,0.181936,3.487549,0.710405,0.002322,0.0,0.041369,0.619056,1.135284,0.148436,0.295767,0.690896,0.0,0.180927,0.986557,0.145915,0.313144,1.607815,0.106137,0.177456,0.0,0.0,0.582675,1.922414,0.009019,0.228614,2014-12-31
0.990887,0.224069,0.209015,1.589075,0.239365,0.527611,1.468209,0.240335,0.628875,1.393574,0.222952,0.542521,2.720921,0.589098,0.604069,1.470893,0.295262,0.286255,1.468209,0.240335,0.628875,2.584729,0.508776,0.566109,1.247286,0.372118,0.181832,0.300665,0.288831,0.002322,2.653823,0.555908,0.613818,1.064657,0.221014,0.295861,0.973408,0.0,0.181043,1.013383,0.2139,0.313018,1.191418,0.082077,0.176898,2.960888,4.6e-05,0.577601,0.965662,0.0001,0.228717,2015-01-01
1.033053,0.246631,0.208224,2.10986,0.284278,0.523516,1.919558,0.287751,0.623723,1.619603,0.26406,0.538939,2.631849,0.512386,0.598778,1.745242,0.435437,0.286241,1.919558,0.287751,0.623723,1.277091,0.333797,0.561388,1.300362,0.402901,0.181758,0.31346,0.084985,0.002322,2.560878,0.472887,0.60862,1.109962,0.256234,0.295912,1.01483,0.0,0.181175,1.056505,0.242091,0.31285,1.242116,0.091475,0.17636,2.872344,0.0,0.572582,0.721682,0.0,0.228801,2015-01-02
0.215279,0.283135,0.207441,1.916467,0.356996,0.519466,1.733676,0.36146,0.618605,1.050075,0.328565,0.53536,3.609994,0.949782,0.59354,1.136729,0.261863,0.286191,1.733676,0.36146,0.618605,1.423735,0.300979,0.556711,0.268098,0.634706,0.181711,1.264351,0.240668,0.002321,3.535813,0.853683,0.603463,0.196253,0.322175,0.295923,0.17305,0.0,0.181319,0.231678,0.301393,0.312641,0.296538,0.018696,0.175841,3.896045,0.0,0.567619,1.380536,0.0,0.228869,2015-01-03
0.22444,0.273156,0.206665,2.413977,0.294473,0.51546,2.173367,0.293745,0.613525,1.384547,0.283894,0.531786,4.829551,0.726164,0.588356,1.545576,0.338211,0.286105,2.173367,0.293745,0.613525,3.046827,0.579105,0.552077,0.562407,0.382847,0.18169,2.430781,0.442413,0.002321,4.718942,0.727231,0.598349,0.399189,0.286112,0.295895,0.370104,0.0,0.181474,0.384321,0.276602,0.312395,0.530901,0.034983,0.175341,5.198704,0.0,0.562712,2.20719,0.0,0.228918,2015-01-04
0.0,0.386613,0.205898,1.320718,0.351187,0.511499,1.155242,0.337593,0.608483,0.667043,0.36071,0.528219,4.820481,1.375019,0.583227,0.810172,0.210493,0.285985,1.155242,0.337593,0.608483,1.628998,0.470026,0.547487,0.294939,0.474691,0.181692,1.159974,0.366862,0.00232,4.72124,1.299602,0.593281,0.202865,0.360332,0.295831,0.197762,0.0,0.181637,0.148861,0.359609,0.312112,0.231181,0.014957,0.17486,5.21267,0.0,0.557863,0.800584,-0.000555,0.228951,2015-01-05
0.0,0.047436,0.205139,0.389443,-0.051641,0.507582,0.347271,-0.06819,0.603482,0.18348,-0.022799,0.524662,1.184399,0.422821,0.578153,0.202672,0.19963,0.285832,0.347271,-0.06819,0.603482,0.0,-0.03575,0.542943,0.0,0.169628,0.181715,0.0,-0.066555,0.00232,1.161662,0.406785,0.588258,0.0,-0.014571,0.29573,0.0,-0.024357,0.181806,0.0,-0.005287,0.311793,0.0,0.280048,0.174398,1.282752,-0.049699,0.553069,0.0,-0.095818,0.228965,2015-01-06
0.0,0.011618,0.204387,0.0,-0.085016,0.503709,0.0,-0.094287,0.598524,0.0,-0.052723,0.521115,0.0,0.220252,0.573134,0.0,0.225927,0.285646,0.0,-0.094287,0.598524,0.0,0.145821,0.538444,0.0,0.084559,0.181756,0.0,0.105218,0.00232,0.0,0.221818,0.583282,0.0,-0.023774,0.295596,0.0,-0.03404,0.181979,0.0,-0.001108,0.311442,0.0,0.057238,0.173954,0.0,-0.090881,0.548332,0.0,-0.120553,0.228962,2015-01-07
0.0,0.244769,0.203642,0.0,0.036756,0.499881,0.0,0.01887,0.593609,0.0,0.103325,0.517581,0.0,0.057445,0.568171,0.0,0.079897,0.28543,0.0,0.01887,0.593609,0.0,0.040055,0.533992,0.0,0.067068,0.181815,0.0,0.011274,0.002319,0.0,0.057985,0.578353,0.0,0.165625,0.295429,0.0,0.0,0.182154,0.0,0.193718,0.311058,0.0,0.007001,0.173529,0.0,-0.045796,0.543652,0.0,-0.048126,0.228942,2015-01-08
0.0,0.511293,0.202905,0.0,0.380027,0.496097,0.0,0.355437,0.588741,0.0,0.444099,0.51406,0.0,0.192176,0.563263,0.0,0.205324,0.285185,0.0,0.355437,0.588741,0.0,0.040818,0.529586,0.0,0.462739,0.181888,0.0,0.014033,0.002319,0.0,0.200392,0.573474,0.0,0.492989,0.295231,0.0,0.0,0.182329,0.0,0.504388,0.310644,0.0,0.0,0.173121,0.0,-0.001389,0.539027,0.0,0.037984,0.228905,2015-01-09
0.425528,0.489787,0.202174,0.767271,0.421428,0.492358,0.705959,0.400699,0.583918,0.479345,0.466626,0.510555,1.130084,0.574055,0.558412,0.508316,0.448641,0.28491,0.705959,0.400699,0.583918,0.0,0.196758,0.525226,0.152964,0.631242,0.181974,0.0,0.022049,0.002318,1.114699,0.593826,0.568643,0.479791,0.489867,0.295003,0.65504,0.0,0.182503,0.541137,0.488629,0.310201,0.24808,0.158625,0.17273,1.208264,0.0,0.534459,0.0,0.16626,0.228851,2015-01-10
0.60258,0.48058,0.201451,3.06847,0.387417,0.488662,2.868855,0.370319,0.579144,2.244372,0.429331,0.507066,2.566431,0.790186,0.553617,2.382697,0.739603,0.284609,2.868855,0.370319,0.579144,0.469535,0.166845,0.520914,1.74613,0.486763,0.182071,0.0,0.019983,0.002318,2.504561,0.798367,0.563863,1.946251,0.434312,0.294747,2.073418,0.0,0.182675,1.876451,0.447136,0.30973,1.722363,0.202173,0.172356,2.727395,0.0,0.529947,0.506284,0.233064,0.22878,2015-01-11
0.601799,0.317731,0.200735,5.406902,0.233316,0.48501,4.998908,0.220489,0.574417,3.649179,0.249645,0.503595,3.776868,0.817628,0.548878,3.899394,0.863472,0.28428,4.998908,0.220489,0.574417,1.965942,0.405748,0.516648,2.933259,0.260323,0.182176,0.0,0.016355,0.002318,3.69492,0.81285,0.559132,2.895801,0.221284,0.294464,2.913392,0.0,0.182843,2.757085,0.226364,0.309234,2.755353,0.275747,0.171998,4.002733,0.0,0.52549,0.82403,0.178256,0.228693,2015-01-12
1.109539,0.355049,0.200025,4.4435,0.328943,0.481402,4.080662,0.320519,0.569741,2.915977,0.349227,0.500142,3.597337,0.998564,0.544194,3.165372,0.903508,0.283927,4.080662,0.320519,0.569741,1.726024,0.43817,0.51243,3.186076,0.598637,0.18229,0.183956,0.062216,0.002317,3.535755,0.991487,0.554453,2.5442,0.34619,0.294155,2.279771,0.035649,0.183007,2.325882,0.347578,0.308712,2.731685,0.567083,0.171656,3.816647,0.0,0.521088,0.90121,0.330057,0.22859,2015-01-13
0.682759,0.433056,0.199322,1.32638,0.429182,0.477837,1.237794,0.421729,0.565113,1.050666,0.447066,0.496709,1.218403,0.424409,0.539567,1.161229,0.414374,0.283549,1.237794,0.421729,0.565113,0.194718,0.067316,0.508258,1.931394,0.608976,0.182409,0.191784,0.052972,0.002317,1.191339,0.431787,0.549824,1.143579,0.450989,0.293821,0.785842,0.0,0.183165,0.915175,0.44957,0.308167,1.511736,0.403953,0.171329,1.291588,0.0,0.516741,0.617613,0.393428,0.228471,2015-01-14
0.0,0.457233,0.198625,0.0,0.431948,0.474315,0.0,0.429634,0.560537,0.0,0.442208,0.493296,2.293704,0.589185,0.534995,0.0,0.192997,0.283147,0.0,0.429634,0.560537,0.0,0.038142,0.504134,0.0,0.708633,0.182532,0.0,0.007318,0.002316,2.251538,0.594111,0.545246,0.0,0.434099,0.293464,0.0,0.0,0.183317,0.0,0.428659,0.3076,0.0,0.155554,0.171016,2.492338,0.0,0.512449,0.0,0.317776,0.228337,2015-01-15
0.0,0.474548,0.197935,0.277025,0.42919,0.470835,0.267511,0.412652,0.556011,0.24083,0.456896,0.489905,2.391308,0.722838,0.530478,0.239033,0.226531,0.282723,0.267511,0.412652,0.556011,0.0,0.043069,0.500056,0.0,0.680355,0.182658,1.115963,0.210075,0.002316,2.347348,0.718445,0.540719,0.0,0.471821,0.293085,0.0,0.0,0.183462,0.0,0.467025,0.307011,0.139051,0.133995,0.170716,2.598395,0.0,0.50821,0.712451,0.30968,0.228188,2015-01-16
0.0,0.44376,0.19725,0.288813,0.391626,0.467398,0.278894,0.369898,0.551535,0.251078,0.409428,0.486536,1.131003,0.367521,0.526016,0.249204,0.261032,0.282277,0.278894,0.369898,0.551535,0.0,0.037348,0.496025,0.0,0.764638,0.182787,1.163451,0.283986,0.002316,1.111988,0.370383,0.536242,0.0,0.427318,0.292684,0.0,0.0,0.183599,0.0,0.431397,0.306403,0.144968,0.247806,0.17043,1.230395,-0.002692,0.504025,0.742768,0.349342,0.228025,2015-01-17
0.0,0.228885,0.196572,0.260665,0.122299,0.464003,0.251501,0.096484,0.547111,0.353372,0.174422,0.483189,1.179131,0.506915,0.521608,0.484016,0.298427,0.281811,0.251501,0.096484,0.547111,1.151404,0.187481,0.49204,0.907914,0.505697,0.182916,0.0,0.007841,0.002315,1.159306,0.514902,0.531817,0.421415,0.200659,0.292263,0.219086,-0.00135,0.183727,0.274458,0.213448,0.305775,0.681562,0.026495,0.170156,1.282752,-0.012794,0.499892,0.204862,0.053595,0.227847,2015-01-18
0.273123,0.189426,0.195899,1.66288,0.035369,0.46065,1.522808,0.017874,0.542739,1.184916,0.08746,0.479866,3.423788,0.640099,0.517254,1.419086,0.461159,0.281324,1.522808,0.017874,0.542739,2.72378,0.42807,0.488102,1.270569,0.423522,0.183045,0.0,0.005889,0.002315,3.365333,0.609899,0.527442,1.331658,0.096216,0.291822,1.436988,-0.001343,0.183848,1.268407,0.121044,0.30513,1.198298,0.101119,0.169893,3.689301,-0.035324,0.495812,0.624609,0.013493,0.227655,2015-01-19
0.284745,0.34873,0.195232,1.450319,0.233054,0.457337,1.314247,0.213388,0.538417,0.851252,0.282723,0.476566,3.569481,0.930324,0.512954,1.098195,0.432859,0.280818,1.314247,0.213388,0.538417,1.588205,0.42083,0.484209,1.138812,0.384988,0.183173,0.0,0.003853,0.002314,3.508539,0.91514,0.523117,1.33335,0.279891,0.291363,1.471329,0.0,0.183959,1.29686,0.298837,0.304467,1.06364,0.110899,0.169642,3.846292,1.5e-05,0.491784,0.661436,0.204211,0.22745,2015-01-20
0.17001,0.330238,0.194571,0.0,0.302964,0.454066,0.0,0.303189,0.534147,0.0,0.303543,0.473291,0.0,0.158957,0.508707,0.15097,0.208696,0.280294,0.0,0.303189,0.534147,0.0,0.017872,0.480361,0.83509,0.534336,0.183299,0.0,0.003045,0.002314,0.0,0.173856,0.518842,0.42022,0.304875,0.290887,0.220313,0.0,0.184062,0.284399,0.308725,0.303789,0.578776,0.040358,0.169401,0.0,0.0,0.487807,0.242828,0.123268,0.227231,2015-01-21
0.177245,0.251245,0.193915,0.0,0.255742,0.450835,0.0,0.263153,0.529927,0.0,0.243662,0.470041,0.0,0.149627,0.504513,0.0,0.159538,0.279752,0.0,0.263153,0.529927,0.0,0.014088,0.476559,0.0,0.533491,0.183422,0.0,0.002208,0.002314,0.0,0.165114,0.514618,0.0,0.228197,0.290394,0.0,0.0,0.184154,0.0,0.214679,0.303095,0.0,0.0,0.169169,0.0,0.0,0.483881,0.0,0.170084,0.227,2015-01-22
0.0,0.349721,0.193265,0.0,0.397503,0.447643,0.0,0.392208,0.525759,0.0,0.357442,0.466815,0.0,0.155387,0.500371,0.0,0.15361,0.279193,0.0,0.392208,0.525759,0.0,0.02261,0.472802,0.0,0.573333,0.183542,0.0,0.001906,0.002313,0.0,0.165761,0.510443,0.0,0.335641,0.289886,0.0,0.0,0.184238,0.0,0.315986,0.302387,0.0,0.0,0.168946,0.0,0.0,0.480005,0.0,0.123659,0.226756,2015-01-23
0.0,0.023063,0.19262,0.0,0.320173,0.444491,0.0,0.309679,0.521641,0.0,0.324361,0.463615,1.221502,0.458465,0.496281,0.0,0.21853,0.278618,0.0,0.309679,0.521641,1.301655,0.305507,0.469089,0.0,0.574087,0.183659,0.0,0.003456,0.002313,1.191512,0.462382,0.506317,0.0,0.326796,0.289362,0.0,0.0,0.184311,0.0,0.328178,0.301666,0.0,9.9e-05,0.168731,1.319861,-0.001691,0.476179,0.0,-0.003228,0.226501,2015-01-24
0.0,0.02773,0.19198,0.0,0.148284,0.441378,0.0,0.136997,0.517574,0.0,0.177702,0.460441,1.27348,0.47791,0.492241,0.0,0.242927,0.278027,0.0,0.136997,0.517574,1.357045,0.324739,0.465421,0.0,0.56853,0.18377,0.0,-0.005231,0.002312,1.242215,0.463648,0.50224,0.0,0.18592,0.288824,0.0,-9.2e-05,0.184375,0.0,0.202803,0.300932,0.0,0.010099,0.168524,1.376025,-0.021494,0.472402,0.0,-0.028553,0.226234,2015-01-25
0.0,-0.009728,0.191345,0.0,-0.071049,0.438303,0.0,-0.079907,0.513556,0.0,-0.034079,0.457294,0.0,0.176957,0.488253,0.0,0.144543,0.277422,0.0,-0.079907,0.513556,0.0,0.065195,0.461795,0.0,0.020811,0.183878,0.950903,0.122239,0.002312,0.0,0.146678,0.498212,0.0,0.009342,0.288272,0.0,-0.018683,0.184428,0.0,0.034201,0.300187,0.0,-0.040298,0.168324,0.0,-0.102892,0.468672,0.397981,-0.127182,0.226123,2015-01-26
0.0,-0.050742,0.190715,0.74873,-0.160642,0.435266,0.669293,-0.16953,0.509588,0.350593,-0.120387,0.454172,1.152594,-0.124405,0.484314,0.367475,-0.02336,0.276809,0.669293,-0.16953,0.509588,0.0,0.045168,0.458213,0.0,-0.195216,0.18398,0.991367,0.054154,0.002312,1.130965,-0.197589,0.494338,0.0,-0.09625,0.287708,0.0,-0.079891,0.184472,0.0,-0.085185,0.29943,0.0,-0.116401,0.16813,1.250171,-0.186352,0.465773,0.414916,-0.206622,0.225897,2015-01-27
0.0,-0.054474,0.19009,1.017262,-0.093971,0.432267,0.916739,-0.109391,0.505669,0.533167,-0.067335,0.451077,1.201641,0.148215,0.480423,0.549741,0.09621,0.276175,0.916739,-0.109391,0.505669,0.0,0.209638,0.454673,0.0,0.192515,0.184076,0.0,0.025718,0.002311,1.179091,0.131817,0.490383,0.0,-0.051859,0.287131,0.0,-0.06866,0.184506,0.0,-0.037996,0.298663,0.0,-0.099891,0.167942,1.30337,-0.11555,0.461568,0.0,-0.142252,0.225365,2015-01-28
0.388307,-0.038673,0.189469,0.787158,0.032869,0.429304,0.714761,0.023198,0.501799,0.519362,0.03857,0.448008,0.0,0.246309,0.476582,0.531772,0.335375,0.275522,0.714761,0.023198,0.501799,1.120623,0.247141,0.451175,0.0,0.512285,0.184167,0.0,0.032174,0.002311,0.0,0.253899,0.48641,0.0,0.046888,0.286543,0.0,-0.031804,0.18453,0.0,0.058168,0.297887,0.0,-0.025328,0.167759,0.0,-0.04926,0.457768,0.0,-0.073614,0.225055,2015-01-29
2.955988,-0.040583,0.188853,3.612867,-0.007627,0.426378,3.366132,-0.010928,0.497978,3.17695,-0.00135,0.444967,1.329916,0.371079,0.472789,3.436576,0.527303,0.274863,3.366132,-0.010928,0.497978,3.681887,0.445632,0.447719,3.329019,0.466521,0.184251,1.843451,0.283007,0.00231,1.332487,0.36756,0.482569,3.480845,-0.004404,0.285943,3.575264,-0.039092,0.184544,3.492393,0.001147,0.297101,3.183434,0.044721,0.167581,1.34623,-0.045955,0.454226,2.355915,-0.063821,0.224735,2015-01-30
5.210875,-0.057676,0.188242,6.228672,0.151822,0.423487,5.839566,0.124301,0.494204,5.755331,0.152834,0.441952,2.716425,0.870591,0.469043,6.256926,1.131649,0.274193,5.839566,0.124301,0.494204,5.134115,0.706075,0.444305,6.799699,0.637685,0.184329,3.765346,0.531845,0.00231,2.721677,0.868842,0.478775,7.109811,0.129395,0.285333,7.302667,-0.042736,0.184548,7.133398,0.132266,0.296307,6.502334,0.113064,0.167406,2.749746,-0.04109,0.450729,4.812082,-0.048609,0.224405,2015-01-31
0.719944,0.0,0.187635,1.761523,0.630948,0.420633,1.67144,0.609783,0.490477,1.631764,0.615768,0.438965,2.726852,1.229484,0.465345,1.780332,1.123028,0.273511,1.67144,0.609783,0.490477,0.328775,0.173473,0.440931,2.088656,1.056501,0.184401,0.222352,0.066855,0.00231,2.680109,1.2777,0.475026,1.318656,0.595976,0.284714,0.906658,0.0,0.184543,1.130555,0.610641,0.295504,1.722614,0.1288,0.167236,2.959653,0.0,0.447276,0.659612,0.0,0.224066,2015-02-01
0.0,-6.7e-05,0.187032,1.176136,0.411444,0.417812,1.107343,0.395752,0.486797,0.85432,0.414043,0.436004,3.558213,1.208443,0.461692,0.964169,0.713968,0.272818,1.107343,0.395752,0.486797,0.245544,0.126189,0.437597,1.079968,0.735705,0.184467,1.017414,0.229164,0.002309,3.567569,1.23208,0.471322,0.902873,0.40979,0.284085,0.824744,0.0,0.184528,0.766963,0.413269,0.294695,0.880884,0.063718,0.167068,3.765348,0.0,0.443868,0.874353,0.0,0.223718,2015-02-02
0.0,-0.017334,0.186434,1.458848,0.190349,0.415027,1.37827,0.169624,0.483164,1.116969,0.209036,0.43307,3.575408,1.149413,0.458086,1.240754,0.727205,0.272115,1.37827,0.169624,0.483164,1.562673,0.427876,0.434303,1.233029,0.544494,0.184525,1.060708,0.238349,0.002309,3.580547,1.16062,0.467662,1.225565,0.190164,0.283447,1.208107,-0.016645,0.184503,1.070015,0.200956,0.293878,1.129681,0.059638,0.166904,3.772461,-0.015671,0.440502,1.076591,-0.000932,0.223362,2015-02-03
0.0,0.208098,0.18584,3.070326,0.3819,0.412275,2.926684,0.364535,0.479576,2.600342,0.40857,0.430164,3.192425,1.053162,0.454524,2.820727,0.928317,0.271402,2.926684,0.364535,0.479576,3.663177,0.805505,0.431048,2.388744,0.846344,0.184577,0.0,0.013151,0.002308,3.117702,1.058619,0.464046,1.709485,0.38203,0.2828,1.363471,0.0,0.184469,1.373526,0.396879,0.293055,2.06702,0.68753,0.166741,3.502916,0.0,0.437179,1.027891,0.315523,0.222997,2015-02-04
0.0,-0.059418,0.18525,2.378162,-0.016926,0.409556,2.280623,-0.029741,0.476033,2.166722,0.023698,0.427285,4.192067,0.652398,0.451008,2.385353,0.478449,0.270679,2.280623,-0.029741,0.476033,2.398804,0.300083,0.427832,2.195198,0.555719,0.184622,0.974432,0.159987,0.002308,4.120852,0.613724,0.460474,1.262361,0.050002,0.282146,0.808531,-0.035327,0.184426,0.970022,0.047442,0.292227,1.668773,0.595562,0.166581,4.587471,-0.038315,0.433898,1.062124,-0.062043,0.222694,2015-02-05
0.0,-0.028798,0.184664,0.0,0.026587,0.406871,0.0,0.014291,0.472534,0.160261,0.094423,0.424432,3.576398,0.466652,0.447535,0.264435,0.311137,0.269948,0.0,0.014291,0.472534,0.0,0.10076,0.424655,0.872762,0.223722,0.18466,1.015897,0.27963,0.002308,3.588554,0.446828,0.456969,0.42151,0.156534,0.281484,0.223288,-0.015438,0.184374,0.299323,0.166943,0.291392,0.504111,0.385718,0.166422,3.801288,-0.046728,0.430659,0.461952,-0.060949,0.22242,2015-02-06
0.0,0.120477,0.184081,0.181222,-0.047572,0.404218,0.169978,-0.056405,0.46908,0.0,0.053195,0.421607,0.0,-0.083464,0.444105,0.0,-0.106764,0.269209,0.169978,-0.056405,0.46908,0.0,-0.076713,0.421514,0.0,-0.084114,0.184691,0.0,0.005158,0.002307,0.0,-0.118797,0.453457,0.0,0.054865,0.280814,0.0,-0.001659,0.184312,0.0,0.104687,0.290553,0.0,-0.046389,0.166264,0.0,-0.039554,0.42746,0.0,-0.074438,0.221855,2015-02-07
0.0,0.627117,0.183503,0.188934,0.43443,0.401596,0.177211,0.320101,0.465668,0.0,0.507587,0.418808,0.0,0.596009,0.440718,0.0,0.703674,0.268461,0.177211,0.320101,0.465668,0.0,0.60621,0.418412,0.0,0.166409,0.43636,0.0,0.018937,0.002307,0.0,0.431778,0.572314,0.0,0.528969,0.280138,0.0,0.054719,0.184242,0.0,0.529065,0.289709,0.0,0.829559,0.166107,0.0,0.135543,0.424301,0.0,0.153651,0.22146,2015-02-08
0.0,0.356633,0.182928,0.0,0.307192,0.399006,0.0,0.28539,0.4623,0.0,0.33438,0.416037,1.141907,0.72892,0.437373,0.0,0.63799,0.267706,0.0,0.28539,0.4623,0.0,0.59977,0.415345,0.0,0.15497,0.722028,0.0,0.017238,0.002306,1.147046,0.656611,0.665454,0.0,0.382809,0.279456,0.0,0.186476,0.184163,0.0,0.379905,0.288861,0.0,0.852777,0.165951,1.211757,0.236983,0.421182,0.0,0.211729,0.221058,2015-02-09
0.505221,0.024964,0.182358,0.0,0.462023,0.396447,0.0,0.438382,0.458973,0.0,0.458777,0.413292,1.190499,0.81716,0.434069,0.0,0.578011,0.266943,0.0,0.438382,0.458973,0.0,0.552164,0.412315,0.0,0.675717,0.47741,0.0,0.015233,0.002306,1.195856,0.808297,0.500955,0.0,0.456571,0.278767,0.0,0.105223,0.184076,0.0,0.451165,0.28801,0.0,1.12873,0.165795,1.263322,0.342647,0.418102,0.0,0.3874,0.22065,2015-02-10
0.52672,0.447845,0.18179,0.0,0.404776,0.393918,0.0,0.38029,0.455688,0.0,0.462626,0.410574,0.0,0.325421,0.430805,0.0,0.291881,0.266174,0.0,0.38029,0.455688,0.0,0.291109,0.40932,0.0,0.484206,0.316776,0.0,0.006616,0.002306,0.0,0.333474,0.496088,0.0,0.459709,0.278073,0.0,0.0,0.18398,0.0,0.473102,0.287154,0.0,0.636421,0.165639,0.0,0.100095,0.41506,0.0,0.374503,0.220235,2015-02-11
0.0,0.474073,0.181227,0.0,0.47339,0.391419,0.0,0.44105,0.452444,0.0,0.496252,0.407882,0.0,0.252382,0.427582,0.0,0.245682,0.265398,0.0,0.44105,0.452444,0.0,0.255051,0.40636,0.0,0.706469,0.279506,0.0,0.004396,0.002305,0.0,0.256427,0.492977,0.0,0.503839,0.277374,0.0,0.0,0.183877,0.0,0.513346,0.286296,0.0,0.765471,0.165483,0.0,0.161556,0.412056,0.0,0.452027,0.219813,2015-02-12
0.0,0.41447,0.180666,0.0,0.349092,0.38895,0.0,0.317938,0.44924,0.0,0.407838,0.405217,0.0,0.281504,0.424399,0.0,0.278301,0.264616,0.0,0.317938,0.44924,0.0,0.287567,0.403435,0.0,0.47784,0.278294,0.0,0.006146,0.002305,0.0,0.281581,0.490812,0.0,0.446861,0.276669,0.0,0.0,0.183765,0.0,0.461722,0.285434,0.0,0.694554,0.165327,0.0,0.186909,0.409089,0.0,0.243991,0.219386,2015-02-13
0.0,0.292042,0.18011,0.0,0.162528,0.386509,0.0,0.103596,0.446076,0.0,0.254221,0.402578,0.0,0.424918,0.421255,0.0,0.460375,0.263828,0.0,0.103596,0.446076,0.0,0.424552,0.400545,0.0,0.312508,0.755758,0.0,0.001504,0.002304,0.0,0.391715,0.477607,0.0,0.292712,0.27596,0.0,0.186356,0.183645,0.0,0.292766,0.28457,0.0,0.886277,0.16517,0.0,0.070523,0.406158,0.0,-0.045287,0.218954,2015-02-14
0.150756,0.110916,0.179556,0.330317,0.114543,0.384097,0.308916,0.103297,0.442951,0.247101,0.111519,0.399965,0.0,0.419227,0.437626,0.265696,0.418689,0.263035,0.308916,0.103297,0.442951,1.037545,0.491716,0.397793,0.0,0.712222,0.218516,0.156693,0.031633,0.002304,0.0,0.465054,0.427004,0.0,0.10905,0.275246,0.0,-0.046574,0.183518,0.0,0.105011,0.283704,0.0,0.843634,0.165012,0.0,0.138338,0.403263,0.348028,0.101889,0.218545,2015-02-15
0.157171,0.265799,0.179006,1.114443,0.255391,0.381713,1.042864,0.268022,0.439865,0.883511,0.230612,0.397378,0.129751,0.358102,0.416279,0.90533,0.535081,0.262237,1.042864,0.268022,0.439865,1.081696,0.50954,0.394864,0.0,0.901079,0.207881,0.16336,0.063596,0.002304,0.0,0.37617,0.455759,0.0,0.243964,0.274528,0.0,-0.017539,0.183383,0.0,0.238713,0.282836,0.142899,0.766626,0.164853,0.142143,0.094683,0.400404,0.567986,0.287137,0.218073,2015-02-16
0.0,0.398122,0.178459,0.802839,0.360428,0.379357,0.751476,0.372259,0.436816,0.652528,0.343568,0.394817,0.135273,0.288643,0.412051,0.655065,0.443307,0.261434,0.751476,0.372259,0.436816,0.0,0.227544,0.392074,0.0,0.987176,0.18462,0.0,0.004633,0.002303,0.0,0.305658,0.426962,0.0,0.395784,0.273806,0.0,0.0,0.183241,0.0,0.387703,0.281966,0.148979,0.835975,0.164693,0.148192,0.0,0.39758,0.213877,0.404537,0.217624,2015-02-17
0.0,0.290565,0.177916,0.0,0.598848,0.377028,0.0,0.588128,0.433805,0.0,0.587685,0.392281,0.0,0.288037,0.409057,0.0,0.350352,0.260627,0.0,0.588128,0.433805,1.062099,0.529325,0.389315,0.0,1.232063,0.184576,0.0,0.005626,0.002303,0.0,0.313297,0.417713,0.0,0.592333,0.273081,0.0,0.0,0.183092,0.0,0.585049,0.281095,0.0,1.10321,0.164532,0.150171,0.0,0.39479,0.0,0.634058,0.217171,2015-02-18
0.0,0.024484,0.177375,0.0,0.356922,0.374725,0.0,0.335375,0.430831,0.0,0.396359,0.389771,1.145198,0.540505,0.406101,0.0,0.370826,0.259816,0.0,0.335375,0.430831,1.107295,0.548292,0.386589,0.0,0.694517,0.184525,0.0,0.008081,0.002303,1.148937,0.541411,0.414689,0.0,0.418091,0.272352,0.0,0.0,0.182935,0.0,0.432665,0.280222,0.0,0.705596,0.164369,1.375402,-0.000306,0.392034,0.0,0.350509,0.216714,2015-02-19
0.0,0.353767,0.176838,1.48241,0.319019,0.372449,1.36721,0.325293,0.427892,1.148351,0.334355,0.387286,1.779692,0.887062,0.403179,1.260172,0.808777,0.259001,1.36721,0.325293,0.427892,6.277266,1.615216,0.383894,0.451705,1.055129,0.184468,0.0,0.011492,0.002302,1.716032,0.908958,0.4117,0.435283,0.363703,0.27162,0.43973,-0.007393,0.182772,0.437219,0.36261,0.279349,0.468243,0.82036,0.164205,1.983783,-0.009909,0.389311,1.098569,0.384334,0.216252,2015-02-20
0.901833,0.334036,0.176304,3.418961,0.444065,0.370199,3.205966,0.451989,0.42499,3.071548,0.441319,0.384826,1.038492,0.564895,0.400293,3.267087,1.016388,0.258182,3.205966,0.451989,0.42499,7.139467,1.424054,0.381231,1.926244,1.091,0.184405,1.322094,0.291601,0.002302,0.943565,0.567712,0.408745,1.83603,0.461337,0.270885,1.725381,-0.003289,0.182603,1.607396,0.453082,0.278474,2.01576,0.854904,0.164039,1.218017,-0.001395,0.386621,2.710888,0.47926,0.215786,2015-02-21
8.831923,0.436573,0.175772,12.096128,0.815991,0.367974,11.672175,0.809461,0.422122,10.501595,0.802826,0.38239,7.841843,2.006376,0.397442,11.11477,2.689797,0.25736,11.672175,0.809461,0.422122,10.199519,2.408259,0.378598,10.150008,0.951103,0.184336,9.452917,1.874867,0.002301,7.846482,2.063686,0.405825,10.011044,0.827833,0.270147,9.65037,0.0,0.182426,9.849437,0.823734,0.277599,10.013067,1.630132,0.163872,7.985871,0.0,0.383963,9.24156,0.790105,0.215316,2015-02-22
9.355228,0.372472,0.175244,14.001213,0.388417,0.365774,13.198032,0.386017,0.41929,10.547079,0.410228,0.37998,16.854271,2.84093,0.394625,11.36372,2.251482,0.256535,13.198032,0.386017,0.41929,12.002123,2.269409,0.375995,11.907038,0.853259,0.18426,10.815886,1.957453,0.002301,16.837524,2.84497,0.402939,10.641633,0.398304,0.269406,9.785876,0.0,0.182244,10.405713,0.399564,0.276724,11.064639,0.848824,0.163703,17.165787,0.0,0.381337,9.957962,0.392793,0.214842,2015-02-23
1.175683,0.206577,0.174719,3.572477,0.211512,0.363599,3.090655,0.197361,0.416491,1.70546,0.252107,0.377593,10.675191,1.430776,0.391842,1.979857,0.687606,0.255708,3.090655,0.197361,0.416491,2.10115,0.708165,0.373422,3.030622,0.655088,0.184179,2.499754,0.55563,0.002301,10.629603,1.386894,0.400087,1.779587,0.257761,0.268664,1.148801,0.0,0.182055,1.447913,0.276241,0.275848,2.38312,0.629457,0.163531,10.969127,-0.000383,0.378742,2.110953,0.18441,0.214364,2015-02-24
0.688938,0.225679,0.174196,1.509016,0.22968,0.361449,1.445055,0.220325,0.413725,1.263761,0.252277,0.375231,2.447134,0.788137,0.389093,1.340031,0.562193,0.254878,1.445055,0.220325,0.413725,2.291264,0.752625,0.370879,1.320654,0.603089,0.184091,0.374321,0.087451,0.0023,2.456377,0.793424,0.397267,0.986463,0.258289,0.267919,0.818415,-0.001042,0.18186,0.927451,0.263679,0.274973,1.195919,0.584697,0.163358,2.541332,-0.005671,0.376177,1.225883,0.212029,0.213883,2015-02-25
1.130536,0.28666,0.173677,3.631937,0.29029,0.359322,3.501935,0.272197,0.410993,2.9395,0.288438,0.372893,2.528133,0.804719,0.386376,3.108255,0.919953,0.254046,3.501935,0.272197,0.410993,2.887075,0.888528,0.368364,2.639718,0.68094,0.183998,1.477305,0.30497,0.0023,2.536383,0.827636,0.39448,2.317733,0.294942,0.267172,2.131562,0.0,0.18166,2.225563,0.295528,0.274097,2.488603,0.793208,0.163183,2.558504,0.0,0.373643,2.280436,0.280699,0.213399,2015-02-26
0.68865,0.40287,0.17316,3.252723,0.389171,0.357218,3.152881,0.392871,0.408293,2.653528,0.379974,0.370578,2.480462,0.686794,0.383691,2.803607,0.781344,0.253211,3.152881,0.392871,0.408293,0.870499,0.367282,0.365878,2.464423,0.765943,0.183899,1.29599,0.297315,0.002299,2.484162,0.702764,0.391726,2.185881,0.377392,0.266423,2.016626,0.0,0.181453,1.973546,0.373862,0.273222,2.318655,0.68327,0.163006,2.528261,0.0,0.371139,1.502039,0.396501,0.212911,2015-02-27
0.528663,0.500403,0.172645,2.259903,0.468339,0.355138,2.190807,0.478396,0.405625,1.966052,0.45041,0.368287,2.47164,0.721349,0.381039,2.082564,0.657272,0.252376,2.190807,0.478396,0.405625,0.716903,0.271226,0.363421,2.344481,0.283283,0.183794,0.332277,0.074727,0.002299,2.471346,0.737766,0.389003,1.719269,0.445314,0.265673,1.396921,0.0,0.181241,1.350823,0.433392,0.272347,2.091613,0.769508,0.162826,2.545492,0.0,0.368664,0.933438,0.482551,0.212421,2015-02-28
6.090945,0.086284,0.172134,16.649973,0.119211,0.353081,15.844759,0.118277,0.402988,12.252966,0.132011,0.366019,22.187777,2.731591,0.378418,13.070526,2.086647,0.251538,15.844759,0.118277,0.402988,15.695642,2.126205,0.360991,9.65384,0.847997,0.183684,7.38434,1.277318,0.002299,23.012217,2.840848,0.386311,8.339095,0.130962,0.264921,8.350591,0.042103,0.181024,7.784901,0.137922,0.271473,8.657466,0.803616,0.162645,22.972368,-0.007748,0.366218,7.307776,0.120116,0.211927,2015-03-01
3.894436,-0.050006,0.171625,16.740116,0.011225,0.351046,16.067163,0.005141,0.400383,12.087462,0.021714,0.363774,25.379782,1.86085,0.375828,12.664671,1.17466,0.2507,16.067163,0.005141,0.400383,14.817286,1.175264,0.358588,8.687126,0.916199,0.183568,6.05474,0.495188,0.002298,26.2931,1.888637,0.38365,7.42354,-0.012343,0.264168,7.439565,0.00888,0.180802,6.726386,-0.012724,0.2706,7.986411,0.912582,0.162461,26.14292,-0.030625,0.3638,6.069212,0.0121,0.211431,2015-03-02
2.250732,0.058925,0.171119,13.04195,0.110072,0.349033,12.414003,0.106466,0.397807,9.98353,0.117543,0.361552,16.311617,1.172703,0.373268,10.891326,1.079672,0.24986,12.414003,0.106466,0.397807,11.569499,1.092616,0.356213,6.93423,0.888212,0.183448,3.8352,0.429839,0.002298,16.755453,1.16658,0.38102,7.044428,0.107348,0.263414,7.587729,0.102936,0.180574,6.711237,0.107158,0.269727,6.686247,0.823573,0.162275,16.941164,-0.022406,0.361411,4.576869,0.118237,0.210933,2015-03-03
1.189704,0.270247,0.170616,5.202231,0.233153,0.347041,4.924848,0.237486,0.395262,4.541391,0.226067,0.359352,3.81614,0.825433,0.370739,5.288715,0.849515,0.24902,4.924848,0.237486,0.395262,4.102204,0.747373,0.353864,4.63968,0.701313,0.183322,2.219203,0.514931,0.002297,3.890125,0.822595,0.37842,4.143926,0.217781,0.262658,4.117761,0.065775,0.180341,3.899076,0.218352,0.268855,3.989025,0.614395,0.162087,4.035656,-0.002038,0.359049,2.515665,0.240187,0.210432,2015-03-04
0.237093,0.373799,0.170115,1.043165,0.353423,0.345071,0.892029,0.353917,0.392746,0.481635,0.33262,0.357175,5.217525,1.120688,0.368239,0.565763,0.277335,0.248179,0.892029,0.353917,0.392746,0.15116,0.207609,0.351542,0.842842,0.573888,0.183192,1.556024,0.339171,0.002297,5.375666,1.154796,0.37585,0.4431,0.309084,0.261902,0.256608,0.0,0.180104,0.315036,0.309527,0.267985,0.6407,0.524798,0.161897,5.631045,0.0,0.356714,0.698041,0.364634,0.209928,2015-03-05
0.0,0.468438,0.169616,0.492761,0.432868,0.343122,0.366898,0.42928,0.390259,0.0,0.432932,0.35502,7.432963,2.038801,0.365769,0.0,0.333365,0.247337,0.366898,0.42928,0.390259,0.157593,0.20172,0.349246,0.0,0.694885,0.183057,1.323623,0.295154,0.002297,7.66076,2.101842,0.373309,0.0,0.411755,0.261145,0.0,0.0,0.179861,0.0,0.411902,0.267115,0.0,0.754674,0.161704,8.044758,0.0,0.354405,0.406186,0.43676,0.209423,2015-03-06
0.0,0.345938,0.16912,0.912948,0.246432,0.341194,0.790972,0.225662,0.387801,0.0,0.296371,0.352887,8.242795,2.236308,0.363328,0.0,0.73268,0.246496,0.790972,0.225662,0.387801,0.0,0.762189,0.346975,0.0,1.1252,0.182919,0.713035,0.166635,0.002296,8.568792,2.3322,0.370796,0.0,0.347373,0.260388,0.0,0.116211,0.179614,0.0,0.350508,0.266247,0.0,1.068937,0.161509,8.676595,-0.007113,0.352123,0.260006,0.232671,0.208915,2015-03-07
0.0,0.277557,0.168627,0.951797,0.183685,0.339287,0.824631,0.180665,0.385371,0.0,0.247521,0.350775,5.217645,0.873012,0.360915,0.0,0.434565,0.245654,0.824631,0.180665,0.385371,0.0,0.44827,0.344729,0.0,1.111307,0.182776,0.0,0.013185,0.002296,5.453414,0.879801,0.368312,0.0,0.289167,0.25963,0.0,0.210478,0.179363,0.0,0.30734,0.265381,0.0,1.083501,0.161312,5.387208,-0.020936,0.349867,0.0,0.189886,0.208406,2015-03-08
0.0,0.380432,0.168136,0.0,0.313356,0.337399,0.0,0.307005,0.382969,0.0,0.368557,0.348685,0.0,0.562854,0.35853,0.0,0.516348,0.244812,0.0,0.307005,0.382969,0.0,0.536515,0.342509,0.0,1.308859,0.182631,0.0,0.013622,0.002295,0.0,0.59406,0.365856,0.0,0.379557,0.258872,0.0,0.210146,0.179108,0.0,0.386857,0.264516,0.0,1.274767,0.161113,0.0,0.159014,0.347636,0.0,0.328311,0.207895,2015-03-09
0.0,0.354752,0.167648,0.0,0.300383,0.335531,0.0,0.293526,0.380594,0.0,0.345602,0.346615,0.0,0.527066,0.356172,0.0,0.516682,0.24397,0.0,0.293526,0.380594,0.0,0.527466,0.340312,0.0,1.245769,0.182483,0.0,0.018139,0.002295,0.0,0.544849,0.363428,0.0,0.381222,0.258114,0.0,0.161811,0.178848,0.0,0.393536,0.263652,0.0,1.194196,0.160911,0.0,0.08453,0.345431,0.0,0.292404,0.207382,2015-03-10
0.0,0.390409,0.167162,0.0,0.328449,0.333682,0.0,0.325539,0.378245,0.0,0.368292,0.344567,0.0,0.568146,0.353841,0.0,0.554964,0.243129,0.0,0.325539,0.378245,0.0,0.543629,0.33814,0.0,1.171595,0.182333,0.0,0.020526,0.002295,0.0,0.585737,0.361027,0.0,0.410956,0.257355,0.0,0.342152,0.178584,0.0,0.417229,0.262791,0.0,1.373156,0.160708,0.0,0.216317,0.34325,0.0,0.340437,0.206868,2015-03-11
0.0,0.234489,0.166678,0.0,0.388573,0.331853,0.0,0.351991,0.375923,0.0,0.428295,0.342539,0.0,0.696871,0.351537,0.0,0.673914,0.242288,0.0,0.351991,0.375923,0.0,0.663915,0.335991,0.0,0.63501,0.182183,0.0,0.019927,0.002294,0.0,0.750689,0.358652,0.0,0.475153,0.256596,0.0,0.197216,0.178316,0.0,0.485642,0.261931,0.0,1.112676,0.160502,0.0,0.009171,0.341094,0.0,0.238387,0.206352,2015-03-12
0.0,0.555121,0.166196,0.0,0.634411,0.330043,0.0,0.60743,0.373627,0.0,0.57345,0.340532,0.0,1.104172,0.349259,0.0,1.060922,0.241448,0.0,0.60743,0.373627,0.0,0.81237,0.333865,0.0,1.302764,0.182033,0.0,0.029347,0.002294,0.0,1.185025,0.356303,0.0,0.59895,0.255838,0.0,0.431998,0.178044,0.0,0.609304,0.261072,0.0,1.547398,0.160293,0.0,0.190738,0.338961,0.0,0.628013,0.205834,2015-03-13
0.0,0.526633,0.165717,0.0,0.689443,0.328251,0.0,0.626954,0.371357,0.0,0.642915,0.338545,0.0,1.363332,0.347006,0.0,1.277634,0.240608,0.0,0.626954,0.371357,0.0,0.395628,0.331763,0.0,1.185206,0.403031,0.0,0.036965,0.002294,0.0,1.42594,0.353981,0.0,0.659592,0.25508,0.0,0.591007,0.177769,0.0,0.679082,0.260216,0.0,1.801653,0.160083,0.0,0.443645,0.336852,0.0,0.543709,0.205316,2015-03-14
0.0,-0.034552,0.165241,0.0,-0.043648,0.326477,0.0,-0.04289,0.369112,0.0,-0.022229,0.336578,1.016603,0.801461,0.344778,0.0,0.697273,0.239769,0.0,-0.04289,0.369112,0.0,0.702239,0.329682,0.0,-0.05337,1.247751,0.0,0.018748,0.002293,1.050201,0.801604,0.351683,0.0,-0.006936,0.254322,0.0,0.007045,0.17749,0.0,0.000403,0.259362,0.0,-0.031154,0.15987,1.105139,-0.029842,0.335075,0.0,-0.049663,0.204796,2015-03-15
0.0,-0.046137,0.360916,0.0,-0.060571,0.324721,0.0,-0.064353,0.366891,0.0,-0.032702,0.334631,1.059862,0.898007,0.342576,0.0,0.786367,0.23893,0.0,-0.064353,0.366891,1.114298,0.92277,0.327624,0.0,-0.091805,1.284236,0.0,0.01712,0.002293,1.09489,0.858668,0.34941,0.0,-0.013886,0.253564,0.0,0.009903,0.177208,0.0,-0.003989,0.25851,0.0,-0.049002,1.075002,1.152166,-0.020929,0.333035,0.0,-0.077976,0.204275,2015-03-16
0.0,-0.118113,0.606659,0.0,-0.103315,0.322984,0.0,-0.104867,0.364695,0.0,-0.066446,0.332704,1.017473,0.766389,0.340397,0.0,0.711125,0.238093,0.0,-0.104867,0.364695,1.161714,0.764073,0.325588,0.0,-0.150631,1.360644,0.0,0.015435,0.232628,1.051098,0.725206,0.347162,0.0,-0.043103,0.252807,0.0,-0.023258,0.176922,0.0,-0.035117,0.25766,0.0,-0.097752,1.276803,1.102003,-0.064778,0.33098,0.0,-0.121282,0.237756,2015-03-17
0.302562,-0.135502,0.688852,1.082329,-0.087118,0.321263,1.014768,-0.087455,0.362523,1.004105,-0.059815,0.330795,2.108706,0.856692,0.338242,1.238981,0.833598,0.716797,1.014768,-0.087455,0.362523,0.390157,0.786022,0.683738,1.476282,-0.132438,1.471582,0.414168,0.197443,0.300833,1.995357,0.785494,0.610835,0.884743,-0.05405,0.252051,0.642443,-0.035342,0.176873,0.70046,-0.045965,0.310362,1.145356,-0.091413,1.344773,2.462342,-0.021997,0.329353,1.039229,-0.084266,0.707689,2015-03-18
0.315437,-0.019636,0.633084,1.128386,0.125283,0.380468,1.057949,0.083511,0.583741,1.046833,0.30588,0.328906,1.092529,1.232909,0.33611,1.291704,1.256286,0.289756,1.057949,0.083511,0.583741,0.40676,1.098747,0.353962,1.539103,0.111312,1.367713,0.431792,0.324378,0.170161,0.93781,1.227325,0.398243,0.922392,0.298457,0.509623,0.669782,0.492987,0.176545,0.730266,0.33235,0.505392,1.194094,0.669142,1.048707,1.369336,0.672384,0.326776,1.083452,0.095195,0.594707,2015-03-19
0.0,-0.012388,0.552609,0.0,0.041287,0.640647,0.0,0.034536,0.699029,0.0,0.279207,0.461589,0.0,0.790261,0.334002,0.0,0.82409,0.284738,0.0,0.034536,0.699029,0.0,0.767936,0.348646,0.0,0.05285,1.074113,0.0,0.217225,0.058455,0.0,0.837903,0.390845,0.0,0.290658,0.411785,0.0,0.477327,0.176045,0.0,0.341347,0.390901,0.0,0.463531,0.82629,0.0,0.529174,0.324675,0.0,0.030301,0.503754,2015-03-20
0.0,-0.00105,0.513433,0.0,0.058219,0.607266,0.0,0.042984,0.667033,0.0,0.104402,0.571509,0.0,0.850272,0.331916,0.0,0.84279,0.282617,0.0,0.042984,0.667033,0.0,0.837171,0.346536,0.0,0.007675,0.993158,0.0,0.197605,0.00765,0.0,0.817927,0.379246,0.0,0.117452,0.466492,0.0,0.37263,0.175746,0.0,0.181164,0.444183,0.0,0.063868,0.873781,0.0,0.215194,0.322722,0.0,0.027453,0.481708,2015-03-21
0.0,-0.057823,0.797569,0.0,-0.001479,0.907154,0.0,-0.006875,0.973318,0.0,0.040767,0.855882,0.0,0.611063,0.329853,0.0,0.583269,0.515813,0.0,-0.006875,0.973318,0.0,0.61706,0.373468,0.0,-0.071231,1.2493,0.0,0.203649,0.191663,0.0,0.539881,0.715837,0.0,0.0534,0.736737,0.0,0.150236,0.377151,0.0,0.072026,0.725003,0.0,-0.003171,1.083142,0.0,0.070944,0.32079,0.0,-0.012902,0.768984,2015-03-22
1.024854,-0.066717,0.801797,2.489941,0.13673,0.873678,2.336186,0.086472,0.939074,2.158846,0.233994,0.784176,1.57321,1.093177,0.575018,2.543271,1.206236,0.681739,2.336186,0.086472,0.939074,4.819261,1.650166,0.827576,2.491164,0.012919,1.442262,0.901859,0.355031,0.286114,1.580683,0.999996,0.791152,2.517718,0.266288,0.674116,2.659495,0.379844,0.405733,2.480255,0.275107,0.676656,2.19432,0.198632,1.208126,1.6651,0.535964,0.319115,1.794442,0.147418,0.67748,2015-03-23
1.558397,0.10844,1.159007,3.750111,0.953394,0.608499,3.520409,0.839135,0.769461,3.107,0.98138,0.434299,2.780787,1.793087,0.401549,3.651795,1.957684,0.465124,3.520409,0.839135,0.769461,6.397547,2.496143,0.604411,3.012035,0.396779,1.782192,1.307327,0.449419,0.33723,2.811149,1.784324,0.524291,3.362298,0.977108,0.324697,3.689551,0.937402,0.18166,3.391142,0.982238,0.342718,2.796258,1.700842,0.727569,2.940096,1.042099,0.316987,2.619522,0.939243,0.405517,2015-03-24
0.866241,0.534137,0.32194,2.085727,0.645334,0.377826,1.978321,0.647404,0.430399,1.743779,0.638792,0.38983,1.488145,0.917815,0.361295,2.077464,0.975572,0.282424,1.978321,0.647404,0.430399,1.674728,0.951233,0.339649,2.134549,0.39139,0.543509,0.536636,0.207499,0.004682,1.46292,0.940759,0.372887,1.683589,0.632605,0.261892,1.51678,0.602992,0.180974,1.528984,0.639828,0.266449,1.799429,1.54913,0.15763,1.651385,0.554303,0.315115,1.178204,0.652172,0.214517,2015-03-25
0.370587,0.323575,0.551927,1.047094,0.740208,0.371602,0.883406,0.740843,0.422329,0.887267,0.770106,0.38195,3.445498,1.32869,0.332824,1.078624,0.930326,0.274542,0.883406,0.740843,0.422329,1.718559,1.054324,0.330562,1.774458,0.334776,0.896083,0.160474,0.197011,0.002289,3.489943,1.335296,0.344697,0.953692,0.766622,0.24603,0.584746,0.781325,0.189685,0.718705,0.785361,0.250118,1.323235,1.686784,0.157396,3.812043,0.613952,0.313264,0.414543,0.70727,0.199028,2015-03-26
0.0,-0.077866,0.690331,0.132558,0.000658,0.35228,0.0,-0.003941,0.397684,0.0,0.08156,0.36167,3.267153,1.037416,0.319866,0.0,0.726066,0.271809,0.0,-0.003941,0.397684,1.527479,0.955237,0.327754,0.0,0.016245,1.78044,0.0,0.240576,0.081909,3.366484,1.003306,0.325948,0.0,0.23952,0.245282,0.0,0.317161,0.191421,0.0,0.151356,0.249292,0.0,0.424858,0.76658,3.543834,0.134203,0.311503,0.0,-0.028044,0.365103,2015-03-27
0.0,-0.340192,1.229835,0.0,-0.160556,1.006076,0.0,-0.156402,1.106739,0.0,-0.095358,0.882349,0.0,0.333051,0.764435,0.0,0.325549,0.710764,0.0,-0.156402,1.106739,0.0,0.358555,0.749791,0.0,0.151156,2.714725,0.0,0.135625,0.593156,0.0,0.278814,1.066902,0.0,-0.068121,0.814851,0.0,-0.030284,0.441727,0.0,-0.068165,0.926509,0.0,-0.151755,1.579013,0.0,-0.076779,0.309619,0.0,-0.147937,1.031571,2015-03-28
0.0,0.240376,0.878813,0.0,-0.019501,1.024574,0.0,-0.038662,1.046195,0.0,0.084512,0.88464,0.0,1.018035,2.04536,0.0,0.982445,1.98034,0.0,-0.038662,1.046195,0.0,1.079346,1.844863,0.0,0.683233,2.558924,0.0,0.32602,1.085361,0.0,0.914331,2.380809,0.0,0.101832,0.784557,0.0,0.19784,0.622042,0.0,0.117452,0.800402,0.0,-0.000842,1.539157,0.0,0.25025,0.307825,0.0,0.002201,0.875216,2015-03-29
0.0,0.997357,0.158351,0.0,-0.080258,0.640188,0.0,-0.085574,0.713222,0.0,-0.049014,0.597184,0.0,0.689297,0.736984,0.0,0.658784,0.705701,0.0,-0.085574,0.713222,0.0,0.713554,0.703869,0.0,0.323557,2.884578,0.0,0.283605,0.285307,0.0,0.651105,0.860365,0.0,-0.051921,0.550839,0.0,-0.039618,0.425028,0.0,-0.055624,0.573471,0.0,-0.057495,1.069647,0.0,-0.026188,0.30605,0.0,-0.075229,0.567561,2015-03-30
0.0,0.082164,0.157908,0.0,-0.11835,0.744469,0.0,-0.127334,0.796442,0.0,-0.075977,0.673195,0.0,0.18442,1.03467,0.0,0.148873,0.9729,0.0,-0.127334,0.796442,0.0,0.205267,0.934069,0.0,0.055604,2.985017,0.0,0.11116,0.311303,0.0,0.135094,1.151426,0.0,-0.08295,0.627323,0.0,-0.067664,0.484488,0.0,-0.091548,0.650949,0.0,-0.095868,0.886215,0.0,-0.042037,0.304293,0.0,-0.110756,0.632294,2015-03-31
0.223242,1.493742,0.171994,0.802903,-0.093593,1.002029,0.749316,-0.088918,1.021294,0.54199,-0.076404,0.946388,0.170729,0.799755,1.012474,0.605844,0.827275,1.040772,0.749316,-0.088918,1.021294,2.22648,1.070923,0.991834,0.0,0.52198,3.022242,0.0,0.357467,0.504393,0.163681,0.77341,1.161264,0.0,-0.076437,0.863301,0.0,-0.0816,0.725782,0.0,-0.086604,0.891042,0.0,-0.016059,1.516194,0.177564,0.00776,0.30263,0.0,-0.063732,0.851467,2015-04-01
0.232741,2.523598,0.17217,1.068285,0.212788,0.694452,1.004604,0.193237,0.742302,0.780968,0.233113,0.657617,0.177994,0.950802,0.373409,0.849308,1.13333,0.324088,1.004604,0.193237,0.742302,2.321224,1.307506,0.403566,0.0,0.66264,3.040606,0.0,0.268871,0.291722,0.170646,0.989631,0.413762,0.0,0.161084,0.614075,0.0,0.134512,0.494039,0.0,0.102982,0.667577,0.0,0.50344,0.373379,0.18512,0.694753,0.330478,0.0,0.281805,0.550522,2015-04-02
0.0,2.284771,0.156592,0.241055,0.647806,0.336641,0.232908,0.650511,0.387901,0.225103,0.667393,0.358483,0.0,0.746998,0.352423,0.226947,0.845916,0.258214,0.232908,0.650511,0.387901,0.0,0.730361,0.304191,0.0,0.567096,3.051205,0.0,0.125367,0.066265,0.0,0.779384,0.372995,0.0,0.657377,0.314119,0.0,0.641131,0.213094,0.0,0.647268,0.32174,0.0,0.510132,0.470429,0.0,0.765087,0.471499,0.0,0.696564,0.224172,2015-04-03
0.0,2.29021,0.156157,0.0,0.631575,0.294462,0.0,0.628473,0.32914,0.0,0.65148,0.301092,1.152658,1.044579,0.349115,0.0,0.894093,0.223256,0.0,0.628473,0.32914,0.0,0.783614,0.292294,0.0,0.592028,3.053396,0.0,0.153191,0.002285,1.120656,1.079461,0.368153,0.0,0.668267,0.239391,0.0,0.64643,0.171578,0.0,0.673076,0.242804,0.0,0.389258,0.725231,1.249776,0.798409,0.405018,0.0,0.786834,0.194286,2015-04-04
0.0,1.945428,0.155729,0.0,0.02016,0.293017,0.0,0.012364,0.327155,0.0,0.021843,0.299494,1.201707,1.342267,0.321912,0.0,1.168258,0.222449,0.0,0.012364,0.327155,0.0,1.067024,0.290614,0.0,0.506701,3.040499,0.0,0.276905,0.049112,1.168343,1.39203,0.351143,0.0,0.017473,0.238618,0.0,0.010684,0.170973,0.0,0.011888,0.249997,0.0,0.444364,1.366097,1.302958,0.4312,0.37789,0.0,0.098304,0.268771,2015-04-05
0.0,2.022351,0.155328,0.0,-0.052355,0.669702,0.0,-0.049989,0.758977,0.0,-0.044556,0.650597,0.0,0.996279,0.301373,0.0,1.022015,0.483258,0.0,-0.049989,0.758977,0.0,1.000478,0.288949,0.0,0.579123,3.009279,0.0,0.331132,0.354577,0.0,1.013096,0.325267,0.0,-0.048573,0.644383,0.0,-0.054709,0.693456,0.0,-0.055911,0.69363,0.0,0.542076,2.365679,0.0,0.005474,0.343789,0.0,-0.015214,0.598728,2015-04-06
0.0,2.01895,0.15505,0.0,-0.042141,0.804541,0.0,-0.040972,0.865714,0.0,-0.033342,0.807731,0.0,0.974695,0.42649,0.0,0.968372,0.641522,0.0,-0.040972,0.865714,0.0,0.974268,0.403401,0.0,0.628211,2.958505,0.0,0.480699,0.293546,0.0,0.969603,0.716253,0.0,-0.031803,0.761216,0.0,-0.033846,1.037286,0.0,-0.041384,0.769927,0.0,0.603494,2.822458,0.0,0.076472,0.639837,0.0,-0.005409,0.66893,2015-04-07
0.0,1.970581,0.155238,0.682976,0.258365,0.745178,0.643835,0.222513,0.810945,0.580179,0.263894,0.741575,0.0,0.985117,0.364032,0.591157,1.140965,0.293704,0.643835,0.222513,0.810945,0.0,1.000491,0.329119,0.0,0.60268,2.890426,0.0,0.439,0.200987,0.0,1.00188,0.357534,0.0,0.22016,0.685361,0.0,0.38921,0.946943,0.0,0.174075,0.694346,0.0,0.577792,2.972921,0.0,0.829391,0.353689,0.0,0.393709,0.602801,2015-04-08
0.0,2.988975,0.156894,0.712038,0.803604,0.357996,0.671232,0.770424,0.412799,0.604867,0.789972,0.368344,0.0,1.344114,0.342111,0.616312,1.567697,0.269664,0.671232,0.770424,0.412799,0.0,1.312377,0.298993,0.0,0.862077,2.809131,0.0,0.555055,0.17077,0.0,1.400108,0.324398,0.0,0.666552,0.376245,0.0,1.327907,0.669707,0.0,0.562172,0.422389,0.0,0.83511,3.026794,0.0,0.998555,0.338494,0.0,1.133652,0.226599,2015-04-09
0.0,2.400276,0.161794,0.0,0.104025,0.356503,0.0,0.095856,0.413759,0.0,0.104792,0.346486,0.0,1.041326,0.338584,0.0,1.160915,0.218441,0.0,0.095856,0.413759,0.0,0.985982,0.282445,0.0,0.679703,2.719248,0.0,0.19968,0.149963,0.0,1.078342,0.299719,0.0,0.097012,0.36222,0.0,0.669071,0.954628,0.0,0.086473,0.485652,0.0,0.641134,3.041864,0.0,0.55889,0.331477,0.0,0.483944,0.588578,2015-04-10
0.0,1.740788,0.170652,0.0,0.019461,0.495087,0.0,0.021723,0.55212,0.0,0.026216,0.498804,1.148843,1.200504,0.324123,0.0,1.040583,0.217646,0.0,0.021723,0.55212,0.0,0.958,0.280857,0.0,0.541982,2.624982,0.0,0.234442,0.145468,1.120191,1.160921,0.298169,0.0,0.025711,0.453913,0.0,0.193789,1.15259,0.0,0.02549,0.663517,0.0,0.523628,3.028008,1.247825,0.263248,0.31746,0.0,0.072443,0.849416,2015-04-11
0.0,2.530749,0.181845,0.0,0.046151,0.937712,0.0,0.046316,1.017222,0.0,0.053536,0.939992,1.197729,1.394841,0.317465,0.0,1.157649,0.216855,0.0,0.046316,1.017222,0.0,1.103568,0.279283,0.0,0.779822,2.529644,0.0,0.587499,0.125154,1.167858,1.380629,0.297143,0.0,0.04958,0.856807,0.0,0.543792,1.70953,0.0,0.04538,0.975668,0.0,0.755269,2.987675,1.300923,0.319,0.426352,0.0,0.083752,1.318762,2015-04-12
0.0,2.101017,0.193545,0.0,0.016614,0.892448,0.0,0.018114,0.990853,0.0,0.025616,0.893086,1.148843,1.318806,0.314257,0.0,1.143345,0.440713,0.0,0.018114,0.990853,0.0,1.176144,0.277724,0.0,0.751884,2.435575,0.0,0.539872,0.197416,1.120191,1.298409,0.506481,0.0,0.027719,0.90053,0.0,0.490891,1.649948,0.0,0.018138,1.032264,0.0,0.735562,2.92452,1.247825,0.10761,0.825378,0.0,0.071437,1.421556,2015-04-13
0.0,2.025155,0.204936,0.359782,0.073938,0.887642,0.330873,0.066149,1.019305,0.165975,0.068028,0.875855,2.374709,1.708309,0.287836,0.195129,1.34038,0.68642,0.330873,0.066149,1.019305,0.0,1.342547,0.27618,0.0,0.923692,2.344285,0.0,0.77601,0.261591,2.313159,1.660986,0.693493,0.0,0.068912,1.186054,0.0,0.504703,1.930725,0.0,0.057662,1.28953,0.0,0.903256,2.844011,2.57509,0.279753,0.79423,0.41716,0.260037,1.464867,2015-04-14
1.534059,2.353288,0.318905,0.745037,0.482252,0.606336,0.708665,0.464767,0.767294,0.616618,0.438584,0.605629,1.227064,1.242831,0.302434,0.727448,1.27568,0.255828,0.708665,0.464767,0.767294,0.186039,1.047782,0.274649,0.828517,2.40447,2.313815,0.356865,0.374244,0.147098,1.194037,1.267897,0.347922,0.614918,0.564063,1.117031,0.470598,1.518804,1.070421,0.555663,0.602259,1.281211,0.674491,3.013231,2.795548,1.328386,0.953952,0.311924,1.19786,1.633643,0.459384,2015-04-15
7.700634,3.130841,0.745913,4.588732,0.844518,0.335904,4.509883,0.840889,0.481232,4.826773,0.799194,0.290492,1.895662,1.320356,0.311963,5.296549,1.873742,0.213962,4.509883,0.840889,0.481232,7.013547,2.082698,0.273133,5.289379,3.515692,2.173124,7.173439,1.401669,0.002281,1.96417,1.337063,0.325477,5.811626,1.237498,0.521845,5.84121,2.421418,0.414242,5.91772,1.465003,0.673386,5.256904,3.156263,2.654718,2.073203,0.948521,0.300026,9.226577,1.759088,0.458001,2015-04-16
9.495045,1.909051,0.472278,15.035606,0.722806,0.357189,14.54862,0.72158,0.519148,13.920046,0.722292,0.281705,9.886602,2.195669,0.28302,15.147333,2.524892,0.213572,14.54862,0.72158,0.519148,19.461662,2.806501,0.271631,15.346128,2.738742,2.093858,13.007772,1.6612,0.00228,9.746796,2.157247,0.343414,13.011711,0.595125,0.232822,11.713708,1.806553,0.328777,12.480495,1.059158,0.243713,14.396552,2.456167,2.555648,10.279114,0.726833,0.276995,16.06146,0.227963,0.253602,2015-04-17
3.889652,1.740156,0.245376,15.29435,0.760689,0.397301,14.577816,0.754064,0.58168,11.996428,0.759838,0.281028,16.796675,3.334681,0.281446,13.180676,2.597911,0.213668,14.577816,0.754064,0.58168,18.368374,3.071589,0.270144,12.679501,2.611713,2.018837,7.086615,1.597053,0.00228,16.330677,3.230142,0.362143,8.661701,0.753286,0.249007,6.931525,1.707883,0.503481,7.646143,0.762345,0.316248,11.123463,1.796584,2.457909,17.598389,0.797177,0.275528,8.285808,0.482252,0.276678,2015-04-18
1.172773,1.442331,0.874264,5.146526,1.090113,0.453714,4.835496,1.084642,0.673229,2.94624,1.096792,0.283922,10.063411,2.877648,0.279887,3.2915,1.306576,0.214713,4.835496,1.084642,0.673229,6.008337,2.041992,0.268673,1.879696,2.501464,1.948068,1.439564,0.441325,0.00228,9.77338,2.858864,0.380534,1.240049,1.079303,0.316086,1.091741,1.628419,0.685761,0.99686,1.054757,0.44197,1.517864,2.200231,2.363258,10.729875,1.096605,0.274074,1.560317,0.720627,0.29901,2015-04-19
0.546436,1.068669,0.300621,1.35142,0.089228,0.530389,1.313956,0.087585,0.783854,1.041489,0.159231,0.305197,3.532176,1.184905,0.278344,1.084849,0.820353,0.21738,1.313956,0.087585,0.783854,0.572188,0.65818,0.267218,0.495661,0.560995,2.618855,1.449493,0.443751,0.002384,3.432242,1.21621,0.39822,0.514314,0.098126,0.402221,0.55669,0.707511,1.418107,0.564326,0.05619,0.564387,0.593919,0.916113,2.509697,3.761616,0.439054,0.272635,1.780669,0.275428,0.320411,2015-04-20
0.0,1.738379,0.270857,0.775451,0.045497,0.614522,0.739238,0.040457,0.978773,0.583606,0.067243,0.352852,2.432748,1.449705,0.276817,0.622439,0.936037,0.222283,0.739238,0.040457,0.978773,0.288073,0.732493,0.265782,0.162794,0.168429,3.332911,1.590508,0.531554,0.261242,2.365289,1.31058,0.415131,0.0,0.037034,0.787004,0.0,0.453487,3.024055,0.0,0.023075,1.170827,0.174862,0.298545,5.278021,2.611001,0.412725,0.271209,1.233092,0.126249,0.386291,2015-04-21
0.0,2.733192,0.278509,0.224631,-0.022003,1.003939,0.214753,-0.021339,1.741323,0.183247,-0.013039,0.690214,0.0,1.208386,0.275309,0.184839,1.242454,0.229503,0.214753,-0.021339,1.741323,1.095284,1.368212,0.264367,0.0,0.864434,1.757794,0.905133,0.404346,0.278138,0.0,1.216311,0.431282,0.0,-0.020341,1.022272,0.0,0.754322,3.482829,0.0,-0.031931,1.477853,0.0,0.752876,2.16723,0.0,0.027459,0.269797,0.713744,-0.004454,0.763898,2015-04-22
0.0,2.920398,0.285759,0.15804,0.058773,1.423646,0.155237,0.046339,2.42032,0.126807,0.065026,1.073783,0.0,1.341258,0.273819,0.0,1.335045,0.238495,0.155237,0.046339,2.42032,1.141892,1.560748,0.262979,0.0,1.109705,1.70118,0.287233,0.364372,0.365263,0.0,1.326587,0.446714,0.0,0.059636,1.328737,0.0,0.447666,3.942616,0.0,0.134105,2.453268,0.0,1.050878,2.027947,0.0,0.304003,0.268399,0.597488,0.112469,0.948509,2015-04-23
0.268375,1.416275,0.311203,1.528683,0.040361,1.638787,1.460459,0.039215,2.799476,1.08448,0.058959,1.223423,1.183179,0.969149,0.272352,1.026,0.891491,0.616362,1.460459,0.039215,2.799476,0.212972,0.913155,0.261625,0.914297,0.694411,1.714359,0.201142,0.161291,0.493695,1.150881,0.85045,0.712,0.527454,0.043355,1.503989,0.361,0.343474,2.653967,0.425795,0.117376,2.417631,0.775536,0.678094,2.012865,1.263922,0.402614,0.267014,0.60395,0.120278,0.96451,2015-04-24
0.944668,1.7447,0.364645,4.540067,-0.067812,2.119278,4.365571,-0.057625,3.250639,3.51719,-0.031101,1.529303,2.935569,1.102904,0.356801,3.761075,1.279484,1.022741,4.365571,-0.057625,3.250639,2.744281,1.306034,0.260314,2.424809,0.87292,1.780514,0.545104,0.202346,0.507071,2.793883,1.019736,1.476816,1.893866,-0.034868,2.138293,1.664533,0.66639,2.379667,1.68085,0.340873,2.238672,2.172907,0.883975,2.050208,3.119198,0.334335,0.298149,1.163146,0.085024,1.060413,2015-04-25
1.720077,1.579074,0.424792,5.709812,0.021702,1.891336,5.522639,0.017408,2.874408,4.600503,0.036381,1.223614,4.256237,1.75562,0.668605,4.916168,1.764987,0.907088,5.522639,0.017408,2.874408,3.110384,1.626223,0.25906,3.017649,0.904369,1.776209,1.230107,0.535462,0.450294,4.060806,1.565421,1.24484,2.626194,0.116524,2.039181,2.408326,0.771115,2.530867,2.349802,0.647125,1.687244,2.746789,0.889922,2.029093,4.494778,0.504489,0.323852,2.285891,0.028439,0.848708,2015-04-26
1.532624,1.227917,0.41769,3.580497,-0.016724,2.158859,3.300668,-0.017801,2.974582,2.397636,0.01103,1.320567,8.327295,1.794354,0.794697,2.636439,0.867574,0.959997,3.300668,-0.017801,2.974582,0.501268,0.721353,0.257879,1.682662,0.66879,1.631771,2.280471,0.476965,0.49863,8.103378,1.504355,1.476374,1.277166,0.118319,2.223794,1.110672,0.532363,3.05051,1.105347,0.52005,1.956028,1.380717,0.651143,1.866228,8.869533,0.371685,0.302531,2.373424,0.0342,1.002728,2015-04-27
0.481674,2.161361,0.349957,1.060111,-0.042432,2.191631,0.85123,-0.041236,2.881032,0.359858,-0.03475,1.337798,5.984173,1.590166,1.005453,0.454988,1.079913,0.866142,0.85123,-0.041236,2.881032,0.0,1.107943,0.256795,0.141909,1.072992,1.47036,1.420555,0.849833,0.436847,5.840746,1.485091,1.468886,0.0,0.308535,2.139745,0.0,0.780819,3.315758,0.0,0.904546,2.916203,0.0,1.034666,1.702921,6.402904,0.123369,0.491183,0.780418,-0.012202,1.188087,2015-04-28
0.0,1.519588,0.321431,0.0,-0.095543,2.188452,0.0,-0.088929,2.804057,0.0,-0.0789,1.26892,0.0,1.108862,0.900961,0.0,1.063293,1.222438,0.0,-0.088929,2.804057,0.0,1.101828,0.255832,0.0,1.130155,1.417656,0.0,0.562478,0.477315,0.0,1.058529,1.335735,0.0,0.687366,1.632961,0.0,0.791181,3.871707,0.0,0.838661,3.312654,0.0,1.098618,1.648352,0.0,0.048942,0.614498,0.0,-0.057102,1.252298,2015-04-29
0.0,2.33611,0.326184,0.0,-0.071531,2.956734,0.0,-0.068678,3.519197,0.0,-0.050808,1.513525,0.0,1.713963,2.068793,0.0,1.550627,2.873102,0.0,-0.068678,3.519197,0.0,1.817799,1.623295,0.0,2.428549,1.37818,0.0,0.977421,1.275325,0.0,1.637589,2.816617,0.0,1.57875,3.17634,0.0,1.441505,4.904933,0.0,1.718548,3.875623,0.0,2.365995,1.596828,0.0,0.416839,0.659502,0.0,0.174192,1.938759,2015-04-30
0.0,1.157612,0.330628,0.573302,-0.232959,4.177554,0.518958,-0.219198,4.510372,0.337813,-0.215943,2.051593,1.170708,1.207367,2.699168,0.390688,0.967074,2.761679,0.518958,-0.219198,4.510372,1.266063,1.237464,2.378801,0.0,1.638037,1.340598,0.0,0.475549,1.268929,1.175094,1.11335,3.253706,0.0,0.962443,5.186041,0.0,0.963579,5.741834,0.0,1.010961,4.941866,0.0,1.588369,1.548239,1.20851,-0.01451,1.053531,0.139531,-0.12232,1.973682,2015-05-01
0.0,0.902281,0.334775,0.597698,-0.30087,4.365478,0.541042,-0.289593,4.673063,0.352188,-0.308672,2.843374,0.154656,0.604764,1.647813,0.407313,0.72725,1.654616,0.541042,-0.289593,4.673063,1.319938,0.701531,1.612307,0.0,1.141969,1.304836,0.0,0.40548,1.72997,0.13475,0.556356,2.2529,0.0,0.668488,8.232815,0.0,0.707167,6.005432,0.0,0.687093,5.791573,0.0,1.123919,1.502481,0.166396,-0.108187,0.928811,0.274719,-0.177689,1.974395,2015-05-02
1.862865,2.444977,0.469526,2.584021,-0.194244,5.320515,2.388677,-0.182451,7.230508,1.612688,-0.188593,5.118322,1.228365,1.231313,1.684866,1.769354,1.51095,0.785509,2.388677,-0.182451,7.230508,2.588427,1.378006,1.578982,1.135833,2.039426,1.381887,0.408313,0.815524,11.874751,1.231792,1.173487,3.702478,1.310615,1.621491,8.951056,1.430562,1.373178,6.0091,1.457,1.670119,6.181689,1.144646,2.001354,1.569633,1.261656,0.08788,1.167732,0.849052,0.283718,2.691981,2015-05-03
2.690219,2.763587,0.531399,3.620271,-0.055827,8.130856,3.396542,-0.041071,11.513411,2.586552,0.051633,5.662871,2.362615,1.487779,1.225831,2.80325,1.650982,2.082753,3.396542,-0.041071,11.513411,3.074083,1.504036,1.12657,2.326365,2.003368,1.419862,1.666781,1.20546,50.091198,2.377938,1.427316,6.624173,2.365135,1.721691,8.554435,2.443188,1.334493,5.769899,2.469281,1.759541,6.108123,2.262604,1.966535,1.597129,2.396833,0.026878,1.112659,2.091052,1.267344,0.657035,2015-05-04
7.136178,3.845878,0.847943,9.255823,-0.009306,12.152034,8.932334,0.043608,13.524254,8.482365,0.961857,10.100081,6.45224,1.921715,1.434767,9.005552,2.266728,3.99645,8.932334,0.043608,13.524254,5.827333,1.96575,1.035644,7.897115,2.392493,1.777971,6.000761,1.56869,33.130489,6.383708,1.839952,11.86815,8.243511,1.924562,8.329786,8.491688,1.777418,5.882725,7.98099,1.967486,6.235173,8.027667,2.369918,1.968268,6.469844,0.063771,1.462185,8.474209,1.672318,1.545784,2015-05-05
8.616897,2.110009,0.955685,17.598835,0.042501,12.549275,17.165407,0.308868,19.689915,15.384781,1.208744,21.265818,19.37221,2.824768,2.176281,15.78949,2.367108,6.595183,17.165407,0.308868,19.689915,7.824261,1.7527,1.070286,11.98299,2.076208,2.068503,7.860312,1.483256,17.140842,19.526907,2.735537,15.775069,11.739229,1.392159,7.922245,11.802302,1.390891,5.801324,11.233771,1.380558,6.135988,12.452479,2.07847,2.283012,19.464531,0.160006,1.829644,9.223042,1.160839,3.571472,2015-05-06
2.393073,2.378672,0.520201,9.921126,-0.032405,18.368849,9.748667,0.791811,29.477289,8.352333,1.140081,27.849289,18.392334,2.231452,3.457388,8.357136,2.157035,8.24062,9.748667,0.791811,29.477289,2.500052,1.420321,1.123755,5.431844,2.085928,1.549873,4.847698,1.463232,7.1313,18.732479,2.156916,25.150702,4.683698,1.318306,6.61519,4.469532,1.250129,4.786522,4.425823,1.328283,5.133057,5.769698,2.09402,1.740566,18.528625,0.139407,2.602453,3.119104,1.203566,3.84701,2015-05-07
1.923406,1.36738,0.489824,5.160584,-0.032506,28.789019,4.895573,0.794773,27.907402,4.381302,0.894681,24.29734,6.319136,1.408689,4.177645,4.776844,1.583741,8.454846,4.895573,0.794773,27.907402,4.211313,1.516894,0.886772,4.561365,1.652183,1.447347,3.816177,1.07235,1.108787,6.350427,1.313144,28.662498,4.427667,1.015796,5.989665,4.489229,0.984702,4.415507,4.445959,1.022751,4.736589,4.513062,1.640856,1.604439,6.40099,0.093846,1.080381,2.836802,0.900777,5.672233,2015-05-08
3.217219,1.786699,0.583657,9.341553,-0.034904,29.664555,8.91926,0.873209,27.853731,7.874407,0.903885,19.775894,9.007522,1.696701,9.875223,8.410563,1.951763,8.67979,8.91926,0.873209,27.853731,10.787126,1.699317,1.491964,7.565917,1.843538,1.629816,4.639,0.953478,0.865613,9.040552,1.478374,28.145468,6.777833,0.945108,5.690414,6.644396,0.967205,4.287759,6.380824,0.926277,4.559809,7.347657,1.814576,1.772222,9.055355,0.430934,0.873831,3.798604,1.029235,7.656305,2015-05-09
2.714938,2.75977,0.550491,6.989042,0.30289,27.640936,6.678469,2.67407,23.563234,5.815897,2.747768,14.940135,11.262156,2.470264,10.285448,6.1955,2.350094,8.434718,6.678469,2.67407,23.563234,9.661292,2.256384,0.768044,4.591229,1.944852,1.383329,4.524979,1.566648,0.535155,11.434803,2.436665,23.389271,3.828396,2.906519,4.957398,3.665802,2.411018,3.719295,3.389969,1.966072,3.959858,4.482688,3.769133,1.529647,11.351939,0.804819,0.41322,5.477656,2.798389,8.436049,2015-05-10
1.644417,3.639621,0.476907,2.29075,2.197465,24.433659,2.184073,1.289744,17.443821,2.029792,1.323987,10.953155,6.465126,2.275677,11.944895,2.245604,1.952783,8.056489,2.184073,1.289744,17.443821,2.823115,1.67853,0.969451,1.462344,1.943895,1.154413,3.856563,1.574361,0.388138,6.572833,2.072144,19.091124,1.318917,1.392621,4.363642,1.313302,1.206098,3.266057,1.417219,1.475918,3.514621,1.4455,1.882812,1.300967,6.580334,0.790596,0.625388,4.315583,2.153156,8.040541,2015-05-11
0.74176,2.802799,0.414923,0.72801,2.969766,21.570692,0.663875,1.450217,12.884483,0.574198,1.469018,8.205305,3.278709,1.694058,13.8295,0.697771,1.395174,7.91286,0.663875,1.450217,12.884483,1.291031,1.566336,2.128948,0.0,1.872991,1.037884,2.029417,1.361059,0.223827,3.325761,1.650076,15.843028,0.0,1.510638,3.903831,0.0,1.143177,2.612607,0.155167,1.56225,3.099195,0.0,1.813731,1.181339,3.369511,0.052087,1.794101,0.962646,1.36324,7.508307,2015-05-12
0.222031,2.721783,0.37979,0.75899,3.862177,17.645134,0.692125,1.878678,9.487923,0.425688,1.895482,7.274088,1.180594,1.626269,14.323798,0.486938,1.491771,7.330798,0.692125,1.878678,9.487923,1.345969,1.707877,3.785408,0.0,2.274627,1.018756,0.0,1.329063,0.002272,1.190802,1.530785,12.987599,0.0,1.953553,3.60897,0.0,1.343584,2.275605,0.0,2.008409,2.539216,0.0,2.21485,1.159379,1.219386,0.131999,2.951958,0.839146,1.769549,6.961566,2015-05-13
0.218844,1.928305,0.381021,0.373062,3.107277,13.401983,0.360823,1.584592,7.726599,0.401458,1.592894,6.590084,0.0,1.331743,12.052532,0.470979,1.343839,6.881021,0.360823,1.584592,7.726599,0.0,1.356649,3.716149,0.884188,2.033994,1.057991,0.0,1.160485,0.00227,0.0,1.167683,9.814995,0.893,1.643921,3.427174,0.949302,1.198251,2.118986,0.837188,1.678691,2.297964,0.754448,1.992088,1.188076,0.0,0.164031,3.37688,0.874854,1.536077,6.430855,2015-05-14
1.556396,2.463208,0.477031,4.511229,3.785223,10.310698,4.26298,1.615821,7.230242,3.681125,1.602726,6.288655,1.009031,1.645874,9.090553,3.994969,2.017656,6.665239,4.26298,1.615821,7.230242,2.582063,1.841294,3.402813,4.646073,2.396395,1.294684,0.499375,1.183177,0.071227,0.941958,1.256257,8.487288,3.98649,1.633425,3.442081,3.766125,1.443566,2.172383,3.713865,1.66727,2.311094,4.245948,2.333327,1.403193,1.001688,0.862461,3.257818,1.318448,2.449328,5.962902,2015-05-15
3.212865,2.918079,0.595528,10.182501,3.351756,8.723019,9.734303,1.789731,7.00162,7.74598,1.690652,6.101418,5.542917,2.330647,7.995899,8.000063,2.891999,6.091378,9.734303,1.789731,7.00162,5.486969,2.187849,3.70399,6.405563,2.560785,1.387813,1.045458,1.305365,0.120808,5.524397,2.117003,8.123968,5.621677,1.61732,3.099731,5.355219,1.559071,2.176396,5.307052,1.611068,2.277559,6.259656,2.520106,1.513759,5.577365,0.977593,3.048229,2.849177,3.679215,5.519967,2015-05-16
2.468917,1.115445,0.543853,8.046053,1.354803,7.541188,7.699615,0.91362,6.238241,6.080927,0.879033,5.490774,11.809407,2.138487,7.893198,6.31848,1.71074,6.219243,7.699615,0.91362,6.238241,5.675219,1.601708,4.166667,3.803709,1.416848,1.201008,1.892052,1.034035,0.065526,12.027502,2.029344,9.269544,3.170906,0.811097,2.668844,3.008427,0.88358,1.947923,2.944761,0.79933,2.005137,3.822469,1.385161,1.336097,11.91499,0.167444,3.148579,3.217625,0.782135,5.24658,2015-05-17
4.979521,1.88497,0.722675,6.229501,1.965583,6.57507,5.841386,1.073647,5.548608,4.95549,1.063295,4.964314,10.182594,1.601136,9.148935,5.457031,1.775859,5.390141,5.841386,1.073647,5.548608,11.825396,2.135454,6.645587,3.430021,1.713975,1.177568,5.641907,1.711179,0.215906,10.355563,1.744287,9.067886,4.043396,1.073421,2.581946,4.39475,1.201379,2.033311,4.015292,1.081391,2.035838,3.611573,1.690066,1.319578,10.240542,0.036658,5.452077,3.650354,0.954568,4.886098,2015-05-18
8.601875,2.520199,0.980206,8.764177,2.654988,6.145814,8.291,1.271645,5.290907,7.453969,1.261803,4.784477,8.474782,1.744767,8.419805,8.016157,1.854076,5.198467,8.291,1.271645,5.290907,15.796708,2.123893,7.251889,7.555147,1.982022,1.462655,11.488324,2.159612,0.438274,8.540937,1.995281,8.325394,6.923323,1.264469,2.69519,6.671958,1.338082,2.220741,6.723793,1.263373,2.223801,7.274803,1.910647,1.577303,8.549417,0.15434,6.812113,10.475625,1.371837,5.088518,2015-05-19
4.193583,3.275354,0.668352,4.531479,3.497339,5.192595,4.306896,1.482005,4.529706,4.143053,1.485162,4.148271,6.882678,2.086452,7.57967,4.450323,2.049948,4.489644,4.306896,1.482005,4.529706,6.744647,2.06706,6.082477,5.478303,2.494691,1.277206,8.389177,2.249279,0.310522,6.968167,2.162341,7.886362,3.538208,1.511808,2.322131,2.681219,1.405585,1.906089,3.212052,1.540938,1.925499,4.856104,2.418092,1.361399,6.99874,0.411207,7.899551,9.114312,1.472627,4.670959,2015-05-20
0.746615,2.66105,0.424454,3.834907,2.888685,4.647787,3.633198,1.490774,4.089905,2.772021,1.471909,3.70289,3.082542,1.638406,7.516117,2.957573,1.783162,4.037604,3.633198,1.490774,4.089905,2.63151,1.717627,5.906219,1.034,1.879281,0.978578,2.524135,1.518085,0.098311,2.990292,1.687954,7.749873,1.73949,1.478574,2.08971,2.095906,1.416051,1.846424,1.720396,1.509247,1.786628,1.347823,1.855947,1.125685,3.147521,0.058528,8.45139,0.658635,1.34335,3.626937,2015-05-21
3.674271,2.991454,0.632408,8.246698,3.229519,4.63267,7.829313,1.674253,4.126107,5.85,1.640758,3.68057,8.589656,2.073175,10.857482,6.364125,2.161021,3.997133,7.829313,1.674253,4.126107,8.020709,2.092825,8.829751,3.458844,2.166667,1.134176,3.106375,1.909913,0.114734,8.579052,2.51996,8.368434,3.974531,1.634585,2.19798,4.378917,1.65398,2.014984,3.953156,1.658157,1.945733,3.666073,2.12812,1.278522,8.724198,0.036756,10.712887,1.782573,1.519426,3.43704,2015-05-22
4.127042,4.389323,0.664768,6.464594,4.527828,4.117517,6.136084,2.028566,3.703426,4.691813,2.013117,3.103581,10.011177,2.773556,11.274298,5.157344,2.583252,3.588692,6.136084,2.028566,3.703426,8.142593,2.786285,10.053706,3.800115,2.987005,1.122408,3.048469,2.177639,0.103842,10.191906,3.061873,8.33847,3.184167,2.028523,2.073208,3.073448,1.853321,1.897298,3.127313,2.07056,1.859757,3.577635,2.894407,1.240508,10.1785,0.66463,11.339787,4.845156,1.944467,3.303113,2015-05-23
3.8845,3.780394,0.647714,6.97749,4.06848,3.855422,6.727417,1.874822,3.285347,6.269396,1.875374,2.894846,7.443,2.441465,10.28366,6.745469,2.375002,3.267897,6.727417,1.874822,3.285347,5.548708,2.276916,9.599103,6.256167,2.630138,1.291512,3.931083,2.002357,0.136802,7.491063,2.269986,7.755213,6.095771,1.910305,2.238592,6.138073,1.96648,2.087982,5.87898,1.943913,2.038857,6.108084,2.581473,1.416564,7.522021,1.043151,10.404993,4.332104,1.701416,2.804846,2015-05-24
3.775292,2.987924,0.640009,6.096802,3.323874,3.357821,5.928125,1.91004,2.911983,5.865896,1.900918,2.654056,9.246397,3.000988,10.9625,6.312635,2.52108,2.83848,5.928125,1.91004,2.911983,3.307125,1.935852,10.701157,6.306,2.826633,1.270242,4.323542,2.168419,0.146172,9.334886,2.910039,7.375155,6.073989,1.942282,2.181195,6.068511,1.961993,2.054347,5.780324,1.923162,1.997801,6.167428,2.77347,1.398715,9.294979,0.808849,11.153028,1.664271,1.599095,2.336512,2015-05-25
1.25324,3.749103,0.461093,2.539917,4.181824,2.688086,2.405948,2.021176,2.510061,1.982542,2.022547,2.224411,6.390209,1.824163,11.865591,2.153448,1.906022,2.35555,2.405948,2.021176,2.510061,0.409354,1.390847,11.176408,1.458813,2.372376,0.964194,1.818104,1.808803,0.074633,6.510178,2.095907,6.776584,0.982854,2.057238,1.770896,0.805135,1.733624,1.661786,0.856979,2.112155,1.617064,1.405531,2.32041,1.094345,6.454803,0.168871,12.414114,1.313761,1.979979,2.126358,2015-05-26
2.140792,1.513925,0.523886,2.312313,1.659066,2.471867,2.158635,1.072424,2.421153,1.757552,1.070032,2.10218,2.333646,1.27504,11.459178,2.067177,1.77064,2.210307,2.158635,1.072424,2.421153,2.483656,1.272075,10.851425,1.638438,1.890253,0.975654,3.309094,1.932078,0.112289,2.350271,1.812084,5.9968,2.154261,1.081713,1.826837,2.533354,1.30804,1.762904,2.283823,1.090909,1.697814,1.655833,1.856306,1.110016,2.372104,0.02269,10.917183,1.609063,1.115753,2.002389,2015-05-27
2.847584,3.462385,0.573772,3.406792,3.803105,2.422534,3.191334,1.880505,2.494157,2.639677,1.877453,2.120321,1.482885,1.269517,11.123772,2.94724,1.637552,2.208438,3.191334,1.880505,2.494157,5.138605,1.453535,10.453994,2.041615,1.841065,1.048392,5.486084,1.682265,0.22245,1.51201,1.46953,5.65371,2.958667,1.906905,1.889379,3.502344,1.632631,1.854371,3.115136,1.940537,1.76717,2.274573,1.840554,1.193515,1.508677,0.020482,11.058498,4.216636,1.830673,2.10395,2015-05-28
0.963667,3.189919,0.439873,2.69449,4.000131,2.255357,2.520948,1.920975,2.454134,1.818104,1.927548,2.0211,1.330656,1.465707,10.835747,1.88599,1.601598,2.07638,2.520948,1.920975,2.454134,2.65774,1.313772,9.353498,0.56401,1.903815,0.933548,2.693188,1.611122,0.113532,1.364427,1.628387,5.383191,0.993271,1.976602,1.716069,1.191313,1.598949,1.663445,1.023896,2.006243,1.585109,0.834021,1.878791,1.079192,1.373021,0.069928,13.264178,3.265261,1.849948,1.956555,2015-05-29
0.0,2.193949,0.371164,0.0,3.300618,1.947662,0.0,1.923834,2.264993,0.0,1.930814,1.859672,2.051594,1.553704,11.167921,0.0,1.685668,1.908229,0.0,1.923834,2.264993,1.268021,1.520655,9.511335,0.0,2.119943,0.884679,1.339781,1.803439,0.054824,2.097573,1.81654,5.253706,0.0,1.968072,1.626888,0.0,1.73241,1.56963,0.0,1.996339,1.491509,0.0,2.076057,1.007836,2.107938,0.053606,17.021124,0.147,1.865125,1.648177,2015-05-30
0.0,1.69092,0.370715,0.0,2.768787,1.8851,0.0,1.792188,2.281605,0.0,1.786099,1.864183,2.096,1.561339,11.414976,0.0,1.885011,1.903477,0.0,1.792188,2.281605,2.59,1.838297,10.095102,0.0,2.200636,0.892346,1.522,1.946841,0.062579,2.143,1.97895,5.068274,0.0,1.790591,1.625808,0.0,1.882124,1.573707,0.0,1.766681,1.486704,0.0,2.153486,1.009998,2.16,0.006795,18.955561,0.0,1.763593,1.596356,2015-05-31
0.148344,0.92453,0.380713,0.712344,1.354551,1.894604,0.650167,0.954988,2.344365,0.35201,1.006915,1.912635,0.966927,1.383062,9.975555,0.418594,1.515584,1.955395,0.650167,0.954988,2.344365,0.0,1.529141,9.586584,0.0,1.232499,0.902152,0.345646,1.43676,0.025572,0.991896,1.581005,4.760986,0.142958,1.02553,1.651753,0.191427,1.170399,1.602389,0.197792,0.998075,1.513408,0.0,1.400793,1.012998,0.966438,-0.189209,18.402016,0.571344,1.102443,1.618243,2015-06-01
0.154656,1.480102,0.38058,0.742656,2.292737,1.855095,0.677833,1.468481,2.338962,0.36699,1.513977,1.926651,1.008073,2.039399,10.013577,0.436406,2.315652,1.970485,0.677833,1.468481,2.338962,0.0,2.297481,8.899334,0.0,2.722584,0.91423,0.360354,2.205399,0.034185,1.034104,2.248301,4.529317,0.149042,1.53777,1.661728,0.199573,1.851048,1.618049,0.206208,1.525545,1.519467,0.0,2.607812,1.017022,1.007563,-0.321512,17.765181,0.595656,1.556762,1.607797,2015-06-02
0.0,1.39886,0.368981,0.0,3.440828,1.755427,0.0,2.217694,2.242558,0.0,2.250601,1.882403,0.0,1.98357,9.891511,0.0,2.196283,1.90404,0.0,2.217694,2.242558,0.0,2.027349,8.096437,0.0,2.252605,0.928551,0.0,2.160212,0.002263,0.0,2.106067,4.134949,0.0,2.259583,1.644616,0.0,2.11684,1.60543,0.0,2.260744,1.493685,0.0,2.3287,1.02214,0.0,-0.141545,16.929483,0.0,2.245981,1.534823,2015-06-03
0.0,1.005699,0.368286,0.0,3.537473,1.718904,0.0,2.522431,2.212437,0.0,2.54684,1.871295,0.0,2.176144,9.915547,0.0,2.33339,1.889023,0.0,2.522431,2.212437,0.0,2.163963,7.312581,0.0,2.541753,0.944866,0.0,2.308462,0.002262,0.0,2.322586,3.852768,0.0,2.558694,1.650437,0.0,2.25077,1.61423,0.0,2.554028,1.498812,0.0,2.547853,1.028293,0.0,-0.100963,18.774269,0.0,2.485385,1.520894,2015-06-04
2.603115,2.373539,0.551905,2.805802,3.787199,1.913969,2.6085,2.270252,2.3873,1.948052,2.262628,2.005698,0.437198,1.90205,9.790629,2.266771,2.274301,2.027125,2.6085,2.270252,2.3873,3.36099,2.353981,6.853719,2.817063,2.580413,1.17628,2.257469,2.272027,0.084437,0.418104,2.043791,3.606448,2.600177,2.279873,1.854778,2.539469,2.222176,1.798516,2.648157,2.294997,1.708176,2.622209,2.528909,1.231218,0.443563,-0.023826,19.474398,1.874125,2.228656,1.652971,2015-06-05
5.049688,3.864863,0.724324,5.651688,4.247483,2.111421,5.24624,2.270261,2.55238,3.645594,2.227644,2.103937,1.01099,1.931301,9.119106,4.188396,2.430033,2.122117,5.24624,2.270261,2.55238,4.891,2.305307,6.34576,4.268115,2.667967,1.280617,3.456563,2.393827,0.125609,0.957302,2.070356,3.38186,3.840292,2.234817,1.943838,3.623271,2.192477,1.878788,3.863385,2.271116,1.799649,4.034125,2.627946,1.322161,1.036229,0.076708,19.443462,2.484094,2.190719,1.677745,2015-06-06
2.838615,2.949609,0.566866,2.842511,3.534372,1.843518,2.634261,2.047156,2.312632,1.683354,2.047235,1.922689,2.43825,2.024777,8.2928,1.902833,2.058935,1.935484,2.634261,2.047156,2.312632,1.44601,1.911194,5.496789,1.387823,2.282418,1.104586,1.401125,2.053971,0.054033,2.459333,2.148893,3.147334,1.177531,2.074394,1.727594,1.01726,1.9374,1.675472,1.30074,2.092168,1.59809,1.355667,2.204109,1.148375,2.445406,0.084031,19.411592,0.897448,1.99687,1.538603,2015-06-07
0.420583,1.934148,0.394777,0.0,3.170251,1.573948,0.0,2.264126,2.05667,0.0,2.268164,1.755362,2.831073,1.992903,7.47973,0.0,2.129786,1.765708,0.0,2.264126,2.05667,0.0,1.930844,4.887137,0.0,2.319464,1.014652,0.261844,2.039397,0.020957,2.924042,2.068633,2.743876,0.0,2.282283,1.620902,0.0,2.151048,1.591178,0.157719,2.259361,1.511534,0.0,2.292202,1.055093,2.816844,-0.046134,19.978338,0.359333,2.20472,1.486638,2015-06-08
0.0,1.08458,0.364077,0.0,2.355746,1.538292,0.0,1.940261,2.010689,0.0,1.977085,1.718205,2.708657,2.114381,6.686496,0.0,2.133887,1.7281,0.0,1.940261,2.010689,0.0,1.93265,4.439777,0.0,2.179588,1.028284,0.0,2.131388,0.00226,2.808521,2.182162,2.459414,0.0,1.946216,1.599847,0.0,2.094086,1.570921,0.0,1.924233,1.475931,0.0,2.241387,1.059459,2.703208,-0.033707,19.507759,0.0,1.897159,1.433492,2015-06-09
2.167385,2.229745,0.516426,5.705604,4.23121,1.968353,5.407448,2.786694,2.375261,4.005771,2.772327,1.980175,3.825875,2.488023,6.104545,3.839313,2.556448,1.935324,5.407448,2.786694,2.375261,2.602625,2.296544,4.223637,1.8565,2.661051,1.157411,2.791604,2.471391,0.094446,3.852104,2.472888,2.324364,2.698583,2.766832,1.775744,3.065281,2.403042,1.751109,2.748032,2.765369,1.662512,2.413646,2.666917,1.213181,3.780667,0.05616,20.780064,3.015344,2.768808,1.633191,2015-06-10
6.241886,3.717436,0.803537,14.076459,4.035256,2.614206,13.319604,2.682014,2.953992,10.304833,2.651838,2.432243,5.369458,2.727145,5.650625,10.56849,3.259784,2.374499,13.319604,2.682014,2.953992,5.747324,2.796029,4.101258,8.490532,3.267436,1.602406,5.879719,2.865566,0.209556,5.324646,2.793402,2.263389,9.234303,2.661741,2.246181,9.497636,2.886416,2.193777,9.109115,2.639322,2.124132,9.03124,3.254958,1.658575,5.320709,0.084387,21.348335,6.211875,2.633391,1.855661,2015-06-11
4.468979,3.656021,0.677039,8.473938,4.175322,2.123922,8.008948,2.592027,2.519744,6.389396,2.603946,2.119691,4.373448,2.216939,5.126884,6.845198,2.320868,2.142168,8.008948,2.592027,2.519744,3.163052,2.117974,3.63128,6.833969,2.594569,1.5743,3.525531,2.170563,0.145474,4.40125,2.271883,2.116862,6.694115,2.632032,2.055725,6.570084,2.196102,2.005199,6.509854,2.653788,1.937255,6.792115,2.541246,1.581251,4.361448,0.100944,22.363436,3.198781,2.594651,1.617041,2015-06-12
1.137583,2.635973,0.44039,0.913563,3.608846,1.477493,0.863136,2.512852,1.877599,0.907688,2.532299,1.632231,2.588365,2.630996,4.525296,1.130938,2.654458,1.645222,0.863136,2.512852,1.877599,0.377958,2.43937,3.059639,0.947344,2.962332,1.111736,2.208688,2.850351,0.075099,2.592104,2.764349,1.854896,1.20976,2.541556,1.575085,1.137792,2.613261,1.532611,1.027146,2.552072,1.465838,1.235708,2.960022,1.13425,2.602802,0.061304,23.031612,1.150031,2.521748,1.421884,2015-06-13
1.223531,2.162184,0.445338,1.202125,3.771446,1.46929,1.135354,2.45072,1.86836,1.229781,2.461628,1.638215,2.671511,1.981898,4.193335,1.599615,1.990212,1.677906,1.135354,2.45072,1.86836,0.676531,1.93244,2.581296,1.248604,1.94941,1.191831,2.873375,2.063378,0.132837,2.672281,2.038517,1.819128,2.232573,2.46218,1.6411,2.537948,2.351438,1.619037,2.218438,2.467339,1.549211,1.747031,2.013184,1.220656,2.681688,-0.074227,22.556267,2.320115,2.429918,1.503437,2015-06-14
1.002781,1.784514,0.428583,0.643656,3.798937,1.393533,0.59899,2.664481,1.769139,0.518781,2.67295,1.539616,1.966885,2.086457,3.780915,0.704781,2.081963,1.559528,0.59899,2.664481,1.769139,0.532448,2.022656,2.280244,0.272052,2.168771,1.096784,1.624052,2.065573,0.07823,2.026906,2.137467,1.681512,1.157583,2.672043,1.521771,1.613906,2.415703,1.51742,1.400573,2.660673,1.456728,0.47826,2.19204,1.1052,1.946823,-0.019733,20.802193,1.488063,2.640941,1.41143,2015-06-15
3.068959,2.69934,0.573296,5.89474,3.901841,1.786034,5.594823,2.648384,2.096911,4.410854,2.635876,1.79172,6.628417,2.705077,3.812604,4.322604,2.607842,1.758729,5.594823,2.648384,2.096911,7.48949,2.824815,2.555682,1.033021,2.405986,1.130835,6.255458,2.746132,0.232287,6.745188,2.756373,1.928164,2.225448,2.639779,1.5636,2.589792,2.659012,1.539492,2.761125,2.611078,1.524145,2.0915,2.456045,1.192656,6.622678,1.673489,19.461597,7.063584,2.658692,1.790602,2015-06-16
2.542896,2.29096,0.534923,5.728918,2.883548,1.743218,5.448698,2.074535,2.067631,4.355896,2.08472,1.77633,6.767365,2.35754,3.499349,4.217062,2.358795,1.76541,5.448698,2.074535,2.067631,7.549573,2.335953,2.48691,1.076979,2.284353,1.143596,5.932573,2.460141,0.256356,6.889532,2.415864,1.946623,2.162635,2.08169,1.540215,2.477563,2.462196,1.525462,2.656719,2.023713,1.504965,2.1805,2.26524,1.216088,6.76749,2.702828,20.419827,7.017209,2.111365,1.796472,2015-06-17
0.0,1.334092,0.354201,0.0,3.469141,1.255276,0.0,2.605012,1.570647,0.0,2.652318,1.382691,1.824021,2.955054,2.588926,0.0,3.351411,1.386748,0.0,2.605012,1.570647,0.0,3.087869,1.74495,0.0,3.528662,1.012954,0.0,3.324013,0.002257,1.891469,3.025653,1.514821,0.0,2.647703,1.324119,0.0,3.182832,1.294377,0.0,2.639004,1.252774,0.0,3.399635,1.006869,1.81949,3.645006,19.106783,0.0,2.627676,1.210975,2015-06-18
0.0,0.700988,0.352973,0.0,2.855296,1.228065,0.0,2.123541,1.52584,0.0,2.237792,1.34813,1.823,2.402157,2.327152,0.0,2.639687,1.351356,0.0,2.123541,1.52584,0.0,2.587516,1.636265,0.0,2.355031,1.000047,0.0,2.617404,0.002257,1.893,2.392562,1.485453,0.0,2.180223,1.292393,0.0,2.722018,1.261759,0.0,2.154966,1.224892,0.0,2.394832,0.99309,1.82,3.184191,15.552618,0.0,2.213823,1.185308,2015-06-19
0.0,0.551214,0.351725,0.0,2.873042,1.201591,0.0,2.48499,1.482679,0.0,2.563957,1.314406,0.93049,2.373785,2.055295,0.0,2.624578,1.316788,0.0,2.48499,1.482679,0.0,2.52597,1.544071,0.0,2.549312,0.986029,0.0,2.577353,0.002256,0.966219,2.386519,1.379038,0.0,2.57404,1.261256,0.0,2.703428,1.229645,0.0,2.530753,1.197321,0.0,2.614424,0.978484,0.928958,3.697634,11.896407,0.0,2.621437,1.159905,2015-06-20
0.0,0.450941,0.350458,0.0,2.218458,1.175825,0.0,1.979731,1.441236,0.0,2.059885,1.281541,0.0,2.444975,1.785066,0.0,2.503305,1.283085,0.0,1.979731,1.441236,0.0,2.38124,1.464598,0.0,2.451096,0.971152,0.0,2.564295,0.002256,0.0,2.507051,1.224455,0.0,2.036936,1.230765,0.0,2.621287,1.198163,0.0,2.003796,1.170152,0.0,2.361442,0.963237,0.0,3.020478,8.741276,0.0,2.046507,1.134829,2015-06-21
0.0,0.414313,0.349175,0.0,1.955827,1.150744,0.0,1.952645,1.401647,0.0,2.009727,1.249603,0.0,2.420246,1.658621,0.0,2.385835,1.250279,0.0,1.952645,1.401647,0.0,2.478276,1.395115,0.0,2.214272,0.95562,0.0,2.55668,0.002256,0.0,2.392332,1.187978,0.0,2.024202,1.201012,0.0,2.684313,1.167363,0.0,1.962055,1.143488,0.0,2.328414,0.947509,0.0,3.157082,7.429595,0.0,2.140725,1.110155,2015-06-22
0.0,0.391039,0.347876,0.0,1.72199,1.126325,0.0,2.226998,1.363939,0.0,2.198379,1.218614,0.0,2.500203,1.556118,0.0,2.681,1.218408,0.0,2.226998,1.363939,0.0,2.476032,1.333616,0.0,2.542191,0.939622,0.0,2.611843,0.002255,0.0,2.603537,1.153897,0.0,2.167653,1.17204,0.0,2.802654,1.137296,0.0,2.095373,1.117394,0.0,2.669565,0.931442,0.0,3.580837,6.567867,0.0,2.309402,1.085928,2015-06-23
0.328021,0.615584,0.369658,1.239625,2.157346,1.200508,1.164229,2.591519,1.441146,0.874885,2.622546,1.278475,0.181146,2.346834,1.51357,1.001198,2.245274,1.304547,1.164229,2.591519,1.441146,1.11625,2.361196,1.381989,1.067781,2.195477,1.081317,1.030573,2.307415,0.059899,0.18849,2.322854,1.169482,1.068271,2.473593,1.251467,1.068271,2.572808,1.205566,1.072188,2.424132,1.201196,1.053094,2.202891,1.060161,0.179188,3.837743,5.861351,1.50449,2.736543,1.194099,2015-06-24
0.341979,0.698801,0.369307,1.292375,2.261258,1.18138,1.213771,2.519529,1.410967,0.912115,2.582941,1.251007,0.188854,2.479496,1.436875,1.043802,2.610131,1.273727,1.213771,2.519529,1.410967,1.16375,2.490133,1.335986,1.113219,2.375506,1.057526,1.074427,2.531577,0.069479,0.19651,2.568155,1.134199,1.113729,2.498894,1.226608,1.113729,2.674333,1.182221,1.117813,2.463744,1.178544,1.097906,2.494581,1.039051,0.186813,3.453913,5.245152,1.56851,2.614516,1.175645,2015-06-25
0.0,0.312656,0.343896,0.0,1.247188,1.056853,0.0,2.337882,1.261657,0.0,2.385105,1.131187,0.0,2.555968,1.338532,0.0,2.605132,1.128465,0.0,2.337882,1.261657,0.0,2.543148,1.183763,0.0,2.552277,0.890197,0.0,2.64817,0.002254,0.0,2.586461,1.063043,0.0,2.303523,1.089836,0.0,2.720001,1.052002,0.0,2.223652,1.042748,0.0,2.496696,0.882304,0.0,2.891923,4.6976,0.0,2.354934,1.016117,2015-06-26
0.0,0.316598,0.342546,0.0,0.963939,1.034898,0.0,2.003546,1.231001,0.0,2.064303,1.103876,0.0,2.734458,1.28537,0.0,2.841318,1.100399,0.0,2.003546,1.231001,0.0,2.743076,1.142371,0.0,2.709871,0.873612,0.0,2.959843,0.002254,0.0,2.851907,1.035868,0.0,1.999042,1.064027,0.0,2.724677,1.025299,0.0,1.945443,1.01914,0.0,2.776146,0.865912,0.0,2.39015,4.239756,0.0,2.053869,0.993872,2015-06-27
0.377958,0.533626,0.367756,0.890063,1.339944,1.083263,0.794594,1.841191,1.285788,0.337813,1.912119,1.126088,0.0,2.386983,1.23865,0.394604,2.272813,1.142356,0.794594,1.841191,1.285788,0.0,2.460477,1.104219,0.0,2.192981,0.857113,0.222271,2.224161,0.03421,0.0,2.452991,1.009998,0.0,1.848472,1.039021,0.0,2.598591,0.99946,0.0,1.764685,0.996193,0.0,2.297625,0.849629,0.0,1.988311,3.843167,0.0,1.96337,0.972169,2015-06-28
0.394042,0.74928,0.367509,0.927938,1.71253,1.065306,0.828406,2.572597,1.25622,0.352188,2.614546,1.095717,0.0,2.617764,1.197142,0.411396,2.582847,1.100147,0.828406,2.572597,1.25622,0.0,2.571954,1.068869,0.0,2.685979,0.84076,0.231729,2.729833,0.021328,0.0,2.715558,0.985327,0.0,2.55349,1.014798,0.0,3.127896,0.974484,0.0,2.503719,0.973899,0.0,2.701655,0.833509,0.0,1.806193,3.498573,0.0,2.641682,0.951011,2015-06-29
0.0,0.26964,0.338439,0.0,0.812439,0.97241,0.0,2.460168,1.147895,0.0,2.512596,1.027212,0.0,2.711474,1.159883,0.0,2.820899,1.021749,0.0,2.460168,1.147895,0.0,2.652537,1.035963,0.0,2.645243,0.824603,0.0,2.766739,0.002253,0.0,2.710419,0.961759,0.0,2.4241,0.991324,0.0,3.13031,0.950334,0.0,2.333314,0.952239,0.0,2.667175,0.817593,0.0,1.432273,3.197839,0.0,2.490867,0.930391,2015-06-30
0.0,0.250473,0.337054,0.239406,0.808249,0.971299,0.238427,2.090441,1.177378,0.255073,2.103703,1.057716,0.0,2.180069,1.126101,0.282,1.901225,1.086086,0.238427,2.090441,1.177378,0.0,2.352452,1.0052,0.713323,1.662261,0.960078,0.0,2.3551,0.002252,0.0,2.183572,0.939208,0.383833,2.08505,1.035604,0.222271,2.631132,0.977573,0.279063,2.033625,0.992255,0.527771,1.685364,0.932771,0.0,1.202305,2.728576,0.484198,2.238391,0.980864,2015-07-01
0.461188,0.165029,0.368031,0.533063,0.503545,0.974852,0.511969,0.468237,1.160435,0.410844,0.520673,1.033139,0.0,0.778606,1.095195,0.294,0.583121,1.030726,0.511969,0.468237,1.160435,1.211719,0.681018,1.082489,0.743677,0.171799,0.91241,0.271719,0.59064,0.031115,0.0,0.700731,0.917607,0.400167,0.429022,1.001219,0.231729,0.679425,0.939509,0.290938,0.358422,0.958995,0.550229,0.280725,0.882559,0.0,0.604965,2.39897,0.504802,0.653399,0.945977,2015-07-02
1.745406,1.482002,0.456719,3.331927,2.270343,1.173109,3.235604,1.461858,1.361449,2.624458,1.499255,1.194678,0.589948,1.888684,1.18853,2.474844,1.982006,1.204695,3.235604,1.461858,1.361449,2.394708,1.969109,1.193495,2.833708,1.643171,1.087285,2.210281,2.005644,0.130196,0.595333,1.917514,1.030239,2.693688,1.457418,1.169492,2.653052,2.003471,1.107765,2.64375,1.354552,1.135204,2.624167,1.715128,1.054632,0.611,1.539979,2.24474,0.816135,1.745759,0.969549,2015-07-03
1.524031,1.465359,0.43975,3.702188,2.425317,1.183133,3.602531,1.74558,1.346162,3.080938,1.663869,1.186514,4.475906,2.402277,1.353933,3.145135,2.284581,1.176802,3.602531,1.74558,1.346162,2.343313,2.255818,1.098147,3.282802,2.094757,1.036317,2.227844,2.244909,0.10205,4.694489,2.354766,1.207114,3.176479,1.618809,1.163153,3.113552,1.876465,1.102945,3.109729,1.479999,1.12727,3.086375,2.160472,1.012492,4.420011,2.946971,2.402434,1.446687,1.924765,0.970939,2015-07-04
1.659136,1.695699,0.447759,2.656302,2.972675,1.083832,2.607427,2.459525,1.238514,2.423271,2.453425,1.108417,7.220167,2.353398,1.533443,2.525323,2.131285,1.093243,2.607427,2.459525,1.238514,3.45751,2.157003,1.14082,2.739979,2.176483,0.968757,1.712083,2.077556,0.079506,7.5455,2.334337,1.39693,2.559052,2.43445,1.088214,2.414729,2.226238,1.015155,2.408615,2.384259,1.047913,2.599917,2.153217,0.954863,7.079772,4.072491,2.48761,1.551875,2.456872,0.961766,2015-07-05
2.387979,1.283423,0.49738,3.24949,1.804467,1.111899,3.185188,1.369474,1.255605,2.908177,1.362128,1.116416,7.099792,2.411351,1.470699,2.998844,1.990188,1.092061,3.185188,1.369474,1.255605,3.565667,2.05474,1.117621,3.760677,1.718381,1.018741,2.348031,1.753865,0.098286,7.456688,2.330227,1.339489,3.226386,1.278241,1.111495,2.943073,1.458557,1.030333,3.088938,1.226364,1.071361,3.414948,1.72946,0.987617,6.936688,2.458438,2.357009,4.111959,1.511771,1.116303,2015-07-06
4.159323,2.130744,0.619947,11.071646,2.920781,1.69633,10.863501,1.977174,1.790177,8.665448,1.971897,1.508846,8.784876,2.561332,1.578575,8.336229,2.592183,1.42698,10.863501,1.977174,1.790177,5.705875,2.440293,1.238095,7.783699,2.258268,1.287992,4.792833,2.236141,0.190251,9.190574,2.539488,1.455565,6.521407,1.976644,1.328458,5.814209,2.256744,1.196927,6.229761,1.921347,1.279233,7.479042,2.338082,1.258584,8.600885,3.268906,2.391215,7.117105,1.950865,1.326892,2015-07-07
4.91474,2.72966,0.671315,17.46097,3.465239,2.169318,17.149199,2.230678,2.258172,13.525771,2.190482,1.860705,11.420042,2.797193,1.736092,12.863677,2.818524,1.753811,17.149199,2.230678,2.258172,8.042803,2.480703,1.392643,10.879157,2.594871,1.512148,5.925917,2.335218,0.248419,11.747907,2.825044,1.608647,9.846969,2.162951,1.556825,9.185834,2.424953,1.422921,9.439802,2.15101,1.498813,10.911688,2.624157,1.504346,11.211083,3.827988,2.513991,6.025751,2.106759,1.229469,2015-07-08
2.398261,3.024765,0.493642,11.19474,3.802773,1.670227,10.92074,2.450846,1.769999,8.397354,2.427212,1.462109,12.530688,2.850606,1.787539,7.960761,2.467196,1.38554,10.92074,2.450846,1.769999,5.881771,2.397838,1.208115,5.409604,2.393537,1.11798,2.258656,2.126951,0.096328,13.054188,2.914685,1.672462,5.764594,2.426959,1.241921,5.839969,2.266589,1.167784,5.79023,2.421793,1.212929,5.870219,2.398558,1.143824,12.262855,4.140404,2.517744,2.669511,2.447967,0.955271,2015-07-09
0.97926,2.335219,0.392893,3.982271,3.884819,1.101029,3.842417,2.693434,1.220594,2.776667,2.692146,1.026197,7.090157,2.804162,1.393114,2.735438,2.711233,0.981047,3.842417,2.693434,1.220594,3.491084,2.701867,1.003507,1.145375,2.682562,0.787609,0.398635,2.687761,0.015305,7.509031,2.849658,1.267806,1.564427,2.694078,0.909436,1.743583,2.77001,0.855587,1.699177,2.682606,0.883921,1.452646,2.678581,0.804662,6.923334,4.227798,2.010091,0.73924,2.737343,0.795317,2015-07-10
0.343677,0.86762,0.347003,0.856771,1.663038,0.840678,0.823479,1.218604,0.975658,0.591417,1.242566,0.84844,1.965386,1.805515,1.007726,0.678187,1.691822,0.834218,0.823479,1.218604,0.975658,2.221323,1.820114,0.89126,0.203667,1.463032,0.731315,0.0,1.587672,0.002248,2.090511,1.782574,0.871421,0.215417,1.186765,0.790267,0.207094,1.422577,0.747019,0.224229,1.133332,0.76807,0.280042,1.485255,0.73058,1.910917,2.290933,1.539237,0.331563,1.238966,0.76057,2015-07-11
0.524021,0.351523,0.358178,1.548292,0.730291,0.873408,1.497917,0.465163,1.017762,1.249615,0.469022,0.885599,2.014125,1.449699,1.004528,1.269604,1.267677,0.865685,1.497917,0.465163,1.017762,1.315458,1.412567,0.815626,1.204229,0.64909,0.811023,1.043302,1.240983,0.048416,2.131167,1.391244,0.878573,1.56849,0.356091,0.877204,1.818313,0.786398,0.846352,1.647198,0.277488,0.870378,1.238813,0.740239,0.807424,1.956656,1.273441,1.485355,0.484208,0.523924,0.774831,2015-07-12
0.548583,0.45412,0.358462,1.670427,0.796735,0.872986,1.640386,0.479009,1.034789,1.479531,0.454069,0.905015,2.065281,1.291286,1.049327,1.526083,1.051054,0.926666,1.640386,0.479009,1.034789,0.394802,1.425619,0.770631,1.428708,0.366068,0.899771,1.337385,1.070723,0.093108,2.194969,1.132537,0.939283,2.152115,0.320827,0.942428,2.560167,0.664154,0.94312,2.177594,0.248082,0.934122,1.570729,0.487781,0.896826,2.002854,1.333634,1.436432,1.029802,0.74106,0.823893,2015-07-13
1.568115,0.935394,0.428212,4.949115,1.392015,1.114721,4.805573,0.825301,1.247448,3.80026,0.851609,1.054762,6.021594,1.184793,1.27413,3.6645,0.972603,1.03191,4.805573,0.825301,1.247448,3.57849,1.160617,0.954421,3.016958,0.396702,0.971537,2.612761,0.749257,0.13076,6.422646,1.035217,1.193784,3.257823,0.789006,1.005812,3.350375,1.020698,0.965995,3.244563,0.739699,0.995793,3.150823,0.539063,0.968568,5.827323,1.853287,1.693492,2.939927,1.009822,0.944581,2015-07-14
1.410281,2.288604,0.415745,4.628365,3.927765,1.083524,4.481865,2.372487,1.205214,3.503969,2.401829,1.022448,7.845625,2.76203,1.41919,3.384802,2.725176,1.031089,4.481865,2.372487,1.205214,3.50248,2.479154,0.99034,2.935281,2.646007,0.967902,2.452552,2.737638,0.142125,8.366261,2.838381,1.348469,2.812709,2.406815,0.960306,2.746855,2.80852,0.927454,2.867104,2.407112,0.953328,2.928188,2.652215,0.957035,7.592532,4.339855,1.788575,2.972229,2.420015,0.945806,2015-07-15
0.0,0.917728,0.315894,0.565031,2.406929,0.768672,0.552781,1.676154,0.880605,0.451208,1.694264,0.775525,5.51298,2.625243,1.179367,0.444573,2.523233,0.768877,0.552781,1.676154,0.880605,1.134854,2.432279,0.749601,0.228156,2.397923,0.727815,0.0,2.684125,0.002247,5.897604,2.699944,1.110447,0.242448,1.630293,0.749721,0.230198,2.104149,0.711442,0.260313,1.606776,0.740654,0.289406,2.392308,0.722255,5.343854,2.905295,1.567122,0.71101,1.691054,0.761444,2015-07-16
0.382854,0.711561,0.341178,0.525813,1.815221,0.759256,0.506229,1.416492,0.863681,0.39901,1.448691,0.766812,2.814438,1.889571,1.002987,0.376,1.808416,0.763323,0.506229,1.416492,0.863681,2.229385,1.936597,0.833671,0.203177,1.368867,0.727156,0.900344,1.82805,0.048486,3.020135,1.856646,0.937586,0.210031,1.377394,0.743948,0.207094,1.681316,0.704901,0.252135,1.344633,0.737127,0.251156,1.433252,0.721112,2.73124,2.296869,1.321259,0.886146,1.539474,0.768268,2015-07-17
1.562886,1.334523,0.422005,2.492323,2.235057,0.901671,2.437146,1.5286,0.989787,1.894042,1.492582,0.869235,0.346135,2.005795,0.800709,1.793187,1.984038,0.858312,2.437146,1.5286,0.989787,2.114479,2.036357,0.833095,1.274708,1.516146,0.79993,1.264229,1.988216,0.069115,0.311375,1.962403,0.743123,1.201073,1.40802,0.810172,1.147094,1.745886,0.76447,1.213636,1.312416,0.802252,1.353615,1.607822,0.795857,0.361313,2.739421,1.098209,1.060938,1.642789,0.778079,2015-07-18
1.404688,1.256058,0.409538,2.026865,2.050435,0.860003,1.990625,1.309831,0.94311,1.540948,1.31409,0.842289,0.360865,1.783,0.782627,1.460813,1.737877,0.836521,1.990625,1.309831,0.94311,1.067281,1.805849,0.7586,1.108115,1.290109,0.787225,1.251031,1.583834,0.067524,0.324625,1.788202,0.734147,1.023896,1.267543,0.793963,0.970812,1.476865,0.752562,0.991229,1.217283,0.784159,1.138229,1.477791,0.778863,0.376688,2.580168,1.066193,0.457229,1.281603,0.725741,2015-07-19
3.188479,2.348696,0.532291,6.26226,2.947068,1.17341,6.165813,1.971986,1.201721,5.154823,1.973323,1.071291,2.962469,2.505554,0.920081,5.065229,2.657684,1.025515,6.165813,1.971986,1.201721,1.912313,2.445401,0.782502,5.113698,2.469931,1.00415,3.140302,2.467518,0.132979,3.023667,2.539943,0.877308,4.981021,1.896762,1.04822,4.944792,2.465211,0.97893,4.796448,1.857031,1.025934,4.960948,2.457365,0.988037,2.929177,3.529475,1.23477,3.264209,1.978674,0.912577,2015-07-20
4.370896,2.497892,0.61312,9.508344,3.003954,1.411798,9.346106,2.024505,1.453302,7.742781,2.003489,1.277313,4.78151,2.663145,1.065227,7.541178,2.708737,1.239197,9.346106,2.024505,1.453302,6.276563,2.779348,1.072285,6.502875,2.284154,1.151153,4.087208,2.659918,0.172994,4.844334,2.691537,1.022216,6.832594,1.90445,1.204507,7.001427,2.364008,1.168129,6.719969,1.850436,1.187296,6.670667,2.331961,1.154451,4.745823,3.670673,1.346834,6.771052,2.122243,1.162003,2015-07-21
1.308198,1.032141,0.398494,3.106396,1.548995,0.922108,3.042084,1.095688,0.975411,2.469396,1.111088,0.877028,4.657969,2.120771,1.025958,2.356594,1.915905,0.857449,3.042084,1.095688,0.975411,4.465125,2.019533,0.96761,1.221427,1.555375,0.748007,1.880886,1.7482,0.092885,4.816552,2.082188,0.987962,1.709386,1.046887,0.810968,1.924781,1.45995,0.786391,1.792583,0.980948,0.809368,1.562385,1.625711,0.765225,4.600156,1.989281,1.306703,3.867427,1.256367,0.945775,2015-07-22
0.0,1.468477,0.306076,0.0,2.708979,0.681579,0.0,1.753301,0.733445,0.0,1.787555,0.678941,3.016052,1.617172,0.965301,0.0,1.794118,0.671704,0.0,1.753301,0.733445,1.126042,1.691648,0.731182,0.0,1.547638,0.617808,0.0,1.826209,0.002244,3.182448,1.573106,0.932104,0.0,1.768467,0.666276,0.0,2.09425,0.635466,0.0,1.714885,0.656848,0.0,1.591765,0.616677,2.956844,2.97147,1.152118,0.0,1.858695,0.6504,2015-07-23
1.490781,1.687728,0.408308,5.067677,3.296269,1.056753,4.927657,2.001856,1.097281,4.071375,2.041771,0.978941,0.847469,2.057731,0.8045,4.034657,2.340439,0.96534,4.927657,2.001856,1.097281,4.506552,2.332495,0.95686,4.849813,2.167673,1.005441,1.020781,2.266222,0.065453,0.88125,2.09699,0.763844,4.902198,2.099033,1.024398,5.068167,2.343611,0.970548,4.906115,2.066821,1.017566,4.531094,2.183595,0.973543,0.8695,3.487041,0.964971,2.322094,2.031669,0.827386,2015-07-24
1.554219,0.546356,0.411301,5.283324,1.039968,1.066561,5.137344,0.830506,1.110443,4.244625,0.885457,0.983093,4.538761,1.906831,0.987468,4.206344,1.777334,0.946294,5.137344,0.830506,1.110443,4.706198,1.926556,0.929902,5.056188,1.333818,0.980911,1.064219,1.370549,0.051549,4.818281,1.810805,0.960189,5.110802,0.908442,1.032017,5.283834,1.282692,1.002778,5.114886,0.856494,1.02582,4.723907,1.505505,0.945266,4.462344,1.582304,1.218776,2.420906,0.873569,0.817543,2015-07-25
0.290323,1.388001,0.322086,0.17625,2.438417,0.676289,0.162052,1.420414,0.745555,0.143937,1.457114,0.686833,3.810771,2.192497,0.989691,0.154219,2.162536,0.684403,0.162052,1.420414,0.745555,2.369125,2.200332,0.794859,0.0,2.154671,0.598056,0.0,2.292972,0.002243,4.065469,2.210382,0.962212,0.271229,1.434381,0.684926,0.370125,1.845865,0.650631,0.324104,1.359255,0.682334,0.141,1.910563,0.656854,3.707156,2.818504,1.137621,0.0,1.468214,0.630266,2015-07-26
0.302677,1.318358,0.321564,0.345313,3.631221,0.682875,0.324635,2.503166,0.745661,0.150063,2.536248,0.676117,0.0,3.041124,0.69174,0.160781,3.100933,0.67222,0.324635,2.503166,0.745661,1.131083,2.950306,0.708738,0.0,3.172056,0.591619,0.0,3.38051,0.002243,0.0,3.175397,0.639182,0.282771,2.552097,0.673816,0.385875,3.048913,0.63883,0.337896,2.508913,0.67268,0.147,2.917036,0.643371,0.0,4.018515,0.830683,0.0,2.571071,0.623696,2015-07-27
0.0,0.085846,0.299182,0.168438,0.695648,0.663539,0.162313,0.50911,0.733797,0.0,0.551275,0.643952,0.0,1.397719,0.685939,0.0,1.225197,0.635493,0.162313,0.50911,0.733797,0.0,1.387248,0.611005,0.0,0.747432,0.585253,0.0,1.184304,0.002242,0.0,1.294495,0.633389,0.0,0.535691,0.631418,0.0,0.853025,0.598872,0.0,0.503734,0.623158,0.0,0.861433,0.584495,0.0,1.348324,0.810466,0.0,0.518683,0.617195,2015-07-28
0.0,-0.015238,0.297818,0.0,0.425633,0.644905,0.0,0.214813,0.69413,0.0,0.241563,0.637174,0.0,1.262946,0.680368,0.0,1.002244,0.628478,0.0,0.214813,0.69413,0.0,1.238561,0.605083,0.0,0.102851,0.578968,0.0,0.926833,0.002242,0.0,1.157511,0.62783,0.0,0.174123,0.624682,0.0,0.493295,0.591856,0.0,0.139069,0.616639,0.0,0.343153,0.578274,0.0,1.039441,0.79044,0.0,0.222887,0.61077,2015-07-29
0.0,0.833483,0.296459,0.0,2.261342,0.638957,0.0,1.522927,0.688207,0.0,1.547998,0.630479,0.0,2.35462,0.675137,0.0,2.302253,0.62155,0.0,1.522927,0.688207,0.0,2.363589,0.599197,0.0,1.740483,0.572767,0.0,2.345624,0.002241,0.0,2.329336,0.622613,0.0,1.430656,0.618035,0.0,2.091594,0.584976,0.0,1.391352,0.610203,0.0,1.845404,0.572134,0.0,2.921156,0.748475,0.0,1.54972,0.604427,2015-07-30
0.0,0.40978,0.295106,0.0,1.852904,0.633062,0.0,1.164457,0.682632,0.0,1.177477,0.623861,0.0,2.05936,0.670369,0.0,1.911877,0.614702,0.0,1.164457,0.682632,0.0,2.089919,0.593345,0.0,1.45632,0.566647,0.0,2.007213,0.002241,0.0,2.034894,0.617872,0.0,1.039824,0.61147,0.0,1.661055,0.578186,0.0,0.990238,0.603845,0.0,1.582361,0.566072,0.0,2.360183,0.706968,0.0,1.169996,0.59816,2015-07-31
0.895063,0.980838,0.355746,1.523375,2.691788,0.741051,1.412781,1.897411,0.807558,0.951313,1.900712,0.712842,0.0,2.167882,0.666206,0.958698,1.986509,0.720143,1.412781,1.897411,0.807558,0.0,2.251184,0.587529,0.205625,1.70139,0.654036,0.806969,1.841317,0.072198,0.0,2.215758,0.613774,0.581625,1.943217,0.67286,0.804385,2.150753,0.645748,0.680031,1.875508,0.674544,0.316271,1.824541,0.650231,0.0,3.019863,0.682986,0.191917,2.04879,0.630246,2015-08-01
3.285625,1.657535,0.519863,3.305187,2.285712,0.868137,3.221792,1.539993,0.923554,3.237448,1.48159,0.860665,1.499104,1.926405,0.788675,3.54126,1.961004,0.865695,3.221792,1.539993,0.923554,2.881688,1.951437,0.794938,5.397594,1.756562,0.965464,3.653271,1.984164,0.158992,1.454552,1.889061,0.741216,4.707615,1.427312,0.950571,4.516365,1.913868,0.878192,4.374969,1.335455,0.923093,4.508813,1.729068,0.904948,1.577927,2.811403,0.789744,3.534302,1.536036,0.850648,2015-08-02
4.201969,1.986598,0.581845,6.560219,2.519314,1.104961,6.245958,1.466253,1.140911,5.441333,1.445792,1.017945,2.628229,2.028632,0.861651,5.811865,2.096135,1.022121,6.245958,1.466253,1.140911,4.433406,1.973665,0.915231,7.132501,1.839578,1.111305,5.902188,2.023656,0.262636,2.504427,2.009898,0.812072,6.233604,1.449667,1.069908,5.954636,1.893556,0.997868,5.851813,1.380581,1.037779,6.055282,1.78034,1.030626,2.754469,2.783792,0.871412,6.160521,1.561793,1.042183,2015-08-03
1.805688,2.316907,0.414648,6.11299,3.34236,1.065551,5.661042,2.097627,1.090433,3.983417,2.112868,0.897088,5.610427,2.403539,1.036744,4.087833,2.38139,0.88434,5.661042,2.097627,1.090433,2.970406,2.30604,0.783612,2.019167,2.237744,0.72933,3.175906,2.333502,0.142504,5.809823,2.407968,1.00235,2.381417,2.149646,0.770867,2.56899,2.376291,0.739047,2.560729,2.127209,0.778965,2.122156,2.257841,0.725928,5.559917,3.586928,1.077089,2.780437,2.162171,0.783155,2015-08-04
0.154146,1.371472,0.299085,2.457656,2.868078,0.787441,2.238177,1.930616,0.848795,1.422531,1.939303,0.712355,4.691239,2.89146,1.01685,1.465406,2.956746,0.70853,2.238177,1.930616,0.848795,1.5435,2.892444,0.684331,0.226115,2.743258,0.603588,1.035635,2.950404,0.065607,4.983198,2.966512,0.99288,0.35474,1.954542,0.622124,0.373625,2.568863,0.581411,0.463458,1.910935,0.625441,0.366479,2.7184,0.605448,4.590688,3.303934,0.999967,0.20774,2.008068,0.596963,2015-08-05
0.0,0.716208,0.287111,0.0,2.155151,0.598931,0.0,1.495798,0.667118,0.0,1.475562,0.585848,0.0,2.50526,0.658231,0.0,2.575386,0.575358,0.0,1.495798,0.667118,0.0,2.50444,0.559091,0.0,2.348174,0.531568,0.0,2.599751,0.002239,0.0,2.53188,0.608737,0.0,1.473987,0.573818,0.0,1.921477,0.539421,0.0,1.447421,0.567329,0.0,2.418693,0.531294,0.0,2.498802,0.651468,0.0,1.624165,0.562158,2015-08-06
3.666,0.603663,0.538988,3.421698,0.908884,0.847671,3.179844,0.576353,0.905924,2.403854,0.548299,0.759969,0.359354,1.376299,0.693773,2.477781,1.302836,0.739448,3.179844,0.576353,0.905924,1.366917,1.3641,0.653331,3.101021,0.748897,0.765361,2.9375,1.140765,0.120576,0.37649,1.194867,0.653933,2.332865,0.565204,0.742934,2.050375,0.897805,0.669426,2.386229,0.520119,0.74114,2.618782,1.006649,0.725493,0.353969,1.320593,0.674137,1.551979,0.593358,0.674602,2015-08-07
3.822,1.359828,0.548378,3.567302,1.765682,0.852926,3.315156,1.0431,0.942908,2.506146,1.031926,0.77941,1.263729,1.726006,0.761331,2.744292,1.712016,0.783162,3.315156,1.0431,0.942908,1.425083,1.750695,0.665781,3.232979,1.313949,0.810401,3.0625,1.573146,0.151073,1.333,1.638861,0.728182,2.885979,1.055348,0.792085,2.816188,1.380126,0.739428,3.049323,0.997054,0.799627,2.899615,1.439764,0.772849,1.238042,2.088542,0.736542,1.618021,1.116795,0.688476,2015-08-08
0.0,2.108884,0.283198,0.0,3.488289,0.58273,0.0,2.207902,0.679843,0.0,2.214878,0.567991,1.769,2.49242,0.796175,0.167927,2.55558,0.588913,0.0,2.207902,0.679843,0.0,2.599987,0.542616,0.0,2.727321,0.515083,0.0,2.837851,0.002238,1.880365,2.540777,0.765755,0.473156,2.170326,0.606904,0.707438,2.522762,0.581291,0.585448,2.145732,0.611495,0.176604,2.402527,0.569897,1.72849,3.473799,0.769444,0.0,2.234447,0.54521,2015-08-09
0.236469,1.316299,0.298216,0.780396,2.491856,0.635285,0.71724,1.713795,0.751972,0.479792,1.722152,0.610467,1.851698,3.076478,0.773683,0.49301,3.055258,0.578858,0.71724,1.713795,0.751972,1.35125,2.997369,0.61389,0.0,3.005628,0.509745,0.0,3.087405,0.002237,1.964313,3.117864,0.744687,0.0,1.762953,0.550402,0.0,2.296145,0.515517,0.191427,1.655303,0.575462,0.145896,2.811501,0.533284,1.815125,2.903329,0.772118,0.0,1.699863,0.539715,2015-08-10
3.255511,1.006811,0.505053,7.432771,1.414224,1.122487,7.013448,0.979018,1.211584,5.477313,0.949685,0.957878,3.129729,2.006629,0.904016,5.315333,2.129461,0.916147,7.013448,0.979018,1.211584,1.993313,1.914426,0.700624,4.009198,1.693142,0.819994,1.003646,1.85936,0.067681,3.226938,1.965405,0.876792,4.354354,0.919439,0.867411,4.792531,1.518278,0.829553,4.707167,0.826601,0.888971,4.014917,1.657277,0.822434,3.084979,2.076832,0.863293,1.688084,0.929579,0.675539,2015-08-11
3.365656,1.293067,0.511293,7.107438,1.860328,1.092943,6.740386,1.269787,1.23129,5.560979,1.27046,0.983399,3.298708,1.894707,0.93624,5.523635,1.877514,0.977287,6.740386,1.269787,1.23129,4.430635,1.928092,0.851254,5.262271,1.609495,0.941667,2.005448,1.735136,0.116533,3.388156,1.856261,0.912548,5.296542,1.277966,0.950054,5.502698,1.762065,0.918734,5.456792,1.192205,0.959145,4.874656,1.62599,0.91015,3.260313,2.445953,0.872615,1.759917,1.301193,0.682757,2015-08-12
0.615344,1.556896,0.320459,0.215396,2.205201,0.578016,0.216927,1.37209,0.743925,0.387917,1.379062,0.594665,1.98776,2.422631,0.830807,0.540021,2.365077,0.602466,0.216927,1.37209,0.743925,3.983802,2.348602,0.83758,1.128531,1.97346,0.633906,0.999906,2.258329,0.073017,2.091511,2.363001,0.806688,0.789104,1.371951,0.612184,0.527771,2.077206,0.550024,0.789615,1.304461,0.609199,0.883531,2.014397,0.6101,1.959948,2.554594,0.77171,0.0,1.332498,0.523685,2015-08-13
0.393021,0.28413,0.303872,0.0,0.672333,0.557115,0.0,0.357299,0.711841,0.0,0.368265,0.540013,0.883021,1.232769,0.778733,0.0,1.189647,0.527627,0.0,0.357299,0.711841,0.0,1.468645,0.51626,0.0,0.418424,0.489141,2.958063,0.885791,0.143465,0.942229,1.049964,0.75569,0.0,0.333741,0.528303,0.0,0.892216,0.493066,0.0,0.235059,0.523068,0.0,0.743498,0.48915,0.864135,1.203072,0.68623,0.534135,0.308661,0.586312,2015-08-14
0.535604,0.334944,0.31241,0.300115,0.791655,0.574345,0.291302,0.179904,0.784381,0.280531,0.116846,0.600722,0.0,1.492271,0.674085,0.301094,0.966006,0.631354,0.291302,0.179904,0.784381,0.208563,1.322131,0.590308,0.0,0.490794,0.484179,3.64549,0.997406,0.207838,0.0,1.454956,0.639875,0.0,0.131176,0.522983,0.0,0.682629,0.487685,0.197302,-0.025887,0.582726,0.206115,0.474923,0.616506,0.0,1.299217,0.618151,3.95849,0.21354,0.829899,2015-08-15
1.353969,1.363747,0.367437,1.276385,1.955114,0.641446,1.180542,1.105193,0.834701,0.87899,1.04718,0.620668,0.183594,2.091358,0.727443,0.905813,2.203165,0.622958,1.180542,1.105193,0.834701,1.487417,2.12483,0.63866,0.206115,1.716066,0.573214,1.839761,2.181742,0.098209,0.165479,2.090376,0.701724,0.30599,1.005335,0.571477,0.361313,1.825999,0.531542,0.57925,0.909656,0.587795,0.462615,1.772486,0.580254,0.190448,2.088395,0.628815,4.357125,1.338045,0.846844,2015-08-16
1.851188,1.275626,0.400339,5.711844,1.942302,0.963207,5.305719,1.151558,1.137668,3.840281,1.128933,0.823703,1.101542,1.617516,0.806544,3.785188,1.705626,0.818013,5.305719,1.151558,1.137668,3.953573,1.767202,0.813564,2.547261,1.3448,0.739129,2.883167,1.615908,0.157225,1.099302,1.581487,0.783634,2.285177,1.106434,0.705564,2.204792,1.529169,0.651546,2.310083,1.041658,0.705352,2.387959,1.453254,0.718473,1.120438,2.082833,0.6946,2.260146,1.30039,0.687563,2015-08-17
1.06524,2.31467,0.345038,4.907657,3.575632,0.89908,4.578438,2.068043,1.091876,3.366198,2.07952,0.782918,3.542188,2.042198,0.926431,3.302906,1.921317,0.770065,4.578438,2.068043,1.091876,2.741448,1.931686,0.706892,2.431625,1.900794,0.701134,1.642521,1.806877,0.098492,3.716208,2.068759,0.91322,2.049834,2.084211,0.676076,1.905896,2.12133,0.622012,2.002365,2.075955,0.669554,2.220313,1.910256,0.679226,3.49275,3.519178,0.867751,1.475104,2.114233,0.621232,2015-08-18
0.0,1.430797,0.270597,0.0,3.922362,0.533325,0.0,2.358783,0.731374,0.0,2.365972,0.514405,2.703677,1.991934,0.867612,0.0,2.056615,0.500503,0.0,2.358783,0.731374,0.0,2.028152,0.491375,0.0,2.311218,0.465063,0.0,2.214516,0.002234,2.86701,2.081583,0.855051,0.0,2.37708,0.502495,0.0,2.092134,0.467034,0.0,2.395653,0.497915,0.0,2.263515,0.465172,2.639365,3.364144,0.800649,0.0,2.321347,0.493631,2015-08-19
0.0,0.749711,0.269375,0.0,2.699449,0.528792,0.0,1.840266,0.733695,0.0,1.845192,0.509576,0.0,1.891131,0.672769,0.0,1.923313,0.495322,0.0,1.840266,0.733695,0.0,1.856397,0.486581,0.0,1.975843,0.46046,0.0,2.000157,0.002234,0.0,1.903397,0.644789,0.0,1.871603,0.497561,0.0,1.928914,0.462069,0.0,1.867812,0.493101,0.0,2.011518,0.460586,0.0,1.823011,0.600723,0.0,1.808765,0.488869,2015-08-20
0.0,0.404774,0.268161,0.339771,1.584362,0.549267,0.30599,1.079001,0.763765,0.161073,1.079514,0.522215,0.0,1.394549,0.671251,0.161073,1.426786,0.499291,0.30599,1.079001,0.763765,0.0,1.404645,0.481849,0.0,1.238842,0.455928,0.0,1.482052,0.002233,0.0,1.393159,0.644296,0.0,1.117191,0.492701,0.0,1.293958,0.457185,0.0,1.086101,0.48836,0.0,1.346721,0.456069,0.0,1.0791,0.597296,0.0,1.162814,0.484174,2015-08-21
0.0,0.308074,0.266954,0.354229,1.024227,0.545932,0.31901,0.627214,0.786961,0.167927,0.620288,0.537288,0.0,1.241102,0.669372,0.167927,0.984013,0.540628,0.31901,0.627214,0.786961,0.0,1.13479,0.477179,0.0,0.80603,0.451464,0.0,1.23397,0.002233,0.0,1.17568,0.643385,0.0,0.705874,0.487915,0.0,1.078289,0.452384,0.0,0.663544,0.48369,0.0,0.887057,0.45162,0.0,0.858219,0.593881,0.0,0.832724,0.479549,2015-08-22
0.0,0.57285,0.265753,0.0,1.933242,0.515648,0.0,1.317465,0.73872,0.0,1.30947,0.495699,0.0,2.219429,0.667159,0.0,2.284307,0.480257,0.0,1.317465,0.73872,0.0,2.216094,0.472572,0.0,1.981308,0.44707,0.0,2.283425,0.002233,0.0,2.263438,0.642091,0.0,1.328866,0.483205,0.0,1.833143,0.447668,0.0,1.284915,0.479093,0.0,2.050582,0.447239,0.0,0.99696,0.590475,0.0,1.300521,0.474991,2015-08-23
0.0,-0.166342,0.264561,0.0,0.23619,0.511418,0.0,0.082425,0.739999,0.0,0.083122,0.491281,0.0,0.824885,0.664636,0.0,0.715605,0.475389,0.0,0.082425,0.739999,0.0,0.828109,0.468025,0.0,0.35777,0.442742,0.0,0.665014,0.002232,0.0,0.649953,0.640439,0.0,0.13224,0.478567,0.0,0.415387,0.443027,0.0,0.080032,0.474566,0.0,0.412769,0.442923,0.0,0.387947,0.587075,0.0,-0.011342,0.470501,2015-08-24
0.188,0.510777,0.276253,1.551979,0.996361,0.62077,1.477073,0.425889,0.888535,1.248927,0.424186,0.612933,0.0,1.194054,0.661836,1.259208,0.719715,0.628259,1.477073,0.425889,0.888535,1.317469,0.830325,0.615683,1.358104,0.208484,0.638591,0.901323,0.769418,0.082012,0.0,1.103852,0.638471,0.95224,0.43595,0.578258,0.637438,0.971337,0.516458,0.96301,0.379761,0.577464,1.180875,0.329141,0.615736,0.0,0.791599,0.583679,0.0,0.51042,0.466078,2015-08-25
2.217,1.866249,0.413999,10.386949,2.877799,1.262275,9.943625,1.710419,1.487569,8.161625,1.701309,1.072827,2.234948,1.374586,0.851208,7.713115,1.739924,1.007443,9.943625,1.710419,1.487569,1.884656,1.418487,0.632709,4.594271,1.215646,0.821438,1.388625,1.349224,0.087619,2.290271,1.365941,0.840913,5.260948,1.707195,0.860684,5.706292,1.765199,0.82327,5.577188,1.656043,0.88022,5.131146,1.306408,0.843773,2.237396,2.083979,0.746143,0.521406,1.758411,0.526462,2015-08-26
3.273677,2.33183,0.485099,16.287542,3.243982,1.688671,15.536646,1.969442,1.891725,13.019104,1.936082,1.40164,16.383543,2.974522,1.719387,12.627481,2.448471,1.31021,15.536646,1.969442,1.891725,6.04999,2.222009,0.833231,9.51175,2.274395,1.07859,1.894698,1.943874,0.080391,17.207418,2.963977,1.755827,9.560573,1.926738,1.140474,9.811844,2.041137,1.091246,9.54222,1.901983,1.138507,9.643803,2.255328,1.088233,16.099199,3.742557,1.769654,2.380021,1.923949,0.629741,2015-08-27
1.216323,1.855133,0.343082,7.449532,3.179411,1.038922,7.063657,1.957476,1.281075,6.117344,1.959696,0.919139,18.969147,2.531027,1.998431,6.208198,1.879544,0.892209,7.063657,1.957476,1.281075,7.135938,2.014548,0.932792,6.461875,1.780518,0.898235,1.487354,1.677317,0.069293,20.035261,2.585665,2.051657,5.328239,1.961139,0.847216,4.749427,1.604129,0.758691,4.977584,1.953851,0.82018,5.815177,1.758458,0.848027,18.570168,3.578465,1.948685,1.914573,1.974429,0.593598,2015-08-28
0.0,0.855127,0.258704,0.0,2.050884,0.491382,0.0,1.516051,0.746512,0.0,1.519862,0.470772,4.501365,1.631795,0.972311,0.0,1.469341,0.452186,0.0,1.516051,0.746512,1.442948,1.568355,0.537177,0.0,1.51108,0.422074,0.0,1.51267,0.002231,4.780053,1.585008,0.977394,0.0,1.524878,0.456436,0.0,1.312382,0.420981,0.0,1.508206,0.452965,0.0,1.476366,0.422303,4.39724,2.467628,0.895548,0.0,1.486562,0.449018,2015-08-29
0.321656,0.569888,0.279539,1.253823,1.234552,0.578934,1.211229,0.876511,0.848318,1.125063,0.867019,0.55688,0.648208,1.40982,0.699816,1.164229,1.420431,0.534659,1.211229,0.876511,0.848318,0.0,1.520143,0.442022,1.28124,0.919336,0.539475,0.0,1.559723,0.00223,0.555188,1.328377,0.680616,1.33999,0.895523,0.555743,1.41049,1.199157,0.509349,1.269,0.818997,0.549021,1.1985,1.020418,0.526238,0.690802,1.721564,0.617779,0.0,0.977134,0.444905,2015-08-30
0.657,0.824656,0.3013,2.561,1.572923,0.670324,2.474,1.02567,0.951737,2.298,1.014067,0.643837,1.324,1.282067,0.758081,2.378,1.309714,0.631169,2.474,1.02567,0.951737,0.0,1.38921,0.437897,2.617,0.764768,0.649446,0.0,1.522944,0.00223,1.134,1.285318,0.733669,2.737,1.010246,0.65871,2.881,1.26102,0.618652,2.592,0.959949,0.647552,2.448,0.85881,0.628117,1.411,1.995076,0.667581,0.0,1.184835,0.440851,2015-08-31
1.678833,1.488346,0.369923,2.360729,2.537394,0.651949,2.255479,1.561003,0.929375,2.233542,1.536005,0.627568,0.979167,1.698755,0.721597,2.460094,1.764068,0.621926,2.255479,1.561003,0.929375,3.848542,1.851848,0.691538,2.876396,1.313563,0.651314,3.284646,1.709095,0.145398,0.968885,1.702018,0.709435,2.562302,1.470527,0.635622,2.346292,1.654031,0.569211,2.339333,1.42934,0.618984,2.58324,1.373724,0.6212,1.005115,2.835331,0.634115,4.130709,1.620781,0.728643,2015-09-01
2.265344,1.996657,0.408791,2.334458,3.049048,0.646366,2.230604,1.953128,0.937195,2.184958,1.912615,0.62955,1.173583,1.618789,0.734847,2.380646,1.637046,0.626298,2.230604,1.953128,0.937195,2.676115,1.700547,0.626072,2.297021,1.212856,0.617763,3.63798,1.745896,0.165186,1.162375,1.601175,0.722002,2.44225,1.857915,0.633491,2.439375,1.632366,0.589339,2.366563,1.819489,0.6267,2.250583,1.250829,0.607515,1.207979,3.410089,0.645645,4.06649,2.001331,0.73477,2015-09-02
3.977063,2.691425,0.524382,4.723489,3.464744,0.81621,4.484792,1.981647,1.081377,4.142813,1.992351,0.740721,5.100615,1.905766,0.95322,4.579875,1.862935,0.717304,4.484792,1.981647,1.081377,2.842521,1.749579,0.594075,5.777271,1.815358,0.788088,2.580115,1.63833,0.107941,5.329719,1.937176,0.954637,4.950708,2.010746,0.778294,4.631355,1.683321,0.690863,4.964646,2.01346,0.777863,5.005698,1.745409,0.737349,5.204229,3.615499,0.936976,2.241802,1.927097,0.586708,2015-09-03
6.797678,3.271324,0.715534,11.138479,3.76529,1.27818,10.611115,2.11785,1.520215,9.321417,2.093119,1.085445,11.360042,2.342301,1.357944,9.881083,2.280204,1.038241,10.611115,2.11785,1.520215,8.316094,2.21737,0.917931,11.10574,2.355346,1.114585,3.955657,1.876547,0.139749,11.861355,2.381598,1.376406,8.999657,2.069632,1.047414,8.050584,1.711149,0.915837,8.766396,2.07839,1.029487,9.623219,2.26704,1.013378,11.620667,3.926821,1.406463,5.015708,2.017146,0.764601,2015-09-04
4.911656,2.369344,0.585659,8.957115,2.77171,1.116046,8.466157,1.740616,1.38242,6.92324,1.714139,0.93205,9.54473,2.139297,1.268258,7.208177,1.998518,0.898956,8.466157,1.740616,1.38242,8.190844,2.042376,0.951474,6.083844,1.718678,0.816741,4.697229,1.936393,0.176677,9.956844,2.17564,1.283561,5.404324,1.696043,0.806927,5.03875,1.643866,0.729336,5.393219,1.687256,0.804049,5.526781,1.704823,0.772835,9.832584,3.059326,1.270773,3.984625,1.715891,0.695489,2015-09-05
1.539667,2.102077,0.354629,4.592031,2.469192,0.795837,4.206823,1.630991,1.069719,2.847625,1.619511,0.642707,5.329125,1.931179,0.963976,3.075406,1.840563,0.606897,4.206823,1.630991,1.069719,2.721542,1.690693,0.590168,0.809115,1.382199,0.454586,2.691937,1.721955,0.112146,5.551438,1.945972,0.966787,1.424146,1.60988,0.527011,1.673896,1.530245,0.496922,1.639771,1.597988,0.540785,1.019083,1.44432,0.464325,5.548198,2.742896,0.951355,1.476396,1.637361,0.521638,2015-09-06
0.700146,1.844623,0.2963,3.143229,2.522884,0.687422,2.911188,1.630146,0.984514,2.160792,1.641197,0.595655,2.610365,1.748435,0.787891,2.358594,1.80632,0.568035,2.911188,1.630146,0.984514,2.45575,1.893634,0.553714,1.36425,1.354322,0.495751,0.988958,1.795057,0.039931,2.684156,1.777245,0.782802,1.373656,1.630518,0.519225,1.351448,1.518808,0.466822,1.408719,1.617839,0.520172,1.305927,1.397039,0.485549,2.737229,2.809578,0.740795,1.116396,1.66306,0.492386,2015-09-07
0.553802,1.715129,0.285234,0.873323,2.675582,0.519768,0.830958,1.657889,0.831553,0.858011,1.656865,0.499025,3.287656,1.828373,0.801186,0.976427,1.647162,0.468096,0.830958,1.657889,0.831553,2.56025,1.652878,0.569829,1.190292,1.189143,0.477285,1.031042,1.693755,0.039788,3.436688,1.848977,0.799921,1.147417,1.669817,0.499012,1.141292,1.418672,0.451163,1.16375,1.683275,0.498668,1.056052,1.242095,0.461289,3.449979,2.852898,0.789625,0.910073,1.656161,0.473416,2015-09-08
0.0,0.898812,0.246447,0.0,1.624643,0.453418,0.0,1.161386,0.774504,0.0,1.169796,0.434886,3.940208,1.40713,0.88507,0.0,1.341987,0.407223,0.0,1.161386,0.774504,0.0,1.352523,0.403335,0.0,0.908976,0.381824,0.0,1.380627,0.002227,4.154438,1.354349,0.891047,0.0,1.182589,0.41343,0.0,1.11751,0.378441,0.0,1.177848,0.411038,0.0,0.94434,0.382108,4.116677,1.835855,0.835074,0.0,1.1713,0.406887,2015-09-09
0.0,0.678307,0.245376,0.0,1.493232,0.450346,0.0,1.022805,0.782769,0.0,1.031515,0.432253,0.98051,1.133087,0.681481,0.0,1.277746,0.403514,0.0,1.022805,0.782769,0.0,1.232327,0.399767,0.0,0.733368,0.378489,0.0,1.312593,0.002226,1.034104,1.117713,0.676326,0.0,1.04008,0.409879,0.0,1.143286,0.374939,0.0,1.007603,0.407587,0.0,0.794399,0.378776,1.021344,1.667883,0.604075,0.0,1.012942,0.403377,2015-09-10
0.0,0.311106,0.244311,0.0,0.894835,0.447332,0.0,0.644128,0.793891,0.0,0.647721,0.42973,0.0,0.846742,0.591665,0.0,0.826066,0.399863,0.0,0.644128,0.793891,0.0,0.939691,0.396251,0.0,0.376789,0.375205,0.0,0.903942,0.002226,0.0,0.82231,0.578494,0.0,0.656894,0.406385,0.0,0.682376,0.371491,0.0,0.633142,0.404193,0.0,0.448948,0.375495,0.0,1.090029,0.52562,0.0,0.599842,0.399917,2015-09-11
0.0,0.749424,0.243253,0.0,1.990754,0.444375,0.0,1.268018,0.813522,0.0,1.272392,0.427323,0.0,1.58005,0.587014,0.0,1.616412,0.39627,0.0,1.268018,0.813522,0.0,1.561147,0.392785,0.0,1.165639,0.37197,0.0,1.653616,0.002225,0.0,1.609215,0.574327,0.0,1.283121,0.402946,0.0,1.297879,0.3681,0.0,1.282925,0.400857,0.0,1.179985,0.372262,0.0,2.217866,0.522201,0.0,1.264114,0.396506,2015-09-12
0.0,0.573983,0.242202,0.0,2.758299,0.441474,0.0,1.712706,0.848035,0.0,1.714323,0.425041,0.0,1.571539,0.582372,0.0,1.630107,0.392733,0.0,1.712706,0.848035,0.0,1.580399,0.38937,0.0,1.32212,0.368784,0.0,1.660342,0.002225,0.0,1.618326,0.5702,0.0,1.731294,0.399563,0.0,1.320374,0.364761,0.0,1.73259,0.397578,0.0,1.3049,0.369078,0.0,3.044273,0.518787,0.0,1.72414,0.393144,2015-09-13
2.677531,0.782104,0.422965,5.293375,0.978782,0.820197,5.021657,0.781167,1.275422,4.167823,0.782993,0.706354,1.347823,1.120977,0.655299,4.369042,1.272743,0.646449,5.021657,0.781167,1.275422,1.690042,1.177629,0.479388,3.020729,0.548335,0.565357,0.90426,1.113449,0.032065,1.297396,1.091763,0.64067,3.683136,0.799157,0.644,4.045427,0.940587,0.601781,3.904427,0.788549,0.657891,3.121584,0.689069,0.56514,1.402167,1.306302,0.618096,3.016813,0.787767,0.591515,2015-09-14
4.98725,1.623009,0.578642,11.521407,2.062864,1.265904,11.075583,1.216993,1.83559,9.578824,1.174232,1.095424,13.430324,2.144593,1.451518,9.927157,1.706617,1.055373,11.075583,1.216993,1.83559,9.992833,1.878495,1.014158,6.930812,0.913387,0.868836,3.982073,1.421462,0.167103,13.975532,2.098201,1.484372,6.961448,1.113824,0.888378,6.905386,1.265241,0.834318,7.198031,1.082772,0.903944,6.907688,0.96255,0.858204,13.810595,2.734115,1.523032,6.177667,1.209636,0.825079,2015-09-15
2.289219,0.999725,0.394419,7.001407,1.343396,0.937252,6.770751,0.79183,1.631368,5.947896,0.766939,0.853818,14.602407,1.692793,1.615533,6.175573,1.307407,0.826355,6.770751,0.79183,1.631368,8.581125,1.399011,0.989431,3.942458,0.375055,0.665189,3.168667,0.993291,0.154681,15.312772,1.695108,1.658154,3.414021,0.714776,0.644838,2.941719,0.883591,0.56854,3.426021,0.67062,0.646039,3.947771,0.432159,0.661891,15.036241,1.714882,1.608821,3.161521,0.846157,0.613458,2015-09-16
0.0,-0.294824,0.238065,0.774813,-0.093968,0.486187,0.71101,-0.037954,1.271909,0.512458,-0.030648,0.470666,3.10275,0.158878,0.810732,0.599229,0.015603,0.453278,0.71101,-0.037954,1.271909,0.0,0.342169,0.376196,0.0,-0.150811,0.356509,0.0,0.284889,0.002224,3.244031,0.057014,0.820376,0.166396,-0.034605,0.414733,0.145469,0.20893,0.371419,0.172521,-0.061168,0.41484,0.144958,-0.648824,0.415415,3.240511,0.17836,0.742158,0.0,0.074287,0.380159,2015-09-17
0.0,1.337563,0.237048,0.0,1.880899,0.42781,0.0,0.965276,1.288354,0.0,0.971735,0.416795,0.989698,0.897406,0.667118,0.0,1.155648,0.37586,0.0,0.965276,1.288354,0.0,1.139822,0.373022,0.0,0.822464,0.353554,0.522875,0.967342,0.041104,1.042271,0.84651,0.677327,0.0,0.987309,0.383445,0.0,0.936777,0.348847,0.0,0.979863,0.382019,0.0,0.852647,0.353854,1.02849,2.154047,0.576999,0.0,0.964881,0.377027,2015-09-18
0.0,1.797506,0.236038,0.0,3.378352,0.425252,0.0,1.718236,1.359079,0.0,1.716485,0.416456,1.026167,1.695965,0.616883,0.0,1.616232,0.372642,0.0,1.718236,1.359079,0.0,1.510738,0.369895,0.0,1.832781,0.350642,0.545125,1.697423,0.022589,1.066313,1.76449,0.624133,0.0,1.722123,0.380378,0.0,1.165272,0.345815,0.0,1.74156,0.379075,0.0,1.764251,0.350943,1.079042,3.413305,0.577266,0.0,1.679926,0.373939,2015-09-19
0.0,1.043469,0.235034,0.0,2.83465,0.422759,0.0,1.740355,1.408528,0.0,1.739507,0.416983,1.069833,1.881594,0.617895,0.0,1.822792,0.369474,0.0,1.740355,1.408528,0.0,1.718697,0.366812,0.0,1.752234,0.347773,0.0,1.853886,0.002222,1.111688,1.980148,0.636649,0.0,1.745257,0.37736,0.0,1.242116,0.34283,0.0,1.756511,0.376185,0.0,1.67636,0.348075,1.124958,3.015533,0.577239,0.0,1.714984,0.370893,2015-09-20
0.0,0.625478,0.234037,0.0,1.670388,0.420339,0.0,1.156181,1.439135,0.0,1.160822,0.418618,0.0,1.249868,0.557076,0.0,1.291615,0.366354,0.0,1.156181,1.439135,0.0,1.251404,0.363773,0.0,1.048429,0.344946,0.0,1.294068,0.002222,0.0,1.289056,0.587372,0.0,1.160312,0.374392,0.0,0.943625,0.33989,0.0,1.144668,0.373352,0.0,1.022452,0.345249,0.0,1.840927,0.491812,0.0,1.15141,0.367889,2015-09-21
0.0,0.171841,0.233047,0.0,0.478071,0.417999,0.0,0.424008,1.455103,0.0,0.430238,0.421552,0.0,1.234797,0.56065,0.0,1.271433,0.363281,0.0,0.424008,1.455103,0.0,1.232268,0.360777,0.0,0.584519,0.342161,0.0,1.28234,0.002222,0.0,1.268126,0.605948,0.0,0.39253,0.371474,0.0,0.631666,0.336996,0.0,0.369633,0.370575,0.0,0.579047,0.342464,0.0,0.767816,0.488499,0.0,0.393337,0.364925,2015-09-22
0.0,-0.492276,0.232063,0.0,-0.368199,0.415752,0.0,-0.320776,1.46127,0.0,-0.30551,0.425846,0.0,0.184433,0.568154,0.0,0.166668,0.360256,0.0,-0.320776,1.46127,0.0,0.121941,0.357824,0.0,-0.181911,0.339416,0.0,0.098636,0.002221,0.0,0.13973,0.628177,0.0,-0.314183,0.368606,0.0,-0.268571,0.334145,0.0,-0.365836,0.36786,0.0,-0.145648,0.33972,0.0,-0.145981,0.485203,0.0,-0.403924,0.362003,2015-09-23
0.0,0.853994,0.231085,0.0,1.536827,0.413612,0.0,1.064738,1.462143,0.0,1.069587,0.431408,0.0,1.813571,0.580915,0.0,1.911388,0.357277,0.0,1.064738,1.462143,0.0,1.858052,0.354914,0.0,1.518239,0.336711,0.0,1.941424,0.002221,0.0,1.944362,0.655489,0.0,1.08883,0.365789,0.0,1.143589,0.331342,0.0,1.065684,0.365209,0.0,1.485459,0.337015,0.0,1.773768,0.481924,0.0,1.050554,0.359122,2015-09-24
0.0,0.569648,0.230114,0.0,1.099551,0.411595,0.0,0.653352,1.46112,0.0,0.655378,0.438013,0.0,1.063585,0.600332,0.0,1.032844,0.354344,0.0,0.653352,1.46112,0.0,1.081103,0.352044,0.0,0.791802,0.334045,0.0,1.08683,0.00222,0.0,1.036581,0.689049,0.0,0.702891,0.363024,0.0,0.744634,0.328581,0.0,0.658476,0.362626,0.0,0.8908,0.33435,0.0,1.309422,0.478663,0.0,0.659743,0.35628,2015-09-25
0.0,0.395074,0.22915,0.0,0.894372,0.409724,0.0,0.538501,1.460152,0.0,0.543455,0.44539,0.0,0.972679,0.626467,0.0,0.990036,0.351457,0.0,0.538501,1.460152,0.0,1.029633,0.349216,0.0,0.795635,0.331417,0.0,0.997636,0.00222,0.0,0.993943,0.727132,0.0,0.569444,0.360311,0.0,0.749967,0.325862,0.0,0.549822,0.360116,0.0,0.812909,0.331722,0.0,1.117722,0.475423,0.0,0.515762,0.353477,2015-09-26
0.0,-0.26193,0.228191,0.0,-0.079307,0.40802,0.0,-0.035873,1.459618,0.0,-0.031761,0.453289,0.0,0.481652,0.65703,0.0,0.444119,0.348614,0.0,-0.035873,1.459618,0.0,0.466254,0.346427,0.0,-0.164744,0.328828,0.0,0.501227,0.00222,0.0,0.41895,0.765724,0.0,-0.006553,0.357651,0.0,0.204057,0.323184,0.0,-0.025279,0.357686,0.0,0.012391,0.329133,0.0,0.135223,0.472203,0.0,-0.052946,0.350713,2015-09-27
0.0,-0.395289,0.22724,0.0,-0.217963,0.40651,0.0,-0.30304,1.458777,0.0,-0.294624,0.461519,0.0,-0.045221,0.688678,0.0,-0.072664,0.345817,0.0,-0.30304,1.458777,0.0,0.028098,0.343678,0.0,-0.512686,0.326275,0.0,0.049976,0.002219,0.0,-0.095928,0.801602,0.0,-0.280546,0.355048,0.0,-0.077146,0.320547,0.0,-0.30247,0.355345,0.0,-0.180343,0.32658,0.0,0.038349,0.469005,0.0,-0.239614,0.347987,2015-09-28
0.0,-0.24226,0.226294,0.0,-0.099886,0.405224,0.0,-0.223426,1.456416,0.0,-0.217435,0.469944,0.0,0.514758,0.718857,0.0,0.320309,0.343066,0.0,-0.223426,1.456416,0.0,0.500219,0.340969,0.0,-0.333712,0.323759,0.0,0.520989,0.002219,0.0,0.413959,0.851213,0.0,-0.263641,0.352503,0.0,0.126212,0.317952,0.0,-0.295462,0.353104,0.0,-0.039031,0.324064,0.0,0.259595,0.46583,0.427406,-0.10499,0.416392,2015-09-29
0.0,-0.549923,0.225355,0.0,-0.434301,0.404193,0.0,-0.476367,1.451509,0.0,-0.473999,0.478463,0.0,0.035704,0.746256,0.0,-0.297135,0.34036,0.0,-0.476367,1.451509,0.0,-0.022944,0.338298,0.0,-0.964996,0.321278,0.0,-0.015797,0.002219,0.0,-0.03469,0.920312,0.0,-0.535555,0.350021,0.0,-0.419172,0.315398,0.0,-0.56959,0.350976,0.0,-0.686765,0.321583,0.0,-0.13451,0.46268,0.854813,-0.342473,0.422627,2015-09-30
0.0,0.564842,0.224422,0.0,1.028258,0.403447,0.0,0.746973,1.443491,0.0,0.718744,0.486994,1.154437,0.980129,0.897124,0.0,1.408008,0.337702,0.0,0.746973,1.443491,0.0,1.318757,0.335665,0.0,2.10199,0.318833,0.0,1.293068,0.002218,1.138771,0.921279,1.134718,0.0,0.802385,0.347605,0.0,0.950821,0.312884,0.0,0.733955,0.348974,0.0,1.505397,0.319138,1.211719,1.396992,0.54731,0.0,0.666238,0.34003,2015-10-01
0.327042,0.704133,0.245534,0.671708,1.246669,0.451033,0.660938,0.594489,1.540204,0.699615,0.582236,0.596094,1.363656,0.683702,0.93355,0.708427,0.644562,0.419495,0.660938,0.594489,1.540204,0.186042,0.709052,0.377868,0.866073,0.168798,0.435291,0.830333,0.642482,0.058248,1.324313,0.615163,1.218725,0.561063,0.624558,0.432722,0.353479,0.51988,0.349163,0.519448,0.599487,0.443562,0.769625,0.340651,0.417966,1.459115,1.589375,0.562081,0.617854,0.645906,0.396342,2015-10-02
0.340958,0.408533,0.245544,0.700292,0.913408,0.452985,0.689063,0.473346,1.475103,0.729385,0.463147,0.558468,0.166906,1.20484,0.822792,0.738573,1.329356,0.373009,0.689063,0.473346,1.475103,0.193958,1.194104,0.341133,0.902927,1.096402,0.384545,0.865667,1.202021,0.037368,0.142917,1.227781,1.135076,0.584938,0.48611,0.384762,0.368521,0.554521,0.32923,0.541552,0.459444,0.384985,0.802375,1.117212,0.372766,0.204167,1.374904,0.46817,0.644146,0.523412,0.379639,2015-10-03
0.0,1.14163,0.22166,0.0,2.061805,0.403194,0.0,0.991322,1.400953,0.0,0.987681,0.511878,1.152969,1.484897,0.909991,0.0,1.393344,0.330017,0.0,0.991322,1.400953,0.0,1.333349,0.327984,0.0,1.589502,0.311701,0.0,1.447988,0.002217,1.138281,1.511503,1.24266,0.0,0.988978,0.340809,0.0,0.792984,0.30556,0.0,0.994176,0.343903,0.0,1.56323,0.312005,1.206823,2.322575,0.537596,0.0,0.972622,0.33239,2015-10-04
1.729698,0.365997,0.337167,3.290979,0.927713,0.639126,3.245938,0.49348,1.632835,2.842031,0.452935,0.720459,3.853125,1.110772,1.13007,2.935052,1.063361,0.501781,3.245938,0.49348,1.632835,2.546813,1.056817,0.471191,2.433719,0.780715,0.481604,1.973021,1.017577,0.073991,3.762417,1.0884,1.469836,2.471906,0.442245,0.506578,2.513031,0.643145,0.454912,2.489042,0.413247,0.512652,2.370073,0.801501,0.47401,3.973896,1.37376,0.734426,1.911333,0.402623,0.460476,2015-10-05
2.241479,1.167452,0.370665,3.712531,1.556408,0.67029,3.655292,0.679948,1.659828,3.343375,0.66714,0.776654,5.089427,1.266612,1.258324,3.579885,1.155131,0.566237,3.655292,0.679948,1.659828,4.006438,1.154929,0.583789,3.540438,0.816629,0.561589,2.552927,1.07414,0.110999,4.982428,1.263251,1.589097,3.196417,0.666599,0.564133,3.001354,0.685774,0.50658,3.14476,0.653109,0.567311,3.295875,0.838144,0.542965,5.235136,1.759391,0.822354,2.785792,0.653245,0.524946,2015-10-06
0.456823,1.223987,0.249678,0.29349,1.684107,0.427102,0.282771,0.67764,1.374381,0.396594,0.679338,0.575231,2.424479,0.710185,1.139347,0.542063,0.641686,0.38347,0.282771,0.67764,1.374381,1.40875,0.674836,0.438486,1.045844,0.615405,0.418002,0.517052,0.596675,0.04223,2.394875,0.691469,1.454799,0.645677,0.686076,0.391286,0.397615,0.520828,0.333712,0.573198,0.683623,0.393002,0.860052,0.664455,0.398196,2.506146,1.915801,0.622364,0.826875,0.671948,0.393385,2015-10-07
0.0,0.925032,0.218062,0.0,1.380631,0.407703,0.0,0.713288,1.315413,0.0,0.714151,0.54065,0.0,0.867409,0.953237,0.0,0.908993,0.320574,0.0,0.713288,1.315413,0.0,0.875827,0.318228,0.0,0.948226,0.302652,0.0,0.92188,0.002215,0.0,0.903755,1.237865,0.0,0.718434,0.333084,0.0,0.564921,0.296287,0.0,0.717082,0.340035,0.0,0.929797,0.30295,0.0,1.663428,0.438717,0.0,0.703776,0.322667,2015-10-08
0.0,0.005484,0.217178,0.0,0.153415,0.40954,0.0,0.09643,1.291636,0.0,0.091356,0.54669,0.0,0.308183,0.971963,0.0,0.302051,0.318396,0.0,0.09643,1.291636,0.0,0.300133,0.315872,0.0,0.024176,0.300469,0.0,0.297605,0.002215,0.0,0.298821,1.233774,0.0,0.111698,0.331454,0.0,0.172512,0.294053,0.0,0.093629,0.339687,0.0,0.128266,0.300764,0.0,0.372305,0.435947,0.0,0.092665,0.320315,2015-10-09
0.0,0.273996,0.216299,0.0,0.526806,0.411564,0.0,0.285135,1.267549,0.0,0.276533,0.552218,0.0,0.858676,0.985812,0.0,0.888321,0.316308,0.0,0.285135,1.267549,0.0,0.862514,0.313549,0.0,0.440946,0.298317,0.0,0.903179,0.002215,0.0,0.88672,1.224771,0.0,0.310598,0.329965,0.0,0.412826,0.291853,0.0,0.294521,0.339598,0.0,0.508913,0.298608,0.0,0.880447,0.433249,0.0,0.242459,0.317995,2015-10-10
0.0,-0.315459,0.215426,0.0,-0.132179,0.413717,0.0,-0.113838,1.243359,0.0,-0.126161,0.557227,0.0,0.257613,0.995046,0.0,0.219884,0.314322,0.0,-0.113838,1.243359,0.0,0.233148,0.311257,0.0,-0.120683,0.296195,0.0,0.173865,0.002214,0.0,0.210456,1.212088,0.0,-0.069608,0.328626,0.0,0.040957,0.289685,0.0,-0.103997,0.339759,0.0,0.013038,0.296482,0.0,0.196505,0.430632,0.0,-0.12542,0.315705,2015-10-11
0.0,0.493711,0.214559,0.0,0.886411,0.415943,0.0,0.463739,1.219245,0.0,0.46506,0.561722,0.0,0.881281,1.000107,0.0,0.907634,0.312448,0.0,0.463739,1.219245,0.0,0.886736,0.308997,0.0,0.609767,0.294104,0.0,0.927729,0.002214,0.0,0.905552,1.196737,0.0,0.496001,0.327445,0.0,0.46965,0.28755,0.0,0.499438,0.340153,0.0,0.579922,0.294385,0.0,1.302043,0.428104,0.0,0.44371,0.313445,2015-10-12
0.0,0.512797,0.213698,0.0,0.860169,0.418193,0.0,0.425945,1.195325,0.0,0.420593,0.565715,0.0,0.871016,1.00149,0.0,0.897955,0.310699,0.0,0.425945,1.195325,0.0,0.892927,0.306767,0.0,0.533461,0.292043,0.0,0.921048,0.002213,0.0,0.917145,1.179465,0.0,0.463553,0.326426,0.0,0.465283,0.285447,0.0,0.46448,0.340759,0.0,0.573734,0.292317,0.0,1.137378,0.425673,0.0,0.408334,0.311214,2015-10-13
0.0,0.653521,0.212842,0.0,1.102769,0.420422,0.0,0.529404,1.171694,0.0,0.525219,0.56922,0.0,0.827916,0.999709,0.0,0.866798,0.309086,0.0,0.529404,1.171694,0.0,0.847617,0.304568,0.0,0.634808,0.290013,0.0,0.88196,0.002213,0.0,0.855871,1.160857,0.0,0.562152,0.325572,0.0,0.488549,0.283375,0.0,0.554661,0.341549,0.0,0.642386,0.290277,0.0,1.365264,0.423347,0.0,0.517891,0.309013,2015-10-14
0.0,0.664683,0.211993,0.0,1.538363,0.422592,0.0,0.797932,1.148424,0.0,0.795143,0.572258,0.0,1.039131,0.995263,0.0,1.061297,0.307622,0.0,0.797932,1.148424,0.0,1.043924,0.302399,0.0,0.843638,0.288012,0.0,1.066968,0.002213,0.0,1.075902,1.141371,0.0,0.812839,0.324882,0.0,0.57518,0.281334,0.0,0.810159,0.34249,0.0,0.846015,0.288266,0.0,1.774179,0.421132,0.0,0.796263,0.306839,2015-10-15
0.0,0.453458,0.211148,0.0,2.111662,0.424673,0.0,1.048999,1.125557,0.0,1.047264,0.574851,0.0,1.458552,0.988602,0.0,1.49438,0.306315,0.0,1.048999,1.125557,0.0,1.432602,0.300258,0.0,1.176663,0.286042,0.0,1.423755,0.002212,0.0,1.542824,1.121339,0.0,1.04393,0.324352,0.0,0.729825,0.279325,0.0,1.049523,0.343549,0.0,1.147618,0.286282,0.0,2.199705,0.419035,0.0,1.049841,0.304694,2015-10-16
0.329,0.477964,0.232345,0.269271,2.488803,0.446,0.256052,1.285986,1.121523,0.155688,1.282155,0.58751,1.164719,2.204283,1.051588,0.166948,2.137445,0.314291,0.256052,1.285986,1.121523,0.0,2.101732,0.298147,0.0,1.472758,0.284103,0.620792,2.173251,0.022926,1.146604,2.320266,1.17217,0.0,1.279028,0.323976,0.0,0.944591,0.277346,0.0,1.285321,0.344696,0.0,1.458757,0.284326,1.220531,2.672006,0.5046,0.22325,1.278267,0.316672,2015-10-17
0.951063,0.379233,0.273155,2.037844,0.806485,0.575051,2.00399,0.44606,1.234673,1.670719,0.414989,0.699855,2.517063,1.003818,1.143914,1.733865,1.004137,0.405961,2.00399,0.44606,1.234673,1.301313,1.003292,0.368373,1.222979,0.424366,0.367674,0.948302,0.871986,0.039794,2.47076,0.981931,1.257744,1.394333,0.408302,0.418854,1.490781,0.456661,0.364368,1.411958,0.373161,0.443776,1.223469,0.442506,0.365491,2.602667,1.133427,0.60181,0.720865,0.409778,0.351759,2015-10-18
3.160677,1.321784,0.420185,7.779834,1.751914,0.989953,7.658542,0.906253,1.627413,6.584459,0.860134,1.039494,5.570105,1.756428,1.300131,6.791781,1.948477,0.674098,7.658542,0.906253,1.627413,4.240334,1.690109,0.524715,5.116292,1.15196,0.593286,1.959885,1.306877,0.067604,5.428916,1.776971,1.395909,5.325781,0.81925,0.674031,5.426333,0.917382,0.602985,5.24624,0.786587,0.69695,4.995386,1.131438,0.585276,5.683385,1.973101,0.820777,2.365875,0.826674,0.447529,2015-10-19
3.655042,1.376412,0.452369,7.658052,1.59405,0.982895,7.462843,0.66991,1.622952,6.268437,0.645446,1.046883,8.244626,1.256569,1.550667,6.596635,1.044089,0.757156,7.462843,0.66991,1.622952,4.542667,1.026541,0.58829,5.109719,0.730912,0.635808,2.123354,0.79606,0.095387,8.046448,1.233528,1.638043,4.797209,0.616047,0.661526,4.633688,0.585624,0.591923,4.579094,0.601989,0.674916,4.717782,0.709525,0.60859,8.511135,1.587942,1.034074,2.483365,0.63563,0.468146,2015-10-20
3.227198,1.591648,0.422831,2.291563,1.719175,0.598093,2.171188,0.752803,1.179438,1.930271,0.736128,0.716667,4.49875,1.268413,1.245111,2.302156,1.181808,0.427918,2.171188,0.752803,1.179438,2.711083,1.24094,0.437499,1.811479,0.85675,0.390372,1.586448,1.022659,0.055141,4.371938,1.267998,1.325206,2.488594,0.732553,0.486802,2.82875,0.735396,0.437296,2.557584,0.732039,0.518406,1.8325,0.844028,0.390251,4.771198,1.755075,0.774249,2.001698,0.778994,0.421307,2015-10-21
8.047771,2.174516,0.744185,7.21947,2.172129,0.954296,7.155698,1.081594,1.522073,7.192094,1.004983,1.082392,7.308906,1.873487,1.360257,7.637667,1.835297,0.727453,7.155698,1.081594,1.522073,8.89398,2.034107,0.748387,7.878532,1.155075,0.774035,6.292115,1.482325,0.224473,7.057407,1.626516,1.451156,6.986063,1.09885,0.786088,6.374271,1.084774,0.665786,6.75376,0.975231,0.80253,7.398677,1.114148,0.742755,7.505489,1.337616,0.440156,6.754479,1.097583,0.731752,2015-10-22
6.18123,1.634498,0.618478,6.947427,1.407077,0.935864,6.914532,2.132933,1.524012,6.887834,2.235097,1.09591,7.358272,1.458901,0.96151,7.151667,1.465365,0.399984,6.914532,2.132933,1.524012,8.066626,1.44992,0.387926,7.724657,0.790016,0.79403,6.197938,1.123028,0.246743,7.110542,1.606187,1.510306,5.650543,2.123755,0.724937,4.444969,1.635826,0.568881,5.214615,0.93632,0.714465,6.954209,0.79095,0.740817,7.549813,0.924247,0.407748,6.409334,0.730682,0.733463,2015-10-23
0.148021,0.954598,0.214479,0.271542,1.354644,0.455884,0.277156,0.499656,0.98243,0.3185,0.488849,0.604702,0.272563,1.036268,0.894017,0.332281,0.992773,0.309288,0.277156,0.499656,0.98243,0.0,0.907143,0.284156,0.237344,0.499994,0.285786,0.939167,0.798531,0.033542,0.239385,1.184606,0.976794,0.219479,0.504966,0.349517,0.206208,0.433179,0.276168,0.23275,0.482813,0.367927,0.292979,0.495887,0.289121,0.356781,0.790646,0.40658,0.962135,0.493809,0.349943,2015-10-24
0.0,0.612665,0.203795,0.137573,0.7106,0.446995,0.0,0.301288,0.940978,0.17576,0.272262,0.593845,1.283198,0.797109,1.333805,0.235979,0.52926,0.662724,0.0,0.301288,0.940978,0.0,0.546157,0.711305,0.0,0.197163,0.269738,0.0,0.520351,0.002209,1.267042,0.706704,1.021068,0.172823,0.23505,0.335876,0.196323,0.19523,0.273883,0.163031,0.238667,0.364493,0.0,0.188267,0.269641,1.32775,0.501538,0.488029,0.0,0.31455,0.286558,2015-10-25
0.402927,1.624934,0.229897,1.111333,1.837464,0.517792,0.944406,0.588937,0.991746,1.164854,0.585619,0.66463,2.744864,1.069374,1.130723,1.328,0.871347,0.374433,0.944406,0.588937,0.991746,1.343906,1.193035,0.331318,1.211719,0.518519,0.348881,0.324594,0.645993,0.013037,2.690813,0.881375,1.107012,1.169625,0.578194,0.40526,1.040885,0.503861,0.324249,1.079125,0.583622,0.430707,1.04624,0.543317,0.336953,2.84174,0.530723,0.742415,0.58701,1.540224,0.321416,2015-10-26
1.013938,1.832316,0.26987,2.507219,1.708121,0.474593,2.431802,2.562993,0.963196,2.554802,2.589007,0.646117,1.881125,1.084,0.858667,2.745115,1.767344,0.369784,2.431802,2.562993,0.963196,4.712146,1.82368,0.278573,3.208885,3.203654,0.417999,2.335907,1.55644,0.050183,1.801698,1.384534,0.974436,2.624656,2.63443,0.379383,2.238708,2.13994,0.373868,2.450865,2.664819,0.49597,2.815562,2.59772,0.337225,1.99049,0.921179,0.403565,2.436177,2.207832,0.282807,2015-10-27
0.619135,1.356604,0.242736,1.751344,1.211796,0.438481,1.721271,1.452441,0.888001,1.596583,1.394114,0.579619,4.01899,0.949791,0.83858,1.685906,0.749804,0.302474,1.721271,1.452441,0.888001,4.845792,1.140758,0.276765,2.028396,2.101523,0.264924,2.0825,1.208145,0.002207,3.923261,0.942954,0.89067,1.660896,1.299641,0.326082,1.425083,1.387231,0.257752,1.566979,1.443894,0.357312,1.798198,1.772935,0.264571,4.238292,1.062833,0.402689,1.901813,1.170303,0.280954,2015-10-28
1.587719,1.466288,0.30651,1.041573,1.368363,0.647989,1.035698,0.847662,0.980834,0.644292,0.839863,0.651702,5.024489,1.431896,0.836043,0.668771,0.755697,0.317661,1.035698,0.847662,0.980834,2.678583,1.029285,0.283032,0.262906,0.558911,0.305482,1.132406,0.819004,0.023599,4.939479,1.424449,0.923464,0.425938,0.688407,0.411925,0.516021,0.547941,0.31777,0.517979,0.671062,0.427247,0.282,0.537681,0.282867,5.228115,0.859728,0.401859,0.83474,0.719962,0.32121,2015-10-29
1.852094,1.00384,0.323332,0.879958,0.956949,0.502169,0.848823,1.281356,0.915723,0.671708,1.300247,0.622257,1.339333,0.585005,0.825471,0.697229,0.816023,0.32475,0.848823,1.281356,0.915723,2.398229,0.903354,0.282368,0.274094,0.458866,0.27864,2.163188,0.854302,0.171227,1.308708,0.720456,0.954265,0.444063,1.289723,0.354993,0.537979,0.919187,0.285425,0.540021,1.011485,0.392639,0.294,1.350775,0.279266,1.517635,0.560498,0.401066,1.761792,1.231713,0.375051,2015-10-30
0.402,1.737429,0.22591,0.0,2.288991,0.438667,0.0,1.313836,0.839083,0.0,0.630417,0.575633,0.0,0.19375,0.797921,0.0,0.927596,0.303467,0.0,1.313836,0.839083,2.289,0.65781,0.271501,0.0,0.546068,0.260461,2.007,1.628579,0.069156,0.0,0.401033,0.845736,0.0,0.628288,0.327187,0.0,0.457831,0.253034,0.0,0.642566,0.358656,0.0,0.516399,0.259739,0.286,1.000108,0.4003,1.821,1.993577,0.293073,2015-10-31
0.0,1.001081,0.19837,0.0,1.254909,0.438485,0.0,0.425051,0.823404,0.0,0.447555,0.574019,0.0,0.689915,0.782562,0.0,0.476376,0.48829,0.0,0.425051,0.823404,0.0,0.688605,0.269798,0.0,0.354586,0.259056,0.0,0.523107,0.002206,0.0,0.487529,0.967299,0.0,0.454486,0.327512,0.0,0.352903,0.251557,0.0,0.462955,0.359151,0.0,0.354692,0.258182,0.0,0.269103,0.399553,0.0,0.319741,0.302066,2015-11-01
0.0,0.811432,0.197615,0.0,1.105752,0.43819,0.0,0.334238,0.808285,0.0,0.348863,0.572283,0.0,0.259983,0.87174,0.0,0.236301,0.676753,0.0,0.334238,0.808285,0.0,0.292082,0.653473,0.0,0.251365,0.257693,0.0,0.359436,0.002205,0.0,0.241871,1.698025,0.0,0.359337,0.327808,0.0,0.260572,0.250118,0.0,0.363328,0.359571,0.0,0.245375,0.256652,0.0,-0.017591,0.752957,0.0,0.31744,0.272062,2015-11-02
0.404396,0.867572,0.223772,0.639885,1.11902,0.483908,0.625688,0.358961,0.843789,0.600229,0.379021,0.616525,1.180875,0.427587,1.179359,0.610021,0.404976,0.350516,0.625688,0.358961,0.843789,0.285917,0.549001,0.349443,0.354948,0.243478,0.287973,0.933635,0.571514,0.037219,1.169125,0.331439,2.922864,0.428385,0.383832,0.359786,0.438177,0.337899,0.275831,0.433771,0.385601,0.392659,0.426917,0.264182,0.289682,1.208781,-0.030342,0.772787,0.65751,0.341111,0.316716,2015-11-03
3.456532,1.301907,0.423968,9.102636,1.104102,0.636553,8.863605,1.826001,1.202181,7.743334,1.825425,0.932734,7.600115,1.558277,1.786568,8.017917,1.984187,0.496232,8.863605,1.826001,1.202181,5.726583,1.603866,0.288618,6.421303,2.250243,0.531183,3.925552,1.517996,0.080512,7.438542,1.888533,0.964928,5.684177,1.864833,0.58483,5.322302,1.838619,0.449001,5.132156,1.888898,0.597122,6.189854,2.203038,0.467913,7.762375,0.61123,0.402411,4.425417,1.767466,0.366774,2015-11-04
3.874459,1.018219,0.197261,14.339011,0.762885,0.436683,13.88248,0.805425,0.756472,11.204917,0.867308,0.566495,10.519959,2.255505,0.745276,11.555448,2.646334,0.305058,13.88248,0.805425,0.756472,7.362761,1.847908,0.263245,8.10699,1.048353,0.253871,4.348281,1.177157,0.002204,10.279584,2.282452,0.75793,6.912053,0.91964,0.328489,6.453146,1.065102,0.246035,6.231792,1.022373,0.360403,7.748792,0.854027,0.252226,10.848262,0.74708,0.396606,5.319354,0.610631,0.266978,2015-11-05
1.019188,0.897432,0.194643,8.047729,0.764664,0.435991,7.798355,0.733166,0.748602,6.013521,0.436078,0.564429,4.489594,1.036888,0.739801,6.231146,1.387537,0.305303,7.798355,0.733166,0.748602,4.062094,0.875685,0.261671,3.725386,0.349527,0.252688,1.324531,0.328348,0.002203,4.481094,1.038306,0.749319,2.456813,0.281253,0.328644,2.030792,0.255817,0.244754,2.085906,0.274585,0.360548,3.272344,0.308374,0.250806,4.734125,0.648852,0.395851,1.924281,0.253826,0.265324,2015-11-06
0.290427,0.535578,0.193912,2.363739,0.580581,0.435213,2.345875,0.42279,0.74268,2.156,0.299621,0.562327,2.848219,0.626755,0.734412,2.301469,0.55703,0.305516,2.345875,0.42279,0.74268,2.383646,0.57809,0.260123,1.929375,0.184772,0.25155,0.992386,0.247095,0.002203,2.88099,0.639104,0.74308,0.983573,0.147413,0.328761,0.616583,0.083055,0.243515,0.704375,0.234517,0.360631,1.499094,0.142963,0.249414,3.070532,0.504353,0.395079,1.037698,0.210883,0.263689,2015-11-07
0.0,0.634797,0.23961,0.0,0.368941,0.434354,0.0,0.3715,0.737364,0.0,0.461767,0.560212,2.48624,0.609343,0.729113,0.0,0.082086,0.305693,0.0,0.3715,0.737364,0.0,0.090892,0.2586,0.0,0.0,0.250458,1.034615,0.292475,0.002203,2.433667,0.609068,0.737462,0.0,0.452151,0.328843,0.0,0.016873,0.242317,0.0,0.481962,0.360658,0.0,0.0,0.24805,2.666927,0.374877,0.394289,0.59974,0.57136,0.262074,2015-11-08
0.0,0.743608,0.420865,0.0,0.326828,0.433419,0.0,0.336865,0.732421,0.0,0.464133,0.558108,1.208781,0.355381,0.723922,0.0,0.121483,0.305833,0.0,0.336865,0.732421,0.0,0.116113,0.257102,0.0,0.672787,0.249413,0.0,0.116533,0.002202,1.182833,0.351715,0.732139,0.0,0.685397,0.32889,0.0,0.263314,0.241161,0.0,0.735124,0.360633,0.0,0.488908,0.246715,1.295438,0.333738,0.393476,0.0,0.739296,0.260478,2015-11-09
1.970083,0.752863,0.275599,4.384708,0.287828,0.432412,4.298542,0.293592,0.72783,3.987167,0.414243,0.556043,6.242219,1.172522,0.718865,4.188385,0.788118,0.305936,4.298542,0.293592,0.72783,3.977375,0.755902,0.255629,3.846167,0.813937,0.248414,4.314209,0.821236,0.002202,6.101584,0.8878,0.727057,3.801615,0.75281,0.328904,3.791823,0.668401,0.240048,3.751188,0.785737,0.360562,3.7365,0.738087,0.245408,6.508323,0.323756,0.39264,4.142855,0.735714,0.2589,2015-11-10
2.053917,0.74365,0.191035,5.02024,0.387048,0.431338,4.925511,0.397004,0.723612,4.739927,0.421074,0.554043,5.194,1.210092,0.713965,5.131344,1.076458,0.306001,4.925511,0.397004,0.723612,4.146625,0.966667,0.254181,4.996344,0.181566,0.24746,4.497792,1.174432,0.002201,5.075583,1.013191,0.722222,4.453948,0.271891,0.328887,4.203354,0.355738,0.238977,4.246177,0.277015,0.360449,4.667084,0.180614,0.244129,5.37724,0.364143,0.391778,4.587927,0.219152,0.25734,2015-11-11
0.0,0.370113,0.242878,0.468052,0.469047,0.430202,0.462948,0.479952,0.719788,0.607906,0.519166,0.552134,0.0,0.041338,0.709245,0.797271,0.217337,0.306029,0.462948,0.479952,0.719788,0.0,0.04705,0.252757,1.02849,0.085387,0.246553,0.0,0.029878,0.002201,0.0,0.047776,0.717645,0.511438,0.125664,0.328843,0.260823,0.039829,0.237949,0.349635,0.094485,0.360301,0.804417,0.066531,0.24288,0.0,0.440268,0.390891,0.280219,0.079453,0.255799,2015-11-12
0.0,0.210671,0.222303,0.0,0.333915,0.429008,0.0,0.335356,0.716373,0.0,0.363518,0.550344,1.180875,0.307832,0.70472,0.0,0.063936,0.306021,0.0,0.335356,0.716373,0.0,0.065614,0.251359,0.0,0.0,0.245691,0.0,0.031498,0.0022,1.159823,0.312043,0.713339,0.0,0.022702,0.328775,0.0,0.007022,0.236965,0.0,0.027954,0.360124,0.0,0.0,0.241659,1.26949,0.324633,0.389977,0.0,0.025621,0.254276,2015-11-13
0.0,0.762608,0.310804,0.0,0.344171,0.42776,0.0,0.342576,0.713364,0.0,0.363849,0.548692,1.231125,0.351189,0.700402,0.0,0.097841,0.305977,0.0,0.342576,0.713364,0.0,0.11064,0.249985,0.0,0.158723,0.244873,0.0,0.046199,0.0022,1.209177,0.353071,0.709309,0.0,0.354261,0.328686,0.0,0.013712,0.236024,0.0,0.265571,0.359926,0.0,0.0,0.240467,1.323511,0.309168,0.389035,0.0,0.455514,0.25277,2015-11-14
0.982104,0.731302,0.188231,3.589625,0.279528,0.426462,3.519615,0.280329,0.710744,3.098083,0.30295,0.547198,2.705438,0.551711,0.696293,3.138229,0.625394,0.305899,3.519615,0.280329,0.710744,1.705219,0.454812,0.248635,1.374261,0.49976,0.244101,0.167927,0.104925,0.0022,2.601646,0.62299,0.705553,2.486594,0.543802,0.328582,3.018281,0.329176,0.235126,2.585979,0.540363,0.359714,1.780125,0.117228,0.239303,2.890011,0.278331,0.388068,0.796063,0.501252,0.251281,2015-11-15
2.884802,0.184488,0.187541,7.774584,0.46699,0.425119,7.537094,0.460339,0.70848,7.111824,0.483374,0.545874,9.29775,1.690753,0.692387,7.641792,1.388586,0.305789,7.537094,0.460339,0.70848,9.098031,1.843967,0.247309,7.583865,0.36235,0.243373,3.702521,0.886554,0.002199,9.040709,1.573375,0.702066,6.516907,0.099022,0.328465,6.196333,0.477373,0.234273,6.190667,0.091287,0.359493,6.792834,0.34483,0.238169,9.775115,0.524531,0.387073,4.70499,0.142122,0.249809,2015-11-16
1.940094,0.11137,0.186856,4.86326,0.463653,0.423733,4.607063,0.450667,0.706527,4.393229,0.467216,0.544726,8.114834,1.78081,0.688673,4.971146,1.253845,0.305649,4.607063,0.450667,0.706527,10.966303,2.374943,0.246007,6.562687,0.38152,0.242689,4.651824,1.067492,0.002199,7.923438,1.748953,0.698831,4.0915,0.061425,0.328341,3.179385,0.364989,0.233463,3.643354,0.062128,0.359272,5.147042,0.365715,0.237064,8.504917,0.552482,0.386054,4.84874,0.031632,0.248354,2015-11-17
0.212969,0.227697,0.186175,2.847573,0.029788,0.42231,2.640792,0.02313,0.70483,1.707219,0.033685,0.543752,3.967771,0.754111,0.685134,1.848709,0.35472,0.305479,2.640792,0.02313,0.70483,4.962823,0.816504,0.244728,0.444552,-0.001247,0.242049,1.234573,0.279871,0.002198,3.858032,0.719025,0.695831,0.560083,0.001971,0.328214,0.707448,0.044181,0.232698,0.631073,-0.006272,0.359056,0.42349,-0.002289,0.235988,4.233656,0.099469,0.385009,1.387625,-0.022145,0.246916,2015-11-18
0.222031,0.258293,0.185498,2.251958,0.123464,0.420852,2.128438,0.118904,0.70333,1.403646,0.136101,0.542945,3.872334,0.658171,0.681745,1.476125,0.401763,0.305284,2.128438,0.118904,0.70333,1.549625,0.415336,0.243473,0.300635,0.011134,0.241452,0.228156,0.141536,0.002198,3.76499,0.571168,0.693039,0.583917,0.064259,0.328089,0.737552,0.093125,0.231978,0.657927,0.079812,0.358853,0.44151,0.017611,0.234941,4.139,0.17694,0.383941,0.567583,0.061431,0.245493,2015-11-19
0.273188,0.216689,0.184825,0.984062,0.402928,0.419362,0.943427,0.400677,0.701968,1.123104,0.416369,0.542291,1.267875,0.325536,0.678481,1.241094,0.320735,0.305063,0.943427,0.400677,0.701968,0.0,0.055283,0.242241,1.601427,0.119771,0.240898,1.035469,0.281609,0.002197,1.234188,0.534428,0.690428,1.090792,0.026042,0.327969,0.883208,0.10512,0.231303,1.000708,0.026973,0.358666,1.322854,0.098926,0.233922,1.362302,0.41849,0.382851,0.766198,0.023886,0.244087,2015-11-20
0.284813,0.034176,0.184157,1.025937,0.58345,0.417844,0.983573,0.583944,0.700689,1.170896,0.591561,0.54177,0.0,0.019012,0.675315,1.293906,0.297268,0.304821,0.983573,0.583944,0.700689,0.0,0.024299,0.241032,1.669573,0.122759,0.240389,1.079531,0.247455,0.002197,0.0,0.028223,0.687966,1.137208,0.0,0.327857,0.920792,0.102352,0.230674,1.043292,0.0,0.358501,1.379146,0.101222,0.232933,0.0,0.534309,0.38174,0.798802,0.0,0.242696,2015-11-21
0.0,0.159749,0.183493,0.0,0.540333,0.4163,0.0,0.546943,0.699443,0.0,0.555208,0.541358,0.0,0.045095,0.672219,0.0,0.04755,0.304558,0.0,0.546943,0.699443,0.0,0.044918,0.239845,0.0,-0.00115,0.239922,0.0,0.019019,0.002197,0.0,0.090021,0.685622,0.0,0.022501,0.327759,0.0,0.007319,0.23009,0.0,0.023266,0.358361,0.0,-0.000641,0.231973,0.0,0.509819,0.38061,0.0,0.022531,0.241321,2015-11-22
0.0,0.204428,0.182833,0.0,0.087276,0.414734,0.0,0.091324,0.698187,0.0,0.105101,0.54103,0.0,0.050671,0.669167,0.0,0.162002,0.304277,0.0,0.091324,0.698187,0.0,0.044844,0.238681,0.0,-0.021284,0.239499,0.0,0.036867,0.002196,0.0,0.241965,0.683363,0.0,0.0418,0.327675,0.0,0.024389,0.229554,0.0,0.030106,0.358249,0.0,-0.015029,0.231042,0.0,0.075158,0.379464,0.0,-0.022298,0.239962,2015-11-23
0.0,0.214195,0.182177,0.0,0.096983,0.413149,0.0,0.094237,0.722434,0.0,0.119095,0.540759,0.0,0.103177,0.666136,0.0,0.51255,0.303979,0.0,0.094237,0.722434,0.0,0.099928,0.237539,0.0,-0.000487,0.239119,0.0,0.050028,0.002196,0.0,0.537741,0.681158,0.0,0.070465,0.327607,0.0,0.010051,0.229064,0.0,0.050326,0.358164,0.0,0.000162,0.23014,0.0,0.101304,0.378302,0.0,0.023939,0.238617,2015-11-24
0.214437,0.13016,0.18166,0.487135,0.018116,0.411545,0.454823,0.019712,0.696999,0.423,0.022235,0.540517,0.194365,0.107481,0.663104,0.48126,0.153903,0.303668,0.454823,0.019712,0.696999,2.160531,0.396333,0.236418,0.254094,-0.01751,0.238783,0.0,0.043698,0.002195,0.175271,0.326645,0.678977,0.522875,-0.045293,0.327558,0.701573,0.051808,0.228621,0.628625,-0.04284,0.358108,0.318719,-0.004132,0.229267,0.237448,0.059158,0.377128,0.265354,-0.055221,0.237287,2015-11-25
0.223563,0.181463,0.182277,0.507865,0.075954,0.409927,0.474177,0.078093,0.694042,0.441,0.082012,0.540279,1.384979,0.377623,0.660055,0.50174,0.234778,0.303344,0.474177,0.078093,0.694042,2.252469,0.403057,0.235319,0.264906,-0.021347,0.23849,0.0,0.057517,0.002195,1.342552,0.584561,0.676794,0.545125,-0.042496,0.327527,0.731427,0.066951,0.228226,0.655375,-0.041592,0.358079,0.332281,-0.006491,0.228423,1.518021,0.123189,0.375943,0.276646,-0.043034,0.235972,2015-11-26
0.492521,0.044517,0.180234,0.727521,0.373102,0.408295,0.598271,0.369032,0.761937,0.698146,0.377672,0.540024,6.091281,1.116348,0.656972,0.959094,0.276814,0.303009,0.598271,0.369032,0.761937,2.568844,0.516065,0.234241,1.832021,0.108055,0.23824,1.25676,0.288671,0.002194,5.966458,1.305001,0.674586,1.000219,0.0,0.327514,0.611979,0.065287,0.227878,0.750042,0.0,0.358074,1.347823,0.082641,0.227607,6.509219,0.430207,0.37475,1.266063,0.001875,0.234671,2015-11-27
0.513479,0.063763,0.179594,0.758479,0.273163,0.406652,0.623729,0.273622,0.772525,0.727854,0.276931,0.539731,5.223511,1.169927,0.653845,1.137969,0.3282,0.302665,0.623729,0.273622,0.772525,2.678156,0.674869,0.233183,1.909979,0.144292,0.238032,1.31024,0.322376,0.002194,5.101698,1.313462,0.672331,1.042781,0.001621,0.327518,0.638021,0.079094,0.227578,0.781958,0.001125,0.358091,1.405177,0.11413,0.226821,5.600167,0.30201,0.373552,1.549063,0.0,0.233384,2015-11-28
0.6345,-0.001095,0.178959,1.195563,0.131906,0.404999,1.146604,0.133984,0.698218,1.043792,0.137295,0.539382,0.520792,0.136886,0.650666,1.19801,0.272371,0.302313,1.146604,0.133984,0.698218,1.16325,0.259399,0.232147,0.350052,0.018664,0.237866,1.126531,0.247211,0.002193,0.456458,0.353521,0.670015,0.389708,-0.005327,0.327538,0.400479,0.034982,0.227324,0.410271,-0.005327,0.358125,0.438177,0.021699,0.226063,0.625167,0.136631,0.372351,1.209229,-0.008282,0.232112,2015-11-29
1.296,0.0,0.178327,2.442,0.06451,0.403339,2.342,0.065871,0.686981,2.132,0.068322,0.538965,0.727,0.174728,0.647427,2.153,0.472707,0.301954,2.342,0.065871,0.686981,2.376,0.505125,0.23113,0.715,0.034567,0.237741,2.301,0.476368,0.002193,0.63,0.34331,0.667622,0.796,-0.010723,0.327571,0.818,0.085951,0.227117,0.838,-0.011615,0.358171,0.895,0.0459,0.225334,0.862,0.084926,0.37115,1.982,-0.011024,0.230853,2015-11-30
0.0,0.0,0.177699,0.225604,0.227996,0.401672,0.20774,0.234058,0.684895,0.308802,0.228227,0.538469,0.203146,0.062932,0.644124,0.455292,0.139228,0.301591,0.20774,0.234058,0.684895,0.18324,0.095483,0.230132,1.009094,0.08088,0.237655,0.0,0.048607,0.002193,0.180177,0.162126,0.665142,0.644146,0.059768,0.327615,0.505313,0.062634,0.226954,0.547167,0.0,0.358225,0.737042,0.062932,0.224633,0.250615,0.201363,0.369951,0.289917,0.0,0.229607,2015-12-01
0.0,0.0,0.177075,0.0,0.31309,0.4,0.0,0.326378,0.68268,0.0,0.319287,0.537884,0.144427,0.046178,0.640757,0.0,0.018308,0.301222,0.0,0.326378,0.68268,0.0,0.018143,0.229155,0.0,0.0,0.237606,0.933146,0.176001,0.002192,0.0,0.167931,0.662569,0.0,0.0,0.327666,0.0,0.000891,0.226834,0.0,0.0,0.358281,0.0,0.0,0.22396,0.34124,0.293789,0.368758,0.535604,0.0,0.228375,2015-12-02
0.0,0.0,0.176455,0.0,0.308388,0.398324,0.0,0.306913,0.680338,0.0,0.343129,0.537206,1.295219,0.319884,0.637323,0.0,0.04175,0.300849,0.0,0.306913,0.680338,0.0,0.045102,0.228196,0.0,0.0,0.237594,0.972854,0.244339,0.002192,1.146604,0.52195,0.659898,0.0,0.0,0.327721,0.0,0.001772,0.226756,0.0,0.0,0.358334,0.0,0.0,0.223316,1.579229,0.250871,0.367571,0.558396,0.0,0.227157,2015-12-03
0.202198,-0.008194,0.175839,1.552958,0.043023,0.396646,1.413917,0.036064,0.677875,0.89349,0.097126,0.536432,4.670375,0.626573,0.633825,1.006094,0.282428,0.300473,1.413917,0.036064,0.677875,2.518417,0.50883,0.227256,0.207583,-0.003392,0.237615,0.0,0.017378,0.002191,4.673885,0.735177,0.657126,0.356417,-0.007175,0.327777,0.448948,0.063321,0.226718,0.389219,-0.006537,0.358378,0.238427,0.000608,0.222699,4.995875,-0.0139,0.366395,0.267312,-0.033032,0.225951,2015-12-04
0.368448,0.0,0.175227,2.078271,0.37904,0.394965,1.917646,0.375807,0.675294,1.493062,0.408726,0.535558,3.624979,0.884672,0.630263,1.666761,0.520199,0.300094,1.917646,0.375807,0.675294,2.625583,0.746008,0.226334,1.079063,0.07985,0.237667,0.0,0.015072,0.002191,3.626511,1.103329,0.654252,0.931177,0.0,0.327829,0.923365,0.092219,0.226716,0.8655,0.0,0.358409,0.953083,0.06954,0.222109,3.878657,0.343791,0.365232,0.549917,-0.000896,0.224758,2015-12-05
0.164354,0.0,0.174618,0.478771,0.26718,0.393284,0.462437,0.258699,0.672602,0.585448,0.299855,0.534585,1.143177,0.257567,0.626641,0.644146,0.16811,0.299712,0.462437,0.258699,0.672602,0.0,0.033397,0.22543,0.899354,0.063211,0.237747,0.843063,0.175768,0.00219,1.141708,0.445081,0.651278,0.583406,0.0,0.327875,0.474688,0.045999,0.226747,0.479281,0.0,0.358421,0.73449,0.050182,0.221547,1.216125,0.249142,0.364083,0.663177,-0.000781,0.223577,2015-12-06
0.0,-0.000854,0.174013,0.1645,0.140919,0.391603,0.132677,0.122047,0.669804,0.0,0.171994,0.533513,4.611073,0.931936,0.622962,0.0,0.05337,0.299327,0.132677,0.122047,0.669804,1.440354,0.312106,0.224544,0.0,-0.011974,0.237852,0.878938,0.209228,0.00219,4.612969,1.162754,0.648205,0.0,-0.005151,0.32791,0.0,-0.001983,0.22681,0.0,-0.00427,0.358411,0.0,-0.005111,0.22101,4.925552,0.105492,0.36295,0.590469,-0.009446,0.22241,2015-12-07
0.0,-0.028911,0.173412,0.1715,-0.046752,0.389922,0.138323,-0.050881,0.666905,0.0,-0.012823,0.532345,3.56475,0.328831,0.619229,0.0,0.075687,0.298939,0.138323,-0.050881,0.666905,1.501646,0.281841,0.223675,0.0,-0.046539,0.23798,0.0,0.021731,0.002189,3.568323,0.371899,0.645039,0.0,-0.037702,0.327932,0.0,0.006284,0.226901,0.0,-0.033832,0.358374,0.0,-0.025269,0.220499,3.813323,-0.049245,0.361836,0.202125,-0.066795,0.221254,2015-12-08
0.0,-0.030845,0.172814,0.0,0.001874,0.388243,0.0,-0.008927,0.663913,0.0,0.074935,0.531082,1.181854,0.294253,0.615448,0.0,0.12508,0.298548,0.0,-0.008927,0.663913,1.161292,0.299378,0.222823,0.0,-0.035441,0.238127,0.0,0.017963,0.002189,1.183323,0.293433,0.641791,0.0,-0.008548,0.327938,0.0,0.001324,0.227016,0.0,-0.004571,0.358308,0.0,-0.00551,0.220012,1.264104,0.003169,0.360742,0.0,-0.05517,0.22011,2015-12-09
0.0,-0.020053,0.17222,0.0,0.10988,0.386566,0.0,0.09764,0.660834,0.0,0.171601,0.529729,1.232146,0.541676,0.611622,0.0,0.288204,0.298153,0.0,0.09764,0.660834,1.210708,0.542641,0.22199,0.0,0.087753,0.238291,0.0,0.069792,0.002189,1.233677,0.579961,0.63845,0.0,-0.01553,0.327924,0.0,0.003772,0.227152,0.0,-0.011429,0.358208,0.0,-0.011547,0.21955,1.317896,0.144121,0.359669,0.0,-0.045906,0.218979,2015-12-10
1.408531,0.031832,0.197648,1.089813,0.244632,0.38489,1.034,0.22426,0.693238,1.145136,0.260101,0.528287,0.132188,0.486283,0.607756,1.231302,0.744539,0.297754,1.034,0.22426,0.693238,0.0,0.481618,0.221167,0.420552,0.500767,0.238491,0.0,0.117757,0.002188,0.0,0.483844,0.635013,1.055052,0.148609,0.327888,1.331177,0.1279,0.227305,0.988958,0.136709,0.358073,0.689823,0.417613,0.219111,0.18849,0.344428,0.358618,0.408313,0.12604,0.217859,2015-12-11
3.762656,0.0,0.183328,2.313146,0.424299,0.383218,2.204042,0.39837,0.726255,2.509865,0.433963,0.526762,0.702302,0.713861,0.603853,2.963459,1.235139,0.297351,2.204042,0.39837,0.726255,4.328406,1.451466,0.220363,3.438125,0.237747,0.238654,5.553344,1.274515,0.002209,0.561552,0.762625,0.631512,2.960854,0.0,0.327828,2.735646,0.259596,0.227473,2.755844,0.000451,0.357901,3.060854,0.20758,0.218694,0.797719,0.482173,0.357591,4.348719,0.000486,0.216751,2015-12-12
2.391813,0.0,0.17046,1.227042,0.639833,0.381549,1.173958,0.621491,0.651691,1.372,0.63385,0.525157,1.731688,0.560901,0.599918,1.75124,1.091694,0.296943,1.173958,0.621491,0.651691,4.512594,1.384455,0.219574,3.127323,0.236555,0.238846,5.789656,1.288788,0.002187,1.727646,1.076571,0.627941,1.940094,0.0,0.327742,1.405177,0.121324,0.227653,1.798198,0.012849,0.35769,2.441323,0.162803,0.218299,1.847323,0.60883,0.356587,4.089969,0.0,0.215654,2015-12-13
1.038896,0.0,0.16988,2.128219,0.515238,0.379883,2.047437,0.524445,0.647761,2.144375,0.518586,0.523476,4.721719,0.811983,0.595956,2.334333,0.678623,0.29653,2.047437,0.524445,0.647761,0.946365,0.353832,0.2188,2.260896,0.132543,0.239044,2.20851,0.396444,0.002187,4.685448,0.994568,0.624305,2.189417,0.0,0.327628,2.119896,0.147138,0.22784,1.712563,0.0,0.357438,2.224667,0.130671,0.217923,4.864052,0.501611,0.355608,2.055761,0.0,0.214569,2015-12-14
1.414552,0.0,0.169304,2.715708,0.513422,0.378221,2.607011,0.531843,0.644335,2.777104,0.497288,0.521724,3.959656,1.034861,0.59197,3.104396,0.907626,0.296111,2.607011,0.531843,0.644335,1.266677,0.372454,0.218041,3.46601,0.236307,0.239242,3.552396,0.813236,0.002186,3.90724,1.112175,0.62061,3.020386,0.0,0.327486,2.777532,0.204747,0.228032,2.441969,0.0,0.357146,3.189813,0.218933,0.217567,4.050406,0.486929,0.354652,3.226198,0.0,0.213494,2015-12-15
0.75925,0.0,0.168731,1.370927,0.435557,0.376564,1.320927,0.454922,0.640857,1.363031,0.417835,0.519904,2.558708,0.400213,0.587966,1.53499,0.394724,0.295685,1.320927,0.454922,0.640857,0.574448,0.217955,0.217296,1.645677,0.111673,0.23944,1.303094,0.320791,0.002186,2.551677,0.478134,0.616861,1.508469,0.0,0.327313,1.416031,0.087372,0.228226,1.29351,0.010239,0.356813,1.492573,0.099808,0.217228,2.675865,0.402281,0.35372,1.380198,0.0,0.212431,2015-12-16
0.431302,0.0,0.168162,1.153521,0.311601,0.374911,1.112333,0.324027,0.637333,1.12624,0.292575,0.518021,2.639864,0.722088,0.583947,1.22525,0.292818,0.295253,1.112333,0.324027,0.637333,1.401948,0.315408,0.216565,0.806125,0.049016,0.239634,0.0,0.013147,0.002185,2.61774,0.813176,0.613064,1.143302,0.0,0.32711,1.248761,0.071102,0.228421,0.935563,0.011629,0.356438,0.932094,0.057553,0.216906,2.788104,0.268871,0.352812,0.604552,0.0,0.211379,2015-12-17
0.0,9.1e-05,0.167596,0.565948,0.069986,0.373262,0.5315,0.068449,0.633768,0.653854,0.08146,0.516078,2.689281,0.395318,0.579917,0.776854,0.154749,0.294812,0.5315,0.068449,0.633768,1.479646,0.332399,0.215847,0.48601,0.037006,0.239823,0.910135,0.159997,0.002185,2.643375,0.464966,0.609224,0.547542,-0.00183,0.326875,0.531604,0.03927,0.228612,0.498948,0.000965,0.356022,0.613937,0.044573,0.2166,2.889896,0.063007,0.351926,0.959479,-0.004239,0.210337,2015-12-18
0.455802,-0.000656,0.167034,1.909,-0.019275,0.371619,1.753521,-0.022767,0.630166,1.334708,-0.00227,0.514081,6.004115,0.489135,0.575879,1.512052,0.261344,0.294364,1.753521,-0.022767,0.630166,2.850479,0.435059,0.215143,0.474625,-0.005675,0.240004,1.106021,0.280969,0.002184,5.991333,0.544356,0.605346,0.63001,-0.019928,0.326609,0.718187,0.015426,0.228799,0.715833,-0.015541,0.355565,0.621854,0.014447,0.216307,6.391115,-0.035494,0.351062,0.907854,-0.026944,0.209306,2015-12-19
1.840646,-0.006786,0.166475,9.54375,0.013014,0.36998,9.095843,0.00971,0.626534,7.023323,0.023891,0.512031,10.866428,0.781107,0.571836,6.88524,0.643238,0.293907,9.095843,0.00971,0.626534,6.07,0.612538,0.214451,3.245521,0.04517,0.240176,2.590219,0.412261,0.002184,10.84099,0.777098,0.601435,2.951375,-0.032235,0.326311,2.941917,0.047189,0.228978,2.589115,-0.028308,0.355068,3.479886,0.061873,0.216028,11.491448,0.013909,0.350218,2.396677,-0.027598,0.208285,2015-12-20
5.929677,-0.019578,0.165919,17.033564,0.098464,0.368347,16.337105,0.094683,0.622875,13.506303,0.101798,0.509934,18.095625,1.323055,0.567792,13.619699,1.216931,0.293441,16.337105,0.094683,0.622875,8.418876,1.049236,0.213771,9.114511,0.171188,0.240337,6.422302,0.897732,0.002184,18.079834,1.313598,0.597496,8.687886,-0.018169,0.325981,8.781907,0.078334,0.229149,8.000135,-0.020889,0.35453,9.102032,0.179452,0.21576,18.88327,0.118219,0.349394,5.678646,-0.015293,0.207275,2015-12-21
10.563573,0.0,0.165366,19.948782,0.315636,0.366719,19.129292,0.311294,0.619194,16.745398,0.316311,0.507793,19.586689,1.563554,0.56375,17.755501,1.604596,0.292966,19.129292,0.311294,0.619194,12.001636,1.51966,0.213103,15.737876,0.342707,0.240486,10.195251,1.488224,0.002183,19.578844,1.588112,0.593533,14.291198,0.064774,0.32562,14.150022,0.016163,0.22931,13.775939,0.0,0.353954,14.553428,0.370715,0.215502,20.313354,0.35113,0.348589,9.124782,0.0,0.206274,2015-12-22
7.550272,0.0,0.164817,13.879583,0.33732,0.365097,13.299928,0.333408,0.615495,11.671333,0.337652,0.505611,13.52448,1.325892,0.559712,12.475813,1.363726,0.292481,13.299928,0.333408,0.615495,10.010677,1.332935,0.212447,11.901814,0.349454,0.240621,8.818084,1.227515,0.002183,13.507979,1.373609,0.58955,9.998761,0.087278,0.325227,9.547958,0.0,0.229459,9.724386,0.115197,0.35334,10.637281,0.345052,0.215254,14.112199,0.346458,0.3478,7.69349,0.0,0.205284,2015-12-23
3.888135,0.0,0.164271,9.340199,0.246986,0.363481,8.888885,0.25034,0.611782,7.266938,0.237212,0.503392,9.719386,0.865817,0.555681,7.712688,1.024489,0.291985,8.888885,0.25034,0.611782,7.998302,0.958464,0.211801,5.421886,0.257572,0.240743,5.047281,0.790794,0.002182,9.709271,0.936704,0.585553,5.809782,0.063947,0.324804,6.291063,0.0,0.229594,5.708698,0.165479,0.352689,5.239042,0.247595,0.215014,10.174928,0.220463,0.347026,4.667698,0.0,0.204304,2015-12-24
4.752834,0.0,0.163728,12.672897,0.303214,0.36187,12.006136,0.307781,0.608058,9.382281,0.284479,0.501139,15.632607,1.102648,0.551661,9.962761,1.115441,0.291479,12.006136,0.307781,0.608058,9.976293,0.992444,0.211167,7.980271,0.270136,0.240849,6.101875,0.958952,0.002182,15.542407,1.19519,0.581544,7.127708,0.088241,0.32435,7.09097,0.0,0.229716,6.471032,0.017388,0.352002,7.279449,0.250203,0.214781,16.292156,0.28257,0.346265,5.35526,0.0,0.203333,2015-12-25
2.355062,0.0,0.163189,6.095907,0.241512,0.360265,5.737083,0.240228,0.604326,4.244115,0.218847,0.498854,10.940272,1.091568,0.547652,4.553427,0.967512,0.290963,5.737083,0.240228,0.604326,4.809656,0.946555,0.210543,4.766782,0.203934,0.240939,3.617834,0.871095,0.002181,10.861667,1.157388,0.577527,3.095167,0.0,0.323867,2.482157,0.0,0.229823,2.514313,0.0,0.351281,3.941948,0.188263,0.214554,11.425677,0.247178,0.345517,2.739406,0.0,0.202372,2015-12-26
0.0,0.0,0.162653,0.0,0.209923,0.358667,0.0,0.212311,0.600591,0.0,0.192036,0.49654,0.0,0.32674,0.543658,0.0,0.194781,0.290436,0.0,0.212311,0.600591,0.0,0.213439,0.209928,0.0,0.005611,0.241013,0.0,0.128942,0.002181,0.0,0.304169,0.573506,0.0,0.0,0.323355,0.0,0.0,0.229914,0.0,0.0,0.350526,0.0,0.004794,0.214332,0.0,0.21984,0.34478,0.0,0.0,0.201421,2015-12-27
0.0,0.0,0.162119,0.0,0.333623,0.357074,0.0,0.334333,0.596853,0.0,0.306219,0.494202,0.0,0.198779,0.53968,0.0,0.154658,0.289897,0.0,0.334333,0.596853,0.0,0.191767,0.209324,0.0,0.0,0.241069,0.0,0.006949,0.00218,0.0,0.21392,0.569484,0.0,0.0,0.322814,0.0,0.0,0.229989,0.0,0.016046,0.349739,0.0,0.0,0.214113,0.0,0.343202,0.344052,0.0,0.276081,0.200479,2015-12-28
0.290323,0.0,0.161589,0.616385,0.142528,0.355488,0.595333,0.1433,0.593118,0.649677,0.150991,0.49184,1.172552,0.36495,0.535719,0.747104,0.274537,0.289348,0.595333,0.1433,0.593118,0.163521,0.197077,0.208728,1.012458,0.048426,0.241109,0.0,0.007807,0.00218,1.173042,0.378101,0.565465,0.874396,0.0,0.322246,0.854813,0.0,0.230047,0.837188,0.012107,0.348921,0.860688,0.042744,0.213898,1.226406,0.129373,0.343331,0.155688,0.148039,0.199546,2015-12-29
1.458094,0.0,0.161062,3.298604,0.126086,0.353908,3.165521,0.126368,0.589386,2.749729,0.128983,0.489457,3.500969,0.716319,0.531779,2.925229,0.635127,0.288787,3.165521,0.126368,0.589386,1.604958,0.390527,0.208141,2.437146,0.135089,0.24113,1.119677,0.202925,0.00218,3.510782,0.741064,0.56145,2.521844,0.0,0.321652,2.676208,0.0,0.230087,2.442417,0.0,0.348073,2.302417,0.139901,0.213684,3.650136,0.117773,0.342616,1.203167,0.134546,0.198623,2015-12-30
2.36,0.0,0.160538,5.425,0.162315,0.352334,5.198,0.165011,0.58566,4.233,0.151727,0.487056,4.654,0.775936,0.527859,4.384,0.855635,0.288215,5.198,0.165011,0.58566,2.93,0.621005,0.207563,2.822,0.167927,0.241134,2.287,0.444296,0.002179,4.673,0.830313,0.557443,3.289,0.0,0.321031,3.646,0.0,0.230109,3.206,0.0,0.347197,2.87,0.164729,0.213472,4.844,0.152378,0.341905,2.126,0.181034,0.197708,2015-12-31
