date,sub_basin,Q_cms,notes
2015-09-06,Copper,0.6145,
2015-09-07,Copper,0.619,
2015-09-08,Copper,0.5317,
2015-09-09,Copper,0.4477,
2015-09-10,Copper,0.4015,
2015-09-11,Copper,0.362,
2015-09-12,Copper,0.3408,
2015-09-13,Copper,0.3328,
2015-09-14,Copper,0.3273,
2015-09-15,Copper,0.5744,
2015-09-16,Copper,0.5183,
2015-09-17,Copper,0.4259,
2015-09-18,Copper,0.3773,
2015-09-19,Copper,0.3561,
2015-09-20,Copper,0.3288,
2015-09-21,Copper,0.309,
2015-09-22,Copper,0.3011,
2015-09-23,Copper,0.2826,
2015-09-24,Copper,0.2644,
2015-09-25,Copper,0.2549,
2015-09-26,Copper,0.2487,
2015-09-27,Copper,0.2429,
2015-09-28,Copper,0.2375,
2015-09-29,Copper,0.2292,
2015-09-30,Copper,0.2236,
2015-10-01,Copper,0.2173,
2015-10-02,Copper,0.2161,
2015-10-03,Copper,0.2119,
2015-10-04,Copper,0.2032,
2015-10-05,Copper,0.2096,
2015-10-06,Copper,0.234,
2015-10-07,Copper,0.2223,
2015-10-08,Copper,0.2009,
2015-10-09,Copper,0.1915,
2015-10-10,Copper,0.1863,
2015-10-11,Copper,0.1846,
2015-10-12,Copper,0.1761,
2015-10-13,Copper,0.1714,
2015-10-14,Copper,0.1669,
2015-10-15,Copper,0.1637,
2015-10-16,Copper,0.1593,
2015-10-17,Copper,0.1586,
2015-10-18,Copper,0.1698,
2015-10-19,Copper,0.2001,
2015-10-20,Copper,0.1826,
2015-10-21,Copper,0.1559,
2015-10-22,Copper,0.1728,
2015-10-23,Copper,0.1562,
2015-10-24,Copper,0.1503,
2015-10-25,Copper,0.1807,
2015-10-26,Copper,0.2061,
2015-10-27,Copper,0.2043,
2015-10-28,Copper,0.2024,
2015-10-29,Copper,0.2006,
2015-10-30,Copper,0.1988,
2015-10-31,Copper,0.1971,
2015-11-01,Copper,0.1953,
2015-11-02,Copper,0.1935,
2015-11-03,Copper,0.1918,
2015-11-04,Copper,0.19,
2015-11-05,Copper,0.1883,
2015-11-06,Copper,0.1865,
2015-11-07,Copper,0.1848,
2015-11-08,Copper,0.1831,
2015-11-09,Copper,0.1814,
2015-11-10,Copper,0.1797,
2015-11-11,Copper,0.178,
2015-11-12,Copper,0.1763,
2015-11-13,Copper,0.1747,
2015-11-14,Copper,0.173,
2015-11-15,Copper,0.1714,
2015-11-16,Copper,0.1697,
2015-11-17,Copper,0.1681,
2015-11-18,Copper,0.1665,
2015-11-19,Copper,0.1648,
2015-11-20,Copper,0.1632,
2015-11-21,Copper,0.1616,
2015-11-22,Copper,0.1601,
2015-11-23,Copper,0.1585,
2015-11-24,Copper,0.1569,
2015-11-25,Copper,0.1553,
2015-11-26,Copper,0.1538,
2015-11-27,Copper,0.1522,
2015-11-28,Copper,0.1507,
2015-11-29,Copper,0.1492,
2015-11-30,Copper,0.1477,
2015-12-01,Copper,0.1462,
2015-12-02,Copper,0.1447,
2015-12-03,Copper,0.1432,
2015-12-04,Copper,0.1417,
2015-12-05,Copper,0.1402,
2015-12-06,Copper,0.1387,
2015-12-07,Copper,0.1373,
2015-12-08,Copper,0.1358,
2015-12-09,Copper,0.1344,
2015-12-10,Copper,0.133,
2015-12-11,Copper,0.1316,
2015-12-12,Copper,0.1301,
2015-12-13,Copper,0.1287,
2015-12-14,Copper,0.1273,
2015-12-15,Copper,0.126,
2015-12-16,Copper,0.1246,
2015-12-17,Copper,0.1232,
2015-12-18,Copper,0.1219,
2015-12-19,Copper,0.1205,
2015-12-20,Copper,0.1192,
2015-12-21,Copper,0.1178,
2015-12-22,Copper,0.1165,
2015-12-23,Copper,0.1152,
2015-12-24,Copper,0.1139,
2015-12-25,Copper,0.1126,
2015-12-26,Copper,0.1113,
2015-12-27,Copper,0.11,
2015-12-28,Copper,0.1087,
2015-12-29,Copper,0.1074,
2015-12-30,Copper,0.1062,
2015-12-31,Copper,0.1049,
2016-01-01,Copper,0.1037,
2016-01-02,Copper,0.1025,
2016-01-03,Copper,0.1012,
2016-01-04,Copper,0.1,
2016-01-05,Copper,0.0988,
2016-01-06,Copper,0.0976,
2016-01-07,Copper,0.0964,
2016-01-08,Copper,0.0952,
2016-01-09,Copper,0.0941,
2016-01-10,Copper,0.0929,
2016-01-11,Copper,0.0917,
2016-01-12,Copper,0.0906,
2016-01-13,Copper,0.0894,
2016-01-14,Copper,0.0883,
2016-01-15,Copper,0.0872,
2016-01-16,Copper,0.0861,
2016-01-17,Copper,0.085,
2016-01-18,Copper,0.0839,
2016-01-19,Copper,0.0828,
2016-01-20,Copper,0.0817,
2016-01-21,Copper,0.0806,
2016-01-22,Copper,0.0795,
2016-01-23,Copper,0.0785,
2016-01-24,Copper,0.0774,
2016-01-25,Copper,0.0764,
2016-01-26,Copper,0.0753,
2016-01-27,Copper,0.0743,
2016-01-28,Copper,0.0733,
2016-01-29,Copper,0.0723,
2016-01-30,Copper,0.0713,
2016-01-31,Copper,0.0703,
2016-02-01,Copper,0.0693,
2016-02-02,Copper,0.0683,
2016-02-03,Copper,0.0673,
2016-02-04,Copper,0.0664,
2016-02-05,Copper,0.0654,
2016-02-06,Copper,0.0645,
2016-02-07,Copper,0.0635,
2016-02-08,Copper,0.0626,
2016-02-09,Copper,0.0617,
2016-02-10,Copper,0.0608,
2016-02-11,Copper,0.0598,
2016-02-12,Copper,0.0589,
2016-02-13,Copper,0.0581,
2016-02-14,Copper,0.0572,
2016-02-15,Copper,0.0563,
2016-02-16,Copper,0.0554,
2016-02-17,Copper,0.0546,
2016-02-18,Copper,0.0537,
2016-02-19,Copper,0.0529,
2016-02-20,Copper,0.052,
2016-02-21,Copper,0.0512,
2016-02-22,Copper,0.0504,
2016-02-23,Copper,0.0495,
2016-02-24,Copper,0.0487,
2016-02-25,Copper,0.0479,
2016-02-26,Copper,0.0471,
2016-02-27,Copper,0.0463,
2016-02-28,Copper,0.0456,
2016-02-29,Copper,0.0448,
2016-03-01,Copper,0.047,
2016-03-02,Copper,0.0471,
2016-03-03,Copper,0.0474,
2016-03-04,Copper,0.048,
2016-03-05,Copper,0.0531,
2016-03-06,Copper,0.0609,
2016-03-07,Copper,0.0542,
2016-03-08,Copper,0.0532,
2016-03-09,Copper,0.0497,
2016-03-10,Copper,0.0516,
2016-03-11,Copper,0.0568,
2016-03-12,Copper,0.0578,
2016-03-13,Copper,0.0606,
2016-03-14,Copper,0.0653,
2016-03-15,Copper,0.0653,
2016-03-16,Copper,0.0698,
2016-03-17,Copper,0.0618,
2016-03-18,Copper,0.0546,
2016-03-19,Copper,0.0526,
2016-03-20,Copper,0.0538,
2016-03-21,Copper,0.0583,
2016-03-22,Copper,0.0596,
2016-03-23,Copper,0.047,
2016-03-24,Copper,0.0557,
2016-03-25,Copper,0.0553,
2016-03-26,Copper,0.0502,
2016-03-27,Copper,0.0592,
2016-03-28,Copper,0.0559,
2016-03-29,Copper,0.0512,
2016-03-30,Copper,0.0468,
2016-03-31,Copper,0.0462,
2016-04-01,Copper,0.052,
2016-04-02,Copper,0.0473,
2016-04-03,Copper,0.0476,
2016-04-04,Copper,0.0593,
2016-04-05,Copper,0.0687,
2016-04-06,Copper,0.0707,
2016-04-07,Copper,0.0871,
2016-04-08,Copper,0.1216,
2016-04-09,Copper,0.1347,
2016-04-10,Copper,0.1269,
2016-04-11,Copper,0.1293,
2016-04-12,Copper,0.1597,
2016-04-13,Copper,0.201,
2016-04-14,Copper,0.2321,
2016-04-15,Copper,0.1875,
2016-04-16,Copper,0.1446,
2016-04-17,Copper,0.1251,
2016-04-18,Copper,0.1158,
2016-04-19,Copper,0.1066,
2016-04-20,Copper,0.0969,
2016-04-21,Copper,0.0981,
2016-04-22,Copper,0.1243,
2016-04-23,Copper,0.1678,
2016-04-24,Copper,0.1532,
2016-04-25,Copper,0.1502,
2016-04-26,Copper,0.1359,
2016-04-27,Copper,0.1304,
2016-04-28,Copper,0.1254,
2016-04-29,Copper,0.1243,
2016-04-30,Copper,0.1078,
2016-05-01,Copper,0.1022,
2016-05-02,Copper,0.1024,
2016-05-03,Copper,0.1095,
2016-05-04,Copper,0.1517,
2016-05-05,Copper,0.2713,
2016-05-06,Copper,0.4459,
2016-05-07,Copper,0.393,
2016-05-08,Copper,0.3215,
2016-05-09,Copper,0.2712,
2016-05-10,Copper,0.2727,
2016-05-11,Copper,0.2434,
2016-05-12,Copper,0.2478,
2016-05-13,Copper,0.3398,
2016-05-14,Copper,0.6002,
2016-05-15,Copper,0.8432,
2016-05-16,Copper,0.6999,
2016-05-17,Copper,0.5816,
2016-05-18,Copper,0.5463,
2016-05-19,Copper,0.6882,
2016-05-20,Copper,0.8614,
2016-05-21,Copper,1.172,
2016-05-22,Copper,1.3321,
2016-05-23,Copper,1.2095,
2016-05-24,Copper,1.0957,
2016-05-25,Copper,1.1201,
2016-05-26,Copper,1.0594,
2016-05-27,Copper,0.7841,
2016-05-28,Copper,0.7052,
2016-05-29,Copper,0.886,
2016-05-30,Copper,1.1569,
2016-05-31,Copper,1.322,
2016-06-01,Copper,1.6281,
2016-06-02,Copper,2.0357,
2016-06-03,Copper,2.2563,
2016-06-04,Copper,2.8319,
2016-06-05,Copper,3.34,
2016-06-06,Copper,3.4503,
2016-06-07,Copper,3.2962,
2016-06-08,Copper,2.9886,
2016-06-09,Copper,3.2112,
2016-06-10,Copper,3.4653,
2016-06-11,Copper,3.2667,
2016-06-12,Copper,2.8175,
2016-06-13,Copper,2.661,
2016-06-14,Copper,2.5076,
2016-06-15,Copper,2.6331,
2016-06-16,Copper,2.5942,
2016-06-17,Copper,2.5432,
2016-06-18,Copper,2.5045,
2016-06-19,Copper,2.4526,
2016-06-20,Copper,2.6063,
2016-06-21,Copper,2.8055,
2016-06-22,Copper,2.4671,
2016-06-23,Copper,2.2057,
2016-06-24,Copper,2.0678,
2016-06-25,Copper,1.9464,
2016-06-26,Copper,1.8365,
2016-06-27,Copper,1.6602,
2016-06-28,Copper,1.492,
2016-06-29,Copper,1.3615,
2016-06-30,Copper,1.2222,
2016-07-01,Copper,1.3001,
2016-07-02,Copper,1.1644,
2016-07-03,Copper,1.1505,
2016-07-04,Copper,0.9762,
2016-07-05,Copper,0.9796,
2016-07-06,Copper,0.9424,
2016-07-07,Copper,0.8347,
2016-07-08,Copper,0.8462,
2016-07-09,Copper,0.9196,
2016-07-10,Copper,0.91,
2016-07-11,Copper,0.7617,
2016-07-12,Copper,0.6838,
2016-07-13,Copper,0.6299,
2016-07-14,Copper,0.6027,
2016-07-15,Copper,0.5608,
2016-07-16,Copper,0.534,
2016-07-17,Copper,0.5053,
2016-07-18,Copper,0.4925,
2016-07-19,Copper,0.619,
2016-07-20,Copper,0.5253,
2016-07-21,Copper,0.4739,
2016-07-22,Copper,0.4892,
2016-07-23,Copper,0.4424,
2016-07-24,Copper,0.3916,
2016-07-25,Copper,0.3528,
2016-07-26,Copper,0.3165,
2016-07-27,Copper,0.3075,
2016-07-28,Copper,0.2921,
2016-07-29,Copper,0.2758,
2016-07-30,Copper,0.2527,
2016-07-31,Copper,0.2383,
2016-08-01,Copper,0.2496,
2016-08-02,Copper,0.2241,
2016-08-03,Copper,0.232,
2016-08-04,Copper,0.3765,
2016-08-05,Copper,0.7041,
2016-08-06,Copper,0.5159,
2016-08-07,Copper,0.3702,
2016-08-08,Copper,0.327,
2016-08-09,Copper,0.284,
2016-08-10,Copper,0.2675,
2016-08-11,Copper,0.272,
2016-08-12,Copper,0.227,
2016-08-13,Copper,0.2058,
2016-08-14,Copper,0.1983,
2016-08-15,Copper,0.1794,
2016-08-16,Copper,0.1681,
2016-08-17,Copper,0.1728,
2016-08-18,Copper,0.1737,
2016-08-19,Copper,0.1732,
2016-08-20,Copper,0.1553,
2016-08-21,Copper,0.1438,
2016-08-22,Copper,0.1429,
2016-08-23,Copper,0.1641,
2016-08-24,Copper,0.2755,
2016-08-25,Copper,0.193,
2016-08-26,Copper,0.2201,
2016-08-27,Copper,0.1878,
2016-08-28,Copper,0.2366,
2016-08-29,Copper,0.3295,
2016-08-30,Copper,0.3869,
2016-08-31,Copper,0.3009,
2016-09-01,Copper,0.2436,
2016-09-02,Copper,0.346,
2016-09-03,Copper,0.342,
2016-09-04,Copper,0.3478,
2016-09-05,Copper,0.268,
2016-09-06,Copper,0.2245,
2016-09-07,Copper,0.1925,
2016-09-08,Copper,0.1793,
2016-09-09,Copper,0.1608,
2016-09-10,Copper,0.1574,
2016-09-11,Copper,0.1543,
2016-09-12,Copper,0.1498,
2016-09-13,Copper,0.1384,
2016-09-14,Copper,0.144,
2016-09-15,Copper,0.1449,
2016-09-16,Copper,0.1297,
2016-09-17,Copper,0.1166,
2016-09-18,Copper,0.109,
2016-09-19,Copper,0.1052,
2016-09-20,Copper,0.1021,
2016-09-21,Copper,0.1107,
2016-09-22,Copper,0.1239,
2016-09-23,Copper,0.1394,
2016-09-24,Copper,0.1239,
2016-09-25,Copper,0.1273,
2016-09-26,Copper,0.1414,
2016-09-27,Copper,0.1412,
2016-09-28,Copper,0.1242,
2016-09-29,Copper,0.124,
2016-09-30,Copper,0.1429,
2016-10-01,Copper,0.1411,
2016-10-02,Copper,0.1405,
2016-10-03,Copper,0.1478,
2016-10-04,Copper,0.1094,
2016-10-05,Copper,0.105,
2016-10-06,Copper,0.0969,
2016-10-07,Copper,0.0996,
2016-10-08,Copper,0.1009,
2016-10-09,Copper,0.1039,
2016-10-10,Copper,0.1062,
2016-10-11,Copper,0.1436,
2016-10-12,Copper,0.1363,
2016-10-13,Copper,0.1179,
2016-10-14,Copper,0.1137,
2018-10-01,Copper,0.183,
2018-10-02,Copper,0.19,
2018-10-03,Copper,0.197,
2018-10-04,Copper,0.204,
2018-10-05,Copper,0.183,
2018-10-06,Copper,0.185,
2018-10-07,Copper,0.175,
2018-10-08,Copper,0.176,
2018-10-09,Copper,0.175,
2018-10-10,Copper,0.203,
2018-10-11,Copper,0.216,
2018-10-12,Copper,0.233,
2018-10-13,Copper,0.232,
2018-10-14,Copper,0.252,
2018-10-15,Copper,0.24,
2018-10-16,Copper,0.244,
2018-10-17,Copper,0.239,
2018-10-18,Copper,0.23,
2018-10-19,Copper,0.239,
2018-10-20,Copper,0.255,
2018-10-21,Copper,0.255,
2018-10-22,Copper,0.253,
2018-10-23,Copper,0.257,
2018-10-24,Copper,0.274,
2018-10-25,Copper,0.278,
2018-10-26,Copper,0.267,
2018-10-27,Copper,0.26,
2018-10-28,Copper,0.255,
2018-10-29,Copper,0.255,
2018-10-30,Copper,0.263,
2018-10-31,Copper,0.265,
2018-11-01,Copper,0.243,
2018-11-02,Copper,0.242,
2018-11-03,Copper,0.264,
2018-11-04,Copper,0.246,
2018-11-05,Copper,0.253,
2018-11-06,Copper,0.232,
2018-11-07,Copper,0.211,
2018-11-08,Copper,0.196,
2018-11-09,Copper,0.217,
2018-11-10,Copper,0.22,
2018-11-11,Copper,0.239,
2018-11-12,Copper,0.232,
2018-11-13,Copper,0.213,
2018-11-14,Copper,0.223,
2018-11-15,Copper,0.224,
2018-11-16,Copper,0.221,
2018-11-17,Copper,0.212,
2018-11-18,Copper,0.222,
2018-11-19,Copper,0.193,
2018-11-20,Copper,0.194,
2018-11-21,Copper,0.193,
2018-11-22,Copper,0.19,
2018-11-23,Copper,0.201,
2018-11-24,Copper,0.201,
2018-11-25,Copper,0.172,
2018-11-26,Copper,0.165,
2018-11-27,Copper,0.214,
2018-11-28,Copper,0.22,
2018-11-29,Copper,0.207,
2018-11-30,Copper,0.209,
2018-12-01,Copper,0.205,
2018-12-02,Copper,0.193,
2018-12-03,Copper,0.206,
2018-12-04,Copper,0.182,
2018-12-05,Copper,0.166,
2018-12-06,Copper,0.219,
2018-12-07,Copper,0.193,
2018-12-08,Copper,0.166,
2018-12-09,Copper,0.156,
2018-12-10,Copper,0.159,
2018-12-11,Copper,0.202,
2018-12-12,Copper,0.185,
2018-12-13,Copper,0.171,
2018-12-14,Copper,0.153,
2018-12-15,Copper,0.185,
2018-12-16,Copper,0.177,
2018-12-17,Copper,0.175,
2018-12-18,Copper,0.193,
2018-12-19,Copper,0.199,
2018-12-20,Copper,0.182,
2018-12-21,Copper,0.186,
2018-12-22,Copper,0.191,
2018-12-23,Copper,0.171,
2018-12-24,Copper,0.203,
2018-12-25,Copper,0.194,
2018-12-26,Copper,0.192,
2018-12-27,Copper,0.183,
2018-12-28,Copper,0.169,
2018-12-29,Copper,0.164,
2018-12-30,Copper,0.156,
2018-12-31,Copper,0.182,
2019-01-01,Copper,0.168,
2019-01-02,Copper,0.144,
2019-01-03,Copper,0.149,
2019-01-04,Copper,0.171,
2019-01-05,Copper,0.18,
2019-01-06,Copper,0.187,
2019-01-07,Copper,0.183,
2019-01-08,Copper,0.186,
2019-01-09,Copper,0.188,
2019-01-10,Copper,0.189,
2019-01-11,Copper,0.19,
2019-01-12,Copper,0.184,
2019-01-13,Copper,0.157,
2019-01-14,Copper,0.136,
2019-01-15,Copper,0.168,
2019-01-16,Copper,0.2,
2019-01-17,Copper,0.19,
2019-01-18,Copper,0.19,
2019-01-19,Copper,0.18,
2019-01-20,Copper,0.187,
2019-01-21,Copper,0.182,
2019-01-22,Copper,0.174,
2019-01-23,Copper,0.148,
2019-01-24,Copper,0.194,
2019-01-25,Copper,0.194,
2019-01-26,Copper,0.179,
2019-01-27,Copper,0.181,
2019-01-28,Copper,0.179,
2019-01-29,Copper,0.134,
2019-01-30,Copper,0.14,
2019-01-31,Copper,0.155,
2019-02-01,Copper,0.159,
2019-02-02,Copper,0.165,
2019-02-03,Copper,0.179,
2019-02-04,Copper,0.176,
2019-02-05,Copper,0.171,
2019-02-06,Copper,0.163,
2019-02-07,Copper,0.146,
2019-02-08,Copper,0.127,
2019-02-09,Copper,0.157,
2019-02-10,Copper,0.184,
2019-02-11,Copper,0.164,
2019-02-12,Copper,0.148,
2019-02-13,Copper,0.165,
2019-02-14,Copper,0.164,
2019-02-15,Copper,0.173,
2019-02-16,Copper,0.16,
2019-02-17,Copper,0.15,
2019-02-18,Copper,0.162,
2019-02-19,Copper,0.164,
2019-02-20,Copper,0.158,
2019-02-21,Copper,0.164,
2019-02-22,Copper,0.161,
2019-02-23,Copper,0.152,
2019-02-24,Copper,0.142,
2019-02-25,Copper,0.139,
2019-02-26,Copper,0.149,
2019-02-27,Copper,0.158,
2019-02-28,Copper,0.162,
2019-03-01,Copper,0.164,
2019-03-02,Copper,0.17,
2019-03-03,Copper,0.166,
2019-03-04,Copper,0.159,
2019-03-05,Copper,0.146,
2019-03-06,Copper,0.158,
2019-03-07,Copper,0.159,
2019-03-08,Copper,0.15,
2019-03-09,Copper,0.147,
2019-03-10,Copper,0.145,
2019-03-11,Copper,0.145,
2019-03-12,Copper,0.145,
2019-03-13,Copper,0.156,
2019-03-14,Copper,0.15,
2019-03-15,Copper,0.151,
2019-03-16,Copper,0.158,
2019-03-17,Copper,0.166,
2019-03-18,Copper,0.162,
2019-03-19,Copper,0.165,
2019-03-20,Copper,0.162,
2019-03-21,Copper,0.166,
2019-03-22,Copper,0.171,
2019-03-23,Copper,0.172,
2019-03-24,Copper,0.177,
2019-03-25,Copper,0.173,
2019-03-26,Copper,0.171,
2019-03-27,Copper,0.18,
2019-03-28,Copper,0.196,
2019-03-29,Copper,0.211,
2019-03-30,Copper,0.206,
2019-03-31,Copper,0.201,
2019-04-01,Copper,0.2,
2019-04-02,Copper,0.208,
2019-04-03,Copper,0.217,
2019-04-04,Copper,0.214,
2019-04-05,Copper,0.228,
2019-04-06,Copper,0.254,
2019-04-07,Copper,0.278,
2019-04-08,Copper,0.308,
2019-04-09,Copper,0.361,
2019-04-10,Copper,0.374,
2019-04-11,Copper,0.338,
2019-04-12,Copper,0.327,
2019-04-13,Copper,0.333,
2019-04-14,Copper,0.329,
2019-04-15,Copper,0.354,
2019-04-16,Copper,0.405,
2019-04-17,Copper,0.438,
2019-04-18,Copper,0.533,
2019-04-19,Copper,0.66,
2019-04-20,Copper,0.826,
2019-04-21,Copper,0.876,
2019-04-22,Copper,0.862,
2019-04-23,Copper,1.041,
2019-04-24,Copper,1.282,
2019-04-25,Copper,1.447,
2019-04-26,Copper,1.67,
2019-04-27,Copper,2.092,
2019-04-28,Copper,2.265,
2019-04-29,Copper,2.282,
2019-04-30,Copper,2.127,
2019-05-01,Copper,1.747,
2019-05-02,Copper,1.417,
2019-05-03,Copper,1.293,
2019-05-04,Copper,1.314,
2019-05-05,Copper,1.343,
2019-05-06,Copper,1.523,
2019-05-07,Copper,1.666,
2019-05-08,Copper,1.668,
2019-05-09,Copper,1.567,
2019-05-10,Copper,1.382,
2019-05-11,Copper,1.356,
2019-05-12,Copper,1.481,
2019-05-13,Copper,1.781,
2019-05-14,Copper,2.109,
2019-05-15,Copper,2.419,
2019-05-16,Copper,2.656,
2019-05-17,Copper,2.955,
2019-05-18,Copper,2.504,
2019-05-19,Copper,2.092,
2019-05-20,Copper,1.875,
2019-05-21,Copper,1.679,
2019-05-22,Copper,1.478,
2019-05-23,Copper,1.36,
2019-05-24,Copper,1.265,
2019-05-25,Copper,1.171,
2019-05-26,Copper,1.173,
2019-05-27,Copper,1.171,
2019-05-28,Copper,1.148,
2019-05-29,Copper,1.103,
2019-05-30,Copper,1.091,
2019-05-31,Copper,1.226,
2019-06-01,Copper,1.458,
2019-06-02,Copper,2.001,
2019-06-03,Copper,2.351,
2019-06-04,Copper,2.504,
2019-06-05,Copper,2.672,
2019-06-06,Copper,3.283,
2019-06-07,Copper,3.815,
2019-06-08,Copper,3.942,
2019-06-09,Copper,4.241,
2019-06-10,Copper,3.989,
2019-06-11,Copper,3.894,
2019-06-12,Copper,3.91,
2019-06-13,Copper,4.273,
2019-06-14,Copper,4.816,
2019-06-15,Copper,4.954,
2019-06-16,Copper,4.801,
2019-06-17,Copper,4.646,
2019-06-18,Copper,4.366,
2019-06-19,Copper,4.335,
2019-06-20,Copper,4.476,
2019-06-21,Copper,4.429,
2019-06-22,Copper,4.131,
2019-06-23,Copper,3.478,
2019-06-24,Copper,2.889,
2019-06-25,Copper,2.806,
2019-06-26,Copper,2.922,
2019-06-27,Copper,3.3,
2019-06-28,Copper,3.671,
2019-06-29,Copper,4.131,
2019-06-30,Copper,4.304,
2019-07-01,Copper,4.491,
2019-07-02,Copper,4.335,
2019-07-03,Copper,4.005,
2019-07-04,Copper,3.767,
2019-07-05,Copper,3.478,
2019-07-06,Copper,3.3,
2019-07-07,Copper,3.054,
2019-07-08,Copper,2.955,
2019-07-09,Copper,2.889,
2019-07-10,Copper,2.706,
2019-07-11,Copper,2.656,
2019-07-12,Copper,2.656,
2019-07-13,Copper,2.571,
2019-07-14,Copper,2.47,
2019-07-15,Copper,2.504,
2019-07-16,Copper,2.487,
2019-07-17,Copper,2.402,
2019-07-18,Copper,2.265,
2019-07-19,Copper,1.991,
2019-07-20,Copper,1.926,
2019-07-21,Copper,1.832,
2019-07-22,Copper,1.718,
2019-07-23,Copper,1.638,
2019-07-24,Copper,1.677,
2019-07-25,Copper,1.816,
2019-07-26,Copper,1.754,
2019-07-27,Copper,1.65,
2019-07-28,Copper,1.573,
2019-07-29,Copper,1.443,
2019-07-30,Copper,1.323,
2019-07-31,Copper,1.436,
2019-08-01,Copper,1.256,
2019-08-02,Copper,1.209,
2019-08-03,Copper,1.129,
2019-08-04,Copper,1.066,
2019-08-05,Copper,1.181,
2019-08-06,Copper,1.053,
2019-08-07,Copper,0.976,
2019-08-08,Copper,0.96,
2019-08-09,Copper,0.933,
2019-08-10,Copper,0.972,
2019-08-11,Copper,0.997,
2019-08-12,Copper,0.923,
2019-08-13,Copper,0.838,
2019-08-14,Copper,0.776,
2019-08-15,Copper,0.73,
2019-08-16,Copper,0.707,
2019-08-17,Copper,0.683,
2019-08-18,Copper,0.644,
2019-08-19,Copper,0.608,
2019-08-20,Copper,0.577,
2019-08-21,Copper,0.562,
2019-08-22,Copper,0.541,
2019-08-23,Copper,0.535,
2019-08-24,Copper,0.522,
2019-08-25,Copper,0.516,
2019-08-26,Copper,0.522,
2019-08-27,Copper,0.492,
2019-08-28,Copper,0.464,
2019-08-29,Copper,0.449,
2019-08-30,Copper,0.449,
2019-08-31,Copper,0.44,
2019-09-01,Copper,0.44,
2019-09-02,Copper,0.436,
2019-09-03,Copper,0.423,
2019-09-04,Copper,0.401,
2019-09-05,Copper,0.399,
2019-09-06,Copper,0.403,
2019-09-07,Copper,0.407,
2019-09-08,Copper,0.405,
2019-09-09,Copper,0.401,
2019-09-10,Copper,0.376,
2019-09-11,Copper,0.349,
2019-09-12,Copper,0.347,
2019-09-13,Copper,0.345,
2019-09-14,Copper,0.338,
2019-09-15,Copper,0.338,
2019-09-16,Copper,0.338,
2019-09-17,Copper,0.324,
2019-09-18,Copper,0.32,
2019-09-19,Copper,0.315,
2019-09-20,Copper,0.306,
2019-09-21,Copper,0.271,
2019-09-22,Copper,0.246,
2019-09-23,Copper,0.249,
2019-09-24,Copper,0.252,
2019-09-25,Copper,0.246,
2019-09-26,Copper,0.244,
2019-09-27,Copper,0.251,
2019-09-28,Copper,0.243,
2019-09-29,Copper,0.22,
2019-09-30,Copper,0.219,
2019-10-01,Copper,0.22,
2019-10-02,Copper,0.218,
2019-10-03,Copper,0.217,
2019-10-04,Copper,0.224,
2019-10-05,Copper,0.225,
2019-10-06,Copper,0.23,
2019-10-07,Copper,0.226,
2019-10-08,Copper,0.219,
2019-10-09,Copper,0.21,
2019-10-10,Copper,0.211,
2019-10-11,Copper,0.208,
2019-10-12,Copper,0.207,
2019-10-13,Copper,0.208,
2019-10-14,Copper,0.211,
2019-10-15,Copper,0.211,
2019-10-16,Copper,0.21,
2019-10-17,Copper,0.211,
2019-10-18,Copper,0.216,
2019-10-19,Copper,0.217,
2019-10-20,Copper,0.219,
2019-10-21,Copper,0.224,
2019-10-22,Copper,0.244,
2019-10-23,Copper,0.249,
2019-10-24,Copper,0.241,
2019-10-25,Copper,0.234,
2019-10-26,Copper,0.244,
2019-10-27,Copper,0.251,
2019-10-28,Copper,0.267,
2019-10-29,Copper,0.258,
2019-10-30,Copper,0.249,
2019-10-31,Copper,0.255,
2019-11-01,Copper,0.285,
2019-11-02,Copper,0.283,
2019-11-03,Copper,0.281,
2019-11-04,Copper,0.288,
2019-11-05,Copper,0.283,
2019-11-06,Copper,0.29,
2019-11-07,Copper,0.278,
2019-11-08,Copper,0.254,
2019-11-09,Copper,0.262,
2019-11-10,Copper,0.266,
2019-11-11,Copper,0.276,
2019-11-12,Copper,0.255,
2019-11-13,Copper,0.258,
2019-11-14,Copper,0.257,
2019-11-15,Copper,0.256,
2019-11-16,Copper,0.258,
2019-11-17,Copper,0.248,
2019-11-18,Copper,0.255,
2019-11-19,Copper,0.25,
2019-11-20,Copper,0.265,
2019-11-21,Copper,0.276,
2019-11-22,Copper,0.281,
2019-11-23,Copper,0.243,
2019-11-24,Copper,0.235,
2019-11-25,Copper,0.236,
2019-11-26,Copper,0.254,
2019-11-27,Copper,0.222,
2019-11-28,Copper,0.268,
2019-11-29,Copper,0.29,
2019-11-30,Copper,0.254,
2019-12-01,Copper,0.23,
2019-12-02,Copper,0.29,
2019-12-03,Copper,0.263,
2019-12-04,Copper,0.237,
2019-12-05,Copper,0.24,
2019-12-06,Copper,0.225,
2019-12-07,Copper,0.221,
2019-12-08,Copper,0.226,
2019-12-09,Copper,0.235,
2019-12-10,Copper,0.214,
2019-12-11,Copper,0.23,
2019-12-12,Copper,0.249,
2019-12-13,Copper,0.238,
2019-12-14,Copper,0.228,
2019-12-15,Copper,0.232,
2019-12-16,Copper,0.215,
2019-12-17,Copper,0.179,
2019-12-18,Copper,0.19,
2019-12-19,Copper,0.197,
2019-12-20,Copper,0.198,
2019-12-21,Copper,0.199,
2019-12-22,Copper,0.202,
2019-12-23,Copper,0.21,
2019-12-24,Copper,0.216,
2019-12-25,Copper,0.217,
2019-12-26,Copper,0.217,
2019-12-27,Copper,0.209,
2019-12-28,Copper,0.216,
2019-12-29,Copper,0.196,
2019-12-30,Copper,0.179,
2019-12-31,Copper,0.179,
2020-01-01,Copper,0.191,
2020-01-02,Copper,0.201,
2020-01-03,Copper,0.198,
2020-01-04,Copper,0.198,
2020-01-05,Copper,0.196,
2020-01-06,Copper,0.194,
2020-01-07,Copper,0.193,
2020-01-08,Copper,0.193,
2020-01-09,Copper,0.193,
2020-01-10,Copper,0.187,
2020-01-11,Copper,0.177,
2020-01-12,Copper,0.184,
2020-01-13,Copper,0.186,
2020-01-14,Copper,0.179,
2020-01-15,Copper,0.18,
2020-01-16,Copper,0.177,
2020-01-17,Copper,0.182,
2020-01-18,Copper,0.167,
2020-01-19,Copper,0.165,
2020-01-20,Copper,0.171,
2020-01-21,Copper,0.188,
2020-01-22,Copper,0.188,
2020-01-23,Copper,0.185,
2020-01-24,Copper,0.183,
2020-01-25,Copper,0.181,
2020-01-26,Copper,0.179,
2020-01-27,Copper,0.178,
2020-01-28,Copper,0.175,
2020-01-29,Copper,0.174,
2020-01-30,Copper,0.171,
2020-01-31,Copper,0.171,
2020-02-01,Copper,0.178,
2020-02-02,Copper,0.174,
2020-02-03,Copper,0.175,
2020-02-04,Copper,0.16,
2020-02-05,Copper,0.156,
2020-02-06,Copper,0.171,
2020-02-07,Copper,0.174,
2020-02-08,Copper,0.176,
2020-02-09,Copper,0.18,
2020-02-10,Copper,0.177,
2020-02-11,Copper,0.174,
2020-02-12,Copper,0.185,
2020-02-13,Copper,0.19,
2020-02-14,Copper,0.177,
2020-02-15,Copper,0.182,
2020-02-16,Copper,0.179,
2020-02-17,Copper,0.177,
2020-02-18,Copper,0.172,
2020-02-19,Copper,0.169,
2020-02-20,Copper,0.167,
2020-02-21,Copper,0.158,
2020-02-22,Copper,0.184,
2020-02-23,Copper,0.177,
2020-02-24,Copper,0.162,
2020-02-25,Copper,0.161,
2020-02-26,Copper,0.146,
2020-02-27,Copper,0.182,
2020-02-28,Copper,0.163,
2020-02-29,Copper,0.155,
2020-03-01,Copper,0.159,
2020-03-02,Copper,0.168,
2020-03-03,Copper,0.15,
2020-03-04,Copper,0.154,
2020-03-05,Copper,0.155,
2020-03-06,Copper,0.156,
2020-03-07,Copper,0.172,
2020-03-08,Copper,0.18,
2020-03-09,Copper,0.182,
2020-03-10,Copper,0.18,
2020-03-11,Copper,0.184,
2020-03-12,Copper,0.189,
2020-03-13,Copper,0.188,
2020-03-14,Copper,0.193,
2020-03-15,Copper,0.188,
2020-03-16,Copper,0.191,
2020-03-17,Copper,0.199,
2020-03-18,Copper,0.193,
2020-03-19,Copper,0.204,
2020-03-20,Copper,0.197,
2020-03-21,Copper,0.186,
2020-03-22,Copper,0.193,
2020-03-23,Copper,0.186,
2020-03-24,Copper,0.19,
2020-03-25,Copper,0.193,
2020-03-26,Copper,0.189,
2020-03-27,Copper,0.197,
2020-03-28,Copper,0.185,
2020-03-29,Copper,0.181,
2020-03-30,Copper,0.193,
2020-03-31,Copper,0.191,
2020-04-01,Copper,0.198,
2020-04-02,Copper,0.206,
2020-04-03,Copper,0.195,
2020-04-04,Copper,0.201,
2020-04-05,Copper,0.207,
2020-04-06,Copper,0.221,
2020-04-07,Copper,0.246,
2020-04-08,Copper,0.264,
2020-04-09,Copper,0.292,
2020-04-10,Copper,0.372,
2020-04-11,Copper,0.385,
2020-04-12,Copper,0.436,
2020-04-13,Copper,0.37,
2020-04-14,Copper,0.322,
2020-04-15,Copper,0.311,
2020-04-16,Copper,0.315,
2020-04-17,Copper,0.278,
2020-04-18,Copper,0.283,
2020-04-19,Copper,0.301,
2020-04-20,Copper,0.301,
2020-04-21,Copper,0.322,
2020-04-22,Copper,0.367,
2020-04-23,Copper,0.449,
2020-04-24,Copper,0.46,
2020-04-25,Copper,0.488,
2020-04-26,Copper,0.598,
2020-04-27,Copper,0.746,
2020-04-28,Copper,0.989,
2020-04-29,Copper,1.226,
2020-04-30,Copper,1.349,
2020-05-01,Copper,1.461,
2020-05-02,Copper,1.648,
2020-05-03,Copper,1.634,
2020-05-04,Copper,1.736,
2020-05-05,Copper,1.571,
2020-05-06,Copper,1.481,
2020-05-07,Copper,1.404,
2020-05-08,Copper,1.274,
2020-05-09,Copper,1.224,
2020-05-10,Copper,1.203,
2020-05-11,Copper,1.395,
2020-05-12,Copper,1.408,
2020-05-13,Copper,1.319,
2020-05-14,Copper,1.252,
2020-05-15,Copper,1.222,
2020-05-16,Copper,1.163,
2020-05-17,Copper,1.261,
2020-05-18,Copper,1.598,
2020-05-19,Copper,1.959,
2020-05-20,Copper,2.022,
2020-05-21,Copper,1.878,
2020-05-22,Copper,1.729,
2020-05-23,Copper,1.691,
2020-05-24,Copper,1.5,
2020-05-25,Copper,1.349,
2020-05-26,Copper,1.336,
2020-05-27,Copper,1.461,
2020-05-28,Copper,1.77,
2020-05-29,Copper,2.179,
2020-05-30,Copper,2.605,
2020-05-31,Copper,2.773,
2020-06-01,Copper,2.689,
2020-06-02,Copper,2.672,
2020-06-03,Copper,2.555,
2020-06-04,Copper,2.47,
2020-06-05,Copper,2.402,
2020-06-06,Copper,2.706,
2020-06-07,Copper,2.706,
2020-06-08,Copper,2.109,
2020-06-09,Copper,1.898,
2020-06-10,Copper,1.549,
2020-06-11,Copper,1.371,
2020-06-12,Copper,1.314,
2020-06-13,Copper,1.382,
2020-06-14,Copper,1.576,
2020-06-15,Copper,1.551,
2020-06-16,Copper,1.369,
2020-06-17,Copper,1.308,
2020-06-18,Copper,1.25,
2020-06-19,Copper,1.186,
2020-06-20,Copper,1.028,
2020-06-21,Copper,0.966,
2020-06-22,Copper,0.952,
2020-06-23,Copper,0.948,
2020-06-24,Copper,0.935,
2020-06-25,Copper,0.913,
2020-06-26,Copper,0.862,
2020-06-27,Copper,0.814,
2020-06-28,Copper,0.774,
2020-06-29,Copper,0.732,
2020-06-30,Copper,0.67,
2020-07-01,Copper,0.602,
2020-07-02,Copper,0.558,
2020-07-03,Copper,0.548,
2020-07-04,Copper,0.552,
2020-07-05,Copper,0.571,
2020-07-06,Copper,0.55,
2020-07-07,Copper,0.52,
2020-07-08,Copper,0.501,
2020-07-09,Copper,0.475,
2020-07-10,Copper,0.46,
2020-07-11,Copper,0.449,
2020-07-12,Copper,0.445,
2020-07-13,Copper,0.451,
2020-07-14,Copper,0.434,
2020-07-15,Copper,0.416,
2020-07-16,Copper,0.39,
2020-07-17,Copper,0.399,
2020-07-18,Copper,0.396,
2020-07-19,Copper,0.396,
2020-07-20,Copper,0.361,
2020-07-21,Copper,0.347,
2020-07-22,Copper,0.345,
2020-07-23,Copper,0.338,
2020-07-24,Copper,0.338,
2020-07-25,Copper,0.37,
2020-07-26,Copper,0.394,
2020-07-27,Copper,0.372,
2020-07-28,Copper,0.367,
2020-07-29,Copper,0.361,
2020-07-30,Copper,0.352,
2020-07-31,Copper,0.338,
2020-08-01,Copper,0.308,
2020-08-02,Copper,0.311,
2020-08-03,Copper,0.311,
2020-08-04,Copper,0.301,
2020-08-05,Copper,0.29,
2020-08-06,Copper,0.324,
2020-08-07,Copper,0.352,
2020-08-08,Copper,0.343,
2020-08-09,Copper,0.336,
2020-08-10,Copper,0.322,
2020-08-11,Copper,0.308,
2020-08-12,Copper,0.292,
2020-08-13,Copper,0.278,
2020-08-14,Copper,0.265,
2020-08-15,Copper,0.256,
2020-08-16,Copper,0.248,
2020-08-17,Copper,0.259,
2020-08-18,Copper,0.258,
2020-08-19,Copper,0.246,
2020-08-20,Copper,0.235,
2020-08-21,Copper,0.227,
2020-08-22,Copper,0.223,
2020-08-23,Copper,0.221,
2020-08-24,Copper,0.218,
2020-08-25,Copper,0.222,
2020-08-26,Copper,0.227,
2020-08-27,Copper,0.226,
2020-08-28,Copper,0.221,
2020-08-29,Copper,0.229,
2020-08-30,Copper,0.231,
2020-08-31,Copper,0.234,
2020-09-01,Copper,0.236,
2020-09-02,Copper,0.221,
2020-09-03,Copper,0.216,
2020-09-04,Copper,0.207,
2020-09-05,Copper,0.205,
2020-09-06,Copper,0.202,
2020-09-07,Copper,0.199,
2020-09-08,Copper,0.212,
2020-09-09,Copper,0.222,
2020-09-10,Copper,0.243,
2020-09-11,Copper,0.253,
2020-09-12,Copper,0.255,
2020-09-13,Copper,0.252,
2020-09-14,Copper,0.246,
2020-09-15,Copper,0.243,
2020-09-16,Copper,0.232,
2020-09-17,Copper,0.226,
2020-09-18,Copper,0.226,
2020-09-19,Copper,0.224,
2020-09-20,Copper,0.223,
2020-09-21,Copper,0.218,
2020-09-22,Copper,0.2,
2020-09-23,Copper,0.197,
2020-09-24,Copper,0.191,
2020-09-25,Copper,0.192,
2020-09-26,Copper,0.197,
2020-09-27,Copper,0.198,
2020-09-28,Copper,0.198,
2020-09-29,Copper,0.196,
2020-09-30,Copper,0.16,
2020-10-01,Copper,,
2020-10-02,Copper,,
2020-10-03,Copper,,
2020-10-04,Copper,,
2020-10-05,Copper,,
2020-10-06,Copper,,
2020-10-07,Copper,,
2020-10-08,Copper,,
2020-10-09,Copper,,
2020-10-10,Copper,,
2020-10-11,Copper,,
2020-10-12,Copper,,
2020-10-13,Copper,,
2020-10-14,Copper,,
2020-10-15,Copper,,
2020-10-16,Copper,,
2020-10-17,Copper,,
2020-10-18,Copper,,
2020-10-19,Copper,,
2020-10-20,Copper,,
2020-10-21,Copper,,
2020-10-22,Copper,,
2020-10-23,Copper,,
2020-10-24,Copper,,
2020-10-25,Copper,,
2020-10-26,Copper,,
2020-10-27,Copper,,
2020-10-28,Copper,,
2020-10-29,Copper,,
2020-10-30,Copper,,
2020-10-31,Copper,,
2020-11-01,Copper,,
2020-11-02,Copper,,
2020-11-03,Copper,,
2020-11-04,Copper,,
2020-11-05,Copper,,
2020-11-06,Copper,,
2020-11-07,Copper,,
2020-11-08,Copper,,
2020-11-09,Copper,,
2020-11-10,Copper,,
2020-11-11,Copper,,
2020-11-12,Copper,,
2020-11-13,Copper,,
2020-11-14,Copper,,
2020-11-15,Copper,,
2020-11-16,Copper,,
2020-11-17,Copper,,
2020-11-18,Copper,,
2020-11-19,Copper,,
2020-11-20,Copper,,
2020-11-21,Copper,,
2020-11-22,Copper,,
2020-11-23,Copper,,
2020-11-24,Copper,,
2020-11-25,Copper,,
2020-11-26,Copper,,
2020-11-27,Copper,,
2020-11-28,Copper,,
2020-11-29,Copper,,
2020-11-30,Copper,,
2020-12-01,Copper,,
2020-12-02,Copper,,
2020-12-03,Copper,,
2020-12-04,Copper,,
2020-12-05,Copper,,
2020-12-06,Copper,,
2020-12-07,Copper,,
2020-12-08,Copper,,
2020-12-09,Copper,,
2020-12-10,Copper,,
2020-12-11,Copper,,
2020-12-12,Copper,,
2020-12-13,Copper,,
2020-12-14,Copper,,
2020-12-15,Copper,,
2020-12-16,Copper,0.115,
2020-12-17,Copper,0.1149,
2020-12-18,Copper,0.1168,
2020-12-19,Copper,0.111,
2020-12-20,Copper,0.1103,
2020-12-21,Copper,0.1099,
2020-12-22,Copper,0.1141,
2020-12-23,Copper,0.1099,
2020-12-24,Copper,0.1062,
2020-12-25,Copper,0.1092,
2020-12-26,Copper,0.1117,
2020-12-27,Copper,0.1105,
2020-12-28,Copper,0.1135,
2020-12-29,Copper,0.1131,
2020-12-30,Copper,0.1065,
2020-12-31,Copper,0.1112,
2021-01-01,Copper,0.1089,
2021-01-02,Copper,0.1068,
2021-01-03,Copper,0.1061,
2021-01-04,Copper,0.1055,
2021-01-05,Copper,0.1076,
2021-01-06,Copper,0.1035,
2021-01-07,Copper,0.1034,
2021-01-08,Copper,0.1028,
2021-01-09,Copper,0.1045,
2021-01-10,Copper,0.1007,
2021-01-11,Copper,0.0966,
2021-01-12,Copper,0.098,
2021-01-13,Copper,0.1016,
2021-01-14,Copper,0.1002,
2021-01-15,Copper,0.0972,
2021-01-16,Copper,0.098,
2021-01-17,Copper,0.0981,
2021-01-18,Copper,0.0997,
2021-01-19,Copper,0.0964,
2021-01-20,Copper,0.097,
2021-01-21,Copper,0.0993,
2021-01-22,Copper,0.0997,
2021-01-23,Copper,0.1019,
2021-01-24,Copper,0.1024,
2021-01-25,Copper,0.1017,
2021-01-26,Copper,0.1032,
2021-01-27,Copper,0.0962,
2021-01-28,Copper,0.0977,
2021-01-29,Copper,0.0999,
2021-01-30,Copper,0.0977,
2021-01-31,Copper,0.0904,
2021-02-01,Copper,0.0938,
2021-02-02,Copper,0.095,
2021-02-03,Copper,0.0968,
2021-02-04,Copper,0.0973,
2021-02-05,Copper,0.0994,
2021-02-06,Copper,0.0973,
2021-02-07,Copper,0.0978,
2021-02-08,Copper,0.0952,
2021-02-09,Copper,0.0943,
2021-02-10,Copper,0.0947,
2021-02-11,Copper,0.0933,
2021-02-12,Copper,0.0966,
2021-02-13,Copper,0.0788,
2021-02-14,Copper,0.0955,
2021-02-15,Copper,0.1028,
2021-02-16,Copper,0.1033,
2021-02-17,Copper,0.0956,
2021-02-18,Copper,0.0904,
2021-02-19,Copper,0.0895,
2021-02-20,Copper,0.093,
2021-02-21,Copper,0.0883,
2021-02-22,Copper,0.087,
2021-02-23,Copper,0.0895,
2021-02-24,Copper,0.0886,
2021-02-25,Copper,0.088,
2021-02-26,Copper,0.0889,
2021-02-27,Copper,0.0892,
2021-02-28,Copper,0.0808,
2021-03-01,Copper,0.0817,
2021-03-02,Copper,0.0846,
2021-03-03,Copper,0.0848,
2021-03-04,Copper,0.0847,
2021-03-05,Copper,0.0813,
2021-03-06,Copper,0.0834,
2021-03-07,Copper,0.0827,
2021-03-08,Copper,0.0838,
2021-03-09,Copper,0.0851,
2021-03-10,Copper,0.0859,
2021-03-11,Copper,0.0831,
2021-03-12,Copper,0.0827,
2021-03-13,Copper,0.0843,
2021-03-14,Copper,0.0851,
2021-03-15,Copper,0.0837,
2021-03-16,Copper,0.0829,
2021-03-17,Copper,0.0814,
2021-03-18,Copper,0.0808,
2021-03-19,Copper,0.0855,
2021-03-20,Copper,0.089,
2021-03-21,Copper,0.0878,
2021-03-22,Copper,0.0876,
2021-03-23,Copper,0.0873,
2021-03-24,Copper,0.0865,
2021-03-25,Copper,0.0864,
2021-03-26,Copper,0.0853,
2021-03-27,Copper,0.0819,
2021-03-28,Copper,0.0817,
2021-03-29,Copper,0.0895,
2021-03-30,Copper,0.0888,
2021-03-31,Copper,0.0829,
2021-04-01,Copper,0.0878,
2021-04-02,Copper,0.0997,
2021-04-03,Copper,0.1207,
2021-04-04,Copper,0.1525,
2021-04-05,Copper,0.1829,
2021-04-06,Copper,0.1905,
2021-04-07,Copper,0.1665,
2021-04-08,Copper,0.1795,
2021-04-09,Copper,0.1902,
2021-04-10,Copper,0.1927,
2021-04-11,Copper,0.2129,
2021-04-12,Copper,0.2257,
2021-04-13,Copper,0.2199,
2021-04-14,Copper,0.2021,
2021-04-15,Copper,0.1897,
2021-04-16,Copper,0.1812,
2021-04-17,Copper,0.1842,
2021-04-18,Copper,0.1824,
2021-04-19,Copper,0.1857,
2021-04-20,Copper,0.1849,
2021-04-21,Copper,0.1822,
2021-04-22,Copper,0.1762,
2021-04-23,Copper,0.1662,
2021-04-24,Copper,0.161,
2021-04-25,Copper,0.1857,
2021-04-26,Copper,0.2101,
2021-04-27,Copper,0.2017,
2021-04-28,Copper,0.1896,
2021-04-29,Copper,0.214,
2021-04-30,Copper,0.3281,
2021-05-01,Copper,0.5379,
2021-05-02,Copper,0.6639,
2021-05-03,Copper,0.6079,
2021-05-04,Copper,0.4676,
2021-05-05,Copper,0.4009,
2021-05-06,Copper,0.4459,
2021-05-07,Copper,0.6205,
2021-05-08,Copper,0.7035,
2021-05-09,Copper,0.5455,
2021-05-10,Copper,0.4811,
2021-05-11,Copper,0.4245,
2021-05-12,Copper,0.3983,
2021-05-13,Copper,0.427,
2021-05-14,Copper,0.5236,
2021-05-15,Copper,0.6888,
2021-05-16,Copper,0.8542,
2021-05-17,Copper,0.8668,
2021-05-18,Copper,0.7122,
2021-05-19,Copper,0.8973,
2021-05-20,Copper,1.1783,
2021-05-21,Copper,1.0705,
2021-05-22,Copper,0.8792,
2021-05-23,Copper,0.9676,
2021-05-24,Copper,0.9486,
2021-05-25,Copper,1.1213,
2021-05-26,Copper,1.1464,
2021-05-27,Copper,1.0849,
2021-05-28,Copper,1.3286,
2021-05-29,Copper,1.4355,
2021-05-30,Copper,1.3724,
2021-05-31,Copper,1.307,
2021-06-01,Copper,1.3516,
2021-06-02,Copper,1.4216,
2021-06-03,Copper,1.4614,
2021-06-04,Copper,1.5482,
2021-06-05,Copper,1.4955,
2021-06-06,Copper,1.4735,
2021-06-07,Copper,1.4545,
2021-06-08,Copper,1.4302,
2021-06-09,Copper,1.4164,
2021-06-10,Copper,1.3795,
2021-06-11,Copper,1.4072,
2021-06-12,Copper,1.4656,
2021-06-13,Copper,1.4419,
2021-06-14,Copper,1.4358,
2021-06-15,Copper,1.4216,
2021-06-16,Copper,1.4083,
2021-06-17,Copper,1.3925,
2021-06-18,Copper,1.3661,
2021-06-19,Copper,1.3388,
2021-06-20,Copper,1.263,
2021-06-21,Copper,1.2291,
2021-06-22,Copper,1.1608,
2021-06-23,Copper,1.0288,
2021-06-24,Copper,1.1721,
2021-06-25,Copper,1.2637,
2021-06-26,Copper,1.0587,
2021-06-27,Copper,1.0118,
2021-06-28,Copper,0.9267,
2021-06-29,Copper,0.8567,
2021-06-30,Copper,1.0438,
2021-07-01,Copper,1.0636,
2021-07-02,Copper,0.9128,
2021-07-03,Copper,0.8875,
2021-07-04,Copper,0.8337,
2021-07-05,Copper,0.8732,
2021-07-06,Copper,1.0375,
2021-07-07,Copper,0.8304,
2021-07-08,Copper,0.7455,
2021-07-09,Copper,0.6978,
2021-07-10,Copper,0.6532,
2021-07-11,Copper,0.6086,
2021-07-12,Copper,0.5847,
2021-07-13,Copper,0.5883,
2021-07-14,Copper,0.6846,
2021-07-15,Copper,0.6231,
2021-07-16,Copper,0.5666,
2021-07-17,Copper,0.5437,
2021-07-18,Copper,0.5236,
2021-07-19,Copper,0.5067,
2021-07-20,Copper,0.6553,
2021-07-21,Copper,1.0028,
2021-07-22,Copper,1.1033,
2021-07-23,Copper,1.2324,
2021-07-24,Copper,0.8458,
2021-07-25,Copper,0.6859,
2021-07-26,Copper,0.658,
2021-07-27,Copper,0.6136,
2021-07-28,Copper,0.59,
2021-07-29,Copper,0.5648,
2021-07-30,Copper,0.5356,
2021-07-31,Copper,0.6096,
2021-08-01,Copper,0.736,
2021-08-02,Copper,0.6917,
2021-08-03,Copper,0.7163,
2021-08-04,Copper,0.7532,
2021-08-05,Copper,0.6256,
2021-08-06,Copper,0.5641,
2021-08-07,Copper,0.5267,
2021-08-08,Copper,0.497,
2021-08-09,Copper,0.4737,
2021-08-10,Copper,0.447,
2021-08-11,Copper,0.429,
2021-08-12,Copper,0.4135,
2021-08-13,Copper,0.401,
2021-08-14,Copper,0.3867,
2021-08-15,Copper,0.3755,
2021-08-16,Copper,0.379,
2021-08-17,Copper,0.3661,
2021-08-18,Copper,0.3597,
2021-08-19,Copper,0.4566,
2021-08-20,Copper,0.4745,
2021-08-21,Copper,0.4071,
2021-08-22,Copper,0.3806,
2021-08-23,Copper,0.3569,
2021-08-24,Copper,0.3377,
2021-08-25,Copper,0.3218,
2021-08-26,Copper,0.3193,
2021-08-27,Copper,0.32,
2021-08-28,Copper,0.3028,
2021-08-29,Copper,0.2946,
2021-08-30,Copper,0.2921,
2021-08-31,Copper,0.2844,
2021-09-01,Copper,0.3041,
2021-09-02,Copper,0.4095,
2021-09-03,Copper,0.365,
2021-09-04,Copper,0.3323,
2021-09-05,Copper,0.3168,
2021-09-06,Copper,0.3033,
2021-09-07,Copper,0.293,
2021-09-08,Copper,0.2844,
2021-09-09,Copper,0.2796,
2021-09-10,Copper,0.2726,
2021-09-11,Copper,0.2674,
2021-09-12,Copper,0.2612,
2021-09-13,Copper,0.2563,
2021-09-14,Copper,0.2524,
2021-09-15,Copper,0.2523,
2021-09-16,Copper,0.2493,
2021-09-17,Copper,0.2452,
2021-09-18,Copper,0.2429,
2021-09-19,Copper,0.2597,
2021-09-20,Copper,0.271,
2021-09-21,Copper,0.2489,
2021-09-22,Copper,0.2416,
2021-09-23,Copper,0.2418,
2021-09-24,Copper,0.2358,
2021-09-25,Copper,0.2299,
2021-09-26,Copper,0.2268,
2021-09-27,Copper,0.2264,
2021-09-28,Copper,0.2464,
2021-09-29,Copper,0.2749,
2021-09-30,Copper,0.259,
2021-10-01,Copper,0.2544,
2021-10-02,Copper,0.2664,
2021-10-03,Copper,0.2654,
2021-10-04,Copper,0.2644,
2021-10-05,Copper,0.2634,
2021-10-06,Copper,0.2624,
2021-10-07,Copper,0.2614,
2021-10-08,Copper,0.2604,
2021-10-09,Copper,0.2594,
2021-10-10,Copper,0.2584,
2021-10-11,Copper,0.2575,
2021-10-12,Copper,0.2565,
2021-10-13,Copper,0.2555,
2021-10-14,Copper,0.2545,
2021-10-15,Copper,0.2536,
2021-10-16,Copper,0.2526,
2021-10-17,Copper,0.2516,
2021-10-18,Copper,0.2507,
2021-10-19,Copper,0.2497,
2021-10-20,Copper,0.2488,
2021-10-21,Copper,0.2478,
2021-10-22,Copper,0.2469,
2021-10-23,Copper,0.246,
2021-10-24,Copper,0.245,
2021-10-25,Copper,0.2441,
2021-10-26,Copper,0.2432,
2021-10-27,Copper,0.2422,
2021-10-28,Copper,0.2413,
2021-10-29,Copper,0.2404,
2021-10-30,Copper,0.2395,
2021-10-31,Copper,0.2386,
2021-11-01,Copper,0.2377,
2021-11-02,Copper,0.2368,
2021-11-03,Copper,0.2359,
2021-11-04,Copper,0.235,
2021-11-05,Copper,0.2341,
2021-11-06,Copper,0.2332,
2021-11-07,Copper,0.2323,
2021-11-08,Copper,0.2314,
2021-11-09,Copper,0.2305,
2021-11-10,Copper,0.2278,
2021-11-11,Copper,0.2153,
2021-11-12,Copper,0.211,
2021-11-13,Copper,0.2111,
2021-11-14,Copper,0.2091,
2021-11-15,Copper,0.2105,
2021-11-16,Copper,0.2096,
2021-11-17,Copper,0.2078,
2021-11-18,Copper,0.661,
2021-11-19,Copper,0.5067,
2021-11-20,Copper,0.2048,
2021-11-21,Copper,0.3885,
2021-11-22,Copper,1.8336,
2021-11-23,Copper,2.928,
2021-11-24,Copper,0.211,
2021-11-25,Copper,1.5565,
2021-11-26,Copper,3.0297,
2021-11-27,Copper,1.7346,
2021-11-28,Copper,0.2037,
2021-11-29,Copper,0.1896,
2021-11-30,Copper,0.1883,
2021-12-01,Copper,0.1871,
2021-12-02,Copper,0.1869,
2021-12-03,Copper,0.1862,
2021-12-04,Copper,0.186,
2021-12-05,Copper,0.1851,
2021-12-06,Copper,0.1929,
2021-12-07,Copper,0.1858,
2021-12-08,Copper,0.2093,
2021-12-09,Copper,0.198,
2021-12-10,Copper,0.2071,
2021-12-11,Copper,0.2143,
2021-12-12,Copper,0.2329,
2021-12-13,Copper,0.2251,
2021-12-14,Copper,0.2048,
2021-12-15,Copper,0.1804,
2021-12-16,Copper,0.1764,
2021-12-17,Copper,0.1754,
2021-12-18,Copper,0.1685,
2021-12-19,Copper,0.1689,
2021-12-20,Copper,0.1692,
2021-12-21,Copper,0.1678,
2021-12-22,Copper,0.1686,
2021-12-23,Copper,0.1743,
2021-12-24,Copper,0.2239,
2021-12-25,Copper,0.2187,
2021-12-26,Copper,0.1858,
2021-12-27,Copper,0.1831,
2021-12-28,Copper,0.1731,
2021-12-29,Copper,0.179,
2021-12-30,Copper,0.1767,
2021-12-31,Copper,0.1833,
2022-01-01,Copper,0.1727,
2022-01-02,Copper,0.1676,
2022-01-03,Copper,0.168,
2022-01-04,Copper,0.1671,
2022-01-05,Copper,0.1692,
2022-01-06,Copper,0.1677,
2022-01-07,Copper,0.1645,
2022-01-08,Copper,0.1639,
2022-01-09,Copper,0.1612,
2022-01-10,Copper,0.1611,
2022-01-11,Copper,0.1594,
2022-01-12,Copper,0.1583,
2022-01-13,Copper,0.1584,
2022-01-14,Copper,0.159,
2022-01-15,Copper,0.1571,
2022-01-16,Copper,0.1571,
2022-01-17,Copper,0.1564,
2022-01-18,Copper,0.1565,
2022-01-19,Copper,0.1554,
2022-01-20,Copper,0.1541,
2022-01-21,Copper,0.1543,
2022-01-22,Copper,0.1525,
2022-01-23,Copper,0.1528,
2022-01-24,Copper,0.1523,
2022-01-25,Copper,0.1505,
2022-01-26,Copper,0.1497,
2022-01-27,Copper,0.1497,
2022-01-28,Copper,0.1484,
2022-01-29,Copper,0.1497,
2022-01-30,Copper,0.1482,
2022-01-31,Copper,0.1474,
2022-02-01,Copper,0.1484,
2022-02-02,Copper,0.1469,
2022-02-03,Copper,0.1443,
2022-02-04,Copper,0.1445,
2022-02-05,Copper,0.1464,
2022-02-06,Copper,0.1437,
2022-02-07,Copper,0.1429,
2022-02-08,Copper,0.1418,
2022-02-09,Copper,0.1405,
2022-02-10,Copper,0.1407,
2022-02-11,Copper,0.1412,
2022-02-12,Copper,0.1386,
2022-02-13,Copper,0.1386,
2022-02-14,Copper,0.1397,
2022-02-15,Copper,0.1409,
2022-02-16,Copper,0.1399,
2022-02-17,Copper,0.1393,
2022-02-18,Copper,0.1383,
2022-02-19,Copper,0.1381,
2022-02-20,Copper,0.1376,
2022-02-21,Copper,0.1384,
2022-02-22,Copper,0.138,
2022-02-23,Copper,0.139,
2022-02-24,Copper,0.1492,
2022-02-25,Copper,0.1442,
2022-02-26,Copper,0.1425,
2022-02-27,Copper,0.1438,
2022-02-28,Copper,0.1402,
2022-03-01,Copper,0.1397,
2022-03-02,Copper,0.1426,
2022-03-03,Copper,0.1454,
2022-03-04,Copper,0.1467,
2022-03-05,Copper,0.1453,
2022-03-06,Copper,0.1442,
2022-03-07,Copper,0.1424,
2022-03-08,Copper,0.1578,
2022-03-09,Copper,0.1464,
2022-03-10,Copper,0.141,
2022-03-11,Copper,0.1422,
2022-03-12,Copper,0.1475,
2022-03-13,Copper,0.1452,
2022-03-14,Copper,0.1435,
2022-03-15,Copper,0.144,
2022-03-16,Copper,0.1438,
2022-03-17,Copper,0.1426,
2022-03-18,Copper,0.1414,
2022-03-19,Copper,0.142,
2022-03-20,Copper,0.1416,
2022-03-21,Copper,0.1411,
2022-03-22,Copper,0.1395,
2022-03-23,Copper,0.1391,
2022-03-24,Copper,0.1416,
2022-03-25,Copper,0.1469,
2022-03-26,Copper,0.1583,
2022-03-27,Copper,0.1775,
2022-03-28,Copper,0.2,
2022-03-29,Copper,0.2076,
2022-03-30,Copper,0.2663,
2022-03-31,Copper,0.3021,
2022-04-01,Copper,0.4036,
2022-04-02,Copper,0.5851,
2022-04-03,Copper,0.4238,
2022-04-04,Copper,0.2978,
2022-04-05,Copper,0.2371,
2022-04-06,Copper,0.5899,
2022-04-07,Copper,0.954,
2022-04-08,Copper,0.7366,
2022-04-09,Copper,0.3144,
2022-04-10,Copper,0.212,
2022-04-11,Copper,0.2091,
2022-04-12,Copper,0.2092,
2022-04-13,Copper,0.2002,
2022-04-14,Copper,0.1947,
2022-04-15,Copper,0.1915,
2022-04-16,Copper,0.1856,
2022-04-17,Copper,0.1833,
2022-04-18,Copper,0.1958,
2022-04-19,Copper,0.2501,
2022-04-20,Copper,0.3417,
2022-04-21,Copper,0.4853,
2022-04-22,Copper,0.6021,
2022-04-23,Copper,0.5244,
2022-04-24,Copper,0.435,
2022-04-25,Copper,0.3845,
2022-04-26,Copper,0.3689,
2022-04-27,Copper,0.3702,
2022-04-28,Copper,0.3758,
2022-04-29,Copper,0.4,
2022-04-30,Copper,0.4203,
2022-05-01,Copper,0.4731,
2022-05-02,Copper,0.4788,
2022-05-03,Copper,0.4723,
2022-05-04,Copper,0.4632,
2022-05-05,Copper,0.5135,
2022-05-06,Copper,0.7772,
2022-05-07,Copper,1.2302,
2022-05-08,Copper,1.4335,
2022-05-09,Copper,1.5063,
2022-05-10,Copper,1.5434,
2022-05-11,Copper,1.6035,
2022-05-12,Copper,1.5782,
2022-05-13,Copper,1.5562,
2022-05-14,Copper,1.6744,
2022-05-15,Copper,1.8213,
2022-05-16,Copper,1.9642,
2022-05-17,Copper,1.8591,
2022-05-18,Copper,1.9318,
2022-05-19,Copper,1.9248,
2022-05-20,Copper,1.8254,
2022-05-21,Copper,1.6556,
2022-05-22,Copper,1.5122,
2022-05-23,Copper,1.3836,
2022-05-24,Copper,1.3641,
2022-05-25,Copper,1.4149,
2022-05-26,Copper,1.621,
2022-05-27,Copper,1.6683,
2022-05-28,Copper,1.771,
2022-05-29,Copper,1.6631,
2022-05-30,Copper,1.6487,
2022-05-31,Copper,1.3746,
2022-06-01,Copper,1.3483,
2022-06-02,Copper,1.5542,
2022-06-03,Copper,1.7505,
2022-06-04,Copper,1.6561,
2022-06-05,Copper,1.6706,
2022-06-06,Copper,1.7274,
2022-06-07,Copper,2.0341,
2022-06-08,Copper,1.8391,
2022-06-09,Copper,1.8281,
2022-06-10,Copper,2.0638,
2022-06-11,Copper,1.9885,
2022-06-12,Copper,1.8417,
2022-06-13,Copper,1.8087,
2022-06-14,Copper,1.7634,
2022-06-15,Copper,1.6909,
2022-06-16,Copper,1.6827,
2022-06-17,Copper,1.6804,
2022-06-18,Copper,1.7081,
2022-06-19,Copper,1.8255,
2022-06-20,Copper,1.6732,
2022-06-21,Copper,1.5786,
2022-06-22,Copper,1.4004,
2022-06-23,Copper,1.3494,
2022-06-24,Copper,1.2908,
2022-06-25,Copper,1.2633,
2022-06-26,Copper,1.4004,
2022-06-27,Copper,1.4166,
2022-06-28,Copper,1.2351,
2022-06-29,Copper,1.2372,
2022-06-30,Copper,1.263,
2022-07-01,Copper,1.1701,
2022-07-02,Copper,1.063,
2022-07-03,Copper,1.0047,
2022-07-04,Copper,1.0359,
2022-07-05,Copper,1.1548,
2022-07-06,Copper,1.092,
2022-07-07,Copper,1.0572,
2022-07-08,Copper,0.9346,
2022-07-09,Copper,0.876,
2022-07-10,Copper,0.7879,
2022-07-11,Copper,0.7197,
2022-07-12,Copper,0.6876,
2022-07-13,Copper,0.6288,
2022-07-14,Copper,0.7964,
2022-07-15,Copper,0.8644,
2022-07-16,Copper,0.7226,
2022-07-17,Copper,0.6621,
2022-07-18,Copper,0.6222,
2022-07-19,Copper,0.6179,
2022-07-20,Copper,0.5569,
2022-07-21,Copper,0.5153,
2022-07-22,Copper,0.4732,
2022-07-23,Copper,0.4498,
2022-07-24,Copper,0.5761,
2022-07-25,Copper,0.5636,
2022-07-26,Copper,0.5004,
2022-07-27,Copper,0.4585,
2022-07-28,Copper,0.4231,
2022-07-29,Copper,0.4611,
2022-07-30,Copper,0.5717,
2022-07-31,Copper,0.4903,
2022-08-01,Copper,0.4765,
2022-08-02,Copper,0.6085,
2022-08-03,Copper,0.5036,
2022-08-04,Copper,0.4395,
2022-08-05,Copper,0.4211,
2022-08-06,Copper,0.4251,
2022-08-07,Copper,0.3912,
2022-08-08,Copper,0.3741,
2022-08-09,Copper,0.3598,
2022-08-10,Copper,0.3478,
2022-08-11,Copper,0.3496,
2022-08-12,Copper,0.3462,
2022-08-13,Copper,0.3313,
2022-08-14,Copper,0.3319,
2022-08-15,Copper,0.3254,
2022-08-16,Copper,0.3337,
2022-08-17,Copper,0.3588,
2022-08-18,Copper,0.3357,
2022-08-19,Copper,0.3411,
2022-08-20,Copper,0.3448,
2022-08-21,Copper,0.4461,
2022-08-22,Copper,0.3758,
2022-08-23,Copper,0.3646,
2022-08-24,Copper,0.3389,
2022-08-25,Copper,0.3404,
2022-08-26,Copper,0.4154,
2022-08-27,Copper,0.4878,
2022-08-28,Copper,0.3978,
2022-08-29,Copper,0.3702,
2022-08-30,Copper,0.3419,
2022-08-31,Copper,0.3258,
2022-09-01,Copper,0.3167,
2022-09-02,Copper,0.3072,
2022-09-03,Copper,0.2988,
2022-09-04,Copper,0.2929,
2022-09-05,Copper,0.2829,
2022-09-06,Copper,0.2772,
2022-09-07,Copper,0.2718,
2022-09-08,Copper,0.27,
2022-09-09,Copper,0.2702,
2022-09-10,Copper,0.262,
2022-09-11,Copper,0.2565,
2022-09-12,Copper,0.2546,
2022-09-13,Copper,0.2571,
2022-09-14,Copper,0.2725,
2022-09-15,Copper,0.3116,
2022-09-16,Copper,0.2921,
2022-09-17,Copper,0.2786,
2022-09-18,Copper,0.2644,
2022-09-19,Copper,0.2534,
2022-09-20,Copper,0.2494,
2022-09-21,Copper,0.2515,
2022-09-22,Copper,0.305,
2022-09-23,Copper,0.2995,
2022-09-24,Copper,0.2762,
2022-09-25,Copper,0.2662,
2022-09-26,Copper,0.2595,
2022-09-27,Copper,0.2547,
2022-09-28,Copper,0.2473,
2022-09-29,Copper,0.2482,
2022-09-30,Copper,0.2543,
2022-10-01,Copper,0.2892,
2022-10-02,Copper,0.3227,
2022-10-03,Copper,0.3469,
2022-10-04,Copper,0.3269,
2022-10-05,Copper,0.3116,
2022-10-06,Copper,0.3046,
2022-10-07,Copper,0.2988,
2022-10-08,Copper,0.2893,
2022-10-09,Copper,0.2796,
2022-10-10,Copper,0.2752,
2022-10-11,Copper,0.2692,
2022-10-12,Copper,0.2575,
2022-10-13,Copper,0.2532,
2022-10-14,Copper,0.2477,
2022-10-15,Copper,0.244,
2022-10-16,Copper,0.2379,
2022-10-17,Copper,0.2342,
2022-10-18,Copper,0.2283,
2022-10-19,Copper,0.2251,
2022-10-20,Copper,0.2232,
2022-10-21,Copper,0.2212,
2022-10-22,Copper,0.2195,
2022-10-23,Copper,0.2301,
2022-10-24,Copper,0.2376,
2022-10-25,Copper,0.3595,
2022-10-26,Copper,0.2264,
2022-10-27,Copper,0.2239,
2022-10-28,Copper,0.5651,
2022-10-29,Copper,0.3373,
2022-10-30,Copper,0.2267,
2022-10-31,Copper,0.2564,
2023-05-09,Copper,1.5188,
2023-05-10,Copper,1.6895,
2023-05-11,Copper,1.4249,
2023-05-12,Copper,1.2506,
2023-05-13,Copper,1.2721,
2023-05-14,Copper,1.4364,
2023-05-15,Copper,1.9305,
2023-05-16,Copper,2.3266,
2023-05-17,Copper,1.9861,
2023-05-18,Copper,1.9045,
2023-05-19,Copper,1.9095,
2023-05-20,Copper,1.9084,
2023-05-21,Copper,1.9367,
2023-05-22,Copper,1.8432,
2023-05-23,Copper,1.9082,
2023-05-24,Copper,1.8584,
2023-05-25,Copper,1.7903,
2023-05-26,Copper,1.7904,
2023-05-27,Copper,1.7759,
2023-05-28,Copper,1.8231,
2023-05-29,Copper,1.7506,
2023-05-30,Copper,1.6996,
2023-05-31,Copper,1.8313,
2023-06-01,Copper,1.8597,
2023-06-02,Copper,1.7084,
2023-06-03,Copper,1.8381,
2023-06-04,Copper,1.8488,
2023-06-05,Copper,1.902,
2023-06-06,Copper,1.589,
2023-06-07,Copper,1.5299,
2023-06-08,Copper,1.5705,
2023-06-09,Copper,1.3508,
2023-06-10,Copper,1.3361,
2023-06-11,Copper,1.3175,
2023-06-12,Copper,1.3695,
2023-06-13,Copper,1.3909,
2023-06-14,Copper,1.3682,
2023-06-15,Copper,1.3778,
2023-06-16,Copper,1.4305,
2023-06-17,Copper,1.5045,
2023-06-18,Copper,1.4446,
2023-06-19,Copper,1.5178,
2023-06-20,Copper,1.5003,
2023-06-21,Copper,1.4529,
2023-06-22,Copper,1.4296,
2023-06-23,Copper,1.3718,
2023-06-24,Copper,1.3604,
2023-06-25,Copper,1.3635,
2023-06-26,Copper,1.3425,
2023-06-27,Copper,1.3695,
2023-06-28,Copper,1.3341,
2023-06-29,Copper,1.388,
2023-06-30,Copper,1.3932,
2023-07-01,Copper,1.3954,
2023-07-02,Copper,1.4227,
2023-07-03,Copper,1.4758,
2023-07-04,Copper,1.6352,
2023-07-05,Copper,1.7827,
2023-07-06,Copper,1.7822,
2023-07-07,Copper,1.7567,
2023-07-08,Copper,1.7435,
2023-07-09,Copper,1.6957,
2023-07-10,Copper,1.6761,
2023-07-11,Copper,1.6719,
2023-07-12,Copper,1.6931,
2023-07-13,Copper,1.6726,
2023-07-14,Copper,1.6221,
2023-07-15,Copper,1.6109,
2023-07-16,Copper,1.5877,
2023-07-17,Copper,1.5575,
2023-07-18,Copper,1.5442,
2023-07-19,Copper,1.5827,
2023-07-20,Copper,1.5525,
2023-07-21,Copper,1.5206,
2023-07-22,Copper,1.374,
2023-07-23,Copper,1.274,
2023-07-24,Copper,1.2788,
2023-07-25,Copper,1.2533,
2023-07-26,Copper,1.217,
2023-07-27,Copper,1.1102,
2023-07-28,Copper,1.0004,
2023-07-29,Copper,0.9272,
2023-07-30,Copper,0.893,
2023-07-31,Copper,0.8533,
2023-08-01,Copper,0.8563,
2023-08-02,Copper,0.8159,
2023-08-03,Copper,0.9609,
2023-08-04,Copper,0.7515,
2023-08-05,Copper,0.6824,
2023-08-06,Copper,0.6446,
2023-08-07,Copper,0.6049,
2023-08-08,Copper,0.5563,
2023-08-09,Copper,0.5069,
2023-08-10,Copper,0.4842,
2023-08-11,Copper,0.4705,
2023-08-12,Copper,0.4487,
2023-08-13,Copper,0.4326,
2023-08-14,Copper,0.4208,
2023-08-15,Copper,0.4077,
2023-08-16,Copper,0.3992,
2023-08-17,Copper,0.3888,
2023-08-18,Copper,0.3978,
2023-08-19,Copper,0.3756,
2023-08-20,Copper,0.3686,
2023-08-21,Copper,0.3501,
2023-08-22,Copper,0.3449,
2023-08-23,Copper,0.3333,
2023-08-24,Copper,0.3321,
2023-08-25,Copper,0.3316,
2023-08-26,Copper,0.3231,
2023-08-27,Copper,0.3518,
2023-08-28,Copper,0.3739,
2023-08-29,Copper,0.3355,
2023-08-30,Copper,0.3133,
2023-08-31,Copper,0.3022,
2023-09-01,Copper,0.2903,
2023-09-02,Copper,0.2858,
2023-09-03,Copper,0.2795,
2023-09-04,Copper,0.2733,
2023-09-05,Copper,0.266,
2023-09-06,Copper,0.2574,
2023-09-07,Copper,0.253,
2023-09-08,Copper,0.2461,
2023-09-09,Copper,0.239,
2023-09-10,Copper,0.2391,
2023-09-11,Copper,0.2595,
2023-09-12,Copper,0.2434,
2023-09-13,Copper,0.2371,
2023-09-14,Copper,0.2416,
2023-09-15,Copper,0.2524,
2023-09-16,Copper,0.2514,
2023-09-17,Copper,0.2365,
2023-09-18,Copper,0.2408,
2023-09-19,Copper,0.2395,
2023-09-20,Copper,0.2298,
2023-09-21,Copper,0.2216,
2023-09-22,Copper,0.2176,
2023-09-23,Copper,0.2142,
2023-09-24,Copper,0.2142,
2023-09-25,Copper,0.2096,
2023-09-26,Copper,0.2082,
2023-09-27,Copper,0.2042,
2023-09-28,Copper,0.2017,
2023-09-29,Copper,0.2013,
2023-09-30,Copper,0.199,
2023-10-01,Copper,0.196,
2023-10-02,Copper,0.2162,
2023-10-03,Copper,0.2223,
2023-10-04,Copper,0.2172,
2023-10-05,Copper,0.2167,
2023-10-06,Copper,0.2123,
2023-10-07,Copper,0.2071,
2023-10-08,Copper,0.2033,
2023-10-09,Copper,0.1989,
2023-10-10,Copper,0.2008,
2023-10-11,Copper,0.2082,
2023-10-12,Copper,0.2204,
2023-10-13,Copper,0.215,
2023-10-14,Copper,0.2117,
2023-10-15,Copper,0.2101,
2023-10-16,Copper,0.2141,
2023-10-17,Copper,0.2203,
2023-10-18,Copper,0.2184,
2023-10-19,Copper,0.2146,
2023-10-20,Copper,0.2103,
2023-10-21,Copper,0.2092,
2023-10-22,Copper,0.2035,
2023-10-23,Copper,0.201,
2023-10-24,Copper,0.1981,
2023-10-25,Copper,0.1976,
2024-04-19,Copper,0.5299,"cb: pressure transducer replaced after winter, median values calculated every 8 hours due to extreme noise in water level."
2024-04-20,Copper,0.5647,
2024-04-21,Copper,0.5973,
2024-04-22,Copper,0.8744,
2024-04-23,Copper,1.1767,
2024-04-24,Copper,1.6918,
2024-04-25,Copper,2.1722,
2024-04-26,Copper,1.6637,
2024-04-27,Copper,1.1065,
2024-04-28,Copper,0.881,
2024-04-29,Copper,0.7741,
2024-04-30,Copper,0.7541,
2024-05-01,Copper,0.8506,
2024-05-02,Copper,0.7119,
2024-05-03,Copper,0.5154,
2024-05-04,Copper,0.7644,
2024-05-05,Copper,1.009,
2024-05-06,Copper,1.4419,
2024-05-07,Copper,0.6383,
2024-05-08,Copper,0.9747,
2024-05-09,Copper,0.8114,
2024-05-10,Copper,0.6002,
2024-05-11,Copper,0.7269,
2024-05-12,Copper,0.4467,
2024-05-13,Copper,0.6398,
2024-05-14,Copper,0.8278,
2024-05-15,Copper,1.1117,
2024-05-16,Copper,1.4838,
2024-05-17,Copper,1.9469,
2024-05-18,Copper,2.8337,
2024-05-19,Copper,3.3835,
2024-05-20,Copper,3.3505,
2024-05-21,Copper,3.2628,
2024-05-22,Copper,2.4177,
2024-05-23,Copper,2.1229,
2024-05-24,Copper,1.8835,
2024-05-25,Copper,1.7332,
2024-05-26,Copper,1.8326,
2024-05-27,Copper,1.9171,
2024-05-28,Copper,2.883,
2024-05-29,Copper,3.404,
2024-05-30,Copper,3.3187,
2024-05-31,Copper,2.9941,
2024-06-01,Copper,2.9246,
2024-06-02,Copper,3.1703,
2024-06-03,Copper,2.9182,
2024-06-04,Copper,2.6306,
2024-06-05,Copper,4.163,
2024-06-06,Copper,3.6077,
2024-06-07,Copper,4.6053,cb: 6/7 - 6/13 values omitted due to untrustworthy readings before transducer failed
2024-06-08,Copper,,
2024-06-09,Copper,,
2024-06-10,Copper,,
2024-06-11,Copper,,
2024-06-12,Copper,,
2024-06-13,Copper,,
2024-06-14,Copper,,
2024-06-15,Copper,,
2024-06-16,Copper,,
2024-06-17,Copper,,
2024-06-18,Copper,,
2024-06-19,Copper,,
2024-06-20,Copper,,
2024-06-21,Copper,,
2024-06-22,Copper,,
2024-06-23,Copper,,
2024-06-24,Copper,,
2024-06-25,Copper,3.1914,"cb: transducer replaced set to 10 sec, median hourly value used"
2024-06-26,Copper,3.1706,
2024-06-27,Copper,3.125,
2024-06-28,Copper,3.1995,
2024-06-29,Copper,3.2447,
2024-06-30,Copper,,
2024-07-01,Copper,,
2024-07-02,Copper,3.6976,"cb: stilling well replaced, median hourly value due to extreme noise in water level."
2024-07-03,Copper,3.4299,
2024-07-04,Copper,3.3739,
2024-07-05,Copper,3.1873,
2024-07-06,Copper,3.0228,
2024-07-07,Copper,2.8695,
2024-07-08,Copper,2.7118,
2024-07-09,Copper,2.5772,
2024-07-10,Copper,2.4852,
2024-07-11,Copper,2.3679,
2024-07-12,Copper,2.3102,
2024-07-13,Copper,2.0979,
2024-07-14,Copper,2.109,
2024-07-15,Copper,2.0363,
2024-07-16,Copper,1.9522,
2024-07-17,Copper,1.7128,
2024-07-18,Copper,1.5865,
2024-07-19,Copper,1.5358,
2024-07-20,Copper,1.4939,
2024-07-21,Copper,1.4897,
2024-07-22,Copper,1.3575,
2024-07-23,Copper,1.2404,
2024-07-24,Copper,1.1603,
2024-07-25,Copper,1.1289,
2024-07-26,Copper,1.111,
2024-07-27,Copper,1.2288,
2024-07-28,Copper,1.0905,
2024-07-29,Copper,1.0105,
2024-07-30,Copper,0.9473,
2024-07-31,Copper,0.914,
2024-08-01,Copper,0.8604,
2024-08-02,Copper,0.8109,
2024-08-03,Copper,0.7996,
2024-08-04,Copper,0.809,
2024-08-05,Copper,0.8157,
2024-08-06,Copper,0.9382,
2024-08-07,Copper,0.928,
2024-08-08,Copper,0.8269,
2024-08-09,Copper,0.7703,
2024-08-10,Copper,0.7794,
2024-08-11,Copper,0.9271,
2024-08-12,Copper,0.7743,
2024-08-13,Copper,0.7798,
2024-08-14,Copper,0.9363,
2024-08-15,Copper,0.7627,
2024-08-16,Copper,0.7057,
2024-08-17,Copper,0.6643,
2024-08-18,Copper,0.6466,
2024-08-19,Copper,0.6307,
2024-08-20,Copper,0.5872,
2024-08-21,Copper,0.7691,
2024-08-22,Copper,1.2905,
2024-08-23,Copper,1.0253,
2024-08-24,Copper,0.9794,
2024-08-25,Copper,1.065,
2024-08-26,Copper,1.284,
2024-08-27,Copper,1.0413,
2024-08-28,Copper,0.8783,
2024-08-29,Copper,0.7743,
2024-08-30,Copper,0.6978,
2024-08-31,Copper,0.6421,
2024-09-01,Copper,0.608,
2024-09-02,Copper,0.5792,
2024-09-03,Copper,0.552,
2024-09-04,Copper,0.4997,
2024-09-05,Copper,0.4861,
2024-09-06,Copper,0.4599,
2024-09-07,Copper,0.4413,
2024-09-08,Copper,0.4277,
2024-09-09,Copper,0.4163,
2024-09-10,Copper,0.4617,
2024-09-11,Copper,0.6562,
2024-09-12,Copper,0.4961,
2024-09-13,Copper,0.4393,
2024-09-14,Copper,0.4197,
2024-09-15,Copper,0.4152,
2024-09-16,Copper,0.4313,
2024-09-17,Copper,0.4764,
2024-09-18,Copper,0.4797,
2024-09-19,Copper,0.4371,
2024-09-20,Copper,0.4121,
2024-09-21,Copper,0.4681,
2024-09-22,Copper,0.587,
2024-09-23,Copper,0.5951,
2024-09-24,Copper,0.5375,
2024-09-25,Copper,0.4958,
2024-09-26,Copper,0.4632,
2024-09-27,Copper,0.4397,
2024-09-28,Copper,0.4219,
2024-09-29,Copper,0.4105,
2024-09-30,Copper,0.3973,
2025-04-11,Copper,0.2736,
2025-04-12,Copper,0.3611,
2025-04-13,Copper,0.4202,
2025-04-14,Copper,0.4263,
2025-04-15,Copper,0.5053,
2025-04-16,Copper,0.5111,
2025-04-17,Copper,0.4749,
2025-04-18,Copper,0.4444,
2025-04-19,Copper,0.3664,
2025-04-20,Copper,0.3072,
2025-04-21,Copper,0.285,
2025-04-22,Copper,0.2995,
2025-04-23,Copper,0.3747,
2025-04-24,Copper,0.4808,
2025-04-25,Copper,0.5984,
2025-04-26,Copper,0.6183,
2025-04-27,Copper,0.7056,
2025-04-28,Copper,0.6067,
2025-04-29,Copper,0.5352,
2025-04-30,Copper,0.4748,
2025-05-01,Copper,0.4783,
2025-05-02,Copper,0.5164,
2025-05-03,Copper,0.6474,
2025-05-04,Copper,0.7621,
2025-05-05,Copper,0.6253,
2025-05-06,Copper,0.556,
2025-05-07,Copper,0.4836,
2025-05-08,Copper,0.4525,
2025-05-09,Copper,0.4854,
2025-05-10,Copper,0.7117,
2025-05-11,Copper,1.1711,
2025-05-12,Copper,1.5942,
2025-05-13,Copper,1.7581,
2025-05-14,Copper,1.584,
2025-05-15,Copper,1.0942,
2025-05-16,Copper,0.8601,
2025-05-17,Copper,0.7066,
2025-05-18,Copper,0.6819,
2025-05-19,Copper,0.6395,
2025-05-20,Copper,0.5675,
2025-05-21,Copper,0.6662,
2025-05-22,Copper,1.0036,
2025-05-23,Copper,1.5386,
2025-05-24,Copper,1.9048,
2025-05-25,Copper,1.8872,
2025-05-26,Copper,1.6036,
2025-05-27,Copper,1.6752,
2025-05-28,Copper,1.855,
2025-05-29,Copper,1.8891,
2025-05-30,Copper,2.1487,
2025-05-31,Copper,2.4548,
2025-06-01,Copper,2.5151,
2025-06-02,Copper,2.4917,
2025-06-03,Copper,2.5151,
2025-06-04,Copper,2.3347,
2025-06-05,Copper,2.2779,
2025-06-06,Copper,2.176,
2025-06-07,Copper,2.1094,
2025-06-08,Copper,2.3243,
2025-06-09,Copper,2.5099,
2025-06-10,Copper,2.6401,
2025-06-11,Copper,2.6567,
2025-06-12,Copper,2.5655,
2025-06-13,Copper,2.633,
2025-06-14,Copper,2.6365,
2025-06-15,Copper,2.5233,
2025-06-16,Copper,2.4889,
2025-06-17,Copper,2.3145,
2025-06-18,Copper,2.1671,
2025-06-19,Copper,2.2526,
2025-06-20,Copper,2.3074,
2025-06-21,Copper,2.2209,
2025-06-22,Copper,2.0704,
2025-06-23,Copper,1.8937,
2025-06-24,Copper,1.7943,
2025-06-25,Copper,1.6366,
2025-06-26,Copper,1.518,
2025-06-27,Copper,1.4549,
2025-06-28,Copper,1.414,
2025-06-29,Copper,1.295,
2025-06-30,Copper,1.1909,
2025-07-01,Copper,1.1269,
2025-07-02,Copper,1.1413,
2025-07-03,Copper,1.2087,
2025-07-04,Copper,1.3105,
2025-07-05,Copper,1.0614,
2025-07-06,Copper,0.9563,
2025-07-07,Copper,0.8522,
2025-07-08,Copper,0.7741,
2025-07-09,Copper,0.7539,
2025-07-10,Copper,0.7674,
2025-07-11,Copper,0.6952,
2025-07-12,Copper,0.6167,
2025-07-13,Copper,0.5864,
2025-07-14,Copper,0.5782,
2025-07-15,Copper,0.5503,
2025-07-16,Copper,0.5253,
2025-07-17,Copper,0.5019,
2025-07-18,Copper,0.4831,
2025-07-19,Copper,0.487,
2025-07-20,Copper,0.4618,
2025-07-21,Copper,0.4481,
2025-07-22,Copper,0.4356,
2025-07-23,Copper,0.4343,
2025-07-24,Copper,0.3889,
2025-07-25,Copper,0.3651,
2025-07-26,Copper,0.3505,
2025-07-27,Copper,0.3222,
2025-07-28,Copper,0.3002,
2025-07-29,Copper,0.2813,
2025-07-30,Copper,0.2718,
2025-07-31,Copper,0.2694,
2025-08-01,Copper,0.2882,
2025-08-02,Copper,0.2685,
2025-08-03,Copper,0.25,
2025-08-04,Copper,0.2305,
2025-08-05,Copper,0.2221,
2025-08-06,Copper,0.2139,
2025-08-07,Copper,0.2091,
2025-08-08,Copper,0.2,
2025-08-09,Copper,0.1919,
2025-08-10,Copper,0.1868,
2025-08-11,Copper,0.1839,
2025-08-12,Copper,0.1749,
2025-08-13,Copper,0.1729,
2025-08-14,Copper,0.166,
2025-08-15,Copper,0.1646,
2025-08-16,Copper,0.1666,
2025-08-17,Copper,0.1567,
2025-08-18,Copper,0.1524,
2025-08-19,Copper,0.151,
2025-08-20,Copper,0.1477,
2025-08-21,Copper,0.1688,
2025-08-22,Copper,0.1883,
2025-08-23,Copper,0.1847,
2025-08-24,Copper,0.1824,
2025-08-25,Copper,0.2677,
2025-08-26,Copper,0.2465,
2025-08-27,Copper,0.3672,
2025-08-28,Copper,0.319,
2025-08-29,Copper,0.2794,
2025-08-30,Copper,0.2885,
2025-08-31,Copper,0.2628,
2025-09-01,Copper,0.2333,
2025-09-02,Copper,0.2143,
2025-09-03,Copper,0.202,
2025-09-04,Copper,0.1944,
2025-09-05,Copper,0.1991,
2025-09-06,Copper,0.1998,
2025-09-07,Copper,0.1891,
2025-09-08,Copper,0.1807,
2025-09-09,Copper,0.1864,
2025-09-10,Copper,0.1893,
2025-09-11,Copper,0.2284,
2025-09-12,Copper,0.6771,
2025-09-13,Copper,0.8233,
2025-09-14,Copper,0.7159,
2025-09-15,Copper,0.5438,
2025-09-16,Copper,0.4446,
2025-09-17,Copper,0.3793,
2025-09-18,Copper,0.33,
2025-09-19,Copper,0.3011,
2025-09-20,Copper,0.2772,
2025-09-21,Copper,0.2593,
2025-09-22,Copper,0.2492,
2025-09-23,Copper,0.2568,
2025-09-24,Copper,0.2406,
2025-09-25,Copper,0.2255,
2025-09-26,Copper,0.2095,
2025-09-27,Copper,0.2026,
2025-09-28,Copper,0.1961,
2025-09-29,Copper,0.1904,
2025-09-30,Copper,0.1864,
2025-10-01,Copper,0.1795,
2025-10-02,Copper,0.1751,
2025-10-03,Copper,0.1692,
2025-10-04,Copper,0.1891,
2025-10-05,Copper,0.1776,
2025-10-06,Copper,0.1689,
2025-10-07,Copper,0.1534,
2025-10-08,Copper,0.1463,
2025-10-09,Copper,0.1387,
2025-10-10,Copper,0.1547,
2025-10-11,Copper,0.3352,
2025-10-12,Copper,0.5944,
2025-10-13,Copper,0.4401,
2025-10-14,Copper,0.6109,
2025-10-15,Copper,0.579,
2025-10-16,Copper,0.5915,
2025-10-17,Copper,0.4495,
2025-10-18,Copper,0.3739,
2025-10-19,Copper,0.3239,
2025-10-20,Copper,0.2953,
2025-10-21,Copper,0.2705,
2025-10-22,Copper,0.2655,
2025-10-23,Copper,0.2614,
2025-10-24,Copper,0.271,
2025-10-25,Copper,0.259,
2025-10-26,Copper,0.2481,
2025-10-27,Copper,0.2374,
2025-10-28,Copper,0.2166,
2025-10-29,Copper,0.2038,
2025-10-30,Copper,0.202,
2025-10-31,Copper,0.1888,
2025-11-01,Copper,0.1775,
2025-11-02,Copper,0.1747,
2025-11-03,Copper,0.1678,
2025-11-04,Copper,0.1617,
2025-11-05,Copper,0.1548,
2025-11-06,Copper,0.1512,
2025-11-07,Copper,0.1448,
2025-11-08,Copper,0.1421,
2025-11-09,Copper,0.1388,
2025-11-10,Copper,0.1382,
2025-11-11,Copper,0.1361,
2025-11-12,Copper,0.1336,
2025-11-13,Copper,0.1316,
2025-11-14,Copper,0.1257,
2014-09-01,EAQ,0.3854,9/1/14 - 9/30/14:observed transducer depts decline shapely and suspect. Revert to mean daily regression with Almont. Adjusted to match 10/1/14 observed flow (+0.0514 cms)
2014-09-02,EAQ,0.3827,
2014-09-03,EAQ,0.3778,
2014-09-04,EAQ,0.3737,
2014-09-05,EAQ,0.3773,
2014-09-06,EAQ,0.3733,
2014-09-07,EAQ,0.3701,
2014-09-08,EAQ,0.3688,
2014-09-09,EAQ,0.3967,
2014-09-10,EAQ,0.4872,
2014-09-11,EAQ,0.4309,
2014-09-12,EAQ,0.4097,
2014-09-13,EAQ,0.3994,
2014-09-14,EAQ,0.3917,
2014-09-15,EAQ,0.3868,
2014-09-16,EAQ,0.3809,
2014-09-17,EAQ,0.3769,
2014-09-18,EAQ,0.3746,
2014-09-19,EAQ,0.3724,
2014-09-20,EAQ,0.3697,
2014-09-21,EAQ,0.38,
2014-09-22,EAQ,0.4057,
2014-09-23,EAQ,0.4016,
2014-09-24,EAQ,0.3872,
2014-09-25,EAQ,0.3791,
2014-09-26,EAQ,0.3746,
2014-09-27,EAQ,0.3715,
2014-09-28,EAQ,0.3719,
2014-09-29,EAQ,0.3863,
2014-09-30,EAQ,0.3994,
2014-10-01,EAQ,0.3935,10/1/14-10/31/14: transducer depths and rating curve used. Data slightly suspect since large rise in October not seen in PH or Almont. But keeping (for now).
2014-10-02,EAQ,0.4272,
2014-10-03,EAQ,0.4494,
2014-10-04,EAQ,0.4317,
2014-10-05,EAQ,0.3535,
2014-10-06,EAQ,0.3167,
2014-10-07,EAQ,0.2934,
2014-10-08,EAQ,0.2613,
2014-10-09,EAQ,0.2746,
2014-10-10,EAQ,0.2935,
2014-10-11,EAQ,0.3025,
2014-10-12,EAQ,0.3307,
2014-10-13,EAQ,0.3516,
2014-10-14,EAQ,0.3282,
2014-10-15,EAQ,0.3169,
2014-10-16,EAQ,0.3046,
2014-10-17,EAQ,0.303,
2014-10-18,EAQ,0.3057,
2014-10-19,EAQ,0.3018,
2014-10-20,EAQ,0.3078,
2014-10-21,EAQ,0.3099,
2014-10-22,EAQ,0.3194,
2014-10-23,EAQ,0.309,
2014-10-24,EAQ,0.2998,
2014-10-25,EAQ,0.3021,
2014-10-26,EAQ,0.2951,
2014-10-27,EAQ,0.3065,
2014-10-28,EAQ,0.3079,
2014-10-29,EAQ,0.3021,
2014-10-30,EAQ,0.2918,
2014-10-31,EAQ,0.2911,
2014-11-01,EAQ,0.2801,11/1/14-3/31/15: Mean daily regression with Almont. Adjusted to match observed 10/31/14 (-0.0285 m).; depth inverse of rating curve
2014-11-02,EAQ,0.3029,
2014-11-03,EAQ,0.3165,
2014-11-04,EAQ,0.3201,
2014-11-05,EAQ,0.3028,
2014-11-06,EAQ,0.3119,
2014-11-07,EAQ,0.3044,
2014-11-08,EAQ,0.3043,
2014-11-09,EAQ,0.3148,
2014-11-10,EAQ,0.2928,
2014-11-11,EAQ,0.2956,
2014-11-12,EAQ,0.3022,
2014-11-13,EAQ,0.3147,
2014-11-14,EAQ,0.3208,
2014-11-15,EAQ,0.3216,
2014-11-16,EAQ,0.3253,
2014-11-17,EAQ,0.3494,
2014-11-18,EAQ,0.3286,
2014-11-19,EAQ,0.3199,
2014-11-20,EAQ,0.3103,
2014-11-21,EAQ,0.2986,
2014-11-22,EAQ,0.3196,
2014-11-23,EAQ,0.3146,
2014-11-24,EAQ,0.3235,
2014-11-25,EAQ,0.3334,
2014-11-26,EAQ,0.2906,
2014-11-27,EAQ,0.3012,
2014-11-28,EAQ,0.2962,
2014-11-29,EAQ,0.2842,
2014-11-30,EAQ,0.2693,
2014-12-01,EAQ,0.2853,
2014-12-02,EAQ,0.2966,
2014-12-03,EAQ,0.2846,
2014-12-04,EAQ,0.2785,
2014-12-05,EAQ,0.2678,
2014-12-06,EAQ,0.2885,
2014-12-07,EAQ,0.2828,
2014-12-08,EAQ,0.2844,
2014-12-09,EAQ,0.2828,
2014-12-10,EAQ,0.2757,
2014-12-11,EAQ,0.2689,
2014-12-12,EAQ,0.2714,
2014-12-13,EAQ,0.2848,
2014-12-14,EAQ,0.2745,
2014-12-15,EAQ,0.2794,
2014-12-16,EAQ,0.2915,
2014-12-17,EAQ,0.2802,
2014-12-18,EAQ,0.2772,
2014-12-19,EAQ,0.29,
2014-12-20,EAQ,0.29,
2014-12-21,EAQ,0.2806,
2014-12-22,EAQ,0.2891,
2014-12-23,EAQ,0.3149,
2014-12-24,EAQ,0.3172,
2014-12-25,EAQ,0.2719,
2014-12-26,EAQ,0.2668,
2014-12-27,EAQ,0.2979,
2014-12-28,EAQ,0.3094,
2014-12-29,EAQ,0.2822,
2014-12-30,EAQ,0.285,
2014-12-31,EAQ,0.2853,
2015-01-01,EAQ,0.2693,
2015-01-02,EAQ,0.2811,
2015-01-03,EAQ,0.2594,
2015-01-04,EAQ,0.2557,
2015-01-05,EAQ,0.2476,
2015-01-06,EAQ,0.2449,
2015-01-07,EAQ,0.2537,
2015-01-08,EAQ,0.2488,
2015-01-09,EAQ,0.2471,
2015-01-10,EAQ,0.2511,
2015-01-11,EAQ,0.2371,
2015-01-12,EAQ,0.256,
2015-01-13,EAQ,0.2441,
2015-01-14,EAQ,0.2422,
2015-01-15,EAQ,0.2472,
2015-01-16,EAQ,0.2564,
2015-01-17,EAQ,0.2385,
2015-01-18,EAQ,0.2373,
2015-01-19,EAQ,0.2478,
2015-01-20,EAQ,0.2493,
2015-01-21,EAQ,0.2556,
2015-01-22,EAQ,0.2613,
2015-01-23,EAQ,0.2499,
2015-01-24,EAQ,0.2471,
2015-01-25,EAQ,0.2283,
2015-01-26,EAQ,0.2112,
2015-01-27,EAQ,0.225,
2015-01-28,EAQ,0.2271,
2015-01-29,EAQ,0.2327,
2015-01-30,EAQ,0.2488,
2015-01-31,EAQ,0.2251,
2015-02-01,EAQ,0.2485,
2015-02-02,EAQ,0.2325,
2015-02-03,EAQ,0.2229,
2015-02-04,EAQ,0.2152,
2015-02-05,EAQ,0.2157,
2015-02-06,EAQ,0.2188,
2015-02-07,EAQ,0.2136,
2015-02-08,EAQ,0.212,
2015-02-09,EAQ,0.229,
2015-02-10,EAQ,0.2273,
2015-02-11,EAQ,0.2225,
2015-02-12,EAQ,0.2384,
2015-02-13,EAQ,0.221,
2015-02-14,EAQ,0.2329,
2015-02-15,EAQ,0.2501,
2015-02-16,EAQ,0.2556,
2015-02-17,EAQ,0.263,
2015-02-18,EAQ,0.2323,
2015-02-19,EAQ,0.2375,
2015-02-20,EAQ,0.2374,
2015-02-21,EAQ,0.2414,
2015-02-22,EAQ,0.2387,
2015-02-23,EAQ,0.2268,
2015-02-24,EAQ,0.2411,
2015-02-25,EAQ,0.2407,
2015-02-26,EAQ,0.2555,
2015-02-27,EAQ,0.237,
2015-02-28,EAQ,0.2243,
2015-03-01,EAQ,0.2697,
2015-03-02,EAQ,0.2724,
2015-03-03,EAQ,0.2679,
2015-03-04,EAQ,0.267,
2015-03-05,EAQ,0.263,
2015-03-06,EAQ,0.2679,
2015-03-07,EAQ,0.2684,
2015-03-08,EAQ,0.2679,
2015-03-09,EAQ,0.2679,
2015-03-10,EAQ,0.2679,
2015-03-11,EAQ,0.2688,
2015-03-12,EAQ,0.272,
2015-03-13,EAQ,0.2733,
2015-03-14,EAQ,0.2706,
2015-03-15,EAQ,0.2738,
2015-03-16,EAQ,0.2796,
2015-03-17,EAQ,0.2877,
2015-03-18,EAQ,0.2999,
2015-03-19,EAQ,0.3084,
2015-03-20,EAQ,0.3134,
2015-03-21,EAQ,0.3206,
2015-03-22,EAQ,0.3251,
2015-03-23,EAQ,0.3296,
2015-03-24,EAQ,0.3314,
2015-03-25,EAQ,0.3256,
2015-03-26,EAQ,0.3138,
2015-03-27,EAQ,0.3192,
2015-03-28,EAQ,0.3328,
2015-03-29,EAQ,0.3562,
2015-03-30,EAQ,0.3733,
2015-03-31,EAQ,0.3881,
2015-04-01,EAQ,0.4466,
2015-04-02,EAQ,0.4271,
2015-04-03,EAQ,0.4394,
2015-04-04,EAQ,0.4113,
2015-04-05,EAQ,0.3818,
2015-04-06,EAQ,0.3872,
2015-04-07,EAQ,0.4161,
2015-04-08,EAQ,0.441,
2015-04-09,EAQ,0.4451,
2015-04-10,EAQ,0.4465,
2015-04-11,EAQ,0.4573,
2015-04-12,EAQ,0.454,
2015-04-13,EAQ,0.4767,
2015-04-14,EAQ,0.5225,
2015-04-15,EAQ,0.5478,
2015-04-16,EAQ,0.5347,
2015-04-17,EAQ,0.5362,
2015-04-18,EAQ,0.5291,
2015-04-19,EAQ,0.4816,
2015-04-20,EAQ,0.462,
2015-04-21,EAQ,0.4483,
2015-04-22,EAQ,0.4427,
2015-04-23,EAQ,0.4537,
2015-04-24,EAQ,0.4451,
2015-04-25,EAQ,0.4377,
2015-04-26,EAQ,0.4174,
2015-04-27,EAQ,0.4214,
2015-04-28,EAQ,0.4495,
2015-04-29,EAQ,0.4638,
2015-04-30,EAQ,0.4938,
2015-05-01,EAQ,0.5592,
2015-05-02,EAQ,0.6277,
2015-05-03,EAQ,0.6965,
2015-05-04,EAQ,0.6917,
2015-05-05,EAQ,0.671,
2015-05-06,EAQ,0.6722,
2015-05-07,EAQ,0.6538,
2015-05-08,EAQ,0.6215,
2015-05-09,EAQ,0.625,
2015-05-10,EAQ,0.6052,
2015-05-11,EAQ,0.5832,
2015-05-12,EAQ,0.5579,
2015-05-13,EAQ,0.5914,
2015-05-14,EAQ,0.6071,
2015-05-15,EAQ,0.631,
2015-05-16,EAQ,0.5984,
2015-05-17,EAQ,0.5932,
2015-05-18,EAQ,0.5908,
2015-05-19,EAQ,0.6267,
2015-05-20,EAQ,0.5919,
2015-05-21,EAQ,0.5819,
2015-05-22,EAQ,0.5993,
2015-05-23,EAQ,0.6245,
2015-05-24,EAQ,0.6101,
2015-05-25,EAQ,0.5943,
2015-05-26,EAQ,0.5977,
2015-05-27,EAQ,0.6156,
2015-05-28,EAQ,0.6745,
2015-05-29,EAQ,0.6983,
2015-05-30,EAQ,0.6946,
2015-05-31,EAQ,0.7941,
2015-06-01,EAQ,0.9398,
2015-06-02,EAQ,1.1107,
2015-06-03,EAQ,1.1927,
2015-06-04,EAQ,1.196,
2015-06-05,EAQ,1.3331,
2015-06-06,EAQ,1.3005,
2015-06-07,EAQ,2.3085,
2015-06-08,EAQ,1.4342,
2015-06-09,EAQ,0.9873,
2015-06-10,EAQ,1.0881,
2015-06-11,EAQ,1.3348,
2015-06-12,EAQ,1.4338,
2015-06-13,EAQ,1.2285,
2015-06-14,EAQ,1.0931,
2015-06-15,EAQ,0.9842,
2015-06-16,EAQ,0.9844,
2015-06-17,EAQ,0.9519,
2015-06-18,EAQ,0.8992,
2015-06-19,EAQ,0.8228,
2015-06-20,EAQ,0.7255,
2015-06-21,EAQ,0.671,
2015-06-22,EAQ,0.6069,
2015-06-23,EAQ,0.5626,
2015-06-24,EAQ,0.5307,
2015-06-25,EAQ,0.5011,
2015-06-26,EAQ,0.4398,
2015-06-27,EAQ,0.4017,
2015-06-28,EAQ,0.3647,
2015-06-29,EAQ,0.3411,
2015-06-30,EAQ,0.3273,
2015-07-01,EAQ,0.3202,
2015-07-02,EAQ,0.2788,
2015-07-03,EAQ,0.2508,
2015-07-04,EAQ,0.2508,
2015-07-05,EAQ,0.2319,
2015-07-06,EAQ,0.227,
2015-07-07,EAQ,0.1674,
2015-07-08,EAQ,0.13,
2015-07-09,EAQ,0.1481,
2015-07-10,EAQ,0.1412,
2015-07-11,EAQ,0.1732,
2015-07-12,EAQ,0.1645,
2015-07-13,EAQ,0.1573,
2015-07-14,EAQ,0.1769,
2015-07-15,EAQ,0.157,
2015-07-16,EAQ,0.1315,
2015-07-17,EAQ,0.1096,
2015-07-18,EAQ,0.1105,
2015-07-19,EAQ,0.1296,
2015-07-20,EAQ,0.1299,
2015-07-21,EAQ,0.1058,
2015-07-22,EAQ,0.0829,
2015-07-23,EAQ,0.0823,
2015-07-24,EAQ,0.0925,
2015-07-25,EAQ,0.086,
2015-07-26,EAQ,0.0785,
2015-07-27,EAQ,0.0717,
2015-07-28,EAQ,0.0659,
2015-07-29,EAQ,0.0576,
2015-07-30,EAQ,0.0547,
2015-07-31,EAQ,0.0551,
2015-08-01,EAQ,0.0585,
2015-08-02,EAQ,0.056,
2015-08-03,EAQ,0.0581,
2015-08-04,EAQ,0.0532,
2015-08-05,EAQ,0.0504,
2015-08-06,EAQ,0.0462,
2015-08-07,EAQ,0.0485,
2015-08-08,EAQ,0.0474,
2015-08-09,EAQ,0.0431,
2015-08-10,EAQ,0.0419,
2015-08-11,EAQ,0.0434,
2015-08-12,EAQ,0.0449,
2015-08-13,EAQ,0.0394,
2015-08-14,EAQ,0.0367,
2015-08-15,EAQ,0.0348,
2015-08-16,EAQ,0.0349,
2015-08-17,EAQ,0.0362,
2015-08-18,EAQ,,
2015-08-19,EAQ,,
2015-08-20,EAQ,,
2015-08-21,EAQ,,
2015-08-22,EAQ,,
2015-08-23,EAQ,,
2015-08-24,EAQ,,
2015-08-25,EAQ,,
2015-08-26,EAQ,,
2015-08-27,EAQ,,
2015-08-28,EAQ,,
2015-08-29,EAQ,,
2015-08-30,EAQ,,
2015-08-31,EAQ,,
2015-09-01,EAQ,,
2015-09-02,EAQ,,
2015-09-03,EAQ,,
2015-09-04,EAQ,,
2015-09-05,EAQ,,
2015-09-06,EAQ,,
2015-09-07,EAQ,,
2015-09-08,EAQ,,
2015-09-09,EAQ,0.0439,PT moved upstream
2015-09-10,EAQ,0.0415,
2015-09-11,EAQ,0.0397,
2015-09-12,EAQ,0.0383,
2015-09-13,EAQ,0.0408,
2015-09-14,EAQ,0.0404,
2015-09-15,EAQ,0.0644,
2015-09-16,EAQ,0.0535,
2015-09-17,EAQ,0.0465,
2015-09-18,EAQ,0.0448,
2015-09-19,EAQ,0.0433,
2015-09-20,EAQ,0.0424,
2015-09-21,EAQ,0.04,
2015-09-22,EAQ,0.0409,
2015-09-23,EAQ,0.039,
2015-09-24,EAQ,0.0396,
2015-09-25,EAQ,0.0369,
2015-09-26,EAQ,0.0369,
2015-09-27,EAQ,0.0361,
2015-09-28,EAQ,0.0353,
2015-09-29,EAQ,0.035,
2015-09-30,EAQ,0.0345,
2015-10-01,EAQ,0.034,
2015-10-02,EAQ,0.0349,
2015-10-03,EAQ,0.0342,
2015-10-04,EAQ,0.0331,
2015-10-05,EAQ,0.0339,
2015-10-06,EAQ,0.0355,
2015-10-07,EAQ,0.0321,
2015-10-08,EAQ,0.0337,
2015-10-09,EAQ,0.0316,
2015-10-10,EAQ,0.0314,
2015-10-11,EAQ,0.0321,
2015-10-12,EAQ,0.0302,
2015-10-13,EAQ,0.029,
2015-10-14,EAQ,0.0285,
2015-10-15,EAQ,0.0278,
2015-10-16,EAQ,0.0269,
2015-10-17,EAQ,0.027,
2015-10-18,EAQ,0.0281,
2015-10-19,EAQ,0.0273,
2015-10-20,EAQ,0.0257,
2015-10-21,EAQ,0.0238,
2015-10-22,EAQ,0.0239,
2015-10-23,EAQ,0.0259,
2015-10-24,EAQ,0.0244,
2015-10-25,EAQ,0.0255,
2015-10-26,EAQ,0.0243,
2015-10-27,EAQ,0.0255,
2015-10-28,EAQ,0.0246,
2015-10-29,EAQ,0.0253,
2015-10-30,EAQ,0.0247,
2015-10-31,EAQ,0.0242,
2015-11-01,EAQ,0.0233,
2015-11-02,EAQ,0.0233,
2015-11-03,EAQ,0.0235,
2015-11-04,EAQ,0.0233,
2015-11-05,EAQ,0.0216,
2015-11-06,EAQ,0.0196,
2015-11-07,EAQ,0.0186,
2015-11-08,EAQ,0.022,
2015-11-09,EAQ,0.0221,
2015-11-10,EAQ,0.0231,
2015-11-11,EAQ,0.0218,
2015-11-12,EAQ,0.0188,
2015-11-13,EAQ,0.0188,
2015-11-14,EAQ,0.0192,
2015-11-15,EAQ,0.0197,
2015-11-16,EAQ,0.0209,
2015-11-17,EAQ,0.0215,
2015-11-18,EAQ,0.0183,
2015-11-19,EAQ,0.0174,
2015-11-20,EAQ,0.0173,
2015-11-21,EAQ,0.0159,
2015-11-22,EAQ,0.0163,
2015-11-23,EAQ,0.0168,
2015-11-24,EAQ,0.0169,
2015-11-25,EAQ,0.0172,
2015-11-26,EAQ,0.0157,
2015-11-27,EAQ,0.0161,
2015-11-28,EAQ,0.0152,
2015-11-29,EAQ,0.0153,
2015-11-30,EAQ,0.0138,
2015-12-01,EAQ,0.0136,
2015-12-02,EAQ,0.0129,
2015-12-03,EAQ,0.0136,
2015-12-04,EAQ,0.0141,
2015-12-05,EAQ,0.0123,
2015-12-06,EAQ,0.0129,
2015-12-07,EAQ,0.0137,
2015-12-08,EAQ,0.0139,
2015-12-09,EAQ,0.0139,
2015-12-10,EAQ,0.0148,
2015-12-11,EAQ,0.0149,
2015-12-12,EAQ,0.0137,
2015-12-13,EAQ,0.0132,
2015-12-14,EAQ,0.015,
2015-12-15,EAQ,0.0129,
2015-12-16,EAQ,0.0119,
2015-12-17,EAQ,0.0111,
2015-12-18,EAQ,0.011,
2015-12-19,EAQ,0.0124,
2015-12-20,EAQ,0.0131,
2015-12-21,EAQ,0.0129,
2015-12-22,EAQ,0.0167,
2015-12-23,EAQ,0.0147,
2015-12-24,EAQ,0.0127,
2015-12-25,EAQ,0.0159,
2015-12-26,EAQ,0.0113,
2015-12-27,EAQ,0.0118,
2015-12-28,EAQ,0.0129,
2015-12-29,EAQ,0.0114,
2015-12-30,EAQ,0.0104,
2015-12-31,EAQ,0.0104,
2016-01-01,EAQ,0.0105,
2016-01-02,EAQ,0.0111,
2016-01-03,EAQ,0.011,
2016-01-04,EAQ,0.0119,
2016-01-05,EAQ,0.0116,
2016-01-06,EAQ,0.0121,
2016-01-07,EAQ,0.012,
2016-01-08,EAQ,0.0113,
2016-01-09,EAQ,0.0105,
2016-01-10,EAQ,0.0098,
2016-01-11,EAQ,0.0102,
2016-01-12,EAQ,0.0101,
2016-01-13,EAQ,0.0104,
2016-01-14,EAQ,0.0109,
2016-01-15,EAQ,0.0105,
2016-01-16,EAQ,0.0105,
2016-01-17,EAQ,0.0114,
2016-01-18,EAQ,0.0102,
2016-01-19,EAQ,0.0109,
2016-01-20,EAQ,0.0113,
2016-01-21,EAQ,0.0096,
2016-01-22,EAQ,0.0097,
2016-01-23,EAQ,0.011,
2016-01-24,EAQ,0.0113,
2016-01-25,EAQ,0.0096,
2016-01-26,EAQ,0.0087,
2016-01-27,EAQ,0.0089,
2016-01-28,EAQ,0.0098,
2016-01-29,EAQ,0.0109,
2016-01-30,EAQ,0.0115,
2016-01-31,EAQ,0.0134,
2016-02-01,EAQ,0.0166,
2016-02-02,EAQ,0.0101,
2016-02-03,EAQ,0.0089,
2016-02-04,EAQ,0.009,
2016-02-05,EAQ,0.0092,
2016-02-06,EAQ,0.0091,
2016-02-07,EAQ,0.0098,
2016-02-08,EAQ,0.0106,
2016-02-09,EAQ,0.0093,
2016-02-10,EAQ,0.0097,
2016-02-11,EAQ,0.0097,
2016-02-12,EAQ,0.0099,
2016-02-13,EAQ,0.0111,
2016-02-14,EAQ,0.0106,
2016-02-15,EAQ,0.0107,
2016-02-16,EAQ,0.0102,
2016-02-17,EAQ,0.0105,
2016-02-18,EAQ,0.0112,
2016-02-19,EAQ,0.0098,
2016-02-20,EAQ,0.0103,
2016-02-21,EAQ,0.0106,
2016-02-22,EAQ,0.0116,
2016-02-23,EAQ,0.01,
2016-02-24,EAQ,0.0097,
2016-02-25,EAQ,0.0095,
2016-02-26,EAQ,0.0108,
2016-02-27,EAQ,0.0125,
2016-02-28,EAQ,0.0125,
2016-02-29,EAQ,0.0136,
2016-03-01,EAQ,0.0125,
2016-03-02,EAQ,0.0134,
2016-03-03,EAQ,0.0127,
2016-03-04,EAQ,0.0136,
2016-03-05,EAQ,0.0156,
2016-03-06,EAQ,0.0179,
2016-03-07,EAQ,0.0168,
2016-03-08,EAQ,0.0146,
2016-03-09,EAQ,0.0132,
2016-03-10,EAQ,0.013,
2016-03-11,EAQ,0.0157,
2016-03-12,EAQ,0.018,
2016-03-13,EAQ,0.0178,
2016-03-14,EAQ,0.0189,
2016-03-15,EAQ,0.0174,
2016-03-16,EAQ,0.016,
2016-03-17,EAQ,0.0164,
2016-03-18,EAQ,0.0144,
2016-03-19,EAQ,0.015,
2016-03-20,EAQ,0.0136,
2016-03-21,EAQ,0.0167,
2016-03-22,EAQ,0.0182,
2016-03-23,EAQ,0.0145,
2016-03-24,EAQ,0.0148,
2016-03-25,EAQ,0.0148,
2016-03-26,EAQ,0.0127,
2016-03-27,EAQ,0.0122,
2016-03-28,EAQ,0.0147,
2016-03-29,EAQ,0.0141,
2016-03-30,EAQ,0.0122,
2016-03-31,EAQ,0.0115,
2016-04-01,EAQ,0.0103,
2016-04-02,EAQ,0.0109,
2016-04-03,EAQ,0.0131,
2016-04-04,EAQ,0.0163,
2016-04-05,EAQ,0.0189,
2016-04-06,EAQ,0.0182,
2016-04-07,EAQ,0.0221,
2016-04-08,EAQ,0.0346,
2016-04-09,EAQ,0.0423,
2016-04-10,EAQ,0.0358,
2016-04-11,EAQ,0.0365,
2016-04-12,EAQ,0.0461,
2016-04-13,EAQ,0.0692,
2016-04-14,EAQ,0.0875,
2016-04-15,EAQ,0.0677,
2016-04-16,EAQ,0.0468,
2016-04-17,EAQ,0.0369,
2016-04-18,EAQ,0.0349,
2016-04-19,EAQ,0.0311,
2016-04-20,EAQ,0.0296,
2016-04-21,EAQ,0.0292,
2016-04-22,EAQ,0.0379,
2016-04-23,EAQ,0.0482,
2016-04-24,EAQ,0.0431,
2016-04-25,EAQ,0.0402,
2016-04-26,EAQ,0.0379,
2016-04-27,EAQ,0.0375,
2016-04-28,EAQ,0.0371,
2016-04-29,EAQ,0.0347,
2016-04-30,EAQ,0.0319,
2016-05-01,EAQ,0.0273,
2016-05-02,EAQ,0.0289,
2016-05-03,EAQ,0.0332,
2016-05-04,EAQ,0.0505,
2016-05-05,EAQ,0.0915,
2016-05-06,EAQ,0.1398,
2016-05-07,EAQ,0.1344,
2016-05-08,EAQ,0.1093,
2016-05-09,EAQ,0.0959,
2016-05-10,EAQ,0.0838,
2016-05-11,EAQ,0.0698,
2016-05-12,EAQ,0.0699,
2016-05-13,EAQ,0.0963,
2016-05-14,EAQ,0.1578,
2016-05-15,EAQ,0.2298,
2016-05-16,EAQ,0.2079,
2016-05-17,EAQ,0.1617,
2016-05-18,EAQ,0.1584,
2016-05-19,EAQ,0.208,
2016-05-20,EAQ,0.2577,
2016-05-21,EAQ,0.3414,
2016-05-22,EAQ,0.3895,
2016-05-23,EAQ,0.3721,
2016-05-24,EAQ,0.3508,
2016-05-25,EAQ,0.3416,
2016-05-26,EAQ,0.3322,
2016-05-27,EAQ,0.2829,
2016-05-28,EAQ,0.2415,
2016-05-29,EAQ,0.2609,
2016-05-30,EAQ,0.3365,
2016-05-31,EAQ,0.4133,
2016-06-01,EAQ,0.5035,
2016-06-02,EAQ,0.6142,
2016-06-03,EAQ,1.2734,
2016-06-04,EAQ,1.3319,
2016-06-05,EAQ,1.2757,
2016-06-06,EAQ,1.5928,
2016-06-07,EAQ,1.6381,
2016-06-08,EAQ,1.5152,
2016-06-09,EAQ,1.5939,
2016-06-10,EAQ,1.685,
2016-06-11,EAQ,1.5255,
2016-06-12,EAQ,1.4836,
2016-06-13,EAQ,1.4216,
2016-06-14,EAQ,1.2372,
2016-06-15,EAQ,1.1044,
2016-06-16,EAQ,1.0186,
2016-06-17,EAQ,0.9245,
2016-06-18,EAQ,0.8514,
2016-06-19,EAQ,0.7873,
2016-06-20,EAQ,0.7575,
2016-06-21,EAQ,0.741,
2016-06-22,EAQ,0.6655,
2016-06-23,EAQ,0.5632,
2016-06-24,EAQ,0.484,
2016-06-25,EAQ,0.4141,
2016-06-26,EAQ,0.3503,
2016-06-27,EAQ,0.3029,
2016-06-28,EAQ,0.2614,
2016-06-29,EAQ,0.2345,
2016-06-30,EAQ,0.2105,
2016-07-01,EAQ,0.1947,
2016-07-02,EAQ,0.1769,
2016-07-03,EAQ,0.1588,
2016-07-04,EAQ,0.1436,
2016-07-05,EAQ,0.1375,
2016-07-06,EAQ,0.1188,
2016-07-07,EAQ,0.1379,
2016-07-08,EAQ,0.1789,
2016-07-09,EAQ,0.1941,
2016-07-10,EAQ,0.0735,
2016-07-11,EAQ,0.0555,
2016-07-12,EAQ,0.0749,
2016-07-13,EAQ,0.1226,
2016-07-14,EAQ,0.1434,
2016-07-15,EAQ,0.1036,
2016-07-16,EAQ,0.0619,
2016-07-17,EAQ,0.0973,
2016-07-18,EAQ,0.185,
2016-07-19,EAQ,0.2111,
2016-07-20,EAQ,0.1846,
2016-07-21,EAQ,0.2133,
2016-07-22,EAQ,0.1762,
2016-07-23,EAQ,0.1011,
2016-07-24,EAQ,0.0992,
2016-07-25,EAQ,0.122,
2016-07-26,EAQ,0.1119,
2016-07-27,EAQ,0.1009,
2016-07-28,EAQ,0.0853,
2016-07-29,EAQ,0.0588,
2016-07-30,EAQ,0.0459,
2016-07-31,EAQ,0.0474,
2016-08-01,EAQ,0.0615,
2016-08-02,EAQ,0.0874,
2016-08-03,EAQ,0.0611,
2016-08-04,EAQ,0.0519,
2016-08-05,EAQ,0.0508,
2016-08-06,EAQ,0.0525,
2016-08-07,EAQ,0.0433,
2016-08-08,EAQ,0.0406,
2016-08-09,EAQ,0.0426,
2016-08-10,EAQ,0.0454,
2016-08-11,EAQ,0.0535,
2016-08-12,EAQ,0.0625,
2016-08-13,EAQ,0.0604,
2016-08-14,EAQ,0.0581,
2016-08-15,EAQ,0.0589,
2016-08-16,EAQ,0.0728,
2016-08-17,EAQ,0.066,
2016-08-18,EAQ,0.0415,
2016-08-19,EAQ,0.0231,
2016-08-20,EAQ,0.0207,
2016-08-21,EAQ,0.0257,
2016-08-22,EAQ,0.0218,
2016-08-23,EAQ,0.0346,
2016-08-24,EAQ,0.0324,
2016-08-25,EAQ,0.0382,
2016-08-26,EAQ,0.0266,
2016-08-27,EAQ,0.0292,
2016-08-28,EAQ,0.047,
2016-08-29,EAQ,0.1028,
2016-08-30,EAQ,0.0784,
2016-08-31,EAQ,0.0573,
2016-09-01,EAQ,0.0515,
2016-09-02,EAQ,0.0366,
2016-09-03,EAQ,0.0218,
2016-09-04,EAQ,0.0078,
2016-09-05,EAQ,0.0091,
2016-09-06,EAQ,0.0178,
2016-09-07,EAQ,0.0302,
2016-09-08,EAQ,0.033,
2016-09-09,EAQ,0.0383,
2016-09-10,EAQ,0.0636,
2016-09-11,EAQ,0.0411,
2016-09-12,EAQ,0.0135,
2016-09-13,EAQ,0.0212,
2016-09-14,EAQ,0.0212,
2016-09-15,EAQ,0.0175,
2016-09-16,EAQ,0.0186,
2016-09-17,EAQ,0.0255,
2016-09-18,EAQ,0.0396,
2016-09-19,EAQ,0.0545,
2016-09-20,EAQ,0.0483,
2016-09-21,EAQ,0.0268,
2016-09-22,EAQ,0.0082,
2016-09-23,EAQ,0.0033,
2016-09-24,EAQ,0.0138,
2016-09-25,EAQ,0.0632,
2016-09-26,EAQ,0.07,
2016-09-27,EAQ,0.038,
2016-09-28,EAQ,0.0514,
2016-09-29,EAQ,0.0704,
2016-09-30,EAQ,0.0352,
2016-10-01,EAQ,0.0196,
2016-10-02,EAQ,0.012,
2016-10-03,EAQ,0.0003,
2016-10-04,EAQ,0.0004,
2016-10-05,EAQ,0.0012,
2016-10-06,EAQ,0.0067,
2016-10-07,EAQ,0.0261,
2016-10-08,EAQ,0.0342,
2016-10-09,EAQ,0.026,
2016-10-10,EAQ,0.0199,
2016-10-11,EAQ,0.0159,
2016-10-12,EAQ,0.0225,
2016-10-13,EAQ,0.0194,
2018-10-22,EAQ,0.0436,
2018-10-23,EAQ,0.0457,
2018-10-24,EAQ,0.0471,
2018-10-25,EAQ,0.0454,
2018-10-26,EAQ,0.0438,
2018-10-27,EAQ,0.0424,
2018-10-28,EAQ,0.0421,
2018-10-29,EAQ,0.0419,
2018-10-30,EAQ,0.0421,
2018-10-31,EAQ,0.0415,
2018-11-01,EAQ,0.04,
2018-11-02,EAQ,0.039,
2018-11-03,EAQ,0.0396,
2018-11-04,EAQ,0.0385,
2018-11-05,EAQ,0.0393,
2018-11-06,EAQ,0.0376,
2018-11-07,EAQ,0.0358,
2018-11-08,EAQ,0.036,
2018-11-09,EAQ,0.035,
2018-11-10,EAQ,0.0357,
2018-11-11,EAQ,0.0358,
2018-11-12,EAQ,0.0341,
2018-11-13,EAQ,0.0334,
2018-11-14,EAQ,0.034,
2018-11-15,EAQ,0.034,
2018-11-16,EAQ,0.0335,
2018-11-17,EAQ,0.0331,
2018-11-18,EAQ,0.0331,
2018-11-19,EAQ,0.0331,
2018-11-20,EAQ,0.0328,
2018-11-21,EAQ,0.0326,
2018-11-22,EAQ,0.033,
2018-11-23,EAQ,0.0332,
2018-11-24,EAQ,0.0333,
2018-11-25,EAQ,0.0343,
2018-11-26,EAQ,0.0321,
2018-11-27,EAQ,0.0322,
2018-11-28,EAQ,0.032,
2018-11-29,EAQ,0.0324,
2018-11-30,EAQ,0.0328,
2018-12-01,EAQ,0.0325,
2018-12-02,EAQ,0.0314,
2018-12-03,EAQ,0.0316,
2018-12-04,EAQ,0.0305,
2018-12-05,EAQ,0.0312,
2018-12-06,EAQ,0.0317,
2018-12-07,EAQ,0.0315,
2018-12-08,EAQ,0.0314,
2018-12-09,EAQ,0.0309,
2018-12-10,EAQ,0.0302,
2018-12-11,EAQ,0.0314,
2018-12-12,EAQ,0.0316,
2018-12-13,EAQ,0.0312,
2018-12-14,EAQ,0.0302,
2018-12-15,EAQ,0.031,
2018-12-16,EAQ,0.0302,
2018-12-17,EAQ,0.0308,
2018-12-18,EAQ,0.0311,
2018-12-19,EAQ,0.0312,
2018-12-20,EAQ,0.0306,
2018-12-21,EAQ,0.0311,
2018-12-22,EAQ,0.0308,
2018-12-23,EAQ,0.0298,
2018-12-24,EAQ,0.0311,
2018-12-25,EAQ,0.0309,
2018-12-26,EAQ,0.0312,
2018-12-27,EAQ,0.0309,
2018-12-28,EAQ,0.0301,
2018-12-29,EAQ,0.0292,
2018-12-30,EAQ,0.03,
2018-12-31,EAQ,0.0311,
2019-01-01,EAQ,0.0299,
2019-01-02,EAQ,0.0286,
2019-01-03,EAQ,0.0287,
2019-01-04,EAQ,0.0286,
2019-01-05,EAQ,0.029,
2019-01-06,EAQ,0.0303,
2019-01-07,EAQ,0.03,
2019-01-08,EAQ,0.0287,
2019-01-09,EAQ,0.0283,
2019-01-10,EAQ,0.0284,
2019-01-11,EAQ,0.029,
2019-01-12,EAQ,0.0287,
2019-01-13,EAQ,0.0283,
2019-01-14,EAQ,0.028,
2019-01-15,EAQ,0.0287,
2019-01-16,EAQ,0.0303,
2019-01-17,EAQ,0.03,
2019-01-18,EAQ,0.0311,
2019-01-19,EAQ,0.0294,
2019-01-20,EAQ,0.029,
2019-01-21,EAQ,0.0301,
2019-01-22,EAQ,0.0295,
2019-01-23,EAQ,0.0288,
2019-01-24,EAQ,0.029,
2019-01-25,EAQ,0.0288,
2019-01-26,EAQ,0.0284,
2019-01-27,EAQ,0.0288,
2019-01-28,EAQ,0.0291,
2019-01-29,EAQ,0.0287,
2019-01-30,EAQ,0.0289,
2019-01-31,EAQ,0.0288,
2019-02-01,EAQ,0.0287,
2019-02-02,EAQ,0.029,
2019-02-03,EAQ,0.0307,
2019-02-04,EAQ,0.0305,
2019-02-05,EAQ,0.0305,
2019-02-06,EAQ,0.0306,
2019-02-07,EAQ,0.0289,
2019-02-08,EAQ,0.0291,
2019-02-09,EAQ,0.0291,
2019-02-10,EAQ,0.0294,
2019-02-11,EAQ,0.0293,
2019-02-12,EAQ,0.028,
2019-02-13,EAQ,0.0291,
2019-02-14,EAQ,0.0308,
2019-02-15,EAQ,0.0527,
2019-02-16,EAQ,0.0314,
2019-02-17,EAQ,0.0292,
2019-02-18,EAQ,0.0292,
2019-02-19,EAQ,0.0298,
2019-02-20,EAQ,0.0296,
2019-02-21,EAQ,0.0296,
2019-02-22,EAQ,0.0296,
2019-02-23,EAQ,0.0288,
2019-02-24,EAQ,0.0282,
2019-02-25,EAQ,0.0285,
2019-02-26,EAQ,0.0289,
2019-02-27,EAQ,0.0293,
2019-02-28,EAQ,0.0297,
2019-03-01,EAQ,0.0303,
2019-03-02,EAQ,0.033,
2019-03-03,EAQ,0.0455,
2019-03-04,EAQ,0.0317,
2019-03-05,EAQ,0.0293,
2019-03-06,EAQ,0.1019,
2019-03-07,EAQ,0.1695,
2019-03-08,EAQ,0.0347,
2019-03-09,EAQ,0.0337,
2019-03-10,EAQ,0.0305,
2019-03-11,EAQ,0.0303,
2019-03-12,EAQ,0.0353,
2019-03-13,EAQ,0.0377,
2019-03-14,EAQ,0.0368,
2019-03-15,EAQ,0.0368,
2019-03-16,EAQ,0.037,
2019-03-17,EAQ,0.0375,
2019-03-18,EAQ,0.0378,
2019-03-19,EAQ,0.0373,
2019-03-20,EAQ,0.0372,
2019-03-21,EAQ,0.0372,
2019-03-22,EAQ,0.0374,
2019-03-23,EAQ,0.037,
2019-03-24,EAQ,0.0365,
2019-03-25,EAQ,0.0362,
2019-03-26,EAQ,0.0363,
2019-03-27,EAQ,0.0368,
2019-03-28,EAQ,0.0378,
2019-03-29,EAQ,0.039,
2019-03-30,EAQ,0.0376,
2019-03-31,EAQ,0.0372,
2019-04-01,EAQ,0.0371,
2019-04-02,EAQ,0.0372,
2019-04-03,EAQ,0.0371,
2019-04-04,EAQ,0.0371,
2019-04-05,EAQ,0.0393,
2019-04-06,EAQ,0.0417,
2019-04-07,EAQ,0.0431,
2019-04-08,EAQ,0.0472,
2019-04-09,EAQ,0.0545,
2019-04-10,EAQ,0.056,
2019-04-11,EAQ,0.0522,
2019-04-12,EAQ,0.0492,
2019-04-13,EAQ,0.0464,
2019-04-14,EAQ,0.0441,
2019-04-15,EAQ,0.0438,
2019-04-16,EAQ,0.0457,
2019-04-17,EAQ,0.0491,
2019-04-18,EAQ,0.0539,
2019-04-19,EAQ,0.0622,
2019-04-20,EAQ,0.0769,
2019-04-21,EAQ,0.0751,
2019-04-22,EAQ,0.0686,
2019-04-23,EAQ,0.0813,
2019-04-24,EAQ,0.0941,
2019-04-25,EAQ,0.1061,
2019-04-26,EAQ,0.1184,
2019-04-27,EAQ,0.1259,
2019-04-28,EAQ,0.1171,
2019-04-29,EAQ,0.1039,
2019-04-30,EAQ,0.0926,
2019-05-01,EAQ,0.0832,
2019-05-02,EAQ,0.0766,
2019-05-03,EAQ,0.073,
2019-05-04,EAQ,0.0751,
2019-05-05,EAQ,0.0763,
2019-05-06,EAQ,0.0829,
2019-05-07,EAQ,0.0905,
2019-05-08,EAQ,0.0917,
2019-05-09,EAQ,0.0874,
2019-05-10,EAQ,0.0813,
2019-05-11,EAQ,0.0786,
2019-05-12,EAQ,0.0885,
2019-05-13,EAQ,0.1097,
2019-05-14,EAQ,0.1388,
2019-05-15,EAQ,0.1913,
2019-05-16,EAQ,0.2425,
2019-05-17,EAQ,0.2598,
2019-05-18,EAQ,0.2083,
2019-05-19,EAQ,0.17,
2019-05-20,EAQ,0.1496,
2019-05-21,EAQ,0.1334,
2019-05-22,EAQ,0.1213,
2019-05-23,EAQ,0.1146,
2019-05-24,EAQ,0.1093,
2019-05-25,EAQ,0.1117,
2019-05-26,EAQ,0.1161,
2019-05-27,EAQ,0.1185,
2019-05-28,EAQ,0.1165,
2019-05-29,EAQ,0.1137,
2019-05-30,EAQ,0.1283,
2019-05-31,EAQ,0.1638,
2019-06-01,EAQ,0.2334,
2019-06-02,EAQ,0.2965,
2019-06-03,EAQ,0.3375,
2019-06-04,EAQ,0.409,
2019-06-05,EAQ,0.5819,
2019-06-06,EAQ,0.855,
2019-06-07,EAQ,0.9269,
2019-06-08,EAQ,1.136,
2019-06-09,EAQ,1.3975,
2019-06-10,EAQ,2.0335,
2019-06-11,EAQ,1.8228,
2019-06-12,EAQ,1.7056,
2019-06-13,EAQ,2.214,
2019-06-14,EAQ,2.8144,
2019-06-15,EAQ,2.8317,
2019-06-16,EAQ,1.9617,
2019-06-17,EAQ,1.7026,
2019-06-18,EAQ,1.4407,
2019-06-19,EAQ,1.4834,
2019-06-20,EAQ,1.6707,
2019-06-21,EAQ,1.4485,
2019-06-22,EAQ,1.2269,
2019-06-23,EAQ,0.8309,
2019-06-24,EAQ,0.6405,
2019-06-25,EAQ,0.6236,
2019-06-26,EAQ,0.6945,
2019-06-27,EAQ,0.853,
2019-06-28,EAQ,1.0401,
2019-06-29,EAQ,1.1634,
2019-06-30,EAQ,1.1441,
2019-07-01,EAQ,1.2337,
2019-07-02,EAQ,1.2958,
2019-07-03,EAQ,1.1264,
2019-07-04,EAQ,1.0135,
2019-07-05,EAQ,0.8744,
2019-07-06,EAQ,0.7966,
2019-07-07,EAQ,0.7338,
2019-07-08,EAQ,0.7263,
2019-07-09,EAQ,0.6987,
2019-07-10,EAQ,0.6333,
2019-07-11,EAQ,0.5953,
2019-07-12,EAQ,0.6137,
2019-07-13,EAQ,0.5944,
2019-07-14,EAQ,0.552,
2019-07-15,EAQ,0.5161,
2019-07-16,EAQ,0.5239,
2019-07-17,EAQ,0.5001,
2019-07-18,EAQ,0.4553,
2019-07-19,EAQ,0.3744,
2019-07-20,EAQ,0.3087,
2019-07-21,EAQ,0.2848,
2019-07-22,EAQ,0.2628,
2019-07-23,EAQ,0.2485,
2019-07-24,EAQ,0.2439,
2019-07-25,EAQ,0.2348,
2019-07-26,EAQ,0.2152,
2019-07-27,EAQ,0.1994,
2019-07-28,EAQ,0.1928,
2019-07-29,EAQ,0.1856,
2019-07-30,EAQ,0.1773,
2019-07-31,EAQ,0.1637,
2019-08-01,EAQ,0.1523,
2019-08-02,EAQ,0.1408,
2019-08-03,EAQ,0.1356,
2019-08-04,EAQ,0.1287,
2019-08-05,EAQ,0.1262,
2019-08-06,EAQ,0.1225,
2019-08-07,EAQ,0.1137,
2019-08-08,EAQ,0.1079,
2019-08-09,EAQ,0.1055,
2019-08-10,EAQ,0.1015,
2019-08-11,EAQ,0.0974,
2019-08-12,EAQ,0.0907,
2019-08-13,EAQ,0.0871,
2019-08-14,EAQ,0.0844,
2019-08-15,EAQ,0.0819,
2019-08-16,EAQ,0.0786,
2019-08-17,EAQ,0.0777,
2019-08-18,EAQ,0.076,
2019-08-19,EAQ,0.0748,
2019-08-20,EAQ,0.0734,
2019-08-21,EAQ,0.0712,
2019-08-22,EAQ,0.0704,
2019-08-23,EAQ,0.069,
2019-08-24,EAQ,0.0686,
2019-08-25,EAQ,0.069,
2019-08-26,EAQ,0.0686,
2019-08-27,EAQ,0.0667,
2019-08-28,EAQ,0.0642,
2019-08-29,EAQ,0.0613,
2019-08-30,EAQ,0.0583,
2019-08-31,EAQ,0.0572,
2019-09-01,EAQ,0.056,
2019-09-02,EAQ,0.0557,
2019-09-03,EAQ,0.0553,
2019-09-04,EAQ,0.054,
2019-09-05,EAQ,0.0538,
2019-09-06,EAQ,0.0539,
2019-09-07,EAQ,0.0538,
2019-09-08,EAQ,0.0525,
2019-09-09,EAQ,0.0511,
2019-09-10,EAQ,0.05,
2019-09-11,EAQ,0.0489,
2019-09-12,EAQ,0.0465,
2019-09-13,EAQ,0.0456,
2019-09-14,EAQ,0.0455,
2019-09-15,EAQ,0.0445,
2019-09-16,EAQ,0.0439,
2019-09-17,EAQ,0.0449,
2019-09-18,EAQ,0.0433,
2019-09-19,EAQ,0.0429,
2019-09-20,EAQ,0.0425,
2019-09-21,EAQ,0.0415,
2019-09-22,EAQ,0.0404,
2019-09-23,EAQ,0.0392,
2019-09-24,EAQ,0.0387,
2019-09-25,EAQ,0.0392,
2019-09-26,EAQ,0.039,
2019-09-27,EAQ,0.0388,
2019-09-28,EAQ,0.0385,
2019-09-29,EAQ,0.038,
2019-09-30,EAQ,0.0373,
2019-10-01,EAQ,0.0366,
2019-10-02,EAQ,0.035,
2019-10-03,EAQ,0.034,
2019-10-04,EAQ,0.0337,
2019-10-05,EAQ,0.0329,
2019-10-06,EAQ,0.0323,
2019-10-07,EAQ,0.032,
2019-10-08,EAQ,0.0324,
2019-10-09,EAQ,0.0321,
2019-10-10,EAQ,0.0322,
2019-10-11,EAQ,0.0301,
2019-10-12,EAQ,0.0298,
2019-10-13,EAQ,0.0294,
2019-10-14,EAQ,0.0292,
2019-10-15,EAQ,0.029,
2019-10-16,EAQ,0.0293,
2019-10-17,EAQ,0.0292,
2019-10-18,EAQ,0.032,
2019-10-19,EAQ,0.0293,
2019-10-20,EAQ,0.0294,
2019-10-21,EAQ,0.0292,
2019-10-22,EAQ,0.0279,
2019-10-23,EAQ,0.0278,
2019-10-24,EAQ,0.0276,
2019-10-25,EAQ,0.0274,
2019-10-26,EAQ,0.0282,
2019-10-27,EAQ,0.0286,
2019-10-28,EAQ,0.0264,
2019-10-29,EAQ,0.0252,
2019-10-30,EAQ,0.0255,
2019-10-31,EAQ,0.0252,
2019-11-01,EAQ,0.0258,
2019-11-02,EAQ,0.0244,
2019-11-03,EAQ,0.025,
2019-11-04,EAQ,0.0247,
2019-11-05,EAQ,0.0247,
2019-11-06,EAQ,0.0241,
2019-11-07,EAQ,0.0242,
2019-11-08,EAQ,0.0242,
2019-11-09,EAQ,0.0239,
2019-11-10,EAQ,0.024,
2019-11-11,EAQ,0.0235,
2019-11-12,EAQ,0.0227,
2019-11-13,EAQ,0.0229,
2019-11-14,EAQ,0.0226,
2019-11-15,EAQ,0.0232,
2019-11-16,EAQ,0.024,
2019-11-17,EAQ,0.0233,
2019-11-18,EAQ,0.0233,
2019-11-19,EAQ,0.0235,
2019-11-20,EAQ,0.0242,
2019-11-21,EAQ,0.0237,
2019-11-22,EAQ,0.0243,
2019-11-23,EAQ,0.0224,
2019-11-24,EAQ,0.0223,
2019-11-25,EAQ,0.0235,
2019-11-26,EAQ,0.0227,
2019-11-27,EAQ,0.0221,
2019-11-28,EAQ,0.0222,
2019-11-29,EAQ,0.0229,
2019-11-30,EAQ,0.0234,
2019-12-01,EAQ,0.0215,
2019-12-02,EAQ,0.0217,
2019-12-03,EAQ,0.0218,
2019-12-04,EAQ,0.0218,
2019-12-05,EAQ,0.0228,
2019-12-06,EAQ,0.0217,
2019-12-07,EAQ,0.0225,
2019-12-08,EAQ,0.0237,
2019-12-09,EAQ,0.0234,
2019-12-10,EAQ,0.0223,
2019-12-11,EAQ,0.0226,
2019-12-12,EAQ,0.023,
2019-12-13,EAQ,0.024,
2019-12-14,EAQ,0.0428,
2019-12-15,EAQ,0.0258,
2019-12-16,EAQ,0.023,
2019-12-17,EAQ,0.0244,
2019-12-18,EAQ,0.0239,
2019-12-19,EAQ,0.0228,
2019-12-20,EAQ,0.0225,
2019-12-21,EAQ,0.0227,
2019-12-22,EAQ,0.0234,
2019-12-23,EAQ,0.0225,
2019-12-24,EAQ,0.0225,
2019-12-25,EAQ,0.0231,
2019-12-26,EAQ,0.0226,
2019-12-27,EAQ,0.0234,
2019-12-28,EAQ,0.0227,
2019-12-29,EAQ,0.0217,
2019-12-30,EAQ,0.0245,
2019-12-31,EAQ,0.0245,
2020-01-01,EAQ,0.0231,
2020-01-02,EAQ,0.0218,
2020-01-03,EAQ,0.0206,
2020-01-04,EAQ,0.0203,
2020-01-05,EAQ,0.02,
2020-01-06,EAQ,0.0198,
2020-01-07,EAQ,0.0201,
2020-01-08,EAQ,0.0207,
2020-01-09,EAQ,0.0209,
2020-01-10,EAQ,0.0199,
2020-01-11,EAQ,0.021,
2020-01-12,EAQ,0.0206,
2020-01-13,EAQ,0.0353,
2020-01-14,EAQ,0.0211,
2020-01-15,EAQ,0.02,
2020-01-16,EAQ,0.02,
2020-01-17,EAQ,0.0208,
2020-01-18,EAQ,0.0199,
2020-01-19,EAQ,0.0193,
2020-01-20,EAQ,0.0199,
2020-01-21,EAQ,0.0203,
2020-01-22,EAQ,0.0206,
2020-01-23,EAQ,0.0202,
2020-01-24,EAQ,0.0197,
2020-01-25,EAQ,0.0197,
2020-01-26,EAQ,0.0191,
2020-01-27,EAQ,0.0194,
2020-01-28,EAQ,0.0193,
2020-01-29,EAQ,0.0191,
2020-01-30,EAQ,0.0191,
2020-01-31,EAQ,0.0188,
2020-02-01,EAQ,0.0183,
2020-02-02,EAQ,0.0186,
2020-02-03,EAQ,0.0194,
2020-02-04,EAQ,0.0187,
2020-02-05,EAQ,0.0217,
2020-02-06,EAQ,0.0201,
2020-02-07,EAQ,0.0202,
2020-02-08,EAQ,0.019,
2020-02-09,EAQ,0.0192,
2020-02-10,EAQ,0.0186,
2020-02-11,EAQ,0.0185,
2020-02-12,EAQ,0.0185,
2020-02-13,EAQ,0.0181,
2020-02-14,EAQ,0.0181,
2020-02-15,EAQ,0.0181,
2020-02-16,EAQ,0.018,
2020-02-17,EAQ,0.0182,
2020-02-18,EAQ,0.0179,
2020-02-19,EAQ,0.018,
2020-02-20,EAQ,0.0176,
2020-02-21,EAQ,0.0188,
2020-02-22,EAQ,0.0181,
2020-02-23,EAQ,0.0185,
2020-02-24,EAQ,0.0188,
2020-02-25,EAQ,0.0177,
2020-02-26,EAQ,0.0189,
2020-02-27,EAQ,0.0176,
2020-02-28,EAQ,0.0175,
2020-02-29,EAQ,0.019,
2020-03-01,EAQ,0.0188,
2020-03-02,EAQ,0.0196,
2020-03-03,EAQ,0.0178,
2020-03-04,EAQ,0.0177,
2020-03-05,EAQ,0.018,
2020-03-06,EAQ,0.0184,
2020-03-07,EAQ,0.0191,
2020-03-08,EAQ,0.0193,
2020-03-09,EAQ,0.0192,
2020-03-10,EAQ,0.0186,
2020-03-11,EAQ,0.0184,
2020-03-12,EAQ,0.0188,
2020-03-13,EAQ,0.0184,
2020-03-14,EAQ,0.0182,
2020-03-15,EAQ,0.0184,
2020-03-16,EAQ,0.0195,
2020-03-17,EAQ,0.0196,
2020-03-18,EAQ,0.0195,
2020-03-19,EAQ,0.0195,
2020-03-20,EAQ,0.0188,
2020-03-21,EAQ,0.0187,
2020-03-22,EAQ,0.0182,
2020-03-23,EAQ,0.0183,
2020-03-24,EAQ,0.018,
2020-03-25,EAQ,0.0176,
2020-03-26,EAQ,0.0171,
2020-03-27,EAQ,0.0174,
2020-03-28,EAQ,0.017,
2020-03-29,EAQ,0.0164,
2020-03-30,EAQ,0.0162,
2020-03-31,EAQ,0.0164,
2020-04-01,EAQ,0.0177,
2020-04-02,EAQ,0.0186,
2020-04-03,EAQ,0.0181,
2020-04-04,EAQ,0.018,
2020-04-05,EAQ,0.018,
2020-04-06,EAQ,0.0201,
2020-04-07,EAQ,0.0252,
2020-04-08,EAQ,0.0324,
2020-04-09,EAQ,0.0415,
2020-04-10,EAQ,0.0487,
2020-04-11,EAQ,0.0536,
2020-04-12,EAQ,0.0536,
2020-04-13,EAQ,0.0442,
2020-04-14,EAQ,0.0387,
2020-04-15,EAQ,0.0349,
2020-04-16,EAQ,0.0337,
2020-04-17,EAQ,0.0313,
2020-04-18,EAQ,0.03,
2020-04-19,EAQ,0.0303,
2020-04-20,EAQ,0.031,
2020-04-21,EAQ,0.0349,
2020-04-22,EAQ,0.0463,
2020-04-23,EAQ,0.0531,
2020-04-24,EAQ,0.0492,
2020-04-25,EAQ,0.0591,
2020-04-26,EAQ,0.0835,
2020-04-27,EAQ,0.1116,
2020-04-28,EAQ,0.1681,
2020-04-29,EAQ,0.2066,
2020-04-30,EAQ,0.2358,
2020-05-01,EAQ,0.286,
2020-05-02,EAQ,0.2868,
2020-05-03,EAQ,0.3055,
2020-05-04,EAQ,0.2911,
2020-05-05,EAQ,0.2757,
2020-05-06,EAQ,0.2786,
2020-05-07,EAQ,0.2781,
2020-05-08,EAQ,0.2763,
2020-05-09,EAQ,0.2873,
2020-05-10,EAQ,0.3125,
2020-05-11,EAQ,0.319,
2020-05-12,EAQ,0.3235,
2020-05-13,EAQ,0.3133,
2020-05-14,EAQ,0.3286,
2020-05-15,EAQ,0.3384,
2020-05-16,EAQ,0.3502,
2020-05-17,EAQ,0.4069,
2020-05-18,EAQ,0.499,
2020-05-19,EAQ,0.5943,
2020-05-20,EAQ,0.6669,
2020-05-21,EAQ,0.611,
2020-05-22,EAQ,0.5557,
2020-05-23,EAQ,0.5743,
2020-05-24,EAQ,0.556,
2020-05-25,EAQ,0.5121,
2020-05-26,EAQ,0.5074,
2020-05-27,EAQ,0.5663,
2020-05-28,EAQ,0.7093,
2020-05-29,EAQ,0.9579,
2020-05-30,EAQ,1.1618,
2020-05-31,EAQ,1.1378,
2020-06-01,EAQ,1.0964,
2020-06-02,EAQ,1.0448,
2020-06-03,EAQ,0.9647,
2020-06-04,EAQ,0.9384,
2020-06-05,EAQ,0.8805,
2020-06-06,EAQ,0.9022,
2020-06-07,EAQ,0.8989,
2020-06-08,EAQ,0.7993,
2020-06-09,EAQ,0.6904,
2020-06-10,EAQ,0.5463,
2020-06-11,EAQ,0.4428,
2020-06-12,EAQ,0.4042,
2020-06-13,EAQ,0.4155,
2020-06-14,EAQ,0.4389,
2020-06-15,EAQ,0.4511,
2020-06-16,EAQ,0.4242,
2020-06-17,EAQ,0.394,
2020-06-18,EAQ,0.3692,
2020-06-19,EAQ,0.3498,
2020-06-20,EAQ,0.3226,
2020-06-21,EAQ,0.3059,
2020-06-22,EAQ,0.2979,
2020-06-23,EAQ,0.2867,
2020-06-24,EAQ,0.2778,
2020-06-25,EAQ,0.27,
2020-06-26,EAQ,0.2539,
2020-06-27,EAQ,0.2388,
2020-06-28,EAQ,0.2226,
2020-06-29,EAQ,0.2039,
2020-06-30,EAQ,0.1897,
2020-07-01,EAQ,0.1731,
2020-07-02,EAQ,0.159,
2020-07-03,EAQ,0.1501,
2020-07-04,EAQ,0.145,
2020-07-05,EAQ,0.1355,
2020-07-06,EAQ,0.1307,
2020-07-07,EAQ,0.1246,
2020-07-08,EAQ,0.1219,
2020-07-09,EAQ,0.1151,
2020-07-10,EAQ,0.1032,
2020-07-11,EAQ,0.0958,
2020-07-12,EAQ,0.0894,
2020-07-13,EAQ,0.0879,
2020-07-14,EAQ,0.0838,
2020-07-15,EAQ,0.0787,
2020-07-16,EAQ,0.0771,
2020-07-17,EAQ,0.074,
2020-07-18,EAQ,0.0691,
2020-07-19,EAQ,0.0661,
2020-07-20,EAQ,0.0637,
2020-07-21,EAQ,0.0601,
2020-07-22,EAQ,0.0583,
2020-07-23,EAQ,0.0574,
2020-07-24,EAQ,0.0572,
2020-07-25,EAQ,0.0566,
2020-07-26,EAQ,0.0602,
2020-07-27,EAQ,0.0586,
2020-07-28,EAQ,0.0529,
2020-07-29,EAQ,0.0497,
2020-07-30,EAQ,0.0471,
2020-07-31,EAQ,0.0453,
2020-08-01,EAQ,0.0434,
2020-08-02,EAQ,0.0422,
2020-08-03,EAQ,0.0414,
2020-08-04,EAQ,0.0399,
2020-08-05,EAQ,0.0384,
2020-08-06,EAQ,0.0366,
2020-08-07,EAQ,0.0355,
2020-08-08,EAQ,0.0349,
2020-08-09,EAQ,0.0333,
2020-08-10,EAQ,0.0322,
2020-08-11,EAQ,0.031,
2020-08-12,EAQ,0.03,
2020-08-13,EAQ,0.0294,
2020-08-14,EAQ,0.0283,
2020-08-15,EAQ,0.0276,
2020-08-16,EAQ,0.0274,
2020-08-17,EAQ,0.0266,
2020-08-18,EAQ,0.0256,
2020-08-19,EAQ,0.0244,
2020-08-20,EAQ,0.0238,
2020-08-21,EAQ,0.0238,
2020-08-22,EAQ,0.0232,
2020-08-23,EAQ,0.0229,
2020-08-24,EAQ,0.023,
2020-08-25,EAQ,0.0228,
2020-08-26,EAQ,0.023,
2020-08-27,EAQ,0.0218,
2020-08-28,EAQ,0.0223,
2020-08-29,EAQ,0.0272,
2020-08-30,EAQ,0.0247,
2020-08-31,EAQ,0.0234,
2020-09-01,EAQ,0.0244,
2020-09-02,EAQ,0.0219,
2020-09-03,EAQ,0.0209,
2020-09-04,EAQ,0.0202,
2020-09-05,EAQ,0.0198,
2020-09-06,EAQ,0.0189,
2020-09-07,EAQ,0.0188,
2020-09-08,EAQ,0.0213,
2020-09-09,EAQ,0.0229,
2020-09-10,EAQ,0.0228,
2020-09-11,EAQ,0.0233,
2020-09-12,EAQ,0.0222,
2020-09-13,EAQ,0.021,
2020-09-14,EAQ,0.0195,
2020-09-15,EAQ,0.0189,
2020-09-16,EAQ,0.0188,
2020-09-17,EAQ,0.0187,
2020-09-18,EAQ,0.0178,
2020-09-19,EAQ,0.0176,
2020-09-20,EAQ,0.0172,
2020-09-21,EAQ,0.0171,
2020-09-22,EAQ,0.0173,
2020-09-23,EAQ,0.0172,
2020-09-24,EAQ,0.017,
2020-09-25,EAQ,0.0167,
2020-09-26,EAQ,0.0165,
2020-09-27,EAQ,0.0162,
2020-09-28,EAQ,0.0166,
2020-09-29,EAQ,0.0164,
2020-09-30,EAQ,0.0162,
2020-10-01,EAQ,0.0245,
2020-10-02,EAQ,0.0167,
2020-10-03,EAQ,0.0168,
2020-10-04,EAQ,0.0166,
2020-10-05,EAQ,0.0161,
2020-10-06,EAQ,0.0158,
2020-10-07,EAQ,0.0158,
2020-10-08,EAQ,0.0157,
2020-10-09,EAQ,0.0153,
2020-10-10,EAQ,0.0152,
2020-10-11,EAQ,0.016,
2020-10-12,EAQ,0.0158,
2020-10-13,EAQ,0.0151,
2020-10-14,EAQ,0.0146,
2020-10-15,EAQ,0.0147,
2020-10-16,EAQ,0.0143,
2020-10-17,EAQ,0.0144,
2020-10-18,EAQ,0.0143,
2020-10-19,EAQ,0.0139,
2020-10-20,EAQ,0.0136,
2020-10-21,EAQ,0.0139,
2020-10-22,EAQ,0.0136,
2020-10-23,EAQ,0.0134,
2020-10-24,EAQ,0.0134,
2020-10-25,EAQ,0.0144,
2020-10-26,EAQ,0.0144,
2020-10-27,EAQ,0.0137,
2020-10-28,EAQ,0.0138,
2020-10-29,EAQ,0.0132,
2020-10-30,EAQ,0.0131,
2020-10-31,EAQ,0.0129,
2020-11-01,EAQ,0.0127,
2020-11-02,EAQ,0.0125,
2020-11-03,EAQ,0.0125,
2020-11-04,EAQ,0.0125,
2020-11-05,EAQ,0.0123,
2020-11-06,EAQ,0.0121,
2020-11-07,EAQ,0.0127,
2020-11-08,EAQ,0.0145,
2020-11-09,EAQ,0.0139,
2020-11-10,EAQ,0.0131,
2020-11-11,EAQ,0.012,
2020-11-12,EAQ,0.0131,
2020-11-13,EAQ,0.0122,
2020-11-14,EAQ,0.0131,
2020-11-15,EAQ,0.013,
2020-11-16,EAQ,0.0129,
2020-11-17,EAQ,0.0135,
2020-11-18,EAQ,0.0136,
2020-11-19,EAQ,0.0143,
2020-11-20,EAQ,0.0145,
2020-11-21,EAQ,0.0149,
2020-11-22,EAQ,0.0148,
2020-11-23,EAQ,0.0147,
2020-11-24,EAQ,0.0152,
2020-11-25,EAQ,0.0144,
2020-11-26,EAQ,0.0147,
2020-11-27,EAQ,0.0143,
2020-11-28,EAQ,0.0137,
2020-11-29,EAQ,0.0137,
2020-11-30,EAQ,0.0124,
2020-12-01,EAQ,0.0124,
2020-12-02,EAQ,0.0121,
2020-12-03,EAQ,0.0117,
2020-12-04,EAQ,0.0119,
2020-12-05,EAQ,0.0119,
2020-12-06,EAQ,0.012,
2020-12-07,EAQ,0.0117,
2020-12-08,EAQ,0.0118,
2020-12-09,EAQ,0.0114,
2020-12-10,EAQ,0.0114,
2020-12-11,EAQ,0.0119,
2020-12-12,EAQ,0.0121,
2020-12-13,EAQ,0.011,
2020-12-14,EAQ,0.0118,
2020-12-15,EAQ,0.0115,
2020-12-16,EAQ,0.0113,
2020-12-17,EAQ,0.0112,
2020-12-18,EAQ,0.0116,
2020-12-19,EAQ,0.0112,
2020-12-20,EAQ,0.0111,
2020-12-21,EAQ,0.011,
2020-12-22,EAQ,0.0112,
2020-12-23,EAQ,0.0111,
2020-12-24,EAQ,0.0108,
2020-12-25,EAQ,0.0107,
2020-12-26,EAQ,0.011,
2020-12-27,EAQ,0.011,
2020-12-28,EAQ,0.0111,
2020-12-29,EAQ,0.0117,
2020-12-30,EAQ,0.0108,
2020-12-31,EAQ,0.011,
2021-01-01,EAQ,0.0108,
2021-01-02,EAQ,0.0108,
2021-01-03,EAQ,0.0106,
2021-01-04,EAQ,0.0106,
2021-01-05,EAQ,0.0109,
2021-01-06,EAQ,0.0106,
2021-01-07,EAQ,0.0105,
2021-01-08,EAQ,0.01,
2021-01-09,EAQ,0.0101,
2021-01-10,EAQ,0.0098,
2021-01-11,EAQ,0.0097,
2021-01-12,EAQ,0.0097,
2021-01-13,EAQ,0.0099,
2021-01-14,EAQ,0.01,
2021-01-15,EAQ,0.0099,
2021-01-16,EAQ,0.0097,
2021-01-17,EAQ,0.0096,
2021-01-18,EAQ,0.0099,
2021-01-19,EAQ,0.0098,
2021-01-20,EAQ,0.0099,
2021-01-21,EAQ,0.0099,
2021-01-22,EAQ,0.01,
2021-01-23,EAQ,0.0103,
2021-01-24,EAQ,0.01,
2021-01-25,EAQ,0.0097,
2021-01-26,EAQ,0.01,
2021-01-27,EAQ,0.0095,
2021-01-28,EAQ,0.0096,
2021-01-29,EAQ,0.0094,
2021-01-30,EAQ,0.0093,
2021-01-31,EAQ,0.0094,
2021-02-01,EAQ,0.0091,
2021-02-02,EAQ,0.0091,
2021-02-03,EAQ,0.0128,
2021-02-04,EAQ,0.0094,
2021-02-05,EAQ,0.0098,
2021-02-06,EAQ,0.0098,
2021-02-07,EAQ,0.0097,
2021-02-08,EAQ,0.0097,
2021-02-09,EAQ,0.0096,
2021-02-10,EAQ,0.0098,
2021-02-11,EAQ,0.0097,
2021-02-12,EAQ,0.0106,
2021-02-13,EAQ,0.0153,
2021-02-14,EAQ,0.0153,
2021-02-15,EAQ,0.015,
2021-02-16,EAQ,0.014,
2021-02-17,EAQ,0.013,
2021-02-18,EAQ,0.0117,
2021-02-19,EAQ,0.0111,
2021-02-20,EAQ,0.0118,
2021-02-21,EAQ,0.0105,
2021-02-22,EAQ,0.01,
2021-02-23,EAQ,0.0097,
2021-02-24,EAQ,0.0097,
2021-02-25,EAQ,0.0095,
2021-02-26,EAQ,0.0093,
2021-02-27,EAQ,0.0094,
2021-02-28,EAQ,0.0091,
2021-03-01,EAQ,0.0099,
2021-03-02,EAQ,0.0093,
2021-03-03,EAQ,0.0093,
2021-03-04,EAQ,0.0095,
2021-03-05,EAQ,0.009,
2021-03-06,EAQ,0.0094,
2021-03-07,EAQ,0.0094,
2021-03-08,EAQ,0.01,
2021-03-09,EAQ,0.0099,
2021-03-10,EAQ,0.0098,
2021-03-11,EAQ,0.01,
2021-03-12,EAQ,0.0124,
2021-03-13,EAQ,0.0116,
2021-03-14,EAQ,0.0102,
2021-03-15,EAQ,0.0099,
2021-03-16,EAQ,0.0098,
2021-03-17,EAQ,0.0095,
2021-03-18,EAQ,0.009,
2021-03-19,EAQ,0.0098,
2021-03-20,EAQ,0.0111,
2021-03-21,EAQ,0.011,
2021-03-22,EAQ,0.0108,
2021-03-23,EAQ,0.0108,
2021-03-24,EAQ,0.0103,
2021-03-25,EAQ,0.0103,
2021-03-26,EAQ,0.0102,
2021-03-27,EAQ,0.0102,
2021-03-28,EAQ,0.01,
2021-03-29,EAQ,0.0107,
2021-03-30,EAQ,0.0117,
2021-03-31,EAQ,0.0111,
2021-04-01,EAQ,0.0112,
2021-04-02,EAQ,0.0138,
2021-04-03,EAQ,0.0229,
2021-04-04,EAQ,0.036,
2021-04-05,EAQ,0.0432,
2021-04-06,EAQ,0.047,
2021-04-07,EAQ,0.0392,
2021-04-08,EAQ,0.0471,
2021-04-09,EAQ,0.0588,
2021-04-10,EAQ,0.0638,
2021-04-11,EAQ,0.0782,
2021-04-12,EAQ,0.0877,
2021-04-13,EAQ,0.0814,
2021-04-14,EAQ,0.0631,
2021-04-15,EAQ,0.0552,
2021-04-16,EAQ,0.0504,
2021-04-17,EAQ,0.0511,
2021-04-18,EAQ,0.0506,
2021-04-19,EAQ,0.0539,
2021-04-20,EAQ,0.0553,
2021-04-21,EAQ,0.0525,
2021-04-22,EAQ,0.0482,
2021-04-23,EAQ,0.0441,
2021-04-24,EAQ,0.0405,
2021-04-25,EAQ,0.0464,
2021-04-26,EAQ,0.0585,
2021-04-27,EAQ,0.0558,
2021-04-28,EAQ,0.0522,
2021-04-29,EAQ,0.0764,
2021-04-30,EAQ,0.1372,
2021-05-01,EAQ,0.1675,
2021-05-02,EAQ,0.1718,
2021-05-03,EAQ,0.1568,
2021-05-04,EAQ,0.1249,
2021-05-05,EAQ,0.1106,
2021-05-06,EAQ,0.1282,
2021-05-07,EAQ,0.1605,
2021-05-08,EAQ,0.1669,
2021-05-09,EAQ,0.1501,
2021-05-10,EAQ,0.1402,
2021-05-11,EAQ,0.1273,
2021-05-12,EAQ,0.1142,
2021-05-13,EAQ,0.1163,
2021-05-14,EAQ,0.1349,
2021-05-15,EAQ,0.1648,
2021-05-16,EAQ,0.1986,
2021-05-17,EAQ,0.221,
2021-05-18,EAQ,0.2098,
2021-05-19,EAQ,0.2276,
2021-05-20,EAQ,0.2804,
2021-05-21,EAQ,0.2816,
2021-05-22,EAQ,0.2852,
2021-05-23,EAQ,0.3036,
2021-05-24,EAQ,0.2835,
2021-05-25,EAQ,0.2911,
2021-05-26,EAQ,0.2982,
2021-05-27,EAQ,0.3027,
2021-05-28,EAQ,0.3308,
2021-05-29,EAQ,0.3533,
2021-05-30,EAQ,0.3664,
2021-05-31,EAQ,0.348,
2021-06-01,EAQ,0.3398,
2021-06-02,EAQ,0.3808,
2021-06-03,EAQ,0.4344,
2021-06-04,EAQ,0.5218,
2021-06-05,EAQ,0.5908,
2021-06-06,EAQ,0.5928,
2021-06-07,EAQ,0.5827,
2021-06-08,EAQ,0.5395,
2021-06-09,EAQ,0.489,
2021-06-10,EAQ,0.4334,
2021-06-11,EAQ,0.3989,
2021-06-12,EAQ,0.3753,
2021-06-13,EAQ,0.3582,
2021-06-14,EAQ,0.3411,
2021-06-15,EAQ,0.3253,
2021-06-16,EAQ,0.3099,
2021-06-17,EAQ,0.3021,
2021-06-18,EAQ,0.2941,
2021-06-19,EAQ,0.2746,
2021-06-20,EAQ,0.255,
2021-06-21,EAQ,0.236,
2021-06-22,EAQ,0.2195,
2021-06-23,EAQ,0.1996,
2021-06-24,EAQ,0.2017,
2021-06-25,EAQ,0.1847,
2021-06-26,EAQ,0.1693,
2021-06-27,EAQ,0.155,
2021-06-28,EAQ,0.1487,
2021-06-29,EAQ,0.1417,
2021-06-30,EAQ,0.1367,
2021-07-01,EAQ,0.1289,
2021-07-02,EAQ,0.1245,
2021-07-03,EAQ,0.1152,
2021-07-04,EAQ,0.1065,
2021-07-05,EAQ,0.1131,
2021-07-06,EAQ,0.1031,
2021-07-07,EAQ,0.0919,
2021-07-08,EAQ,0.085,
2021-07-09,EAQ,0.0803,
2021-07-10,EAQ,0.0751,
2021-07-11,EAQ,0.0721,
2021-07-12,EAQ,0.0674,
2021-07-13,EAQ,0.0699,
2021-07-14,EAQ,0.0733,
2021-07-15,EAQ,0.0664,
2021-07-16,EAQ,0.0626,
2021-07-17,EAQ,0.0633,
2021-07-18,EAQ,0.0597,
2021-07-19,EAQ,0.0566,
2021-07-20,EAQ,0.0592,
2021-07-21,EAQ,0.0574,
2021-07-22,EAQ,0.0582,
2021-07-23,EAQ,0.0569,
2021-07-24,EAQ,0.0517,
2021-07-25,EAQ,0.0535,
2021-07-26,EAQ,0.054,
2021-07-27,EAQ,0.0511,
2021-07-28,EAQ,0.049,
2021-07-29,EAQ,0.0503,
2021-07-30,EAQ,0.0597,
2021-07-31,EAQ,0.0667,
2021-08-01,EAQ,0.0631,
2021-08-02,EAQ,0.0577,
2021-08-03,EAQ,0.0558,
2021-08-04,EAQ,0.0518,
2021-08-05,EAQ,0.0493,
2021-08-06,EAQ,0.0471,
2021-08-07,EAQ,0.0454,
2021-08-08,EAQ,0.0443,
2021-08-09,EAQ,0.0421,
2021-08-10,EAQ,0.041,
2021-08-11,EAQ,0.0401,
2021-08-12,EAQ,0.0395,
2021-08-13,EAQ,0.0378,
2021-08-14,EAQ,0.037,
2021-08-15,EAQ,0.0365,
2021-08-16,EAQ,0.0375,
2021-08-17,EAQ,0.0367,
2021-08-18,EAQ,0.0355,
2021-08-19,EAQ,0.0546,
2021-08-20,EAQ,0.0489,
2021-08-21,EAQ,0.0411,
2021-08-22,EAQ,0.0374,
2021-08-23,EAQ,0.0356,
2021-08-24,EAQ,0.0342,
2021-08-25,EAQ,0.0335,
2021-08-26,EAQ,0.0349,
2021-08-27,EAQ,0.0332,
2021-08-28,EAQ,0.0331,
2021-08-29,EAQ,0.0301,
2021-08-30,EAQ,0.0292,
2021-08-31,EAQ,0.0286,
2021-09-01,EAQ,0.0289,
2021-09-02,EAQ,,
2021-09-03,EAQ,,
2021-09-04,EAQ,,
2021-09-05,EAQ,,
2021-09-06,EAQ,,
2021-09-07,EAQ,,
2021-09-08,EAQ,,
2021-09-09,EAQ,,
2021-09-10,EAQ,,
2021-09-11,EAQ,,
2021-09-12,EAQ,,
2021-09-13,EAQ,,
2021-09-14,EAQ,,
2021-09-15,EAQ,,
2021-09-16,EAQ,,
2021-09-17,EAQ,,
2021-09-18,EAQ,,
2021-09-19,EAQ,,
2021-09-20,EAQ,,
2021-09-21,EAQ,0.0222,
2021-09-22,EAQ,0.0223,
2021-09-23,EAQ,0.0216,
2021-09-24,EAQ,0.0212,
2021-09-25,EAQ,0.0203,
2021-09-26,EAQ,0.0199,
2021-09-27,EAQ,0.0202,
2021-09-28,EAQ,,
2021-09-29,EAQ,,
2021-09-30,EAQ,0.0244,
2021-10-01,EAQ,0.0241,
2022-06-10,EAQ,1.0835,
2022-06-11,EAQ,1.0034,
2022-06-12,EAQ,1.0103,
2022-06-13,EAQ,0.9209,
2022-06-14,EAQ,0.8461,
2022-06-15,EAQ,0.7849,
2022-06-16,EAQ,0.6566,
2022-06-17,EAQ,0.5859,
2022-06-18,EAQ,0.5877,
2022-06-19,EAQ,0.6226,
2022-06-20,EAQ,0.5757,
2022-06-21,EAQ,0.5085,
2022-06-22,EAQ,0.4328,
2022-06-23,EAQ,0.3915,
2022-06-24,EAQ,0.3567,
2022-06-25,EAQ,0.3401,
2022-06-26,EAQ,0.3376,
2022-06-27,EAQ,0.3156,
2022-06-28,EAQ,0.3026,
2022-06-29,EAQ,0.2901,
2022-06-30,EAQ,0.2732,
2022-07-01,EAQ,0.2567,
2022-07-02,EAQ,0.2394,
2022-07-03,EAQ,0.2199,
2022-07-04,EAQ,0.2033,
2022-07-05,EAQ,0.2215,
2022-07-06,EAQ,0.2042,
2022-07-07,EAQ,0.1921,
2022-07-08,EAQ,0.1794,
2022-07-09,EAQ,0.1628,
2022-07-10,EAQ,0.1531,
2022-07-11,EAQ,0.1469,
2022-07-12,EAQ,0.1388,
2022-07-13,EAQ,0.1343,
2022-07-14,EAQ,0.1262,
2022-07-15,EAQ,0.1191,
2022-07-16,EAQ,0.1144,
2022-07-17,EAQ,0.1117,
2022-07-18,EAQ,0.1073,
2022-07-19,EAQ,0.1032,
2022-07-20,EAQ,0.0969,
2022-07-21,EAQ,0.0906,
2022-07-22,EAQ,0.0853,
2022-07-23,EAQ,0.0834,
2022-07-24,EAQ,0.0815,
2022-07-25,EAQ,0.0783,
2022-07-26,EAQ,0.073,
2022-07-27,EAQ,0.0697,
2022-07-28,EAQ,0.0672,
2022-07-29,EAQ,0.0671,
2022-07-30,EAQ,0.0654,
2022-07-31,EAQ,0.0632,
2022-08-01,EAQ,0.0672,
2022-08-02,EAQ,0.0685,
2022-08-03,EAQ,0.0626,
2022-08-04,EAQ,0.0593,
2022-08-05,EAQ,0.0579,
2022-08-06,EAQ,0.0561,
2022-08-07,EAQ,0.0543,
2022-08-08,EAQ,0.0528,
2022-08-09,EAQ,0.0511,
2022-08-10,EAQ,0.0494,
2022-08-11,EAQ,0.0497,
2022-08-12,EAQ,0.0475,
2022-08-13,EAQ,0.0459,
2022-08-14,EAQ,0.0449,
2022-08-15,EAQ,0.0449,
2022-08-16,EAQ,0.0445,
2022-08-17,EAQ,0.0436,
2022-08-18,EAQ,0.0421,
2022-08-19,EAQ,0.0516,
2022-08-20,EAQ,0.0462,
2022-08-21,EAQ,0.0479,
2022-08-22,EAQ,0.0434,
2022-08-23,EAQ,0.0412,
2022-08-24,EAQ,0.0398,
2022-08-25,EAQ,0.0405,
2022-08-26,EAQ,0.0497,
2022-08-27,EAQ,0.0443,
2022-08-28,EAQ,0.0414,
2022-08-29,EAQ,0.0391,
2022-08-30,EAQ,0.0382,
2022-08-31,EAQ,0.0375,
2022-09-01,EAQ,0.0362,
2022-09-02,EAQ,0.0333,
2022-09-03,EAQ,0.0339,
2022-09-04,EAQ,0.0326,
2022-09-05,EAQ,0.0316,
2022-09-06,EAQ,0.0319,
2022-09-07,EAQ,0.031,
2022-09-08,EAQ,0.0302,
2022-09-09,EAQ,0.0296,
2022-09-10,EAQ,0.0293,
2022-09-11,EAQ,0.0282,
2022-09-12,EAQ,0.0275,
2022-09-13,EAQ,0.0275,
2022-09-14,EAQ,0.0288,
2022-09-15,EAQ,0.0346,
2022-09-16,EAQ,0.0299,
2022-09-17,EAQ,0.0284,
2022-09-18,EAQ,0.0256,
2022-09-19,EAQ,0.0251,
2022-09-20,EAQ,0.026,
2022-09-21,EAQ,0.0273,
2022-09-22,EAQ,0.0349,
2022-09-23,EAQ,0.0308,
2022-09-24,EAQ,0.0278,
2022-09-25,EAQ,0.0265,
2022-09-26,EAQ,0.026,
2022-09-27,EAQ,0.0254,
2022-09-28,EAQ,0.0251,
2022-09-29,EAQ,0.0253,
2022-09-30,EAQ,0.0266,
2022-10-01,EAQ,0.031,
2022-10-02,EAQ,0.0352,
2022-10-03,EAQ,0.0359,
2022-10-04,EAQ,0.0321,
2022-10-05,EAQ,0.0299,
2022-10-06,EAQ,0.0287,
2022-10-07,EAQ,0.0306,
2014-08-31,Gothic_ME,0.1073,
2014-09-01,Gothic_ME,0.0982,
2014-09-02,Gothic_ME,0.081,
2014-09-03,Gothic_ME,0.0675,
2014-09-04,Gothic_ME,0.0649,
2014-09-05,Gothic_ME,0.0601,
2014-09-06,Gothic_ME,0.0497,
2014-09-07,Gothic_ME,0.0485,
2014-09-08,Gothic_ME,0.0495,
2014-09-09,Gothic_ME,0.1233,
2014-09-10,Gothic_ME,0.103,
2014-09-11,Gothic_ME,0.0877,
2014-09-12,Gothic_ME,0.0709,
2014-09-13,Gothic_ME,0.0597,
2014-09-14,Gothic_ME,0.0522,
2014-09-15,Gothic_ME,0.0477,
2014-09-16,Gothic_ME,0.0454,
2014-09-17,Gothic_ME,0.0396,
2014-09-18,Gothic_ME,0.0353,
2014-09-19,Gothic_ME,0.0313,
2014-09-20,Gothic_ME,0.0305,
2014-09-21,Gothic_ME,0.0417,
2014-09-22,Gothic_ME,0.0522,
2014-09-23,Gothic_ME,0.0342,
2014-09-24,Gothic_ME,0.0292,
2014-09-25,Gothic_ME,0.0259,
2014-09-26,Gothic_ME,0.0231,
2014-09-27,Gothic_ME,0.0205,
2014-09-28,Gothic_ME,0.0245,
2014-09-29,Gothic_ME,0.0252,
2014-09-30,Gothic_ME,0.0214,
2014-10-01,Gothic_ME,0.0182,
2014-10-02,Gothic_ME,0.0154,
2014-10-03,Gothic_ME,0.0129,
2014-10-04,Gothic_ME,0.0109,
2014-10-05,Gothic_ME,0.0091,
2014-10-06,Gothic_ME,0.0075,
2014-10-07,Gothic_ME,0.0057,
2014-10-08,Gothic_ME,0.0052,
2014-10-09,Gothic_ME,0.0075,
2014-10-10,Gothic_ME,0.0078,
2014-10-11,Gothic_ME,0.0081,
2014-10-12,Gothic_ME,0.0085,
2014-10-13,Gothic_ME,0.0077,
2014-10-14,Gothic_ME,0.0063,
2014-10-15,Gothic_ME,0.006,
2014-10-16,Gothic_ME,0.0057,
2014-10-17,Gothic_ME,0.0054,
2014-10-18,Gothic_ME,0.0056,
2014-10-19,Gothic_ME,0.0056,
2014-10-20,Gothic_ME,0.0055,
2014-10-21,Gothic_ME,0.0062,
2014-10-22,Gothic_ME,0.0068,
2014-10-23,Gothic_ME,0.0051,
2014-10-24,Gothic_ME,0.0046,
2014-10-25,Gothic_ME,0.0047,
2014-10-26,Gothic_ME,0.0049,
2014-10-27,Gothic_ME,0.0052,
2014-10-28,Gothic_ME,0.0041,
2014-10-29,Gothic_ME,0.0038,
2014-10-30,Gothic_ME,0.0036,
2014-10-31,Gothic_ME,0.0038,
2014-11-01,Gothic_ME,0.0038,
2014-11-02,Gothic_ME,0.0044,
2014-11-03,Gothic_ME,0.004,
2014-11-04,Gothic_ME,0.0053,
2014-11-05,Gothic_ME,0.0043,
2014-11-06,Gothic_ME,0.0036,
2014-11-07,Gothic_ME,0.0037,
2014-11-08,Gothic_ME,0.0036,
2014-11-09,Gothic_ME,0.0042,
2014-11-10,Gothic_ME,0.0032,
2014-11-11,Gothic_ME,0.0036,
2014-11-12,Gothic_ME,0.0031,
2014-11-13,Gothic_ME,0.0038,
2014-11-14,Gothic_ME,0.0037,
2014-11-15,Gothic_ME,0.004,
2014-11-16,Gothic_ME,0.0043,
2014-11-17,Gothic_ME,0.0052,
2014-11-18,Gothic_ME,0.0044,
2014-11-19,Gothic_ME,0.004,
2014-11-20,Gothic_ME,0.0037,
2014-11-21,Gothic_ME,0.0033,
2014-11-22,Gothic_ME,0.0041,
2014-11-23,Gothic_ME,0.0036,
2014-11-24,Gothic_ME,0.0042,
2014-11-25,Gothic_ME,0.0046,
2014-11-26,Gothic_ME,0.0029,
2014-11-27,Gothic_ME,0.0035,
2014-11-28,Gothic_ME,0.0032,
2014-11-29,Gothic_ME,0.0027,
2014-11-30,Gothic_ME,0.0025,
2014-12-01,Gothic_ME,0.003,
2014-12-02,Gothic_ME,0.0033,
2014-12-03,Gothic_ME,0.003,
2014-12-04,Gothic_ME,0.0028,
2014-12-05,Gothic_ME,0.0026,
2014-12-06,Gothic_ME,0.0032,
2014-12-07,Gothic_ME,0.0031,
2014-12-08,Gothic_ME,0.0031,
2014-12-09,Gothic_ME,0.003,
2014-12-10,Gothic_ME,0.0028,
2014-12-11,Gothic_ME,0.0026,
2014-12-12,Gothic_ME,0.0027,
2014-12-13,Gothic_ME,0.003,
2014-12-14,Gothic_ME,0.0027,
2014-12-15,Gothic_ME,0.0033,
2014-12-16,Gothic_ME,0.004,
2014-12-17,Gothic_ME,0.0035,
2014-12-18,Gothic_ME,0.0034,
2014-12-19,Gothic_ME,0.0039,
2014-12-20,Gothic_ME,0.004,
2014-12-21,Gothic_ME,0.0034,
2014-12-22,Gothic_ME,0.0033,
2014-12-23,Gothic_ME,0.0043,
2014-12-24,Gothic_ME,0.0046,
2014-12-25,Gothic_ME,0.0029,
2014-12-26,Gothic_ME,0.0029,
2014-12-27,Gothic_ME,0.0044,
2014-12-28,Gothic_ME,0.0046,
2014-12-29,Gothic_ME,0.0035,
2014-12-30,Gothic_ME,0.0037,
2014-12-31,Gothic_ME,0.0037,
2015-01-01,Gothic_ME,0.0031,
2015-01-02,Gothic_ME,0.0036,
2015-01-03,Gothic_ME,0.0027,
2015-01-04,Gothic_ME,0.0028,
2015-01-05,Gothic_ME,0.0023,
2015-01-06,Gothic_ME,0.0025,
2015-01-07,Gothic_ME,0.0027,
2015-01-08,Gothic_ME,0.0024,
2015-01-09,Gothic_ME,0.0024,
2015-01-10,Gothic_ME,0.0026,
2015-01-11,Gothic_ME,0.0022,
2015-01-12,Gothic_ME,0.0029,
2015-01-13,Gothic_ME,0.0024,
2015-01-14,Gothic_ME,0.0024,
2015-01-15,Gothic_ME,0.0027,
2015-01-16,Gothic_ME,0.0028,
2015-01-17,Gothic_ME,0.0023,
2015-01-18,Gothic_ME,0.0022,
2015-01-19,Gothic_ME,0.0025,
2015-01-20,Gothic_ME,0.0026,
2015-01-21,Gothic_ME,0.0028,
2015-01-22,Gothic_ME,0.0031,
2015-01-23,Gothic_ME,0.0025,
2015-01-24,Gothic_ME,0.0025,
2015-01-25,Gothic_ME,0.0019,
2015-01-26,Gothic_ME,0.0016,
2015-01-27,Gothic_ME,0.0018,
2015-01-28,Gothic_ME,0.0019,
2015-01-29,Gothic_ME,0.0021,
2015-01-30,Gothic_ME,0.0024,
2015-01-31,Gothic_ME,0.0018,
2015-02-01,Gothic_ME,0.0023,
2015-02-02,Gothic_ME,0.002,
2015-02-03,Gothic_ME,0.0018,
2015-02-04,Gothic_ME,0.0016,
2015-02-05,Gothic_ME,0.0016,
2015-02-06,Gothic_ME,0.0017,
2015-02-07,Gothic_ME,0.0015,
2015-02-08,Gothic_ME,0.0015,
2015-02-09,Gothic_ME,0.0018,
2015-02-10,Gothic_ME,0.0016,
2015-02-11,Gothic_ME,0.0017,
2015-02-12,Gothic_ME,0.002,
2015-02-13,Gothic_ME,0.0016,
2015-02-14,Gothic_ME,0.0017,
2015-02-15,Gothic_ME,0.002,
2015-02-16,Gothic_ME,0.0023,
2015-02-17,Gothic_ME,0.0023,
2015-02-18,Gothic_ME,0.0015,
2015-02-19,Gothic_ME,0.0017,
2015-02-20,Gothic_ME,0.0017,
2015-02-21,Gothic_ME,0.0018,
2015-02-22,Gothic_ME,0.0017,
2015-02-23,Gothic_ME,0.0015,
2015-02-24,Gothic_ME,0.0018,
2015-02-25,Gothic_ME,0.0018,
2015-02-26,Gothic_ME,0.0022,
2015-02-27,Gothic_ME,0.0017,
2015-02-28,Gothic_ME,0.0015,
2015-03-01,Gothic_ME,0.0014,
2015-03-02,Gothic_ME,0.0016,
2015-03-03,Gothic_ME,0.0017,
2015-03-04,Gothic_ME,0.0019,
2015-03-05,Gothic_ME,0.0022,
2015-03-06,Gothic_ME,0.0019,
2015-03-07,Gothic_ME,0.0018,
2015-03-08,Gothic_ME,0.0015,
2015-03-09,Gothic_ME,0.0014,
2015-03-10,Gothic_ME,0.0014,
2015-03-11,Gothic_ME,0.0016,
2015-03-12,Gothic_ME,0.0014,
2015-03-13,Gothic_ME,0.0014,
2015-03-14,Gothic_ME,0.0015,
2015-03-15,Gothic_ME,0.0015,
2015-03-16,Gothic_ME,0.0015,
2015-03-17,Gothic_ME,0.0017,
2015-03-18,Gothic_ME,0.002,
2015-03-19,Gothic_ME,0.0023,
2015-03-20,Gothic_ME,0.0023,
2015-03-21,Gothic_ME,0.0023,
2015-03-22,Gothic_ME,0.0022,
2015-03-23,Gothic_ME,0.0024,
2015-03-24,Gothic_ME,0.0027,
2015-03-25,Gothic_ME,0.0028,
2015-03-26,Gothic_ME,0.0028,
2015-03-27,Gothic_ME,0.0022,
2015-03-28,Gothic_ME,0.0022,
2015-03-29,Gothic_ME,0.0025,
2015-03-30,Gothic_ME,0.0029,
2015-03-31,Gothic_ME,0.003,
2015-04-01,Gothic_ME,0.0032,
2015-04-02,Gothic_ME,0.0032,
2015-04-03,Gothic_ME,0.0041,
2015-04-04,Gothic_ME,0.0035,
2015-04-05,Gothic_ME,0.0026,
2015-04-06,Gothic_ME,0.0026,
2015-04-07,Gothic_ME,0.0031,
2015-04-08,Gothic_ME,0.0037,
2015-04-09,Gothic_ME,0.0038,
2015-04-10,Gothic_ME,0.0037,
2015-04-11,Gothic_ME,0.0037,
2015-04-12,Gothic_ME,0.0035,
2015-04-13,Gothic_ME,0.004,
2015-04-14,Gothic_ME,0.0049,
2015-04-15,Gothic_ME,0.0059,
2015-04-16,Gothic_ME,0.0053,
2015-04-17,Gothic_ME,0.0055,
2015-04-18,Gothic_ME,0.0052,
2015-04-19,Gothic_ME,0.0044,
2015-04-20,Gothic_ME,0.004,
2015-04-21,Gothic_ME,0.0036,
2015-04-22,Gothic_ME,0.0037,
2015-04-23,Gothic_ME,0.0042,
2015-04-24,Gothic_ME,0.0042,
2015-04-25,Gothic_ME,0.004,
2015-04-26,Gothic_ME,0.0035,
2015-04-27,Gothic_ME,0.0037,
2015-04-28,Gothic_ME,0.0045,
2015-04-29,Gothic_ME,0.0051,
2015-04-30,Gothic_ME,0.0071,
2015-05-01,Gothic_ME,0.0111,
2015-05-02,Gothic_ME,0.0144,
2015-05-03,Gothic_ME,0.018,
2015-05-04,Gothic_ME,0.0181,
2015-05-05,Gothic_ME,0.0167,
2015-05-06,Gothic_ME,0.0161,
2015-05-07,Gothic_ME,0.0162,
2015-05-08,Gothic_ME,0.0166,
2015-05-09,Gothic_ME,0.0171,
2015-05-10,Gothic_ME,0.0143,
2015-05-11,Gothic_ME,0.0128,
2015-05-12,Gothic_ME,0.0117,
2015-05-13,Gothic_ME,0.0154,
2015-05-14,Gothic_ME,0.0177,
2015-05-15,Gothic_ME,0.0181,
2015-05-16,Gothic_ME,0.0145,
2015-05-17,Gothic_ME,0.0131,
2015-05-18,Gothic_ME,0.0135,
2015-05-19,Gothic_ME,0.0153,
2015-05-20,Gothic_ME,0.0144,
2015-05-21,Gothic_ME,0.0147,
2015-05-22,Gothic_ME,0.0163,
2015-05-23,Gothic_ME,0.0178,
2015-05-24,Gothic_ME,0.0158,
2015-05-25,Gothic_ME,0.0151,
2015-05-26,Gothic_ME,0.0174,
2015-05-27,Gothic_ME,0.0203,
2015-05-28,Gothic_ME,0.0288,
2015-05-29,Gothic_ME,0.0304,
2015-05-30,Gothic_ME,0.0341,
2015-05-31,Gothic_ME,0.0576,
2015-06-01,Gothic_ME,0.1027,
2015-06-02,Gothic_ME,0.1994,
2015-06-03,Gothic_ME,0.1852,
2015-06-04,Gothic_ME,0.1733,
2015-06-05,Gothic_ME,0.1447,
2015-06-06,Gothic_ME,0.1407,
2015-06-07,Gothic_ME,0.1378,
2015-06-08,Gothic_ME,0.1998,
2015-06-09,Gothic_ME,0.2895,
2015-06-10,Gothic_ME,0.315,
2015-06-11,Gothic_ME,0.4902,
2015-06-12,Gothic_ME,0.1572,
2015-06-13,Gothic_ME,0.1202,
2015-06-14,Gothic_ME,0.0921,
2015-06-15,Gothic_ME,0.0918,
2015-06-16,Gothic_ME,0.1931,
2015-06-17,Gothic_ME,0.1769,
2015-06-18,Gothic_ME,0.1343,
2015-06-19,Gothic_ME,0.1207,
2015-06-20,Gothic_ME,0.1021,
2015-06-21,Gothic_ME,0.0864,
2015-06-22,Gothic_ME,0.0761,
2015-06-23,Gothic_ME,0.0732,
2015-06-24,Gothic_ME,0.0725,
2015-06-25,Gothic_ME,0.0647,
2015-06-26,Gothic_ME,0.0563,
2015-06-27,Gothic_ME,0.0501,
2015-06-28,Gothic_ME,0.0437,
2015-06-29,Gothic_ME,0.0445,
2015-06-30,Gothic_ME,0.0396,
2015-07-01,Gothic_ME,0.0368,
2015-07-02,Gothic_ME,0.0288,
2015-07-03,Gothic_ME,0.0246,
2015-07-04,Gothic_ME,0.0243,
2015-07-05,Gothic_ME,0.0209,
2015-07-06,Gothic_ME,0.0229,
2015-07-07,Gothic_ME,0.017,
2015-07-08,Gothic_ME,0.0137,
2015-07-09,Gothic_ME,0.0161,
2015-07-10,Gothic_ME,0.0144,
2015-07-11,Gothic_ME,0.0187,
2015-07-12,Gothic_ME,0.0186,
2015-07-13,Gothic_ME,0.0166,
2015-07-14,Gothic_ME,0.0188,
2015-07-15,Gothic_ME,0.0157,
2015-07-16,Gothic_ME,0.013,
2015-07-17,Gothic_ME,0.0112,
2015-07-18,Gothic_ME,0.0115,
2015-07-19,Gothic_ME,0.015,
2015-07-20,Gothic_ME,0.0159,
2015-07-21,Gothic_ME,0.0125,
2015-07-22,Gothic_ME,0.0089,
2015-07-23,Gothic_ME,0.0092,
2015-07-24,Gothic_ME,0.0117,
2015-07-25,Gothic_ME,0.0091,
2015-07-26,Gothic_ME,0.0079,
2015-07-27,Gothic_ME,0.0066,
2015-07-28,Gothic_ME,0.0055,
2015-07-29,Gothic_ME,0.0046,
2015-07-30,Gothic_ME,0.0042,
2015-07-31,Gothic_ME,0.0053,
2015-08-01,Gothic_ME,0.0052,
2015-08-02,Gothic_ME,0.0051,
2015-08-03,Gothic_ME,0.0054,
2015-08-04,Gothic_ME,0.0049,
2015-08-05,Gothic_ME,0.0034,
2015-08-06,Gothic_ME,0.0029,
2015-08-07,Gothic_ME,0.0036,
2015-08-08,Gothic_ME,0.0036,
2015-08-09,Gothic_ME,0.0028,
2015-08-10,Gothic_ME,0.0024,
2015-08-11,Gothic_ME,0.0032,
2015-08-12,Gothic_ME,0.0038,
2015-08-13,Gothic_ME,0.0026,
2015-08-14,Gothic_ME,0.0029,
2015-08-15,Gothic_ME,0.0027,
2015-08-16,Gothic_ME,0.0027,
2015-08-17,Gothic_ME,0.0033,
2015-08-18,Gothic_ME,0.0034,
2015-08-19,Gothic_ME,0.0023,
2015-08-20,Gothic_ME,0.0019,
2015-08-21,Gothic_ME,0.0021,
2015-08-22,Gothic_ME,0.0019,
2015-08-23,Gothic_ME,0.002,
2015-08-24,Gothic_ME,0.0016,
2015-08-25,Gothic_ME,0.0017,
2015-08-26,Gothic_ME,0.0028,
2015-08-27,Gothic_ME,0.0101,
2015-08-28,Gothic_ME,0.0048,
2015-08-29,Gothic_ME,0.0038,
2015-08-30,Gothic_ME,0.004,
2015-08-31,Gothic_ME,0.0044,
2015-09-01,Gothic_ME,0.0039,
2015-09-02,Gothic_ME,0.0045,
2015-09-03,Gothic_ME,0.0072,
2015-09-04,Gothic_ME,0.0073,
2015-09-05,Gothic_ME,0.0086,
2015-09-06,Gothic_ME,0.014,
2015-09-07,Gothic_ME,0.0211,
2015-09-08,Gothic_ME,0.0161,
2015-09-09,Gothic_ME,0.0132,
2015-09-10,Gothic_ME,0.0065,
2015-09-11,Gothic_ME,0.0025,
2015-09-12,Gothic_ME,0.0022,
2015-09-13,Gothic_ME,0.0023,
2015-09-14,Gothic_ME,0.0022,
2015-09-15,Gothic_ME,0.0054,
2015-09-16,Gothic_ME,0.0035,
2015-09-17,Gothic_ME,0.0027,
2015-09-18,Gothic_ME,0.0023,
2015-09-19,Gothic_ME,0.002,
2015-09-20,Gothic_ME,0.0018,
2015-09-21,Gothic_ME,0.0018,
2015-09-22,Gothic_ME,0.0019,
2015-09-23,Gothic_ME,0.0018,
2015-09-24,Gothic_ME,0.0017,
2015-09-25,Gothic_ME,0.0014,
2015-09-26,Gothic_ME,0.0013,
2015-09-27,Gothic_ME,0.0013,
2015-09-28,Gothic_ME,0.0012,
2015-09-29,Gothic_ME,0.0012,
2015-09-30,Gothic_ME,0.0012,
2015-10-01,Gothic_ME,0.0012,
2015-10-02,Gothic_ME,0.0012,
2015-10-03,Gothic_ME,0.0012,
2015-10-04,Gothic_ME,0.001,
2015-10-05,Gothic_ME,0.0014,
2015-10-06,Gothic_ME,0.0018,
2015-10-07,Gothic_ME,0.0011,
2015-10-08,Gothic_ME,0.001,
2015-10-09,Gothic_ME,0.0009,
2015-10-10,Gothic_ME,0.0009,
2015-10-11,Gothic_ME,0.001,
2015-10-12,Gothic_ME,0.001,
2015-10-13,Gothic_ME,0.0008,
2015-10-14,Gothic_ME,0.0008,
2015-10-15,Gothic_ME,0.0007,
2015-10-16,Gothic_ME,0.0007,
2015-10-17,Gothic_ME,0.0007,
2015-10-18,Gothic_ME,0.0011,
2015-10-19,Gothic_ME,0.0016,
2015-10-20,Gothic_ME,0.001,
2015-10-21,Gothic_ME,0.0009,
2015-10-22,Gothic_ME,0.0008,
2015-10-23,Gothic_ME,0.0007,
2015-10-24,Gothic_ME,0.0006,
2015-10-25,Gothic_ME,0.0007,
2015-10-26,Gothic_ME,0.0007,
2015-10-27,Gothic_ME,0.0006,
2015-10-28,Gothic_ME,0.0006,
2015-10-29,Gothic_ME,0.0006,
2015-10-30,Gothic_ME,0.0006,
2015-10-31,Gothic_ME,0.0005,
2015-11-01,Gothic_ME,0.0005,
2015-11-02,Gothic_ME,0.0005,
2015-11-03,Gothic_ME,0.0005,
2015-11-04,Gothic_ME,0.0005,
2015-11-05,Gothic_ME,0.0004,
2015-11-06,Gothic_ME,0.0004,
2015-11-07,Gothic_ME,0.0005,
2015-11-08,Gothic_ME,0.0006,
2015-11-09,Gothic_ME,0.0006,
2015-11-10,Gothic_ME,0.0006,
2015-11-11,Gothic_ME,0.0004,
2015-11-12,Gothic_ME,0.0004,
2015-11-13,Gothic_ME,0.0004,
2015-11-14,Gothic_ME,0.0004,
2015-11-15,Gothic_ME,0.0005,
2015-11-16,Gothic_ME,0.0005,
2015-11-17,Gothic_ME,0.0004,
2015-11-18,Gothic_ME,0.0003,
2015-11-19,Gothic_ME,0.0004,
2015-11-20,Gothic_ME,0.0004,
2015-11-21,Gothic_ME,0.0003,
2015-11-22,Gothic_ME,0.0003,
2015-11-23,Gothic_ME,0.0004,
2015-11-24,Gothic_ME,0.0003,
2015-11-25,Gothic_ME,0.0003,
2015-11-26,Gothic_ME,0.0003,
2015-11-27,Gothic_ME,0.0003,
2015-11-28,Gothic_ME,0.0003,
2015-11-29,Gothic_ME,0.0003,
2015-11-30,Gothic_ME,0.0003,
2015-12-01,Gothic_ME,0.0002,
2015-12-02,Gothic_ME,0.0002,
2015-12-03,Gothic_ME,0.0003,
2015-12-04,Gothic_ME,0.0003,
2015-12-05,Gothic_ME,0.0002,
2015-12-06,Gothic_ME,0.0002,
2015-12-07,Gothic_ME,0.0003,
2015-12-08,Gothic_ME,0.0002,
2015-12-09,Gothic_ME,0.0002,
2015-12-10,Gothic_ME,0.0003,
2015-12-11,Gothic_ME,0.0002,
2015-12-12,Gothic_ME,0.0002,
2015-12-13,Gothic_ME,0.0002,
2015-12-14,Gothic_ME,0.0003,
2015-12-15,Gothic_ME,0.0002,
2015-12-16,Gothic_ME,0.0002,
2015-12-17,Gothic_ME,0.0001,
2015-12-18,Gothic_ME,0.0001,
2015-12-19,Gothic_ME,0.0002,
2015-12-20,Gothic_ME,0.0001,
2015-12-21,Gothic_ME,0.0001,
2015-12-22,Gothic_ME,0.0002,
2015-12-23,Gothic_ME,0.0002,
2015-12-24,Gothic_ME,0.0001,
2015-12-25,Gothic_ME,0.0001,
2015-12-26,Gothic_ME,0.0001,
2015-12-27,Gothic_ME,0.0001,
2015-12-28,Gothic_ME,0.0001,
2015-12-29,Gothic_ME,0.0001,
2015-12-30,Gothic_ME,0.0001,
2015-12-31,Gothic_ME,0.0001,
2016-01-01,Gothic_ME,0.0001,
2016-01-02,Gothic_ME,0.0001,
2016-01-03,Gothic_ME,0.0001,
2016-01-04,Gothic_ME,0.0001,
2016-01-05,Gothic_ME,0.0001,
2016-01-06,Gothic_ME,0.0001,
2016-01-07,Gothic_ME,0.0001,
2016-01-08,Gothic_ME,0.0001,
2016-01-09,Gothic_ME,0.0001,
2016-01-10,Gothic_ME,0.0001,
2016-01-11,Gothic_ME,0.0001,
2016-01-12,Gothic_ME,0.0001,
2016-01-13,Gothic_ME,0.0001,
2016-01-14,Gothic_ME,0.0001,
2016-01-15,Gothic_ME,0.0001,
2016-01-16,Gothic_ME,0.0001,
2016-01-17,Gothic_ME,0.0001,
2016-01-18,Gothic_ME,0.0001,
2016-01-19,Gothic_ME,0.0001,
2016-01-20,Gothic_ME,0.0001,
2016-01-21,Gothic_ME,0.0001,
2016-01-22,Gothic_ME,0.0001,
2016-01-23,Gothic_ME,0.0001,
2016-01-24,Gothic_ME,0.0001,
2016-01-25,Gothic_ME,0.0,
2016-01-26,Gothic_ME,0.0,
2016-01-27,Gothic_ME,0.0,
2016-01-28,Gothic_ME,0.0001,
2016-01-29,Gothic_ME,0.0001,
2016-01-30,Gothic_ME,0.0001,
2016-01-31,Gothic_ME,0.0001,
2016-02-01,Gothic_ME,0.0001,
2016-02-02,Gothic_ME,0.0001,
2016-02-03,Gothic_ME,0.0,
2016-02-04,Gothic_ME,0.0001,
2016-02-05,Gothic_ME,0.0,
2016-02-06,Gothic_ME,0.0,
2016-02-07,Gothic_ME,0.0,
2016-02-08,Gothic_ME,0.0,
2016-02-09,Gothic_ME,0.0,
2016-02-10,Gothic_ME,0.0,
2016-02-11,Gothic_ME,0.0,
2016-02-12,Gothic_ME,0.0,
2016-02-13,Gothic_ME,0.0,
2016-02-14,Gothic_ME,0.0,
2016-02-15,Gothic_ME,0.0,
2016-02-16,Gothic_ME,0.0,
2016-02-17,Gothic_ME,0.0,
2016-02-18,Gothic_ME,0.0,
2016-02-19,Gothic_ME,0.0,
2016-02-20,Gothic_ME,0.0,
2016-02-21,Gothic_ME,0.0,
2016-02-22,Gothic_ME,0.0,
2016-02-23,Gothic_ME,0.0,
2016-02-24,Gothic_ME,0.0,
2016-02-25,Gothic_ME,0.0,
2016-02-26,Gothic_ME,0.0,
2016-02-27,Gothic_ME,0.0,
2016-02-28,Gothic_ME,0.0,
2016-02-29,Gothic_ME,0.0,
2016-03-01,Gothic_ME,0.0,
2016-03-02,Gothic_ME,0.0,
2016-03-03,Gothic_ME,0.0,
2016-03-04,Gothic_ME,0.0,
2016-03-05,Gothic_ME,0.0,
2016-03-06,Gothic_ME,0.0,
2016-03-07,Gothic_ME,0.0,
2016-03-08,Gothic_ME,0.0,
2016-03-09,Gothic_ME,0.0,
2016-03-10,Gothic_ME,0.0,
2016-03-11,Gothic_ME,0.0,
2016-03-12,Gothic_ME,0.0,
2016-03-13,Gothic_ME,0.0,
2016-03-14,Gothic_ME,0.0,
2016-03-15,Gothic_ME,0.0,
2016-03-16,Gothic_ME,0.0,
2016-03-17,Gothic_ME,0.0,
2016-03-18,Gothic_ME,0.0,
2016-03-19,Gothic_ME,0.0,
2016-03-20,Gothic_ME,0.0,
2016-03-21,Gothic_ME,0.0001,
2016-03-22,Gothic_ME,0.0001,
2016-03-23,Gothic_ME,0.0,
2016-03-24,Gothic_ME,0.0,
2016-03-25,Gothic_ME,0.0,
2016-03-26,Gothic_ME,0.0,
2016-03-27,Gothic_ME,0.0,
2016-03-28,Gothic_ME,0.0,
2016-03-29,Gothic_ME,0.0,
2016-03-30,Gothic_ME,0.0,
2016-03-31,Gothic_ME,0.0,
2016-04-01,Gothic_ME,0.0,
2016-04-02,Gothic_ME,0.0,
2016-04-03,Gothic_ME,0.0001,
2016-04-04,Gothic_ME,0.0001,
2016-04-05,Gothic_ME,0.0001,
2016-04-06,Gothic_ME,0.0001,
2016-04-07,Gothic_ME,0.0002,
2016-04-08,Gothic_ME,0.0003,
2016-04-09,Gothic_ME,0.0003,
2016-04-10,Gothic_ME,0.0003,
2016-04-11,Gothic_ME,0.0003,
2016-04-12,Gothic_ME,0.0004,
2016-04-13,Gothic_ME,0.0006,
2016-04-14,Gothic_ME,0.0008,
2016-04-15,Gothic_ME,0.0007,
2016-04-16,Gothic_ME,0.0005,
2016-04-17,Gothic_ME,0.0004,
2016-04-18,Gothic_ME,0.0004,
2016-04-19,Gothic_ME,0.0004,
2016-04-20,Gothic_ME,0.0003,
2016-04-21,Gothic_ME,0.0004,
2016-04-22,Gothic_ME,0.0005,
2016-04-23,Gothic_ME,0.0007,
2016-04-24,Gothic_ME,0.0006,
2016-04-25,Gothic_ME,0.0006,
2016-04-26,Gothic_ME,0.0005,
2016-04-27,Gothic_ME,0.0006,
2016-04-28,Gothic_ME,0.0005,
2016-04-29,Gothic_ME,0.0005,
2016-04-30,Gothic_ME,0.0004,
2016-05-01,Gothic_ME,0.0004,
2016-05-02,Gothic_ME,0.0004,
2016-05-03,Gothic_ME,0.0005,
2016-05-04,Gothic_ME,0.0008,
2016-05-05,Gothic_ME,0.0014,
2016-05-06,Gothic_ME,0.0026,
2016-05-07,Gothic_ME,0.0023,
2016-05-08,Gothic_ME,0.0017,
2016-05-09,Gothic_ME,0.0013,
2016-05-10,Gothic_ME,0.0013,
2016-05-11,Gothic_ME,0.0011,
2016-05-12,Gothic_ME,0.0012,
2016-05-13,Gothic_ME,0.002,
2016-05-14,Gothic_ME,0.004,
2016-05-15,Gothic_ME,0.0062,
2016-05-16,Gothic_ME,0.0052,
2016-05-17,Gothic_ME,0.0041,
2016-05-18,Gothic_ME,0.0041,
2016-05-19,Gothic_ME,0.006,
2016-05-20,Gothic_ME,0.0099,
2016-05-21,Gothic_ME,0.0149,
2016-05-22,Gothic_ME,0.0174,
2016-05-23,Gothic_ME,0.0141,
2016-05-24,Gothic_ME,0.0157,
2016-05-25,Gothic_ME,0.0184,
2016-05-26,Gothic_ME,0.0163,
2016-05-27,Gothic_ME,0.0102,
2016-05-28,Gothic_ME,0.0091,
2016-05-29,Gothic_ME,0.0128,
2016-05-30,Gothic_ME,0.0188,
2016-05-31,Gothic_ME,0.0284,
2016-06-01,Gothic_ME,0.0489,
2016-06-02,Gothic_ME,0.0591,
2016-06-03,Gothic_ME,0.0741,
2016-06-04,Gothic_ME,0.1202,
2016-06-05,Gothic_ME,0.1701,
2016-06-06,Gothic_ME,0.1641,
2016-06-07,Gothic_ME,0.1431,
2016-06-08,Gothic_ME,0.1164,
2016-06-09,Gothic_ME,0.16,
2016-06-10,Gothic_ME,0.2425,
2016-06-11,Gothic_ME,0.2596,
2016-06-12,Gothic_ME,0.1999,
2016-06-13,Gothic_ME,0.1212,
2016-06-14,Gothic_ME,0.0797,
2016-06-15,Gothic_ME,0.0979,
2016-06-16,Gothic_ME,0.0928,
2016-06-17,Gothic_ME,0.0967,
2016-06-18,Gothic_ME,0.0984,
2016-06-19,Gothic_ME,0.1032,
2016-06-20,Gothic_ME,0.1519,
2016-06-21,Gothic_ME,0.138,
2016-06-22,Gothic_ME,0.0787,
2016-06-23,Gothic_ME,0.0642,
2016-06-24,Gothic_ME,0.0494,
2016-06-25,Gothic_ME,0.0398,
2016-06-26,Gothic_ME,0.0324,
2016-06-27,Gothic_ME,0.026,
2016-06-28,Gothic_ME,0.0227,
2016-06-29,Gothic_ME,0.0201,
2016-06-30,Gothic_ME,0.0172,
2016-07-01,Gothic_ME,0.0182,
2016-07-02,Gothic_ME,0.0144,
2016-07-03,Gothic_ME,0.0138,
2016-07-04,Gothic_ME,0.0132,
2016-07-05,Gothic_ME,0.0124,
2016-07-06,Gothic_ME,0.0097,
2016-07-07,Gothic_ME,0.0073,
2016-07-08,Gothic_ME,0.0067,
2016-07-09,Gothic_ME,0.0061,
2016-07-10,Gothic_ME,0.0055,
2016-07-11,Gothic_ME,0.0041,
2016-07-12,Gothic_ME,0.0033,
2016-07-13,Gothic_ME,0.0028,
2016-07-14,Gothic_ME,0.0026,
2016-07-15,Gothic_ME,0.0025,
2016-07-16,Gothic_ME,0.0023,
2016-07-17,Gothic_ME,0.002,
2016-07-18,Gothic_ME,0.0027,
2016-07-19,Gothic_ME,0.0033,
2016-07-20,Gothic_ME,0.0025,
2016-07-21,Gothic_ME,0.0025,
2016-07-22,Gothic_ME,0.0022,
2016-07-23,Gothic_ME,0.0019,
2016-07-24,Gothic_ME,0.0016,
2016-07-25,Gothic_ME,0.0015,
2016-07-26,Gothic_ME,0.0015,
2016-07-27,Gothic_ME,0.0013,
2016-07-28,Gothic_ME,0.0012,
2016-07-29,Gothic_ME,0.001,
2016-07-30,Gothic_ME,0.0009,
2016-07-31,Gothic_ME,0.0009,
2016-08-01,Gothic_ME,0.001,
2016-08-02,Gothic_ME,0.0008,
2016-08-03,Gothic_ME,0.0008,
2016-08-04,Gothic_ME,0.0022,
2016-08-05,Gothic_ME,0.0032,
2016-08-06,Gothic_ME,0.0025,
2016-08-07,Gothic_ME,0.0017,
2016-08-08,Gothic_ME,0.0016,
2016-08-09,Gothic_ME,0.0022,
2016-08-10,Gothic_ME,0.002,
2016-08-11,Gothic_ME,0.0018,
2016-08-12,Gothic_ME,0.0012,
2016-08-13,Gothic_ME,0.001,
2016-08-14,Gothic_ME,0.0008,
2016-08-15,Gothic_ME,0.0007,
2016-08-16,Gothic_ME,0.0007,
2016-08-17,Gothic_ME,0.0007,
2016-08-18,Gothic_ME,0.0007,
2016-08-19,Gothic_ME,0.0007,
2016-08-20,Gothic_ME,0.0006,
2016-08-21,Gothic_ME,0.0006,
2016-08-22,Gothic_ME,0.0005,
2016-08-23,Gothic_ME,0.0009,
2016-08-24,Gothic_ME,0.0012,
2016-08-25,Gothic_ME,0.0009,
2016-08-26,Gothic_ME,0.0012,
2016-08-27,Gothic_ME,0.0007,
2016-08-28,Gothic_ME,0.0007,
2016-08-29,Gothic_ME,0.0009,
2016-08-30,Gothic_ME,0.0009,
2016-08-31,Gothic_ME,0.0006,
2016-09-01,Gothic_ME,0.0006,
2016-09-02,Gothic_ME,0.0015,
2016-09-03,Gothic_ME,0.0019,
2016-09-04,Gothic_ME,0.0017,
2016-09-05,Gothic_ME,0.001,
2016-09-06,Gothic_ME,0.0008,
2016-09-07,Gothic_ME,0.0007,
2016-09-08,Gothic_ME,0.0008,
2016-09-09,Gothic_ME,0.0007,
2016-09-10,Gothic_ME,0.0007,
2016-09-11,Gothic_ME,0.0007,
2016-09-12,Gothic_ME,0.0009,
2016-09-13,Gothic_ME,0.0009,
2016-09-14,Gothic_ME,0.0012,
2016-09-15,Gothic_ME,0.0013,
2016-09-16,Gothic_ME,0.0007,
2016-09-17,Gothic_ME,0.0006,
2016-09-18,Gothic_ME,0.0005,
2016-09-19,Gothic_ME,0.0004,
2016-09-20,Gothic_ME,0.0004,
2016-09-21,Gothic_ME,0.0007,
2016-09-22,Gothic_ME,0.001,
2016-09-23,Gothic_ME,0.0013,
2016-09-24,Gothic_ME,0.0011,
2016-09-25,Gothic_ME,0.0014,
2016-09-26,Gothic_ME,0.0013,
2016-09-27,Gothic_ME,0.001,
2016-09-28,Gothic_ME,0.0007,
2016-09-29,Gothic_ME,0.0007,
2016-09-30,Gothic_ME,0.001,
2016-10-01,Gothic_ME,0.0008,
2016-10-02,Gothic_ME,0.0007,
2016-10-03,Gothic_ME,0.0007,
2016-10-04,Gothic_ME,0.0005,
2016-10-05,Gothic_ME,0.0006,
2016-10-06,Gothic_ME,0.0006,
2016-10-07,Gothic_ME,0.0006,
2016-10-08,Gothic_ME,0.0007,
2016-10-09,Gothic_ME,0.0008,
2016-10-10,Gothic_ME,0.001,
2016-10-11,Gothic_ME,0.0021,
2016-10-12,Gothic_ME,0.0022,
2016-10-13,Gothic_ME,0.0016,
2016-10-14,Gothic_ME,0.0014,
2018-10-23,Gothic_ME,0.2217,
2018-10-24,Gothic_ME,0.2312,
2018-10-25,Gothic_ME,0.203,
2018-10-26,Gothic_ME,0.1758,
2018-10-27,Gothic_ME,0.1632,
2018-10-28,Gothic_ME,0.1603,
2018-10-29,Gothic_ME,0.1537,
2018-10-30,Gothic_ME,0.16,
2018-10-31,Gothic_ME,0.1402,
2018-11-01,Gothic_ME,0.138,
2018-11-02,Gothic_ME,0.1425,
2018-11-03,Gothic_ME,0.1522,
2018-11-04,Gothic_ME,0.1487,
2018-11-05,Gothic_ME,0.1464,
2018-11-06,Gothic_ME,0.1397,
2018-11-07,Gothic_ME,0.1333,
2018-11-08,Gothic_ME,0.1271,
2018-11-09,Gothic_ME,0.1212,
2018-11-10,Gothic_ME,0.1154,
2018-11-11,Gothic_ME,0.1099,
2018-11-12,Gothic_ME,0.1045,
2018-11-13,Gothic_ME,0.0994,
2018-11-14,Gothic_ME,0.0944,
2018-11-15,Gothic_ME,0.0897,
2018-11-16,Gothic_ME,0.0851,
2018-11-17,Gothic_ME,0.0807,
2018-11-18,Gothic_ME,0.0764,
2018-11-19,Gothic_ME,0.0724,
2018-11-20,Gothic_ME,0.0685,
2018-11-21,Gothic_ME,0.0647,
2018-11-22,Gothic_ME,0.0611,
2018-11-23,Gothic_ME,0.0577,
2018-11-24,Gothic_ME,0.0544,
2018-11-25,Gothic_ME,0.099,
2018-11-26,Gothic_ME,0.0913,
2018-11-27,Gothic_ME,0.0916,
2018-11-28,Gothic_ME,0.0911,
2018-11-29,Gothic_ME,0.0938,
2018-11-30,Gothic_ME,0.0923,
2018-12-01,Gothic_ME,0.0924,
2018-12-02,Gothic_ME,0.0655,
2018-12-03,Gothic_ME,0.0673,
2018-12-04,Gothic_ME,0.0691,
2018-12-05,Gothic_ME,0.0709,
2018-12-06,Gothic_ME,0.0728,
2018-12-07,Gothic_ME,0.0747,
2018-12-08,Gothic_ME,0.0767,
2018-12-09,Gothic_ME,0.0787,
2018-12-10,Gothic_ME,0.0807,
2018-12-11,Gothic_ME,0.0594,
2018-12-12,Gothic_ME,0.0393,
2018-12-13,Gothic_ME,0.0289,
2018-12-14,Gothic_ME,0.0363,
2018-12-15,Gothic_ME,0.0451,
2018-12-16,Gothic_ME,0.0547,
2018-12-17,Gothic_ME,0.0561,
2018-12-18,Gothic_ME,0.053,
2018-12-19,Gothic_ME,0.0517,
2018-12-20,Gothic_ME,0.0463,
2018-12-21,Gothic_ME,0.0492,
2018-12-22,Gothic_ME,0.0487,
2018-12-23,Gothic_ME,0.0514,
2018-12-24,Gothic_ME,0.052,
2018-12-25,Gothic_ME,0.0559,
2018-12-26,Gothic_ME,0.0525,
2018-12-27,Gothic_ME,0.0546,
2018-12-28,Gothic_ME,0.0652,
2018-12-29,Gothic_ME,0.0623,
2018-12-30,Gothic_ME,0.0625,
2018-12-31,Gothic_ME,0.0493,
2019-01-01,Gothic_ME,0.0453,
2019-01-02,Gothic_ME,0.0419,
2019-01-03,Gothic_ME,0.0408,
2019-01-04,Gothic_ME,0.0382,
2019-01-05,Gothic_ME,0.0384,
2019-01-06,Gothic_ME,0.0359,
2019-01-07,Gothic_ME,0.032,
2019-01-08,Gothic_ME,0.0435,
2019-01-09,Gothic_ME,0.0454,
2019-01-10,Gothic_ME,0.0393,
2019-01-11,Gothic_ME,0.0384,
2019-01-12,Gothic_ME,0.0362,
2019-01-13,Gothic_ME,0.0339,
2019-01-14,Gothic_ME,0.051,
2019-01-15,Gothic_ME,0.0496,
2019-01-16,Gothic_ME,0.0381,
2019-01-17,Gothic_ME,0.0377,
2019-01-18,Gothic_ME,0.0296,
2019-01-19,Gothic_ME,0.0396,
2019-01-20,Gothic_ME,0.0432,
2019-01-21,Gothic_ME,0.038,
2019-01-22,Gothic_ME,0.0366,
2019-01-23,Gothic_ME,0.0438,
2019-01-24,Gothic_ME,0.0351,
2019-01-25,Gothic_ME,0.0347,
2019-01-26,Gothic_ME,0.03,
2019-01-27,Gothic_ME,0.0302,
2019-01-28,Gothic_ME,0.028,
2019-01-29,Gothic_ME,0.0301,
2019-01-30,Gothic_ME,0.0304,
2019-01-31,Gothic_ME,0.0293,
2019-02-01,Gothic_ME,0.029,
2019-02-02,Gothic_ME,0.0287,
2019-02-03,Gothic_ME,0.0299,
2019-02-04,Gothic_ME,0.0312,
2019-02-05,Gothic_ME,0.0322,
2019-02-06,Gothic_ME,0.0319,
2019-02-07,Gothic_ME,0.0282,
2019-02-08,Gothic_ME,0.027,
2019-02-09,Gothic_ME,0.0275,
2019-02-10,Gothic_ME,0.0279,
2019-02-11,Gothic_ME,0.0268,
2019-02-12,Gothic_ME,0.024,
2019-02-13,Gothic_ME,0.0235,
2019-02-14,Gothic_ME,0.0239,
2019-02-15,Gothic_ME,0.0254,
2019-02-16,Gothic_ME,0.0259,
2019-02-17,Gothic_ME,0.0257,
2019-02-18,Gothic_ME,0.0265,
2019-02-19,Gothic_ME,0.0271,
2019-02-20,Gothic_ME,0.0258,
2019-02-21,Gothic_ME,0.0247,
2019-02-22,Gothic_ME,0.0236,
2019-02-23,Gothic_ME,0.0225,
2019-02-24,Gothic_ME,0.0215,
2019-02-25,Gothic_ME,0.0205,
2019-02-26,Gothic_ME,0.0217,
2019-02-27,Gothic_ME,0.0212,
2019-02-28,Gothic_ME,0.0234,
2019-03-01,Gothic_ME,0.0225,
2019-03-02,Gothic_ME,0.0215,
2019-03-03,Gothic_ME,0.0171,
2019-03-04,Gothic_ME,0.008,
2019-03-05,Gothic_ME,0.0082,
2019-03-06,Gothic_ME,0.009,
2019-03-07,Gothic_ME,0.009,
2019-03-08,Gothic_ME,0.0097,
2019-03-09,Gothic_ME,0.01,
2019-03-10,Gothic_ME,0.0104,
2019-03-11,Gothic_ME,0.011,
2019-03-12,Gothic_ME,0.0112,
2019-03-13,Gothic_ME,0.012,
2019-03-14,Gothic_ME,0.0122,
2019-03-15,Gothic_ME,0.013,
2019-03-16,Gothic_ME,0.0133,
2019-03-17,Gothic_ME,0.014,
2019-03-18,Gothic_ME,0.0145,
2019-03-19,Gothic_ME,0.015,
2019-03-20,Gothic_ME,0.0159,
2019-03-21,Gothic_ME,0.0162,
2019-03-22,Gothic_ME,0.017,
2019-03-23,Gothic_ME,0.0177,
2019-03-24,Gothic_ME,0.0182,
2019-03-25,Gothic_ME,0.019,
2019-03-26,Gothic_ME,0.011,
2019-03-27,Gothic_ME,0.0303,
2019-03-28,Gothic_ME,0.0389,
2019-03-29,Gothic_ME,0.0471,
2019-03-30,Gothic_ME,0.0444,
2019-03-31,Gothic_ME,0.0379,
2019-04-01,Gothic_ME,0.0339,
2019-04-02,Gothic_ME,0.0353,
2019-04-03,Gothic_ME,0.036,
2019-04-04,Gothic_ME,0.0369,
2019-04-05,Gothic_ME,0.0546,
2019-04-06,Gothic_ME,0.087,
2019-04-07,Gothic_ME,0.1047,
2019-04-08,Gothic_ME,0.1395,
2019-04-09,Gothic_ME,0.1782,
2019-04-10,Gothic_ME,0.1916,
2019-04-11,Gothic_ME,0.186,
2019-04-12,Gothic_ME,0.189,
2019-04-13,Gothic_ME,0.1617,
2019-04-14,Gothic_ME,0.1399,
2019-04-15,Gothic_ME,0.1517,
2019-04-16,Gothic_ME,0.191,
2019-04-17,Gothic_ME,0.2255,
2019-04-18,Gothic_ME,0.2943,
2019-04-19,Gothic_ME,0.393,
2019-04-20,Gothic_ME,0.5256,
2019-04-21,Gothic_ME,0.6152,
2019-04-22,Gothic_ME,0.76,
2019-04-23,Gothic_ME,1.0548,
2019-04-24,Gothic_ME,1.1843,
2019-04-25,Gothic_ME,1.44,
2019-04-26,Gothic_ME,2.0606,
2019-04-27,Gothic_ME,2.7774,
2019-04-28,Gothic_ME,2.3552,
2019-04-29,Gothic_ME,2.0517,
2019-04-30,Gothic_ME,1.5108,
2019-05-01,Gothic_ME,1.1445,
2019-05-02,Gothic_ME,0.9459,
2019-05-03,Gothic_ME,0.8541,
2019-05-04,Gothic_ME,0.883,
2019-05-05,Gothic_ME,0.9471,
2019-05-06,Gothic_ME,1.1801,
2019-05-07,Gothic_ME,1.4128,
2019-05-08,Gothic_ME,1.4381,
2019-05-09,Gothic_ME,1.2408,
2019-05-10,Gothic_ME,1.1211,
2019-05-11,Gothic_ME,1.1106,
2019-05-12,Gothic_ME,1.5156,
2019-05-13,Gothic_ME,2.2557,
2019-05-14,Gothic_ME,3.1755,
2019-05-15,Gothic_ME,4.8456,
2019-05-16,Gothic_ME,5.5171,
2019-05-17,Gothic_ME,5.2854,
2019-05-18,Gothic_ME,4.889,
2019-05-19,Gothic_ME,3.7646,
2019-05-20,Gothic_ME,3.119,
2019-05-21,Gothic_ME,2.6101,
2019-05-22,Gothic_ME,2.2709,
2019-05-23,Gothic_ME,2.035,
2019-05-24,Gothic_ME,1.9313,
2019-05-25,Gothic_ME,2.2437,
2019-05-26,Gothic_ME,2.7009,
2019-05-27,Gothic_ME,2.7424,
2019-05-28,Gothic_ME,2.6668,
2019-05-29,Gothic_ME,2.6532,
2019-05-30,Gothic_ME,3.0348,
2019-05-31,Gothic_ME,3.9858,
2019-06-01,Gothic_ME,4.7746,
2019-06-02,Gothic_ME,5.1982,
2019-06-03,Gothic_ME,4.6562,
2019-06-04,Gothic_ME,4.6276,
2019-06-05,Gothic_ME,5.5347,
2019-06-06,Gothic_ME,6.1635,
2019-06-07,Gothic_ME,7.3137,
2019-06-08,Gothic_ME,7.982,
2019-06-09,Gothic_ME,8.0428,
2019-06-10,Gothic_ME,6.2665,
2019-06-11,Gothic_ME,7.68,
2019-06-12,Gothic_ME,9.3508,
2019-06-13,Gothic_ME,7.8928,
2019-06-14,Gothic_ME,8.0682,
2019-06-15,Gothic_ME,6.595,
2019-06-16,Gothic_ME,7.7746,
2019-06-17,Gothic_ME,7.2618,
2019-06-18,Gothic_ME,7.74,
2019-06-19,Gothic_ME,6.2333,
2019-06-20,Gothic_ME,7.6125,
2019-06-21,Gothic_ME,7.5649,
2019-06-22,Gothic_ME,8.0355,
2019-06-23,Gothic_ME,5.7235,
2019-06-24,Gothic_ME,5.0434,
2019-06-25,Gothic_ME,5.3468,
2019-06-26,Gothic_ME,5.7911,
2019-06-27,Gothic_ME,7.3816,
2019-06-28,Gothic_ME,8.2054,
2019-06-29,Gothic_ME,11.6378,
2019-06-30,Gothic_ME,10.0455,
2019-07-01,Gothic_ME,11.895,
2019-07-02,Gothic_ME,8.594,
2019-07-03,Gothic_ME,8.9658,
2019-07-04,Gothic_ME,8.382,
2019-07-05,Gothic_ME,7.9928,
2019-07-06,Gothic_ME,7.0612,
2019-07-07,Gothic_ME,6.7096,
2019-07-08,Gothic_ME,6.591,
2019-07-09,Gothic_ME,6.6901,
2019-07-10,Gothic_ME,6.3108,
2019-07-11,Gothic_ME,6.496,
2019-07-12,Gothic_ME,6.3889,
2019-07-13,Gothic_ME,6.3538,
2019-07-14,Gothic_ME,6.3021,
2019-07-15,Gothic_ME,6.4372,
2019-07-16,Gothic_ME,6.4077,
2019-07-17,Gothic_ME,6.3817,
2019-07-18,Gothic_ME,5.8136,
2019-07-19,Gothic_ME,5.5145,
2019-07-20,Gothic_ME,,
2019-07-21,Gothic_ME,,
2019-07-22,Gothic_ME,,
2019-07-23,Gothic_ME,,
2019-07-24,Gothic_ME,,
2019-07-25,Gothic_ME,,
2019-07-26,Gothic_ME,5.1103,
2019-07-27,Gothic_ME,4.9214,
2019-07-28,Gothic_ME,4.7956,
2019-07-29,Gothic_ME,4.4802,
2019-07-30,Gothic_ME,4.6039,
2019-07-31,Gothic_ME,4.6008,
2019-08-01,Gothic_ME,3.8666,
2019-08-02,Gothic_ME,3.6789,
2019-08-03,Gothic_ME,3.4389,
2019-08-04,Gothic_ME,3.6747,
2019-08-05,Gothic_ME,3.8778,
2019-08-06,Gothic_ME,3.1263,
2019-08-07,Gothic_ME,2.7934,
2019-08-08,Gothic_ME,2.6855,
2019-08-09,Gothic_ME,2.7235,
2019-08-10,Gothic_ME,2.5043,
2019-08-11,Gothic_ME,2.5593,
2019-08-12,Gothic_ME,2.3888,
2019-08-13,Gothic_ME,2.0694,
2019-08-14,Gothic_ME,1.8672,
2019-08-15,Gothic_ME,1.7502,
2019-08-16,Gothic_ME,1.6967,
2019-08-17,Gothic_ME,1.6369,
2019-08-18,Gothic_ME,1.5275,
2019-08-19,Gothic_ME,1.4396,
2019-08-20,Gothic_ME,1.3686,
2019-08-21,Gothic_ME,1.4419,
2019-08-22,Gothic_ME,2.4964,
2019-08-23,Gothic_ME,2.2893,
2019-08-24,Gothic_ME,1.7577,
2019-08-25,Gothic_ME,1.6877,
2019-08-26,Gothic_ME,1.5763,
2019-08-27,Gothic_ME,1.4204,
2019-08-28,Gothic_ME,1.2812,
2019-08-29,Gothic_ME,1.1813,
2019-08-30,Gothic_ME,1.1541,
2019-08-31,Gothic_ME,1.1756,
2019-09-01,Gothic_ME,1.1437,
2019-09-02,Gothic_ME,1.1398,
2019-09-03,Gothic_ME,1.1496,
2019-09-04,Gothic_ME,1.111,
2019-09-05,Gothic_ME,1.1101,
2019-09-06,Gothic_ME,1.1219,
2019-09-07,Gothic_ME,1.211,
2019-09-08,Gothic_ME,1.1552,
2019-09-09,Gothic_ME,1.1069,
2019-09-10,Gothic_ME,1.0413,
2019-09-11,Gothic_ME,1.0335,
2019-09-12,Gothic_ME,0.9641,
2019-09-13,Gothic_ME,0.8888,
2019-09-14,Gothic_ME,0.8539,
2019-09-15,Gothic_ME,0.8458,
2019-09-16,Gothic_ME,0.893,
2019-09-17,Gothic_ME,0.9212,
2019-09-18,Gothic_ME,0.8789,
2019-09-19,Gothic_ME,0.8421,
2019-09-20,Gothic_ME,0.8343,
2019-09-21,Gothic_ME,0.7772,
2019-09-22,Gothic_ME,0.7181,
2019-09-23,Gothic_ME,0.6938,
2019-09-24,Gothic_ME,0.6875,
2019-09-25,Gothic_ME,0.6995,
2019-09-26,Gothic_ME,0.7198,
2019-09-27,Gothic_ME,0.8101,
2019-09-28,Gothic_ME,0.9158,
2019-09-29,Gothic_ME,0.7694,
2019-09-30,Gothic_ME,0.379,
2019-10-01,Gothic_ME,0.377,
2019-10-02,Gothic_ME,0.3739,
2019-10-03,Gothic_ME,0.3709,
2019-10-04,Gothic_ME,0.3679,
2019-10-05,Gothic_ME,0.3649,
2019-10-06,Gothic_ME,0.3619,
2019-10-07,Gothic_ME,0.3589,
2019-10-08,Gothic_ME,0.3559,
2019-10-09,Gothic_ME,0.353,
2019-10-10,Gothic_ME,0.35,
2019-10-11,Gothic_ME,0.3471,
2019-10-12,Gothic_ME,0.3442,
2019-10-13,Gothic_ME,0.3413,
2019-10-14,Gothic_ME,0.3385,
2019-10-15,Gothic_ME,0.3357,
2019-10-16,Gothic_ME,0.3328,
2019-10-17,Gothic_ME,0.33,
2019-10-18,Gothic_ME,0.3272,
2019-10-19,Gothic_ME,0.3244,
2019-10-20,Gothic_ME,0.3217,
2019-10-21,Gothic_ME,0.3189,
2019-10-22,Gothic_ME,0.3162,
2019-10-23,Gothic_ME,0.3135,
2019-10-24,Gothic_ME,0.3108,
2019-10-25,Gothic_ME,0.3081,
2019-10-26,Gothic_ME,0.3054,
2019-10-27,Gothic_ME,0.3028,
2019-10-28,Gothic_ME,0.3001,
2019-10-29,Gothic_ME,0.2975,
2019-10-30,Gothic_ME,0.2949,
2019-10-31,Gothic_ME,0.2923,
2019-11-01,Gothic_ME,0.2898,
2019-11-02,Gothic_ME,0.2871,
2019-11-03,Gothic_ME,0.2847,
2019-11-04,Gothic_ME,0.2821,
2019-11-05,Gothic_ME,0.2796,
2019-11-06,Gothic_ME,0.2771,
2019-11-07,Gothic_ME,0.2746,
2019-11-08,Gothic_ME,0.2721,
2019-11-09,Gothic_ME,0.2697,
2019-11-10,Gothic_ME,0.2672,
2019-11-11,Gothic_ME,0.2649,
2019-11-12,Gothic_ME,0.2624,
2019-11-13,Gothic_ME,0.26,
2019-11-14,Gothic_ME,0.2577,
2019-11-15,Gothic_ME,0.2552,
2019-11-16,Gothic_ME,0.2529,
2019-11-17,Gothic_ME,0.2506,
2019-11-18,Gothic_ME,0.2482,
2019-11-19,Gothic_ME,0.246,
2019-11-20,Gothic_ME,0.2437,
2019-11-21,Gothic_ME,0.2414,
2019-11-22,Gothic_ME,0.2391,
2019-11-23,Gothic_ME,0.2369,
2019-11-24,Gothic_ME,0.2347,
2019-11-25,Gothic_ME,0.2324,
2019-11-26,Gothic_ME,0.2302,
2019-11-27,Gothic_ME,0.228,
2019-11-28,Gothic_ME,0.2259,
2019-11-29,Gothic_ME,0.2237,
2019-11-30,Gothic_ME,0.2216,
2019-12-01,Gothic_ME,0.2194,
2019-12-02,Gothic_ME,0.2173,
2019-12-03,Gothic_ME,0.2152,
2019-12-04,Gothic_ME,0.2131,
2019-12-05,Gothic_ME,0.211,
2019-12-06,Gothic_ME,0.209,
2019-12-07,Gothic_ME,0.2069,
2019-12-08,Gothic_ME,0.2049,
2019-12-09,Gothic_ME,0.2029,
2019-12-10,Gothic_ME,0.2009,
2019-12-11,Gothic_ME,0.1989,
2019-12-12,Gothic_ME,0.1969,
2019-12-13,Gothic_ME,0.1949,
2019-12-14,Gothic_ME,0.193,
2019-12-15,Gothic_ME,0.191,
2019-12-16,Gothic_ME,0.1891,
2019-12-17,Gothic_ME,0.1872,
2019-12-18,Gothic_ME,0.1853,
2019-12-19,Gothic_ME,0.1834,
2019-12-20,Gothic_ME,0.1815,
2019-12-21,Gothic_ME,0.1796,
2019-12-22,Gothic_ME,0.1778,
2019-12-23,Gothic_ME,0.1759,
2019-12-24,Gothic_ME,0.1741,
2019-12-25,Gothic_ME,0.1723,
2019-12-26,Gothic_ME,0.1705,
2019-12-27,Gothic_ME,0.1687,
2019-12-28,Gothic_ME,0.1669,
2019-12-29,Gothic_ME,0.1652,
2019-12-30,Gothic_ME,0.1635,
2019-12-31,Gothic_ME,0.1617,
2020-01-01,Gothic_ME,0.16,
2020-01-02,Gothic_ME,0.1583,
2020-01-03,Gothic_ME,0.1565,
2020-01-04,Gothic_ME,0.1549,
2020-01-05,Gothic_ME,0.1533,
2020-01-06,Gothic_ME,0.1515,
2020-01-07,Gothic_ME,0.1499,
2020-01-08,Gothic_ME,0.1483,
2020-01-09,Gothic_ME,0.1466,
2020-01-10,Gothic_ME,0.145,
2020-01-11,Gothic_ME,0.1435,
2020-01-12,Gothic_ME,0.1418,
2020-01-13,Gothic_ME,0.1403,
2020-01-14,Gothic_ME,0.1386,
2020-01-15,Gothic_ME,0.1372,
2020-01-16,Gothic_ME,0.1356,
2020-01-17,Gothic_ME,0.1341,
2020-01-18,Gothic_ME,0.1325,
2020-01-19,Gothic_ME,0.1311,
2020-01-20,Gothic_ME,0.1295,
2020-01-21,Gothic_ME,0.1281,
2020-01-22,Gothic_ME,0.1266,
2020-01-23,Gothic_ME,0.1252,
2020-01-24,Gothic_ME,0.1237,
2020-01-25,Gothic_ME,0.1223,
2020-01-26,Gothic_ME,0.1208,
2020-01-27,Gothic_ME,0.1195,
2020-01-28,Gothic_ME,0.1181,
2020-01-29,Gothic_ME,0.1166,
2020-01-30,Gothic_ME,0.1153,
2020-01-31,Gothic_ME,0.1139,
2020-02-01,Gothic_ME,0.1125,
2020-02-02,Gothic_ME,0.1113,
2020-02-03,Gothic_ME,0.1098,
2020-02-04,Gothic_ME,0.1085,
2020-02-05,Gothic_ME,0.1073,
2020-02-06,Gothic_ME,0.1059,
2020-02-07,Gothic_ME,0.1046,
2020-02-08,Gothic_ME,0.1034,
2020-02-09,Gothic_ME,0.1021,
2020-02-10,Gothic_ME,0.1008,
2020-02-11,Gothic_ME,0.0996,
2020-02-12,Gothic_ME,0.0984,
2020-02-13,Gothic_ME,0.0972,
2020-02-14,Gothic_ME,0.0958,
2020-02-15,Gothic_ME,0.0946,
2020-02-16,Gothic_ME,0.0935,
2020-02-17,Gothic_ME,0.0923,
2020-02-18,Gothic_ME,0.0912,
2020-02-19,Gothic_ME,0.0899,
2020-02-20,Gothic_ME,0.0888,
2020-02-21,Gothic_ME,0.0876,
2020-02-22,Gothic_ME,0.0865,
2020-02-23,Gothic_ME,0.0854,
2020-02-24,Gothic_ME,0.0843,
2020-02-25,Gothic_ME,0.0832,
2020-02-26,Gothic_ME,0.0821,
2020-02-27,Gothic_ME,0.081,
2020-02-28,Gothic_ME,0.0799,
2020-02-29,Gothic_ME,0.0788,
2020-03-01,Gothic_ME,0.0778,
2020-03-02,Gothic_ME,0.0767,
2020-03-03,Gothic_ME,0.0757,
2020-03-04,Gothic_ME,0.0747,
2020-03-05,Gothic_ME,0.0736,
2020-03-06,Gothic_ME,0.0726,
2020-03-07,Gothic_ME,0.0716,
2020-03-08,Gothic_ME,0.0706,
2020-03-09,Gothic_ME,0.0697,
2020-03-10,Gothic_ME,0.0687,
2020-03-11,Gothic_ME,0.0677,
2020-03-12,Gothic_ME,0.0668,
2020-03-13,Gothic_ME,0.0658,
2020-03-14,Gothic_ME,0.0649,
2020-03-15,Gothic_ME,0.064,
2020-03-16,Gothic_ME,0.063,
2020-03-17,Gothic_ME,0.0621,
2020-03-18,Gothic_ME,0.0612,
2020-03-19,Gothic_ME,0.0603,
2020-03-20,Gothic_ME,0.0595,
2020-03-21,Gothic_ME,0.0586,
2020-03-22,Gothic_ME,0.0578,
2020-03-23,Gothic_ME,0.0569,
2020-03-24,Gothic_ME,0.056,
2020-03-25,Gothic_ME,0.0551,
2020-03-26,Gothic_ME,0.0543,
2020-03-27,Gothic_ME,0.0535,
2020-03-28,Gothic_ME,0.0528,
2020-03-29,Gothic_ME,0.052,
2020-03-30,Gothic_ME,0.051,
2020-03-31,Gothic_ME,0.0503,
2020-04-01,Gothic_ME,0.0497,
2020-04-02,Gothic_ME,0.0822,
2020-04-03,Gothic_ME,0.1241,
2020-04-04,Gothic_ME,0.1361,
2020-04-05,Gothic_ME,0.1746,
2020-04-06,Gothic_ME,0.2791,
2020-04-07,Gothic_ME,0.4793,
2020-04-08,Gothic_ME,0.6449,
2020-04-09,Gothic_ME,0.6597,
2020-04-10,Gothic_ME,0.7946,
2020-04-11,Gothic_ME,0.6301,
2020-04-12,Gothic_ME,0.5454,
2020-04-13,Gothic_ME,0.6969,
2020-04-14,Gothic_ME,0.8281,
2020-04-15,Gothic_ME,0.5453,
2020-04-16,Gothic_ME,0.4268,
2020-04-17,Gothic_ME,0.4191,
2020-04-18,Gothic_ME,0.4317,
2020-04-19,Gothic_ME,0.441,
2020-04-20,Gothic_ME,0.4511,
2020-04-21,Gothic_ME,0.498,
2020-04-22,Gothic_ME,0.5495,
2020-04-23,Gothic_ME,0.5793,
2020-04-24,Gothic_ME,0.577,
2020-04-25,Gothic_ME,0.6632,
2020-04-26,Gothic_ME,0.7944,
2020-04-27,Gothic_ME,0.9845,
2020-04-28,Gothic_ME,1.3561,
2020-04-29,Gothic_ME,1.6917,
2020-04-30,Gothic_ME,1.9953,
2020-05-01,Gothic_ME,2.5286,
2020-05-02,Gothic_ME,2.8491,
2020-05-03,Gothic_ME,3.0472,
2020-05-04,Gothic_ME,3.0577,
2020-05-05,Gothic_ME,2.8709,
2020-05-06,Gothic_ME,2.9138,
2020-05-07,Gothic_ME,3.0151,
2020-05-08,Gothic_ME,2.9671,
2020-05-09,Gothic_ME,2.9714,
2020-05-10,Gothic_ME,3.1255,
2020-05-11,Gothic_ME,3.1032,
2020-05-12,Gothic_ME,3.1545,
2020-05-13,Gothic_ME,3.1718,
2020-05-14,Gothic_ME,3.1423,
2020-05-15,Gothic_ME,3.1055,
2020-05-16,Gothic_ME,3.2398,
2020-05-17,Gothic_ME,3.6505,
2020-05-18,Gothic_ME,3.9942,
2020-05-19,Gothic_ME,3.9076,
2020-05-20,Gothic_ME,3.6798,
2020-05-21,Gothic_ME,4.0614,
2020-05-22,Gothic_ME,4.0521,
2020-05-23,Gothic_ME,3.9617,
2020-05-24,Gothic_ME,3.6991,
2020-05-25,Gothic_ME,3.537,
2020-05-26,Gothic_ME,3.717,
2020-05-27,Gothic_ME,3.9091,
2020-05-28,Gothic_ME,4.046,
2020-05-29,Gothic_ME,4.204,
2020-05-30,Gothic_ME,4.6924,
2020-05-31,Gothic_ME,4.9421,
2020-06-01,Gothic_ME,4.6775,
2020-06-02,Gothic_ME,4.6468,
2020-06-03,Gothic_ME,4.4903,
2020-06-04,Gothic_ME,4.5371,
2020-06-05,Gothic_ME,4.3278,
2020-06-06,Gothic_ME,5.0659,
2020-06-07,Gothic_ME,4.5902,
2020-06-08,Gothic_ME,4.0543,
2020-06-09,Gothic_ME,3.6628,
2020-06-10,Gothic_ME,4.0277,
2020-06-11,Gothic_ME,3.9189,
2020-06-12,Gothic_ME,4.0714,
2020-06-13,Gothic_ME,4.3593,
2020-06-14,Gothic_ME,4.5711,
2020-06-15,Gothic_ME,3.8783,
2020-06-16,Gothic_ME,4.0322,
2020-06-17,Gothic_ME,4.5054,
2020-06-18,Gothic_ME,3.5754,
2020-06-19,Gothic_ME,3.3721,
2020-06-20,Gothic_ME,3.1384,
2020-06-21,Gothic_ME,3.1796,
2020-06-22,Gothic_ME,3.3269,
2020-06-23,Gothic_ME,3.1422,
2020-06-24,Gothic_ME,2.9957,
2020-06-25,Gothic_ME,2.9709,
2020-06-26,Gothic_ME,2.9349,
2020-06-27,Gothic_ME,2.919,
2020-06-28,Gothic_ME,2.5991,
2020-06-29,Gothic_ME,2.439,
2020-06-30,Gothic_ME,2.2223,
2020-07-01,Gothic_ME,2.1862,
2020-07-02,Gothic_ME,2.6669,
2020-07-03,Gothic_ME,2.1632,
2020-07-04,Gothic_ME,2.1513,
2020-07-05,Gothic_ME,2.0239,
2020-07-06,Gothic_ME,2.0193,
2020-07-07,Gothic_ME,2.016,
2020-07-08,Gothic_ME,1.9445,
2020-07-09,Gothic_ME,1.7172,
2020-07-10,Gothic_ME,1.6059,
2020-07-11,Gothic_ME,1.5955,
2020-07-12,Gothic_ME,1.532,
2020-07-13,Gothic_ME,1.5308,
2020-07-14,Gothic_ME,1.7418,
2020-07-15,Gothic_ME,2.1511,
2020-07-16,Gothic_ME,1.7191,
2020-07-17,Gothic_ME,1.5172,
2020-07-18,Gothic_ME,1.2659,
2020-07-19,Gothic_ME,1.164,
2020-07-20,Gothic_ME,1.1515,
2020-07-21,Gothic_ME,1.143,
2020-07-22,Gothic_ME,1.0332,
2020-07-23,Gothic_ME,1.0762,
2020-07-24,Gothic_ME,1.1513,
2020-07-25,Gothic_ME,1.2429,
2020-07-26,Gothic_ME,1.5952,
2020-07-27,Gothic_ME,1.5354,
2020-07-28,Gothic_ME,1.0719,
2020-07-29,Gothic_ME,0.987,
2020-07-30,Gothic_ME,0.9108,
2020-07-31,Gothic_ME,0.8642,
2020-08-01,Gothic_ME,0.8951,
2020-08-02,Gothic_ME,1.0624,
2020-08-03,Gothic_ME,0.8861,
2020-08-04,Gothic_ME,0.8766,
2020-08-05,Gothic_ME,0.8047,
2020-08-06,Gothic_ME,0.7842,
2020-08-07,Gothic_ME,0.7874,
2020-08-08,Gothic_ME,0.8144,
2020-08-09,Gothic_ME,0.7664,
2020-08-10,Gothic_ME,0.699,
2020-08-11,Gothic_ME,0.7467,
2020-08-12,Gothic_ME,0.7646,
2020-08-13,Gothic_ME,0.7591,
2020-08-14,Gothic_ME,0.7148,
2020-08-15,Gothic_ME,0.7356,
2020-08-16,Gothic_ME,0.7433,
2020-08-17,Gothic_ME,0.757,
2020-08-18,Gothic_ME,0.7808,
2020-08-19,Gothic_ME,0.6475,
2020-08-20,Gothic_ME,0.66,
2020-08-21,Gothic_ME,0.686,
2020-08-22,Gothic_ME,0.6465,
2020-08-23,Gothic_ME,0.6842,
2020-08-24,Gothic_ME,0.7238,
2020-08-25,Gothic_ME,0.7987,
2020-08-26,Gothic_ME,0.8313,
2020-08-27,Gothic_ME,0.7195,
2020-08-28,Gothic_ME,0.6401,
2020-08-29,Gothic_ME,0.7484,
2020-08-30,Gothic_ME,0.7792,
2020-08-31,Gothic_ME,0.7699,
2020-09-01,Gothic_ME,0.8189,
2020-09-02,Gothic_ME,0.7703,
2020-09-03,Gothic_ME,0.7228,
2020-09-04,Gothic_ME,0.6893,
2020-09-05,Gothic_ME,0.6154,
2020-09-06,Gothic_ME,0.5594,
2020-09-07,Gothic_ME,0.5667,
2020-09-08,Gothic_ME,0.5534,
2020-09-09,Gothic_ME,0.6096,
2020-09-10,Gothic_ME,0.643,
2020-09-11,Gothic_ME,0.6686,
2020-09-12,Gothic_ME,0.7002,
2020-09-13,Gothic_ME,0.7161,
2020-09-14,Gothic_ME,0.7779,
2020-09-15,Gothic_ME,0.7344,
2020-09-16,Gothic_ME,0.7418,
2020-09-17,Gothic_ME,0.738,
2020-09-18,Gothic_ME,0.7416,
2020-09-19,Gothic_ME,0.7612,
2020-09-20,Gothic_ME,0.7297,
2020-09-21,Gothic_ME,0.6672,
2020-09-22,Gothic_ME,0.6443,
2020-09-23,Gothic_ME,0.6581,
2020-09-24,Gothic_ME,0.6691,
2020-09-25,Gothic_ME,0.6241,
2020-09-26,Gothic_ME,0.5626,
2020-09-27,Gothic_ME,0.5721,
2020-09-28,Gothic_ME,0.5512,
2020-09-29,Gothic_ME,0.5614,
2020-09-30,Gothic_ME,0.5707,
2020-10-01,Gothic_ME,0.5473,
2020-12-22,Gothic_ME,0.2878,
2020-12-23,Gothic_ME,0.2801,
2020-12-24,Gothic_ME,0.2711,
2020-12-25,Gothic_ME,0.2703,
2020-12-26,Gothic_ME,0.2714,
2020-12-27,Gothic_ME,0.2718,
2020-12-28,Gothic_ME,0.2725,
2020-12-29,Gothic_ME,0.2766,
2020-12-30,Gothic_ME,0.2624,
2020-12-31,Gothic_ME,0.2732,
2021-01-01,Gothic_ME,0.2659,
2021-01-02,Gothic_ME,0.2509,
2021-01-03,Gothic_ME,0.2586,
2021-01-04,Gothic_ME,0.2612,
2021-01-05,Gothic_ME,0.2657,
2021-01-06,Gothic_ME,0.2596,
2021-01-07,Gothic_ME,0.2574,
2021-01-08,Gothic_ME,0.2466,
2021-01-09,Gothic_ME,0.2513,
2021-01-10,Gothic_ME,0.2333,
2021-01-11,Gothic_ME,0.2296,
2021-01-12,Gothic_ME,0.2245,
2021-01-13,Gothic_ME,0.2295,
2021-01-14,Gothic_ME,0.2258,
2021-01-15,Gothic_ME,0.2286,
2021-01-16,Gothic_ME,0.2441,
2021-01-17,Gothic_ME,0.2447,
2021-01-18,Gothic_ME,0.2461,
2021-01-19,Gothic_ME,0.2402,
2021-01-20,Gothic_ME,0.2406,
2021-01-21,Gothic_ME,0.2423,
2021-01-22,Gothic_ME,0.2442,
2021-01-23,Gothic_ME,0.2493,
2021-01-24,Gothic_ME,0.2495,
2021-01-25,Gothic_ME,0.2468,
2021-01-26,Gothic_ME,0.2332,
2021-01-27,Gothic_ME,0.2114,
2021-01-28,Gothic_ME,0.2386,
2021-01-29,Gothic_ME,0.2406,
2021-01-30,Gothic_ME,0.2358,
2021-01-31,Gothic_ME,0.2213,
2021-02-01,Gothic_ME,0.2328,
2021-02-02,Gothic_ME,0.2395,
2021-02-03,Gothic_ME,0.2378,
2021-02-04,Gothic_ME,0.227,
2021-02-05,Gothic_ME,0.2375,
2021-02-06,Gothic_ME,0.2395,
2021-02-07,Gothic_ME,0.2301,
2021-02-08,Gothic_ME,0.239,
2021-02-09,Gothic_ME,0.2393,
2021-02-10,Gothic_ME,0.2418,
2021-02-11,Gothic_ME,0.2416,
2021-02-12,Gothic_ME,0.2466,
2021-02-13,Gothic_ME,0.2088,
2021-02-14,Gothic_ME,0.2345,
2021-02-15,Gothic_ME,0.2382,
2021-02-16,Gothic_ME,0.2412,
2021-02-17,Gothic_ME,0.2436,
2021-02-18,Gothic_ME,0.2417,
2021-02-19,Gothic_ME,0.2378,
2021-02-20,Gothic_ME,0.2461,
2021-02-21,Gothic_ME,0.2447,
2021-02-22,Gothic_ME,0.2363,
2021-02-23,Gothic_ME,0.2404,
2021-02-24,Gothic_ME,0.2538,
2021-02-25,Gothic_ME,0.2262,
2021-02-26,Gothic_ME,0.2252,
2021-02-27,Gothic_ME,0.2264,
2021-02-28,Gothic_ME,0.2209,
2021-03-01,Gothic_ME,0.2401,
2021-03-02,Gothic_ME,0.2753,
2021-03-03,Gothic_ME,0.2857,
2021-03-04,Gothic_ME,0.2798,
2021-03-05,Gothic_ME,0.2398,
2021-03-06,Gothic_ME,0.2364,
2021-03-07,Gothic_ME,0.2339,
2021-03-08,Gothic_ME,0.2403,
2021-03-09,Gothic_ME,0.2413,
2021-03-10,Gothic_ME,0.2415,
2021-03-11,Gothic_ME,0.2359,
2021-03-12,Gothic_ME,0.23,
2021-03-13,Gothic_ME,0.2325,
2021-03-14,Gothic_ME,0.2515,
2021-03-15,Gothic_ME,0.2485,
2021-03-16,Gothic_ME,0.2484,
2021-03-17,Gothic_ME,0.2382,
2021-03-18,Gothic_ME,0.2325,
2021-03-19,Gothic_ME,0.2512,
2021-03-20,Gothic_ME,0.2757,
2021-03-21,Gothic_ME,0.263,
2021-03-22,Gothic_ME,0.261,
2021-03-23,Gothic_ME,0.2585,
2021-03-24,Gothic_ME,0.2562,
2021-03-25,Gothic_ME,0.2557,
2021-03-26,Gothic_ME,0.2545,
2021-03-27,Gothic_ME,0.2485,
2021-03-28,Gothic_ME,0.2482,
2021-03-29,Gothic_ME,0.2712,
2021-03-30,Gothic_ME,0.2758,
2021-03-31,Gothic_ME,0.2532,
2021-04-01,Gothic_ME,0.2633,
2021-04-02,Gothic_ME,0.3151,
2021-04-03,Gothic_ME,0.3841,
2021-04-04,Gothic_ME,0.4598,
2021-04-05,Gothic_ME,0.5335,
2021-04-06,Gothic_ME,0.6089,
2021-04-07,Gothic_ME,0.6335,
2021-04-08,Gothic_ME,0.63,
2021-04-09,Gothic_ME,0.6475,
2021-04-10,Gothic_ME,0.6697,
2021-04-11,Gothic_ME,0.7348,
2021-04-12,Gothic_ME,0.7831,
2021-04-13,Gothic_ME,0.7636,
2021-04-14,Gothic_ME,0.6978,
2021-04-15,Gothic_ME,0.6704,
2021-04-16,Gothic_ME,0.6498,
2021-04-17,Gothic_ME,0.6685,
2021-04-18,Gothic_ME,0.6674,
2021-04-19,Gothic_ME,0.6987,
2021-04-20,Gothic_ME,0.6936,
2021-04-21,Gothic_ME,0.673,
2021-04-22,Gothic_ME,0.6563,
2021-04-23,Gothic_ME,0.6179,
2021-04-24,Gothic_ME,0.5981,
2021-04-25,Gothic_ME,0.7227,
2021-04-26,Gothic_ME,0.8154,
2021-04-27,Gothic_ME,0.7753,
2021-04-28,Gothic_ME,0.7603,
2021-04-29,Gothic_ME,1.025,
2021-04-30,Gothic_ME,1.6941,
2021-05-01,Gothic_ME,2.3517,
2021-05-02,Gothic_ME,2.6776,
2021-05-03,Gothic_ME,2.3916,
2021-05-04,Gothic_ME,1.8354,
2021-05-05,Gothic_ME,1.6949,
2021-05-06,Gothic_ME,1.9854,
2021-05-07,Gothic_ME,2.4807,
2021-05-08,Gothic_ME,2.6241,
2021-05-09,Gothic_ME,2.2807,
2021-05-10,Gothic_ME,2.055,
2021-05-11,Gothic_ME,1.7923,
2021-05-12,Gothic_ME,1.662,
2021-05-13,Gothic_ME,1.7728,
2021-05-14,Gothic_ME,2.1105,
2021-05-15,Gothic_ME,2.5179,
2021-05-16,Gothic_ME,2.8734,
2021-05-17,Gothic_ME,3.0442,
2021-05-18,Gothic_ME,,
2021-05-19,Gothic_ME,,
2021-05-20,Gothic_ME,,
2021-05-21,Gothic_ME,,
2021-05-22,Gothic_ME,,
2021-05-23,Gothic_ME,,
2021-05-24,Gothic_ME,,
2021-05-25,Gothic_ME,,
2021-05-26,Gothic_ME,,
2021-05-27,Gothic_ME,,
2021-05-28,Gothic_ME,4.5412,
2021-05-29,Gothic_ME,4.5882,
2021-05-30,Gothic_ME,4.6441,
2021-05-31,Gothic_ME,4.2214,
2021-06-01,Gothic_ME,4.315,
2021-06-02,Gothic_ME,4.5644,
2021-06-03,Gothic_ME,4.731,
2021-06-04,Gothic_ME,4.5963,
2021-06-05,Gothic_ME,4.5512,
2021-06-06,Gothic_ME,4.3465,
2021-06-07,Gothic_ME,4.2022,
2021-06-08,Gothic_ME,4.1227,
2021-06-09,Gothic_ME,4.1917,
2021-06-10,Gothic_ME,4.1965,
2021-06-11,Gothic_ME,4.3871,
2021-06-12,Gothic_ME,4.4267,
2021-06-13,Gothic_ME,4.3428,
2021-06-14,Gothic_ME,4.1839,
2021-06-15,Gothic_ME,4.0243,
2021-06-16,Gothic_ME,4.0034,
2021-06-17,Gothic_ME,3.7098,
2021-06-18,Gothic_ME,3.4523,
2021-06-19,Gothic_ME,3.2097,
2021-06-20,Gothic_ME,2.974,
2021-06-21,Gothic_ME,2.8024,
2021-06-22,Gothic_ME,2.6241,
2021-06-23,Gothic_ME,2.3802,
2021-06-24,Gothic_ME,2.6937,
2021-06-25,Gothic_ME,2.5874,
2021-06-26,Gothic_ME,2.1541,
2021-06-27,Gothic_ME,2.0277,
2021-06-28,Gothic_ME,1.9177,
2021-06-29,Gothic_ME,1.8198,
2021-06-30,Gothic_ME,2.0059,
2021-07-01,Gothic_ME,1.9772,
2021-07-02,Gothic_ME,1.769,
2021-07-03,Gothic_ME,1.6484,
2021-07-04,Gothic_ME,1.5428,
2021-07-05,Gothic_ME,1.5897,
2021-07-06,Gothic_ME,1.7737,
2021-07-07,Gothic_ME,1.4581,
2021-07-08,Gothic_ME,1.304,
2021-07-09,Gothic_ME,1.1793,
2021-07-10,Gothic_ME,1.0896,
2021-07-11,Gothic_ME,1.0186,
2021-07-12,Gothic_ME,0.9459,
2021-07-13,Gothic_ME,0.9553,
2021-07-14,Gothic_ME,1.1753,
2021-07-15,Gothic_ME,1.016,
2021-07-16,Gothic_ME,0.8948,
2021-07-17,Gothic_ME,0.8824,
2021-07-18,Gothic_ME,0.8508,
2021-07-19,Gothic_ME,0.7991,
2021-07-20,Gothic_ME,0.9559,
2021-07-21,Gothic_ME,1.3772,
2021-07-22,Gothic_ME,1.8459,
2021-07-23,Gothic_ME,0.9065,
2021-07-24,Gothic_ME,0.0,
2021-07-25,Gothic_ME,0.0,
2021-07-26,Gothic_ME,0.0,
2021-07-27,Gothic_ME,0.0,
2021-07-28,Gothic_ME,0.0,
2021-07-29,Gothic_ME,0.0,
2021-07-30,Gothic_ME,0.0,
2021-07-31,Gothic_ME,0.7572,
2021-08-01,Gothic_ME,1.645,
2021-08-02,Gothic_ME,1.4452,
2021-08-03,Gothic_ME,1.3957,
2021-08-04,Gothic_ME,1.395,
2021-08-05,Gothic_ME,1.1385,
2021-08-06,Gothic_ME,1.0129,
2021-08-07,Gothic_ME,0.9253,
2021-08-08,Gothic_ME,0.8784,
2021-08-09,Gothic_ME,0.8333,
2021-08-10,Gothic_ME,0.7946,
2021-08-11,Gothic_ME,0.7694,
2021-08-12,Gothic_ME,0.7408,
2021-08-13,Gothic_ME,0.7219,
2021-08-14,Gothic_ME,0.7122,
2021-08-15,Gothic_ME,0.7096,
2021-08-16,Gothic_ME,0.7202,
2021-08-17,Gothic_ME,0.7111,
2021-08-18,Gothic_ME,0.7007,
2021-08-19,Gothic_ME,0.8709,
2021-08-20,Gothic_ME,0.8587,
2021-08-21,Gothic_ME,0.7045,
2021-08-22,Gothic_ME,0.6656,
2021-08-23,Gothic_ME,0.6495,
2021-08-24,Gothic_ME,0.627,
2021-08-25,Gothic_ME,0.6123,
2021-08-26,Gothic_ME,0.6216,
2021-08-27,Gothic_ME,0.6249,
2021-08-28,Gothic_ME,0.5959,
2021-08-29,Gothic_ME,0.5723,
2021-08-30,Gothic_ME,0.5649,
2021-08-31,Gothic_ME,0.5603,
2021-09-01,Gothic_ME,0.586,
2021-09-02,Gothic_ME,0.7528,
2021-09-03,Gothic_ME,0.6527,
2021-09-04,Gothic_ME,0.6086,
2021-09-05,Gothic_ME,0.5863,
2021-09-06,Gothic_ME,0.5684,
2021-09-07,Gothic_ME,0.5525,
2021-09-08,Gothic_ME,0.5363,
2021-09-09,Gothic_ME,0.5284,
2021-09-10,Gothic_ME,0.5157,
2021-09-11,Gothic_ME,0.5153,
2021-09-12,Gothic_ME,0.5082,
2021-09-13,Gothic_ME,0.504,
2021-09-14,Gothic_ME,0.5038,
2021-09-15,Gothic_ME,0.5018,
2021-09-16,Gothic_ME,0.4993,
2021-09-17,Gothic_ME,0.4932,
2021-09-18,Gothic_ME,0.4925,
2021-09-19,Gothic_ME,0.5253,
2021-09-20,Gothic_ME,0.5642,
2021-09-21,Gothic_ME,0.5237,
2021-09-22,Gothic_ME,0.5083,
2021-09-23,Gothic_ME,0.4983,
2021-09-24,Gothic_ME,0.488,
2021-09-25,Gothic_ME,0.4822,
2021-09-26,Gothic_ME,0.4839,
2021-09-27,Gothic_ME,0.4785,
2021-09-28,Gothic_ME,0.5082,
2021-09-29,Gothic_ME,0.6361,
2021-09-30,Gothic_ME,0.5854,
2021-10-01,Gothic_ME,0.5917,
2021-10-02,Gothic_ME,0.5744,
2021-10-03,Gothic_ME,0.5424,
2021-10-04,Gothic_ME,0.5295,
2021-10-05,Gothic_ME,0.5224,
2021-10-06,Gothic_ME,0.5147,
2021-10-07,Gothic_ME,0.514,
2021-10-08,Gothic_ME,0.5132,
2021-10-09,Gothic_ME,0.6603,
2021-10-10,Gothic_ME,0.5863,
2021-10-11,Gothic_ME,0.547,
2021-10-12,Gothic_ME,0.5323,
2021-10-13,Gothic_ME,0.5244,
2021-10-14,Gothic_ME,0.5201,
2021-10-15,Gothic_ME,0.5174,
2021-10-16,Gothic_ME,0.5321,
2021-10-17,Gothic_ME,0.5306,
2021-10-18,Gothic_ME,0.5312,
2021-10-19,Gothic_ME,0.5326,
2021-10-20,Gothic_ME,0.502,
2021-10-21,Gothic_ME,0.4901,
2021-10-22,Gothic_ME,0.4827,
2021-10-23,Gothic_ME,0.4882,
2021-10-24,Gothic_ME,0.5083,
2021-10-25,Gothic_ME,0.5049,
2021-10-26,Gothic_ME,0.5171,
2021-10-27,Gothic_ME,0.5106,
2021-10-28,Gothic_ME,0.5069,
2021-10-29,Gothic_ME,0.5032,
2021-10-30,Gothic_ME,0.4978,
2021-10-31,Gothic_ME,0.4982,
2021-11-01,Gothic_ME,0.5117,
2021-11-02,Gothic_ME,0.5153,
2021-11-03,Gothic_ME,0.5112,
2021-11-04,Gothic_ME,0.4962,
2021-11-05,Gothic_ME,0.491,
2021-11-06,Gothic_ME,0.479,
2021-11-07,Gothic_ME,0.4746,
2021-11-08,Gothic_ME,0.4758,
2021-11-09,Gothic_ME,0.4722,
2021-11-10,Gothic_ME,0.4881,
2021-11-11,Gothic_ME,0.4835,
2021-11-12,Gothic_ME,0.48,
2021-11-13,Gothic_ME,0.4776,
2021-11-14,Gothic_ME,0.4764,
2021-11-15,Gothic_ME,0.472,
2021-11-16,Gothic_ME,0.4651,
2021-11-17,Gothic_ME,0.4613,
2021-11-18,Gothic_ME,,
2021-11-19,Gothic_ME,,
2021-11-20,Gothic_ME,,
2021-11-21,Gothic_ME,,
2021-11-22,Gothic_ME,,
2021-11-23,Gothic_ME,,
2021-11-24,Gothic_ME,,
2021-11-25,Gothic_ME,,
2021-11-26,Gothic_ME,,
2021-11-27,Gothic_ME,,
2021-11-28,Gothic_ME,,
2021-11-29,Gothic_ME,,
2021-11-30,Gothic_ME,,
2021-12-01,Gothic_ME,,
2021-12-02,Gothic_ME,,
2021-12-03,Gothic_ME,,
2021-12-04,Gothic_ME,,
2021-12-05,Gothic_ME,,
2021-12-06,Gothic_ME,,
2021-12-07,Gothic_ME,,
2021-12-08,Gothic_ME,,
2021-12-09,Gothic_ME,,
2021-12-10,Gothic_ME,,
2021-12-11,Gothic_ME,,
2021-12-12,Gothic_ME,,
2021-12-13,Gothic_ME,,
2021-12-14,Gothic_ME,,
2021-12-15,Gothic_ME,,
2021-12-16,Gothic_ME,,
2021-12-17,Gothic_ME,,
2021-12-18,Gothic_ME,,
2021-12-19,Gothic_ME,,
2021-12-20,Gothic_ME,,
2021-12-21,Gothic_ME,,
2021-12-22,Gothic_ME,,
2021-12-23,Gothic_ME,,
2021-12-24,Gothic_ME,,
2021-12-25,Gothic_ME,,
2021-12-26,Gothic_ME,,
2021-12-27,Gothic_ME,,
2021-12-28,Gothic_ME,,
2021-12-29,Gothic_ME,,
2021-12-30,Gothic_ME,,
2021-12-31,Gothic_ME,,
2022-01-01,Gothic_ME,,
2022-01-02,Gothic_ME,,
2022-01-03,Gothic_ME,,
2022-01-04,Gothic_ME,,
2022-01-05,Gothic_ME,,
2022-01-06,Gothic_ME,,
2022-01-07,Gothic_ME,,
2022-01-08,Gothic_ME,,
2022-01-09,Gothic_ME,,
2022-01-10,Gothic_ME,,
2022-01-11,Gothic_ME,,
2022-01-12,Gothic_ME,,
2022-01-13,Gothic_ME,,
2022-01-14,Gothic_ME,0.4135,
2022-01-15,Gothic_ME,0.4219,
2022-01-16,Gothic_ME,0.4151,
2022-01-17,Gothic_ME,0.409,
2022-01-18,Gothic_ME,0.4088,
2022-01-19,Gothic_ME,0.4126,
2022-01-20,Gothic_ME,0.412,
2022-01-21,Gothic_ME,0.4081,
2022-01-22,Gothic_ME,0.411,
2022-01-23,Gothic_ME,0.4058,
2022-01-24,Gothic_ME,0.4035,
2022-01-25,Gothic_ME,0.4064,
2022-01-26,Gothic_ME,0.4106,
2022-01-27,Gothic_ME,0.4142,
2022-01-28,Gothic_ME,0.4153,
2022-01-29,Gothic_ME,0.4044,
2022-01-30,Gothic_ME,0.3994,
2022-01-31,Gothic_ME,0.3973,
2022-02-01,Gothic_ME,0.3969,
2022-02-02,Gothic_ME,0.4025,
2022-02-03,Gothic_ME,0.4136,
2022-02-04,Gothic_ME,0.4123,
2022-02-05,Gothic_ME,0.3983,
2022-02-06,Gothic_ME,0.3998,
2022-02-07,Gothic_ME,0.4043,
2022-02-08,Gothic_ME,0.399,
2022-02-09,Gothic_ME,0.3929,
2022-02-10,Gothic_ME,0.4036,
2022-02-11,Gothic_ME,0.4042,
2022-02-12,Gothic_ME,0.4133,
2022-02-13,Gothic_ME,0.4083,
2022-02-14,Gothic_ME,0.4012,
2022-02-15,Gothic_ME,0.3929,
2022-02-16,Gothic_ME,0.3986,
2022-02-17,Gothic_ME,0.4117,
2022-02-18,Gothic_ME,0.4117,
2022-02-19,Gothic_ME,0.4027,
2022-02-20,Gothic_ME,0.3944,
2022-02-21,Gothic_ME,0.3933,
2022-02-22,Gothic_ME,0.4041,
2022-02-23,Gothic_ME,0.4005,
2022-02-24,Gothic_ME,0.4135,
2022-02-25,Gothic_ME,0.4153,
2022-02-26,Gothic_ME,0.4183,
2022-02-27,Gothic_ME,0.4124,
2022-02-28,Gothic_ME,0.4059,
2022-03-01,Gothic_ME,0.4002,
2022-03-02,Gothic_ME,0.399,
2022-03-03,Gothic_ME,0.3939,
2022-03-04,Gothic_ME,0.3922,
2022-03-05,Gothic_ME,0.4,
2022-03-06,Gothic_ME,0.4049,
2022-03-07,Gothic_ME,0.41,
2022-03-08,Gothic_ME,0.4038,
2022-03-09,Gothic_ME,0.3989,
2022-03-10,Gothic_ME,0.4094,
2022-03-11,Gothic_ME,0.4156,
2022-03-12,Gothic_ME,0.4035,
2022-03-13,Gothic_ME,0.3955,
2022-03-14,Gothic_ME,0.407,
2022-03-15,Gothic_ME,0.3988,
2022-03-16,Gothic_ME,0.3935,
2022-03-17,Gothic_ME,0.404,
2022-03-18,Gothic_ME,0.3865,
2022-03-19,Gothic_ME,0.3929,
2022-03-20,Gothic_ME,0.3926,
2022-03-21,Gothic_ME,0.3989,
2022-03-22,Gothic_ME,0.4035,
2022-03-23,Gothic_ME,0.4036,
2022-03-24,Gothic_ME,0.3994,
2022-03-25,Gothic_ME,0.3965,
2022-03-26,Gothic_ME,0.3921,
2022-03-27,Gothic_ME,0.4088,
2022-03-28,Gothic_ME,0.4458,
2022-03-29,Gothic_ME,0.5025,
2022-03-30,Gothic_ME,0.5057,
2022-03-31,Gothic_ME,0.4844,
2022-04-01,Gothic_ME,0.4658,
2022-04-02,Gothic_ME,0.4562,
2022-04-03,Gothic_ME,0.4613,
2022-04-04,Gothic_ME,0.4565,
2022-04-05,Gothic_ME,0.4572,
2022-04-06,Gothic_ME,0.4486,
2022-04-07,Gothic_ME,0.4475,
2022-04-08,Gothic_ME,0.4649,
2022-04-09,Gothic_ME,0.5104,
2022-04-10,Gothic_ME,0.5441,
2022-04-11,Gothic_ME,0.5256,
2022-04-12,Gothic_ME,0.5201,
2022-04-13,Gothic_ME,0.4894,
2022-04-14,Gothic_ME,0.4806,
2022-04-15,Gothic_ME,0.4786,
2022-04-16,Gothic_ME,0.469,
2022-04-17,Gothic_ME,0.4678,
2022-04-18,Gothic_ME,0.4806,
2022-04-19,Gothic_ME,0.5562,
2022-04-20,Gothic_ME,0.8847,
2022-04-21,Gothic_ME,1.0213,
2022-04-22,Gothic_ME,1.2579,
2022-04-23,Gothic_ME,1.0915,
2022-04-24,Gothic_ME,0.9268,
2022-04-25,Gothic_ME,0.8405,
2022-04-26,Gothic_ME,0.8156,
2022-04-27,Gothic_ME,0.8326,
2022-04-28,Gothic_ME,0.8947,
2022-04-29,Gothic_ME,0.9891,
2022-04-30,Gothic_ME,1.1112,
2022-05-01,Gothic_ME,1.2802,
2022-05-02,Gothic_ME,1.2867,
2022-05-03,Gothic_ME,1.2372,
2022-05-04,Gothic_ME,1.2682,
2022-05-05,Gothic_ME,1.4424,
2022-05-06,Gothic_ME,1.9296,
2022-05-07,Gothic_ME,2.5404,
2022-05-08,Gothic_ME,2.9194,
2022-05-09,Gothic_ME,3.0418,
2022-05-10,Gothic_ME,3.1622,
2022-05-11,Gothic_ME,3.4608,
2022-05-12,Gothic_ME,3.5025,
2022-05-13,Gothic_ME,3.1919,
2022-05-14,Gothic_ME,3.2331,
2022-05-15,Gothic_ME,3.8653,
2022-05-16,Gothic_ME,4.1417,
2022-05-17,Gothic_ME,4.1488,
2022-05-18,Gothic_ME,4.4662,
2022-05-19,Gothic_ME,4.657,
2022-05-20,Gothic_ME,4.3125,
2022-05-21,Gothic_ME,3.4447,
2022-05-22,Gothic_ME,2.7567,
2022-05-23,Gothic_ME,2.5003,
2022-05-24,Gothic_ME,2.5995,
2022-05-25,Gothic_ME,2.4684,
2022-05-26,Gothic_ME,2.816,
2022-05-27,Gothic_ME,3.5226,
2022-05-28,Gothic_ME,3.7712,
2022-05-29,Gothic_ME,3.4591,
2022-05-30,Gothic_ME,3.0117,
2022-05-31,Gothic_ME,2.5659,
2022-06-01,Gothic_ME,2.4511,
2022-06-02,Gothic_ME,2.6733,
2022-06-03,Gothic_ME,3.0233,
2022-06-04,Gothic_ME,3.3176,
2022-06-05,Gothic_ME,3.448,
2022-06-06,Gothic_ME,3.6692,
2022-06-07,Gothic_ME,4.0153,
2022-06-08,Gothic_ME,4.0009,
2022-06-09,Gothic_ME,3.8469,
2022-06-10,Gothic_ME,3.8324,
2022-06-11,Gothic_ME,3.8867,
2022-06-12,Gothic_ME,3.8624,
2022-06-13,Gothic_ME,3.5387,
2022-06-14,Gothic_ME,3.2008,
2022-06-15,Gothic_ME,2.8614,
2022-06-16,Gothic_ME,2.6963,
2022-06-17,Gothic_ME,2.7088,
2022-06-18,Gothic_ME,2.831,
2022-06-19,Gothic_ME,3.1072,
2022-06-20,Gothic_ME,2.6266,
2022-06-21,Gothic_ME,2.3948,
2022-06-22,Gothic_ME,2.1854,
2022-06-23,Gothic_ME,2.0659,
2022-06-24,Gothic_ME,1.986,
2022-06-25,Gothic_ME,1.9321,
2022-06-26,Gothic_ME,2.1024,
2022-06-27,Gothic_ME,2.0094,
2022-06-28,Gothic_ME,1.8406,
2022-06-29,Gothic_ME,1.7749,
2022-06-30,Gothic_ME,1.8192,
2022-07-01,Gothic_ME,1.7064,
2022-07-02,Gothic_ME,1.6115,
2022-07-03,Gothic_ME,1.5575,
2022-07-04,Gothic_ME,1.5548,
2022-07-05,Gothic_ME,1.7484,
2022-07-06,Gothic_ME,1.6638,
2022-07-07,Gothic_ME,1.5928,
2022-07-08,Gothic_ME,1.4797,
2022-07-09,Gothic_ME,1.4126,
2022-07-10,Gothic_ME,1.3718,
2022-07-11,Gothic_ME,1.2947,
2022-07-12,Gothic_ME,1.2627,
2022-07-13,Gothic_ME,1.212,
2022-07-14,Gothic_ME,1.2796,
2022-07-15,Gothic_ME,1.3185,
2022-07-16,Gothic_ME,1.2006,
2022-07-17,Gothic_ME,1.1476,
2022-07-18,Gothic_ME,1.1122,
2022-07-19,Gothic_ME,1.102,
2022-07-20,Gothic_ME,1.0519,
2022-07-21,Gothic_ME,1.0005,
2022-07-22,Gothic_ME,0.9447,
2022-07-23,Gothic_ME,0.9293,
2022-07-24,Gothic_ME,1.0105,
2022-07-25,Gothic_ME,1.0201,
2022-07-26,Gothic_ME,0.9496,
2022-07-27,Gothic_ME,0.8939,
2022-07-28,Gothic_ME,0.8853,
2022-07-29,Gothic_ME,0.9167,
2022-07-30,Gothic_ME,1.0005,
2022-07-31,Gothic_ME,0.9362,
2022-08-01,Gothic_ME,0.9526,
2022-08-02,Gothic_ME,1.0799,
2022-08-03,Gothic_ME,0.9593,
2022-08-04,Gothic_ME,0.8892,
2022-08-05,Gothic_ME,0.8596,
2022-08-06,Gothic_ME,0.8606,
2022-08-07,Gothic_ME,0.8208,
2022-08-08,Gothic_ME,0.7969,
2022-08-09,Gothic_ME,0.7745,
2022-08-10,Gothic_ME,0.7649,
2022-08-11,Gothic_ME,0.7712,
2022-08-12,Gothic_ME,0.7622,
2022-08-13,Gothic_ME,0.7419,
2022-08-14,Gothic_ME,0.7324,
2022-08-15,Gothic_ME,0.7306,
2022-08-16,Gothic_ME,0.7491,
2022-08-17,Gothic_ME,0.7814,
2022-08-18,Gothic_ME,0.7382,
2022-08-19,Gothic_ME,0.8319,
2022-08-20,Gothic_ME,0.816,
2022-08-21,Gothic_ME,0.9614,
2022-08-22,Gothic_ME,0.8442,
2022-08-23,Gothic_ME,0.8066,
2022-08-24,Gothic_ME,0.7669,
2022-08-25,Gothic_ME,0.7685,
2022-08-26,Gothic_ME,0.8769,
2022-08-27,Gothic_ME,0.9358,
2022-08-28,Gothic_ME,0.8391,
2022-08-29,Gothic_ME,0.8018,
2022-08-30,Gothic_ME,0.7642,
2022-08-31,Gothic_ME,0.7381,
2022-09-01,Gothic_ME,0.7165,
2022-09-02,Gothic_ME,0.7002,
2022-09-03,Gothic_ME,0.6899,
2022-09-04,Gothic_ME,0.6742,
2022-09-05,Gothic_ME,0.6597,
2022-09-06,Gothic_ME,0.6517,
2022-09-07,Gothic_ME,0.6453,
2022-09-08,Gothic_ME,0.6352,
2022-09-09,Gothic_ME,0.6336,
2022-09-10,Gothic_ME,0.6314,
2022-09-11,Gothic_ME,0.6211,
2022-09-12,Gothic_ME,0.6143,
2022-09-13,Gothic_ME,0.6169,
2022-09-14,Gothic_ME,0.6519,
2022-09-15,Gothic_ME,0.7433,
2022-09-16,Gothic_ME,0.6861,
2022-09-17,Gothic_ME,0.6564,
2022-09-18,Gothic_ME,0.6378,
2022-09-19,Gothic_ME,0.6278,
2022-09-20,Gothic_ME,0.6172,
2022-09-21,Gothic_ME,0.6298,
2022-09-22,Gothic_ME,0.7544,
2022-09-23,Gothic_ME,0.7217,
2022-09-24,Gothic_ME,0.6658,
2022-09-25,Gothic_ME,0.6419,
2022-09-26,Gothic_ME,0.6295,
2022-09-27,Gothic_ME,0.6216,
2022-09-28,Gothic_ME,0.6181,
2022-09-29,Gothic_ME,0.6169,
2022-09-30,Gothic_ME,0.627,
2023-05-09,Gothic_ME,4.3105,cb: channel snow/ice free - beginning of trustworthy values
2023-05-10,Gothic_ME,4.4678,
2023-05-11,Gothic_ME,4.2462,
2023-05-12,Gothic_ME,4.2203,
2023-05-13,Gothic_ME,4.2688,
2023-05-14,Gothic_ME,4.2899,
2023-05-15,Gothic_ME,4.3746,
2023-05-16,Gothic_ME,4.5561,
2023-05-17,Gothic_ME,4.976,
2023-05-18,Gothic_ME,5.5177,
2023-05-19,Gothic_ME,5.6456,
2023-05-20,Gothic_ME,5.4079,
2023-05-21,Gothic_ME,6.3064,
2023-05-22,Gothic_ME,6.3386,
2023-05-23,Gothic_ME,7.4728,
2023-05-24,Gothic_ME,6.2156,
2023-05-25,Gothic_ME,4.7701,
2023-05-26,Gothic_ME,4.9725,
2023-05-27,Gothic_ME,5.0481,
2023-05-28,Gothic_ME,5.3796,
2023-05-29,Gothic_ME,4.3982,
2023-05-30,Gothic_ME,5.1421,
2023-05-31,Gothic_ME,4.988,
2023-06-01,Gothic_ME,5.2101,
2023-06-02,Gothic_ME,4.8367,
2023-06-03,Gothic_ME,4.6656,
2023-06-04,Gothic_ME,4.5721,
2023-06-05,Gothic_ME,4.958,
2023-06-06,Gothic_ME,5.4346,
2023-06-07,Gothic_ME,6.8897,
2023-06-08,Gothic_ME,7.2305,
2023-06-09,Gothic_ME,8.4128,
2023-06-10,Gothic_ME,7.6407,
2023-06-11,Gothic_ME,7.4554,
2023-06-12,Gothic_ME,7.0498,
2023-06-13,Gothic_ME,6.6232,
2023-06-14,Gothic_ME,6.5491,
2023-06-15,Gothic_ME,7.1887,
2023-06-16,Gothic_ME,6.3872,
2023-06-17,Gothic_ME,6.3735,
2023-06-18,Gothic_ME,5.6804,
2023-06-19,Gothic_ME,6.3505,
2023-06-20,Gothic_ME,6.8634,
2023-06-21,Gothic_ME,6.9369,
2023-06-22,Gothic_ME,7.3287,
2023-06-23,Gothic_ME,6.9934,
2023-06-24,Gothic_ME,6.4762,
2023-06-25,Gothic_ME,5.8987,
2023-06-26,Gothic_ME,6.0782,
2023-06-27,Gothic_ME,6.4187,
2023-06-28,Gothic_ME,6.4031,
2023-06-29,Gothic_ME,6.1457,
2023-06-30,Gothic_ME,5.7133,
2023-07-01,Gothic_ME,5.6043,
2023-07-02,Gothic_ME,5.7274,
2023-07-03,Gothic_ME,5.7115,
2023-07-04,Gothic_ME,5.5247,
2023-07-05,Gothic_ME,5.5761,
2023-07-06,Gothic_ME,5.4275,
2023-07-07,Gothic_ME,5.0211,
2023-07-08,Gothic_ME,4.3554,
2023-07-09,Gothic_ME,4.3426,
2023-07-10,Gothic_ME,4.3438,
2023-07-11,Gothic_ME,4.3429,
2023-07-12,Gothic_ME,4.1651,
2023-07-13,Gothic_ME,4.1177,
2023-07-14,Gothic_ME,4.0075,
2023-07-15,Gothic_ME,3.8599,
2023-07-16,Gothic_ME,3.7569,
2023-07-17,Gothic_ME,3.7464,
2023-07-18,Gothic_ME,3.6956,
2023-07-19,Gothic_ME,3.7426,
2023-07-20,Gothic_ME,3.7302,
2023-07-21,Gothic_ME,3.6312,
2023-07-22,Gothic_ME,3.4759,
2023-07-23,Gothic_ME,3.4312,
2023-07-24,Gothic_ME,3.3555,
2023-07-25,Gothic_ME,3.3174,
2023-07-26,Gothic_ME,3.2659,
2023-07-27,Gothic_ME,3.1983,
2023-07-28,Gothic_ME,3.0597,
2023-07-29,Gothic_ME,2.9679,
2023-07-30,Gothic_ME,2.8958,
2023-07-31,Gothic_ME,2.7947,
2023-08-01,Gothic_ME,2.8431,
2023-08-02,Gothic_ME,2.7434,
2023-08-03,Gothic_ME,2.9776,
2023-08-04,Gothic_ME,2.642,
2023-08-05,Gothic_ME,2.5011,
2023-08-06,Gothic_ME,2.4353,
2023-08-07,Gothic_ME,2.3495,
2023-08-08,Gothic_ME,2.2859,
2023-08-09,Gothic_ME,2.2104,
2023-08-10,Gothic_ME,2.1787,
2023-08-11,Gothic_ME,2.1302,
2023-08-12,Gothic_ME,,"cb: water depth drops below transducer, no data 8/12-9/19"
2023-08-13,Gothic_ME,,
2023-08-14,Gothic_ME,,
2023-08-15,Gothic_ME,,
2023-08-16,Gothic_ME,,
2023-08-17,Gothic_ME,,
2023-08-18,Gothic_ME,,
2023-08-19,Gothic_ME,,
2023-08-20,Gothic_ME,,
2023-08-21,Gothic_ME,,
2023-08-22,Gothic_ME,,
2023-08-23,Gothic_ME,,
2023-08-24,Gothic_ME,,
2023-08-25,Gothic_ME,,
2023-08-26,Gothic_ME,,
2023-08-27,Gothic_ME,,
2023-08-28,Gothic_ME,,
2023-08-29,Gothic_ME,,
2023-08-30,Gothic_ME,,
2023-08-31,Gothic_ME,,
2023-09-01,Gothic_ME,,
2023-09-02,Gothic_ME,,
2023-09-03,Gothic_ME,,
2023-09-04,Gothic_ME,,
2023-09-05,Gothic_ME,,
2023-09-06,Gothic_ME,,
2023-09-07,Gothic_ME,,
2023-09-08,Gothic_ME,,
2023-09-09,Gothic_ME,,
2023-09-10,Gothic_ME,,
2023-09-11,Gothic_ME,,
2023-09-12,Gothic_ME,,
2023-09-13,Gothic_ME,,
2023-09-14,Gothic_ME,,
2023-09-15,Gothic_ME,,
2023-09-16,Gothic_ME,,
2023-09-17,Gothic_ME,,
2023-09-18,Gothic_ME,,
2023-09-19,Gothic_ME,0.526,"cb: transducer lowered, water depth values trustworthy again"
2023-09-20,Gothic_ME,0.5297,
2023-09-21,Gothic_ME,0.5027,
2023-09-22,Gothic_ME,0.4802,
2023-09-23,Gothic_ME,0.4781,
2023-09-24,Gothic_ME,0.4706,
2023-09-25,Gothic_ME,0.4666,
2023-09-26,Gothic_ME,0.462,
2023-09-27,Gothic_ME,0.4495,
2023-09-28,Gothic_ME,0.4439,
2023-09-29,Gothic_ME,0.438,
2023-09-30,Gothic_ME,0.434,cb: end of water year 2023
2024-04-01,Gothic_ME,0.3842,
2024-04-02,Gothic_ME,0.3738,
2024-04-03,Gothic_ME,0.4125,
2024-04-04,Gothic_ME,0.5029,
2024-04-05,Gothic_ME,0.5808,
2024-04-06,Gothic_ME,0.6182,
2024-04-07,Gothic_ME,0.656,
2024-04-08,Gothic_ME,0.5554,
2024-04-09,Gothic_ME,0.5313,
2024-04-10,Gothic_ME,0.5662,
2024-04-11,Gothic_ME,0.6038,
2024-04-12,Gothic_ME,0.7353,
2024-04-13,Gothic_ME,0.8845,
2024-04-14,Gothic_ME,1.5039,
2024-04-15,Gothic_ME,1.9776,
2024-04-16,Gothic_ME,1.2212,
2024-04-17,Gothic_ME,1.1732,
2024-04-18,Gothic_ME,1.3653,
2024-04-19,Gothic_ME,1.3363,
2024-04-20,Gothic_ME,1.4478,
2024-04-21,Gothic_ME,1.8146,
2024-04-22,Gothic_ME,2.4273,
2024-04-23,Gothic_ME,3.0357,
2024-04-24,Gothic_ME,3.8782,
2024-04-25,Gothic_ME,3.9784,
2024-04-26,Gothic_ME,3.2509,
2024-04-27,Gothic_ME,2.5809,
2024-04-28,Gothic_ME,1.8388,
2024-04-29,Gothic_ME,1.5087,
2024-04-30,Gothic_ME,1.6664,
2024-05-01,Gothic_ME,2.0283,
2024-05-02,Gothic_ME,1.7505,
2024-05-03,Gothic_ME,1.8179,
2024-05-04,Gothic_ME,2.1055,
2024-05-05,Gothic_ME,2.5464,
2024-05-06,Gothic_ME,2.5086,
2024-05-07,Gothic_ME,1.791,
2024-05-08,Gothic_ME,1.4264,
2024-05-09,Gothic_ME,1.184,
2024-05-10,Gothic_ME,1.0281,
2024-05-11,Gothic_ME,0.95,
2024-05-12,Gothic_ME,0.9572,
2024-05-13,Gothic_ME,1.1561,
2024-05-14,Gothic_ME,1.7218,
2024-05-15,Gothic_ME,2.4656,
2024-05-16,Gothic_ME,2.9988,
2024-05-17,Gothic_ME,3.528,
2024-05-18,Gothic_ME,4.136,
2024-05-19,Gothic_ME,4.504,
2024-05-20,Gothic_ME,4.9977,
2024-05-21,Gothic_ME,4.8057,
2024-05-22,Gothic_ME,3.7017,
2024-05-23,Gothic_ME,3.2574,
2024-05-24,Gothic_ME,3.2171,
2024-05-25,Gothic_ME,3.3084,
2024-05-26,Gothic_ME,3.2388,
2024-05-27,Gothic_ME,3.6305,
2024-05-28,Gothic_ME,4.7261,
2024-05-29,Gothic_ME,5.4928,
2024-05-30,Gothic_ME,5.552,
2024-05-31,Gothic_ME,5.4195,
2024-06-01,Gothic_ME,5.7597,
2024-06-02,Gothic_ME,6.1585,
2024-06-03,Gothic_ME,5.5736,
2024-06-04,Gothic_ME,5.7259,
2024-06-05,Gothic_ME,9.1435,
2024-06-06,Gothic_ME,8.8703,
2024-06-07,Gothic_ME,,
2024-06-08,Gothic_ME,,
2024-06-09,Gothic_ME,,
2024-06-10,Gothic_ME,,
2024-06-11,Gothic_ME,,
2024-06-12,Gothic_ME,,
2024-06-13,Gothic_ME,,
2024-06-14,Gothic_ME,,
2024-06-15,Gothic_ME,,
2024-06-16,Gothic_ME,,
2024-06-17,Gothic_ME,,
2024-06-18,Gothic_ME,,
2024-06-19,Gothic_ME,,
2024-06-20,Gothic_ME,13.8502,
2024-06-21,Gothic_ME,,
2024-06-22,Gothic_ME,,
2024-06-23,Gothic_ME,,
2024-06-24,Gothic_ME,11.1125,
2024-06-25,Gothic_ME,9.9666,
2024-06-26,Gothic_ME,9.3003,
2024-06-27,Gothic_ME,9.5643,
2024-06-28,Gothic_ME,8.9642,
2024-06-29,Gothic_ME,9.0274,
2024-06-30,Gothic_ME,9.1857,
2024-07-01,Gothic_ME,8.4397,
2024-07-02,Gothic_ME,8.8576,
2024-07-03,Gothic_ME,7.2877,
2024-07-04,Gothic_ME,6.9557,
2024-07-05,Gothic_ME,6.1804,
2024-07-06,Gothic_ME,5.6856,
2024-07-07,Gothic_ME,5.2857,
2024-07-08,Gothic_ME,4.9386,
2024-07-09,Gothic_ME,4.589,
2024-07-10,Gothic_ME,4.2359,
2024-07-11,Gothic_ME,3.9939,
2024-07-12,Gothic_ME,3.8082,
2024-07-13,Gothic_ME,3.554,
2024-07-14,Gothic_ME,3.3498,
2024-07-15,Gothic_ME,3.2026,
2024-07-16,Gothic_ME,3.0669,
2024-07-17,Gothic_ME,2.7162,
2024-07-18,Gothic_ME,2.4679,
2024-07-19,Gothic_ME,2.3658,
2024-07-20,Gothic_ME,2.1915,
2024-07-21,Gothic_ME,2.0493,
2024-07-22,Gothic_ME,1.8746,
2024-07-23,Gothic_ME,1.7107,
2024-07-24,Gothic_ME,1.5829,
2024-07-25,Gothic_ME,1.4898,
2024-07-26,Gothic_ME,1.4375,
2024-07-27,Gothic_ME,1.4635,
2024-07-28,Gothic_ME,1.312,
2024-07-29,Gothic_ME,1.1786,
2024-07-30,Gothic_ME,1.1027,
2024-07-31,Gothic_ME,1.0391,
2024-08-01,Gothic_ME,0.9671,
2024-08-02,Gothic_ME,0.9127,
2024-08-03,Gothic_ME,0.8711,
2024-08-04,Gothic_ME,0.8856,
2024-08-05,Gothic_ME,1.0184,
2024-08-06,Gothic_ME,1.1255,
2024-08-07,Gothic_ME,1.0845,
2024-08-08,Gothic_ME,0.9505,
2024-08-09,Gothic_ME,0.8663,
2024-08-10,Gothic_ME,0.9205,
2024-08-11,Gothic_ME,1.1657,
2024-08-12,Gothic_ME,0.922,
2024-08-13,Gothic_ME,0.9579,
2024-08-14,Gothic_ME,1.2281,
2024-08-15,Gothic_ME,0.9196,
2024-08-16,Gothic_ME,0.8119,
2024-08-17,Gothic_ME,0.7734,
2024-08-18,Gothic_ME,0.7626,
2024-08-19,Gothic_ME,0.7806,
2024-08-20,Gothic_ME,0.7563,
2024-08-21,Gothic_ME,1.0694,
2024-08-22,Gothic_ME,1.9128,
2024-08-23,Gothic_ME,1.3585,
2024-08-24,Gothic_ME,1.3352,
2024-08-25,Gothic_ME,1.4162,
2024-08-26,Gothic_ME,1.6973,
2024-08-27,Gothic_ME,1.333,
2024-08-28,Gothic_ME,1.0329,
2024-08-29,Gothic_ME,0.8949,
2024-08-30,Gothic_ME,0.8198,
2024-08-31,Gothic_ME,0.7707,
2024-09-01,Gothic_ME,0.7414,
2024-09-02,Gothic_ME,0.7307,
2024-09-03,Gothic_ME,0.7252,
2024-09-04,Gothic_ME,0.7392,
2024-09-05,Gothic_ME,0.7186,
2024-09-06,Gothic_ME,0.7177,
2024-09-07,Gothic_ME,0.7066,
2024-09-08,Gothic_ME,0.696,
2024-09-09,Gothic_ME,0.6907,
2024-09-10,Gothic_ME,0.7156,
2024-09-11,Gothic_ME,0.8295,
2024-09-12,Gothic_ME,0.7278,
2024-09-13,Gothic_ME,0.7036,
2024-09-14,Gothic_ME,0.6918,
2024-09-15,Gothic_ME,0.6906,
2024-09-16,Gothic_ME,0.7084,
2024-09-17,Gothic_ME,0.7378,
2024-09-18,Gothic_ME,0.7411,
2024-09-19,Gothic_ME,0.6994,
2024-09-20,Gothic_ME,0.6628,
2024-09-21,Gothic_ME,0.8005,
2024-09-22,Gothic_ME,0.8735,
2024-09-23,Gothic_ME,0.8137,
2024-09-24,Gothic_ME,0.7444,
2024-09-25,Gothic_ME,0.716,
2024-09-26,Gothic_ME,0.699,
2024-09-27,Gothic_ME,0.6913,
2024-09-28,Gothic_ME,0.6897,
2024-09-29,Gothic_ME,0.6717,
2024-09-30,Gothic_ME,0.6646,
2025-04-11,Gothic_ME,0.0135,
2025-04-12,Gothic_ME,0.0129,
2025-04-13,Gothic_ME,0.0105,
2025-04-14,Gothic_ME,0.0116,
2025-04-15,Gothic_ME,0.0192,
2025-04-16,Gothic_ME,0.0113,
2025-04-17,Gothic_ME,0.0068,
2025-04-18,Gothic_ME,0.0183,
2025-04-19,Gothic_ME,0.0188,
2025-04-20,Gothic_ME,0.0196,
2025-04-21,Gothic_ME,0.0323,
2025-04-22,Gothic_ME,0.0249,
2025-04-23,Gothic_ME,0.0195,
2025-04-24,Gothic_ME,0.0195,
2025-04-25,Gothic_ME,0.0236,
2025-04-26,Gothic_ME,0.0149,
2025-04-27,Gothic_ME,0.0182,
2025-04-28,Gothic_ME,0.0159,
2025-04-29,Gothic_ME,0.0293,
2025-04-30,Gothic_ME,0.0295,
2025-05-01,Gothic_ME,0.0109,
2025-05-02,Gothic_ME,0.0278,
2025-05-03,Gothic_ME,0.0274,
2025-05-04,Gothic_ME,0.0139,
2025-05-05,Gothic_ME,0.0069,
2025-05-06,Gothic_ME,0.0158,
2025-05-07,Gothic_ME,0.0151,
2025-05-08,Gothic_ME,0.0207,
2025-05-09,Gothic_ME,0.0152,
2025-05-10,Gothic_ME,0.0143,
2025-05-11,Gothic_ME,0.01,
2025-05-12,Gothic_ME,0.0114,
2025-05-13,Gothic_ME,0.006,
2025-05-14,Gothic_ME,0.0129,
2025-05-15,Gothic_ME,0.0141,
2025-05-16,Gothic_ME,2.7741,
2025-05-17,Gothic_ME,5.5498,
2025-05-18,Gothic_ME,5.1269,
2025-05-19,Gothic_ME,5.0745,
2025-05-20,Gothic_ME,4.3158,
2025-05-21,Gothic_ME,4.1673,
2025-05-22,Gothic_ME,5.2642,
2025-05-23,Gothic_ME,6.8163,
2025-05-24,Gothic_ME,8.1334,
2025-05-25,Gothic_ME,8.5219,
2025-05-26,Gothic_ME,8.1223,
2025-05-27,Gothic_ME,7.9917,
2025-05-28,Gothic_ME,8.1884,
2025-05-29,Gothic_ME,8.3207,
2025-05-30,Gothic_ME,8.3022,
2025-05-31,Gothic_ME,8.2858,
2025-06-01,Gothic_ME,8.2702,
2025-06-02,Gothic_ME,8.3915,
2025-06-03,Gothic_ME,8.8122,
2025-06-04,Gothic_ME,8.5417,
2025-06-05,Gothic_ME,9.1588,
2025-06-06,Gothic_ME,9.3872,
2025-06-07,Gothic_ME,8.677,
2025-06-08,Gothic_ME,8.7868,
2025-06-09,Gothic_ME,8.5628,
2025-06-10,Gothic_ME,8.513,
2025-06-11,Gothic_ME,8.7549,
2025-06-12,Gothic_ME,8.69,
2025-06-13,Gothic_ME,8.5111,
2025-06-14,Gothic_ME,8.5799,
2025-06-15,Gothic_ME,8.6144,
2025-06-16,Gothic_ME,8.3226,
2025-06-17,Gothic_ME,7.7676,
2025-06-18,Gothic_ME,7.1026,
2025-06-19,Gothic_ME,6.9839,
2025-06-20,Gothic_ME,7.0211,
2025-06-21,Gothic_ME,6.7656,
2025-06-22,Gothic_ME,6.3118,
2025-06-23,Gothic_ME,5.8114,
2025-06-24,Gothic_ME,5.4168,
2025-06-25,Gothic_ME,5.0556,
2025-06-26,Gothic_ME,4.5987,
2025-06-27,Gothic_ME,4.2943,
2025-06-28,Gothic_ME,4.0556,
2025-06-29,Gothic_ME,3.8926,
2025-06-30,Gothic_ME,3.522,
2025-07-01,Gothic_ME,3.4447,
2025-07-02,Gothic_ME,3.0646,
2025-07-03,Gothic_ME,3.1455,
2025-07-04,Gothic_ME,3.4373,
2025-07-05,Gothic_ME,2.9292,
2025-07-06,Gothic_ME,2.6528,
2025-07-07,Gothic_ME,2.4159,
2025-07-08,Gothic_ME,2.1451,
2025-07-09,Gothic_ME,1.9302,
2025-07-10,Gothic_ME,1.8267,
2025-07-11,Gothic_ME,1.8011,
2025-07-12,Gothic_ME,1.5212,
2025-07-13,Gothic_ME,1.4724,
2025-07-14,Gothic_ME,1.3607,
2025-07-15,Gothic_ME,1.2574,
2025-07-16,Gothic_ME,1.1627,
2025-07-17,Gothic_ME,1.137,
2025-07-18,Gothic_ME,1.1118,
2025-07-19,Gothic_ME,0.9263,
2025-07-20,Gothic_ME,0.8473,
2025-07-21,Gothic_ME,0.839,
2025-07-22,Gothic_ME,0.8323,
2025-07-23,Gothic_ME,0.8092,
2025-07-24,Gothic_ME,0.7909,
2025-07-25,Gothic_ME,0.7414,
2025-07-26,Gothic_ME,0.6927,
2025-07-27,Gothic_ME,0.6757,
2025-07-28,Gothic_ME,0.6655,
2025-07-29,Gothic_ME,0.6118,
2025-07-30,Gothic_ME,0.6544,
2025-07-31,Gothic_ME,0.6675,
2025-08-01,Gothic_ME,0.7337,
2025-08-02,Gothic_ME,0.6781,
2025-08-03,Gothic_ME,0.5797,
2025-08-04,Gothic_ME,0.5763,
2025-08-05,Gothic_ME,0.5544,
2025-08-06,Gothic_ME,0.5393,
2025-08-07,Gothic_ME,0.4764,
2025-08-08,Gothic_ME,0.4306,
2025-08-09,Gothic_ME,0.4669,
2025-08-10,Gothic_ME,0.4376,
2025-08-11,Gothic_ME,0.515,
2025-08-12,Gothic_ME,0.4666,
2025-08-13,Gothic_ME,0.4417,
2025-08-14,Gothic_ME,0.4522,
2025-08-15,Gothic_ME,0.4539,
2025-08-16,Gothic_ME,0.396,
2025-08-17,Gothic_ME,0.3858,
2025-08-18,Gothic_ME,0.3677,
2025-08-19,Gothic_ME,0.3547,
2025-08-20,Gothic_ME,0.3302,
2025-08-21,Gothic_ME,0.2813,
2025-08-22,Gothic_ME,0.2811,
2025-08-23,Gothic_ME,0.295,
2025-08-24,Gothic_ME,0.3388,
2025-08-25,Gothic_ME,0.4809,
2025-08-26,Gothic_ME,0.4899,
2025-08-27,Gothic_ME,0.5556,
2025-08-28,Gothic_ME,0.5154,
2025-08-29,Gothic_ME,0.5068,
2025-08-30,Gothic_ME,0.5317,
2025-08-31,Gothic_ME,0.5362,
2025-09-01,Gothic_ME,0.5196,
2025-09-02,Gothic_ME,0.4743,
2025-09-03,Gothic_ME,0.4599,
2025-09-04,Gothic_ME,0.4471,
2025-09-05,Gothic_ME,0.4614,
2025-09-06,Gothic_ME,0.4989,
2025-09-07,Gothic_ME,0.4702,
2025-09-08,Gothic_ME,0.4268,
2025-09-09,Gothic_ME,0.4446,
2025-09-10,Gothic_ME,0.4339,
2025-09-11,Gothic_ME,0.4973,
2025-09-12,Gothic_ME,1.3569,
2025-09-13,Gothic_ME,1.6773,
2025-09-14,Gothic_ME,1.3363,
2025-09-15,Gothic_ME,0.9521,
2025-09-16,Gothic_ME,0.8449,
2025-09-17,Gothic_ME,0.7817,
2025-09-18,Gothic_ME,0.7093,
2025-09-19,Gothic_ME,0.7038,
2025-09-20,Gothic_ME,0.6204,
2025-09-21,Gothic_ME,0.5713,
2025-09-22,Gothic_ME,0.5939,
2025-09-23,Gothic_ME,0.697,
2025-09-24,Gothic_ME,0.6494,
2025-09-25,Gothic_ME,0.6126,
2025-09-26,Gothic_ME,0.5756,
2025-09-27,Gothic_ME,0.5573,
2025-09-28,Gothic_ME,0.5298,
2025-09-29,Gothic_ME,0.5663,
2025-09-30,Gothic_ME,0.5441,
2025-10-01,Gothic_ME,0.5104,
2025-10-02,Gothic_ME,0.5064,
2025-10-03,Gothic_ME,0.5018,
2025-10-04,Gothic_ME,0.583,
2025-10-05,Gothic_ME,0.6805,
2025-10-06,Gothic_ME,0.6102,
2025-10-07,Gothic_ME,0.6002,
2025-10-08,Gothic_ME,0.5687,
2025-10-09,Gothic_ME,0.5164,
2025-10-10,Gothic_ME,0.5482,
2025-10-11,Gothic_ME,0.9328,
2025-10-12,Gothic_ME,1.6844,
2025-10-13,Gothic_ME,1.1948,
2025-10-14,Gothic_ME,1.9097,
2025-10-15,Gothic_ME,1.307,
2025-10-16,Gothic_ME,1.4536,
2025-10-17,Gothic_ME,1.2636,
2025-10-18,Gothic_ME,1.1709,
2025-10-19,Gothic_ME,1.1064,
2025-10-20,Gothic_ME,1.03,
2025-10-21,Gothic_ME,1.0356,
2025-10-22,Gothic_ME,0.9585,
2025-10-23,Gothic_ME,0.9388,
2025-10-24,Gothic_ME,1.0932,
2025-10-25,Gothic_ME,1.0387,
2025-10-26,Gothic_ME,0.9806,
2025-10-27,Gothic_ME,0.9131,
2025-10-28,Gothic_ME,1.0134,
2025-10-29,Gothic_ME,1.0169,
2025-10-30,Gothic_ME,0.9879,
2025-10-31,Gothic_ME,0.9511,
2025-11-01,Gothic_ME,0.9225,
2025-11-02,Gothic_ME,0.9033,
2025-11-03,Gothic_ME,0.8626,
2025-11-04,Gothic_ME,0.8553,
2025-11-05,Gothic_ME,0.8657,
2025-11-06,Gothic_ME,0.8226,
2025-11-07,Gothic_ME,0.8612,
2025-11-08,Gothic_ME,0.8474,
2025-11-09,Gothic_ME,0.8272,
2025-11-10,Gothic_ME,0.8632,
2025-11-11,Gothic_ME,0.8351,
2025-11-12,Gothic_ME,0.8294,
2025-11-13,Gothic_ME,0.8279,
2025-11-14,Gothic_ME,0.8358,
2014-05-01,PH_LT,4.5682,5/1/14 - 8/31/14: no transducer data. Used mean daily regression with Almont and adjust to match observed mean daily transucer 9/1/14 (+0.963 cms)
2014-05-02,PH_LT,4.5438,depth inverse of rating curve
2014-05-03,PH_LT,4.9778,
2014-05-04,PH_LT,6.0783,
2014-05-05,PH_LT,7.2093,
2014-05-06,PH_LT,7.8207,
2014-05-07,PH_LT,8.1263,
2014-05-08,PH_LT,7.3927,
2014-05-09,PH_LT,6.2617,
2014-05-10,PH_LT,5.6565,
2014-05-11,PH_LT,5.5892,
2014-05-12,PH_LT,5.3202,
2014-05-13,PH_LT,4.8495,
2014-05-14,PH_LT,4.556,
2014-05-15,PH_LT,4.1831,
2014-05-16,PH_LT,4.1464,
2014-05-17,PH_LT,4.4398,
2014-05-18,PH_LT,5.687,
2014-05-19,PH_LT,6.6346,
2014-05-20,PH_LT,7.9429,
2014-05-21,PH_LT,9.5325,
2014-05-22,PH_LT,9.2268,
2014-05-23,PH_LT,9.5325,
2014-05-24,PH_LT,9.777,
2014-05-25,PH_LT,10.4495,
2014-05-26,PH_LT,8.9823,
2014-05-27,PH_LT,9.6547,
2014-05-28,PH_LT,11.7334,
2014-05-29,PH_LT,13.9954,
2014-05-30,PH_LT,15.157,
2014-05-31,PH_LT,15.2793,
2014-06-01,PH_LT,15.8295,
2014-06-02,PH_LT,16.9911,
2014-06-03,PH_LT,16.6854,
2014-06-04,PH_LT,16.1352,
2014-06-05,PH_LT,16.1352,
2014-06-06,PH_LT,15.8295,
2014-06-07,PH_LT,15.6461,
2014-06-08,PH_LT,15.4015,
2014-06-09,PH_LT,13.0784,
2014-06-10,PH_LT,11.6722,
2014-06-11,PH_LT,11.4888,
2014-06-12,PH_LT,12.0391,
2014-06-13,PH_LT,12.2836,
2014-06-14,PH_LT,12.8338,
2014-06-15,PH_LT,11.3054,
2014-06-16,PH_LT,10.4495,
2014-06-17,PH_LT,10.0827,
2014-06-18,PH_LT,10.3272,
2014-06-19,PH_LT,9.5936,
2014-06-20,PH_LT,9.5325,
2014-06-21,PH_LT,9.6547,
2014-06-22,PH_LT,8.9823,
2014-06-23,PH_LT,8.9823,
2014-06-24,PH_LT,8.6154,
2014-06-25,PH_LT,8.6154,
2014-06-26,PH_LT,8.7988,
2014-06-27,PH_LT,8.6154,
2014-06-28,PH_LT,7.8818,
2014-06-29,PH_LT,7.8207,
2014-06-30,PH_LT,7.8207,
2014-07-01,PH_LT,7.5761,
2014-07-02,PH_LT,7.0504,
2014-07-03,PH_LT,6.6346,
2014-07-04,PH_LT,6.3717,
2014-07-05,PH_LT,6.4207,
2014-07-06,PH_LT,6.115,
2014-07-07,PH_LT,5.791,
2014-07-08,PH_LT,5.5158,
2014-07-09,PH_LT,5.253,
2014-07-10,PH_LT,4.9228,
2014-07-11,PH_LT,4.9228,
2014-07-12,PH_LT,4.8067,
2014-07-13,PH_LT,4.7944,
2014-07-14,PH_LT,4.3726,
2014-07-15,PH_LT,4.0363,
2014-07-16,PH_LT,3.8896,
2014-07-17,PH_LT,3.8957,
2014-07-18,PH_LT,3.5656,
2014-07-19,PH_LT,3.3027,
2014-07-20,PH_LT,3.1499,
2014-07-21,PH_LT,3.1132,
2014-07-22,PH_LT,2.8931,
2014-07-23,PH_LT,2.7892,
2014-07-24,PH_LT,2.7586,
2014-07-25,PH_LT,2.6914,
2014-07-26,PH_LT,2.5813,
2014-07-27,PH_LT,2.5385,
2014-07-28,PH_LT,2.9176,
2014-07-29,PH_LT,3.1071,
2014-07-30,PH_LT,2.997,
2014-07-31,PH_LT,2.7831,
2014-08-01,PH_LT,2.8136,
2014-08-02,PH_LT,2.7586,
2014-08-03,PH_LT,2.5691,
2014-08-04,PH_LT,2.5752,
2014-08-05,PH_LT,2.5997,
2014-08-06,PH_LT,2.7892,
2014-08-07,PH_LT,2.5752,
2014-08-08,PH_LT,2.4407,
2014-08-09,PH_LT,2.3429,
2014-08-10,PH_LT,2.3001,
2014-08-11,PH_LT,2.3184,
2014-08-12,PH_LT,2.2634,
2014-08-13,PH_LT,2.2206,
2014-08-14,PH_LT,2.1656,
2014-08-15,PH_LT,2.1228,
2014-08-16,PH_LT,2.0066,
2014-08-17,PH_LT,1.9149,
2014-08-18,PH_LT,1.8599,
2014-08-19,PH_LT,1.8477,
2014-08-20,PH_LT,1.8844,
2014-08-21,PH_LT,1.8905,
2014-08-22,PH_LT,1.8599,
2014-08-23,PH_LT,1.97,
2014-08-24,PH_LT,2.3979,
2014-08-25,PH_LT,2.1289,
2014-08-26,PH_LT,2.0617,
2014-08-27,PH_LT,2.1656,
2014-08-28,PH_LT,2.294,
2014-08-29,PH_LT,2.3245,
2014-08-30,PH_LT,2.1839,
2014-08-31,PH_LT,2.1045,
2014-09-01,PH_LT,2.0311,9/1/14-10/31/14: transducer data and sol1 rating curve.
2014-09-02,PH_LT,1.902,
2014-09-03,PH_LT,1.7508,
2014-09-04,PH_LT,1.7736,
2014-09-05,PH_LT,1.9376,
2014-09-06,PH_LT,1.7259,
2014-09-07,PH_LT,1.6434,
2014-09-08,PH_LT,1.6243,
2014-09-09,PH_LT,3.5195,
2014-09-10,PH_LT,3.9084,
2014-09-11,PH_LT,2.6622,
2014-09-12,PH_LT,2.1823,
2014-09-13,PH_LT,1.9089,
2014-09-14,PH_LT,1.7138,
2014-09-15,PH_LT,1.5909,
2014-09-16,PH_LT,1.4965,
2014-09-17,PH_LT,1.3689,
2014-09-18,PH_LT,1.2916,
2014-09-19,PH_LT,1.2,
2014-09-20,PH_LT,1.1429,
2014-09-21,PH_LT,1.43,
2014-09-22,PH_LT,2.0057,
2014-09-23,PH_LT,1.5376,
2014-09-24,PH_LT,1.277,
2014-09-25,PH_LT,1.115,
2014-09-26,PH_LT,1.0191,
2014-09-27,PH_LT,0.9667,
2014-09-28,PH_LT,1.0269,
2014-09-29,PH_LT,1.4571,
2014-09-30,PH_LT,1.3577,
2014-10-01,PH_LT,1.2545,
2014-10-02,PH_LT,1.2041,
2014-10-03,PH_LT,1.0785,
2014-10-04,PH_LT,1.0095,
2014-10-05,PH_LT,0.9657,
2014-10-06,PH_LT,0.8985,
2014-10-07,PH_LT,0.8698,
2014-10-08,PH_LT,0.831,
2014-10-09,PH_LT,0.9047,
2014-10-10,PH_LT,0.9762,
2014-10-11,PH_LT,0.9455,
2014-10-12,PH_LT,0.9684,
2014-10-13,PH_LT,0.9875,
2014-10-14,PH_LT,0.8997,
2014-10-15,PH_LT,0.8693,
2014-10-16,PH_LT,0.816,
2014-10-17,PH_LT,0.8092,
2014-10-18,PH_LT,0.8099,
2014-10-19,PH_LT,0.7896,
2014-10-20,PH_LT,0.7844,
2014-10-21,PH_LT,0.8035,
2014-10-22,PH_LT,0.9145,
2014-10-23,PH_LT,0.8133,
2014-10-24,PH_LT,0.7301,
2014-10-25,PH_LT,0.6941,
2014-10-26,PH_LT,0.6711,
2014-10-27,PH_LT,0.6922,
2014-10-28,PH_LT,0.6654,
2014-10-29,PH_LT,0.6365,
2014-10-30,PH_LT,0.6067,
2014-10-31,PH_LT,0.5807,
2014-11-01,PH_LT,0.5746,11/1/14-3/31/15: River under Ice. Use mean daily regression with Almont adjusted by difference between regression and observed on 10/31/14  (-0.2910 cms)
2014-11-02,PH_LT,0.5807,
2014-11-03,PH_LT,0.6418,
2014-11-04,PH_LT,0.5195,
2014-11-05,PH_LT,0.5379,
2014-11-06,PH_LT,0.599,
2014-11-07,PH_LT,0.5685,
2014-11-08,PH_LT,0.544,
2014-11-09,PH_LT,0.5012,
2014-11-10,PH_LT,0.489,
2014-11-11,PH_LT,0.4217,
2014-11-12,PH_LT,0.5501,
2014-11-13,PH_LT,0.4401,
2014-11-14,PH_LT,0.5623,
2014-11-15,PH_LT,0.5807,
2014-11-16,PH_LT,0.4645,
2014-11-17,PH_LT,0.3667,
2014-11-18,PH_LT,0.4156,
2014-11-19,PH_LT,0.5012,
2014-11-20,PH_LT,0.5012,
2014-11-21,PH_LT,0.4645,
2014-11-22,PH_LT,0.434,
2014-11-23,PH_LT,0.4951,
2014-11-24,PH_LT,0.4217,
2014-11-25,PH_LT,0.3912,
2014-11-26,PH_LT,0.4278,
2014-11-27,PH_LT,0.4095,
2014-11-28,PH_LT,0.4156,
2014-11-29,PH_LT,0.385,
2014-11-30,PH_LT,0.3912,
2014-12-01,PH_LT,0.4278,
2014-12-02,PH_LT,0.3361,
2014-12-03,PH_LT,0.3973,
2014-12-04,PH_LT,0.4156,
2014-12-05,PH_LT,0.4034,
2014-12-06,PH_LT,0.3484,
2014-12-07,PH_LT,0.385,
2014-12-08,PH_LT,0.2872,
2014-12-09,PH_LT,0.2261,
2014-12-10,PH_LT,0.2322,
2014-12-11,PH_LT,0.275,
2014-12-12,PH_LT,0.2995,
2014-12-13,PH_LT,0.3484,
2014-12-14,PH_LT,0.3545,
2014-12-15,PH_LT,0.2811,
2014-12-16,PH_LT,0.1772,
2014-12-17,PH_LT,0.3117,
2014-12-18,PH_LT,0.3117,
2014-12-19,PH_LT,0.1833,
2014-12-20,PH_LT,0.2139,
2014-12-21,PH_LT,0.2933,
2014-12-22,PH_LT,0.2505,
2014-12-23,PH_LT,0.1466,
2014-12-24,PH_LT,0.1405,
2014-12-25,PH_LT,0.3117,
2014-12-26,PH_LT,0.2933,
2014-12-27,PH_LT,0.3056,
2014-12-28,PH_LT,0.2261,
2014-12-29,PH_LT,0.2872,
2014-12-30,PH_LT,0.2689,
2014-12-31,PH_LT,0.1955,
2015-01-01,PH_LT,0.1955,
2015-01-02,PH_LT,0.2016,
2015-01-03,PH_LT,0.1955,
2015-01-04,PH_LT,0.2016,
2015-01-05,PH_LT,0.2139,
2015-01-06,PH_LT,0.2139,
2015-01-07,PH_LT,0.2078,
2015-01-08,PH_LT,0.2078,
2015-01-09,PH_LT,0.1894,
2015-01-10,PH_LT,0.1955,
2015-01-11,PH_LT,0.1955,
2015-01-12,PH_LT,0.1894,
2015-01-13,PH_LT,0.1894,
2015-01-14,PH_LT,0.1772,
2015-01-15,PH_LT,0.1588,
2015-01-16,PH_LT,0.1283,
2015-01-17,PH_LT,0.1833,
2015-01-18,PH_LT,0.1466,
2015-01-19,PH_LT,0.1711,
2015-01-20,PH_LT,0.1772,
2015-01-21,PH_LT,0.1405,
2015-01-22,PH_LT,0.0366,
2015-01-23,PH_LT,0.0671,
2015-01-24,PH_LT,0.1099,
2015-01-25,PH_LT,0.165,
2015-01-26,PH_LT,0.1283,
2015-01-27,PH_LT,0.1283,
2015-01-28,PH_LT,0.1466,
2015-01-29,PH_LT,0.1405,
2015-01-30,PH_LT,0.1405,
2015-01-31,PH_LT,0.1466,
2015-02-01,PH_LT,0.1038,
2015-02-02,PH_LT,0.1222,
2015-02-03,PH_LT,0.1344,
2015-02-04,PH_LT,0.1344,
2015-02-05,PH_LT,0.116,
2015-02-06,PH_LT,0.0855,
2015-02-07,PH_LT,0.1038,
2015-02-08,PH_LT,0.1466,
2015-02-09,PH_LT,0.1099,
2015-02-10,PH_LT,0.1344,
2015-02-11,PH_LT,0.1527,
2015-02-12,PH_LT,0.0977,
2015-02-13,PH_LT,0.1222,
2015-02-14,PH_LT,0.1466,
2015-02-15,PH_LT,0.165,
2015-02-16,PH_LT,0.1772,
2015-02-17,PH_LT,0.0916,
2015-02-18,PH_LT,0.116,
2015-02-19,PH_LT,0.1588,
2015-02-20,PH_LT,0.165,
2015-02-21,PH_LT,0.1711,
2015-02-22,PH_LT,0.1527,
2015-02-23,PH_LT,0.1344,
2015-02-24,PH_LT,0.1344,
2015-02-25,PH_LT,0.1222,
2015-02-26,PH_LT,0.1283,
2015-02-27,PH_LT,0.1405,
2015-02-28,PH_LT,0.0794,
2015-03-01,PH_LT,0.1344,
2015-03-02,PH_LT,0.1711,
2015-03-03,PH_LT,0.1099,
2015-03-04,PH_LT,0.0977,
2015-03-05,PH_LT,0.0427,
2015-03-06,PH_LT,0.1099,
2015-03-07,PH_LT,0.116,
2015-03-08,PH_LT,0.1099,
2015-03-09,PH_LT,0.1099,
2015-03-10,PH_LT,0.1099,
2015-03-11,PH_LT,0.1222,
2015-03-12,PH_LT,0.165,
2015-03-13,PH_LT,0.1833,
2015-03-14,PH_LT,0.1466,
2015-03-15,PH_LT,0.1894,
2015-03-16,PH_LT,0.2689,
2015-03-17,PH_LT,0.3789,
2015-03-18,PH_LT,0.544,
2015-03-19,PH_LT,0.6602,
2015-03-20,PH_LT,0.7274,
2015-03-21,PH_LT,0.8252,
2015-03-22,PH_LT,0.8864,
2015-03-23,PH_LT,0.9475,
2015-03-24,PH_LT,0.972,
2015-03-25,PH_LT,0.8925,
2015-03-26,PH_LT,0.7335,
2015-03-27,PH_LT,0.8069,
2015-03-28,PH_LT,0.9903,
2015-03-29,PH_LT,1.3082,
2015-03-30,PH_LT,1.5405,
2015-03-31,PH_LT,1.7423,
2015-04-01,PH_LT,1.5059,4/1/15-9/2/15: transducer and rating curve
2015-04-02,PH_LT,1.3348,
2015-04-03,PH_LT,1.3428,
2015-04-04,PH_LT,1.2187,
2015-04-05,PH_LT,1.1294,
2015-04-06,PH_LT,1.2176,
2015-04-07,PH_LT,1.3591,
2015-04-08,PH_LT,1.4667,
2015-04-09,PH_LT,1.5162,
2015-04-10,PH_LT,1.5106,
2015-04-11,PH_LT,1.5765,
2015-04-12,PH_LT,1.646,
2015-04-13,PH_LT,1.7984,
2015-04-14,PH_LT,2.0879,
2015-04-15,PH_LT,2.3081,
2015-04-16,PH_LT,2.1038,
2015-04-17,PH_LT,2.0716,
2015-04-18,PH_LT,1.9168,
2015-04-19,PH_LT,1.5241,
2015-04-20,PH_LT,1.4663,
2015-04-21,PH_LT,1.4401,
2015-04-22,PH_LT,1.3938,
2015-04-23,PH_LT,1.4429,
2015-04-24,PH_LT,1.4244,
2015-04-25,PH_LT,1.4062,
2015-04-26,PH_LT,1.2992,
2015-04-27,PH_LT,1.2895,
2015-04-28,PH_LT,1.5141,
2015-04-29,PH_LT,1.849,
2015-04-30,PH_LT,2.2919,
2015-05-01,PH_LT,2.8511,
2015-05-02,PH_LT,3.2751,
2015-05-03,PH_LT,3.7193,
2015-05-04,PH_LT,3.7063,
2015-05-05,PH_LT,3.6335,
2015-05-06,PH_LT,3.9551,
2015-05-07,PH_LT,3.7236,
2015-05-08,PH_LT,3.4467,
2015-05-09,PH_LT,3.3843,
2015-05-10,PH_LT,3.0143,
2015-05-11,PH_LT,2.7992,
2015-05-12,PH_LT,2.6183,
2015-05-13,PH_LT,2.8472,
2015-05-14,PH_LT,2.9928,
2015-05-15,PH_LT,3.0606,
2015-05-16,PH_LT,2.7408,
2015-05-17,PH_LT,2.7154,
2015-05-18,PH_LT,2.5787,
2015-05-19,PH_LT,3.0001,
2015-05-20,PH_LT,2.7005,
2015-05-21,PH_LT,2.5942,
2015-05-22,PH_LT,2.8528,
2015-05-23,PH_LT,3.0297,
2015-05-24,PH_LT,2.8028,
2015-05-25,PH_LT,2.8517,
2015-05-26,PH_LT,2.8632,
2015-05-27,PH_LT,3.0035,
2015-05-28,PH_LT,3.6145,
2015-05-29,PH_LT,3.8887,
2015-05-30,PH_LT,3.8891,
2015-05-31,PH_LT,4.775,
2015-06-01,PH_LT,6.2255,
2015-06-02,PH_LT,7.4346,
2015-06-03,PH_LT,8.2812,
2015-06-04,PH_LT,8.5434,
2015-06-05,PH_LT,8.7599,
2015-06-06,PH_LT,8.16,
2015-06-07,PH_LT,8.0985,
2015-06-08,PH_LT,9.4057,
2015-06-09,PH_LT,9.7912,
2015-06-10,PH_LT,10.4275,
2015-06-11,PH_LT,14.4226,
2015-06-12,PH_LT,14.1763,
2015-06-13,PH_LT,12.3402,
2015-06-14,PH_LT,11.1956,
2015-06-15,PH_LT,10.3102,
2015-06-16,PH_LT,11.4271,
2015-06-17,PH_LT,13.5283,
2015-06-18,PH_LT,12.1384,
2015-06-19,PH_LT,11.0582,
2015-06-20,PH_LT,10.4476,
2015-06-21,PH_LT,9.6756,
2015-06-22,PH_LT,9.114,
2015-06-23,PH_LT,8.3065,
2015-06-24,PH_LT,7.9592,
2015-06-25,PH_LT,7.063,
2015-06-26,PH_LT,6.3905,
2015-06-27,PH_LT,6.25,
2015-06-28,PH_LT,5.542,
2015-06-29,PH_LT,5.4871,
2015-06-30,PH_LT,5.0972,
2015-07-01,PH_LT,4.7937,
2015-07-02,PH_LT,4.1094,
2015-07-03,PH_LT,3.9936,
2015-07-04,PH_LT,3.8641,
2015-07-05,PH_LT,3.4562,
2015-07-06,PH_LT,3.4487,
2015-07-07,PH_LT,3.0795,
2015-07-08,PH_LT,3.1193,
2015-07-09,PH_LT,3.3605,
2015-07-10,PH_LT,3.0251,
2015-07-11,PH_LT,2.7699,
2015-07-12,PH_LT,2.6502,
2015-07-13,PH_LT,2.5298,
2015-07-14,PH_LT,2.5328,
2015-07-15,PH_LT,2.6679,
2015-07-16,PH_LT,2.1966,
2015-07-17,PH_LT,2.3312,
2015-07-18,PH_LT,2.7168,
2015-07-19,PH_LT,2.7875,
2015-07-20,PH_LT,2.7126,
2015-07-21,PH_LT,2.8924,
2015-07-22,PH_LT,2.4938,
2015-07-23,PH_LT,2.3025,
2015-07-24,PH_LT,2.4506,
2015-07-25,PH_LT,2.5378,
2015-07-26,PH_LT,2.1592,
2015-07-27,PH_LT,1.9656,
2015-07-28,PH_LT,1.9171,
2015-07-29,PH_LT,1.8056,
2015-07-30,PH_LT,1.7459,
2015-07-31,PH_LT,1.7115,
2015-08-01,PH_LT,1.6992,
2015-08-02,PH_LT,1.7214,
2015-08-03,PH_LT,2.0758,
2015-08-04,PH_LT,1.866,
2015-08-05,PH_LT,1.6355,
2015-08-06,PH_LT,1.5165,
2015-08-07,PH_LT,1.4831,
2015-08-08,PH_LT,1.5848,
2015-08-09,PH_LT,1.4175,
2015-08-10,PH_LT,1.3336,
2015-08-11,PH_LT,1.4085,
2015-08-12,PH_LT,1.5841,
2015-08-13,PH_LT,1.393,
2015-08-14,PH_LT,1.2961,
2015-08-15,PH_LT,1.2249,
2015-08-16,PH_LT,1.2203,
2015-08-17,PH_LT,1.2653,
2015-08-18,PH_LT,1.3757,
2015-08-19,PH_LT,1.1959,
2015-08-20,PH_LT,1.125,
2015-08-21,PH_LT,1.0679,
2015-08-22,PH_LT,1.0479,
2015-08-23,PH_LT,1.0578,
2015-08-24,PH_LT,0.9755,
2015-08-25,PH_LT,0.973,
2015-08-26,PH_LT,1.1769,
2015-08-27,PH_LT,2.0032,
2015-08-28,PH_LT,1.7287,
2015-08-29,PH_LT,1.3554,
2015-08-30,PH_LT,1.2046,
2015-08-31,PH_LT,1.2134,
2015-09-01,PH_LT,1.1379,
2015-09-02,PH_LT,1.1847,SOL2  replaces SOL1
2015-09-03,PH_LT,1.3147,
2015-09-04,PH_LT,1.4177,
2015-09-05,PH_LT,2.1357,
2015-09-06,PH_LT,1.8976,
2015-09-07,PH_LT,1.7802,
2015-09-08,PH_LT,1.6692,
2015-09-09,PH_LT,1.5191,
2015-09-10,PH_LT,1.3861,
2015-09-11,PH_LT,1.4362,
2015-09-12,PH_LT,1.3198,
2015-09-13,PH_LT,0.9472,
2015-09-14,PH_LT,0.8023,
2015-09-15,PH_LT,1.3045,
2015-09-16,PH_LT,1.231,
2015-09-17,PH_LT,1.0469,
2015-09-18,PH_LT,1.0245,
2015-09-19,PH_LT,1.0598,
2015-09-20,PH_LT,1.1421,
2015-09-21,PH_LT,1.0329,YSI fills gap of SOL2 off line
2015-09-22,PH_LT,0.8896,
2015-09-23,PH_LT,0.9479,
2015-09-24,PH_LT,1.1813,
2015-09-25,PH_LT,1.2091,
2015-09-26,PH_LT,1.0386,
2015-09-27,PH_LT,0.8908,
2015-09-28,PH_LT,0.8659,
2015-09-29,PH_LT,0.9037,
2015-09-30,PH_LT,0.9478,
2015-10-01,PH_LT,0.9482,
2015-10-02,PH_LT,0.6459,
2015-10-03,PH_LT,0.4583,
2015-10-04,PH_LT,0.5944,
2015-10-05,PH_LT,0.7559,
2015-10-06,PH_LT,0.945,
2015-10-07,PH_LT,0.8901,
2015-10-08,PH_LT,0.9422,
2015-10-09,PH_LT,1.0718,
2015-10-10,PH_LT,0.9996,
2015-10-11,PH_LT,0.8186,
2015-10-12,PH_LT,0.8865,
2015-10-13,PH_LT,0.9528,
2015-10-14,PH_LT,0.9207,
2015-10-15,PH_LT,0.8778,
2015-10-16,PH_LT,0.9377,
2015-10-17,PH_LT,0.842,
2015-10-18,PH_LT,0.7751,
2015-10-19,PH_LT,0.7207,
2015-10-20,PH_LT,0.6453,SOL2
2015-10-21,PH_LT,0.4873,
2015-10-22,PH_LT,0.5131,
2015-10-23,PH_LT,0.5247,
2015-10-24,PH_LT,0.4903,
2015-10-25,PH_LT,0.4663,
2015-10-26,PH_LT,0.478,
2015-10-27,PH_LT,0.4717,
2015-10-28,PH_LT,0.4595,
2015-10-29,PH_LT,0.4677,
2015-10-30,PH_LT,0.4617,
2015-10-31,PH_LT,0.434,
2015-11-01,PH_LT,0.4259,
2015-11-02,PH_LT,0.4207,
2015-11-03,PH_LT,0.4194,
2015-11-04,PH_LT,0.4377,
2015-11-05,PH_LT,0.3653,
2015-11-06,PH_LT,0.3778,
2015-11-07,PH_LT,0.3944,
2015-11-08,PH_LT,0.5099,Almont Regression (PT iced over)
2015-11-09,PH_LT,0.5548,
2015-11-10,PH_LT,0.574,
2015-11-11,PH_LT,0.6382,
2015-11-12,PH_LT,0.4842,
2015-11-13,PH_LT,0.5227,
2015-11-14,PH_LT,0.5291,
2015-11-15,PH_LT,0.5676,
2015-11-16,PH_LT,0.6639,
2015-11-17,PH_LT,0.651,
2015-11-18,PH_LT,0.5804,
2015-11-19,PH_LT,0.5997,
2015-11-20,PH_LT,0.6125,
2015-11-21,PH_LT,0.4457,
2015-11-22,PH_LT,0.4842,
2015-11-23,PH_LT,0.5484,
2015-11-24,PH_LT,0.5419,
2015-11-25,PH_LT,0.5676,
2015-11-26,PH_LT,0.6254,
2015-11-27,PH_LT,0.5548,
2015-11-28,PH_LT,0.5676,
2015-11-29,PH_LT,0.4842,
2015-11-30,PH_LT,0.4906,
2015-12-01,PH_LT,0.4393,
2015-12-02,PH_LT,0.4393,
2015-12-03,PH_LT,0.4842,
2015-12-04,PH_LT,0.4842,
2015-12-05,PH_LT,0.5099,
2015-12-06,PH_LT,0.3751,
2015-12-07,PH_LT,0.4649,
2015-12-08,PH_LT,0.497,
2015-12-09,PH_LT,0.4649,
2015-12-10,PH_LT,0.4778,
2015-12-11,PH_LT,0.4906,
2015-12-12,PH_LT,0.497,
2015-12-13,PH_LT,0.4264,
2015-12-14,PH_LT,0.3815,
2015-12-15,PH_LT,0.4136,
2015-12-16,PH_LT,0.3494,
2015-12-17,PH_LT,0.3494,
2015-12-18,PH_LT,0.3751,
2015-12-19,PH_LT,0.3944,
2015-12-20,PH_LT,0.4329,
2015-12-21,PH_LT,0.42,
2015-12-22,PH_LT,0.4329,
2015-12-23,PH_LT,0.3944,
2015-12-24,PH_LT,0.2981,
2015-12-25,PH_LT,0.3687,
2015-12-26,PH_LT,0.3559,
2015-12-27,PH_LT,0.2404,
2015-12-28,PH_LT,0.2981,
2015-12-29,PH_LT,0.3751,
2015-12-30,PH_LT,0.3623,
2015-12-31,PH_LT,0.3302,
2016-01-01,PH_LT,0.2853,
2016-01-02,PH_LT,0.2917,
2016-01-03,PH_LT,0.3494,
2016-01-04,PH_LT,0.3623,
2016-01-05,PH_LT,0.3687,
2016-01-06,PH_LT,0.3751,
2016-01-07,PH_LT,0.3815,
2016-01-08,PH_LT,0.343,
2016-01-09,PH_LT,0.3559,
2016-01-10,PH_LT,0.3238,
2016-01-11,PH_LT,0.2724,
2016-01-12,PH_LT,0.266,
2016-01-13,PH_LT,0.3045,
2016-01-14,PH_LT,0.3238,
2016-01-15,PH_LT,0.343,
2016-01-16,PH_LT,0.3366,
2016-01-17,PH_LT,0.3366,
2016-01-18,PH_LT,0.3238,
2016-01-19,PH_LT,0.3302,
2016-01-20,PH_LT,0.3238,
2016-01-21,PH_LT,0.2981,
2016-01-22,PH_LT,0.2724,
2016-01-23,PH_LT,0.3174,
2016-01-24,PH_LT,0.3302,
2016-01-25,PH_LT,0.3174,
2016-01-26,PH_LT,0.2532,
2016-01-27,PH_LT,0.266,
2016-01-28,PH_LT,0.3045,
2016-01-29,PH_LT,0.3302,
2016-01-30,PH_LT,0.3174,
2016-01-31,PH_LT,0.3238,
2016-02-01,PH_LT,0.3109,
2016-02-02,PH_LT,0.3109,
2016-02-03,PH_LT,0.2853,
2016-02-04,PH_LT,0.2404,
2016-02-05,PH_LT,0.3238,
2016-02-06,PH_LT,0.2917,
2016-02-07,PH_LT,0.3174,
2016-02-08,PH_LT,0.3045,
2016-02-09,PH_LT,0.3045,
2016-02-10,PH_LT,0.3109,
2016-02-11,PH_LT,0.3174,
2016-02-12,PH_LT,0.3238,
2016-02-13,PH_LT,0.3302,
2016-02-14,PH_LT,0.3238,
2016-02-15,PH_LT,0.3238,
2016-02-16,PH_LT,0.3238,
2016-02-17,PH_LT,0.3174,
2016-02-18,PH_LT,0.3238,
2016-02-19,PH_LT,0.3302,
2016-02-20,PH_LT,0.3366,
2016-02-21,PH_LT,0.3366,
2016-02-22,PH_LT,0.343,
2016-02-23,PH_LT,0.3494,
2016-02-24,PH_LT,0.3238,
2016-02-25,PH_LT,0.3366,
2016-02-26,PH_LT,0.3366,
2016-02-27,PH_LT,0.3366,
2016-02-28,PH_LT,0.3494,
2016-02-29,PH_LT,0.3494,
2016-03-01,PH_LT,0.3879,
2016-03-02,PH_LT,0.3944,
2016-03-03,PH_LT,0.3623,
2016-03-04,PH_LT,0.3815,
2016-03-05,PH_LT,0.4136,
2016-03-06,PH_LT,0.4842,
2016-03-07,PH_LT,0.4585,
2016-03-08,PH_LT,0.4072,
2016-03-09,PH_LT,0.3879,
2016-03-10,PH_LT,0.42,
2016-03-11,PH_LT,0.4842,
2016-03-12,PH_LT,0.5355,
2016-03-13,PH_LT,0.5227,
2016-03-14,PH_LT,0.5484,
2016-03-15,PH_LT,0.5034,
2016-03-16,PH_LT,0.4649,
2016-03-17,PH_LT,0.5291,
2016-03-18,PH_LT,0.4714,
2016-03-19,PH_LT,0.42,
2016-03-20,PH_LT,0.42,
2016-03-21,PH_LT,0.4906,
2016-03-22,PH_LT,0.5227,
2016-03-23,PH_LT,0.4842,
2016-03-24,PH_LT,0.4714,
2016-03-25,PH_LT,0.4842,
2016-03-26,PH_LT,0.4585,
2016-03-27,PH_LT,0.4072,
2016-03-28,PH_LT,0.4649,
2016-03-29,PH_LT,0.4906,
2016-03-30,PH_LT,0.4521,
2016-03-31,PH_LT,0.4264,
2016-04-01,PH_LT,0.4072,
2016-04-02,PH_LT,0.4329,
2016-04-03,PH_LT,0.4778,
2016-04-04,PH_LT,0.5548,
2016-04-05,PH_LT,0.5687,interpolate to smooth transition to SOL2 when ice breaks free
2016-04-06,PH_LT,0.5826,
2016-04-07,PH_LT,0.5965,
2016-04-08,PH_LT,0.6105,
2016-04-09,PH_LT,0.6244,
2016-04-10,PH_LT,0.6383,
2016-04-11,PH_LT,1.0969,SOL2
2016-04-12,PH_LT,1.6564,
2016-04-13,PH_LT,2.1828,
2016-04-14,PH_LT,2.4623,
2016-04-15,PH_LT,2.0226,
2016-04-16,PH_LT,1.6324,
2016-04-17,PH_LT,1.372,
2016-04-18,PH_LT,1.2328,
2016-04-19,PH_LT,1.1484,
2016-04-20,PH_LT,1.1213,
2016-04-21,PH_LT,1.2453,
2016-04-22,PH_LT,1.4593,
2016-04-23,PH_LT,1.8621,
2016-04-24,PH_LT,1.7345,
2016-04-25,PH_LT,1.686,
2016-04-26,PH_LT,1.6513,
2016-04-27,PH_LT,1.5597,
2016-04-28,PH_LT,1.5146,
2016-04-29,PH_LT,1.4194,
2016-04-30,PH_LT,1.3284,
2016-05-01,PH_LT,1.2476,
2016-05-02,PH_LT,1.2654,
2016-05-03,PH_LT,1.462,
2016-05-04,PH_LT,1.944,
2016-05-05,PH_LT,2.8792,
2016-05-06,PH_LT,3.5275,
2016-05-07,PH_LT,3.4186,
2016-05-08,PH_LT,3.0235,
2016-05-09,PH_LT,2.9575,
2016-05-10,PH_LT,3.2763,
2016-05-11,PH_LT,2.9001,
2016-05-12,PH_LT,2.8845,
2016-05-13,PH_LT,3.3654,
2016-05-14,PH_LT,4.2393,
2016-05-15,PH_LT,5.3547,
2016-05-16,PH_LT,5.022,
2016-05-17,PH_LT,4.3039,
2016-05-18,PH_LT,3.9604,
2016-05-19,PH_LT,4.3369,
2016-05-20,PH_LT,4.831,
2016-05-21,PH_LT,5.6394,
2016-05-22,PH_LT,6.3237,
2016-05-23,PH_LT,6.0515,
2016-05-24,PH_LT,5.681,
2016-05-25,PH_LT,5.5965,
2016-05-26,PH_LT,5.3072,
2016-05-27,PH_LT,4.6384,
2016-05-28,PH_LT,4.2025,
2016-05-29,PH_LT,4.3738,
2016-05-30,PH_LT,5.003,
2016-05-31,PH_LT,5.6041,
2016-06-01,PH_LT,6.544,
2016-06-02,PH_LT,7.6281,
2016-06-03,PH_LT,9.0152,
2016-06-04,PH_LT,10.6538,
2016-06-05,PH_LT,12.1783,
2016-06-06,PH_LT,12.1982,
2016-06-07,PH_LT,11.9207,
2016-06-08,PH_LT,11.8736,
2016-06-09,PH_LT,11.6085,
2016-06-10,PH_LT,11.8681,
2016-06-11,PH_LT,12.0108,
2016-06-12,PH_LT,11.288,
2016-06-13,PH_LT,9.5666,
2016-06-14,PH_LT,8.2179,
2016-06-15,PH_LT,8.2099,
2016-06-16,PH_LT,8.339,
2016-06-17,PH_LT,8.0903,
2016-06-18,PH_LT,7.9727,
2016-06-19,PH_LT,8.0714,
2016-06-20,PH_LT,8.5559,
2016-06-21,PH_LT,8.7165,
2016-06-22,PH_LT,7.8653,
2016-06-23,PH_LT,6.8887,
2016-06-24,PH_LT,6.2613,
2016-06-25,PH_LT,5.7564,
2016-06-26,PH_LT,5.3352,
2016-06-27,PH_LT,4.7477,
2016-06-28,PH_LT,4.3497,
2016-06-29,PH_LT,3.9565,
2016-06-30,PH_LT,3.6612,
2016-07-01,PH_LT,3.7847,
2016-07-02,PH_LT,3.5093,
2016-07-03,PH_LT,3.3882,
2016-07-04,PH_LT,3.0428,
2016-07-05,PH_LT,2.9433,
2016-07-06,PH_LT,2.8576,
2016-07-07,PH_LT,2.7692,
2016-07-08,PH_LT,2.6153,
2016-07-09,PH_LT,2.4871,
2016-07-10,PH_LT,2.3415,
2016-07-11,PH_LT,2.0639,
2016-07-12,PH_LT,1.7675,
2016-07-13,PH_LT,1.6733,
2016-07-14,PH_LT,1.5824,
2016-07-15,PH_LT,1.4943,
2016-07-16,PH_LT,1.3988,
2016-07-17,PH_LT,1.2931,
2016-07-18,PH_LT,1.312,
2016-07-19,PH_LT,1.5126,
2016-07-20,PH_LT,1.3235,
2016-07-21,PH_LT,1.2586,
2016-07-22,PH_LT,1.2079,
2016-07-23,PH_LT,1.1272,
2016-07-24,PH_LT,1.0464,
2016-07-25,PH_LT,1.017,
2016-07-26,PH_LT,0.9574,
2016-07-27,PH_LT,0.8792,
2016-07-28,PH_LT,0.8483,
2016-07-29,PH_LT,0.81,
2016-07-30,PH_LT,0.7845,
2016-07-31,PH_LT,0.767,
2016-08-01,PH_LT,0.7916,
2016-08-02,PH_LT,0.7384,
2016-08-03,PH_LT,0.7161,
2016-08-04,PH_LT,0.8986,
2016-08-05,PH_LT,1.5416,
2016-08-06,PH_LT,1.2802,
2016-08-07,PH_LT,1.0096,
2016-08-08,PH_LT,0.9472,
2016-08-09,PH_LT,0.8823,
2016-08-10,PH_LT,0.8578,
2016-08-11,PH_LT,0.8266,
2016-08-12,PH_LT,0.7296,
2016-08-13,PH_LT,0.6863,
2016-08-14,PH_LT,0.6457,
2016-08-15,PH_LT,0.6234,
2016-08-16,PH_LT,0.5997,
2016-08-17,PH_LT,0.6057,Sol2 runs out of storage. Use regression with Copper Creek summer flows (mean daily r2=0.97)
2016-08-18,PH_LT,0.6157,
2016-08-19,PH_LT,0.6147,
2016-08-20,PH_LT,0.5776,
2016-08-21,PH_LT,0.5536,
2016-08-22,PH_LT,0.5518,
2016-08-23,PH_LT,0.5958,
2016-08-24,PH_LT,0.8274,
2016-08-25,PH_LT,0.6559,
2016-08-26,PH_LT,0.7122,
2016-08-27,PH_LT,0.645,
2016-08-28,PH_LT,0.7465,
2016-08-29,PH_LT,0.9397,
2016-08-30,PH_LT,1.0592,
2016-08-31,PH_LT,0.8804,
2016-09-01,PH_LT,0.7611,
2016-09-02,PH_LT,0.9742,
2016-09-03,PH_LT,0.9657,
2016-09-04,PH_LT,0.9777,
2016-09-05,PH_LT,0.8119,
2016-09-06,PH_LT,0.7213,
2016-09-07,PH_LT,0.6549,
2016-09-08,PH_LT,0.6274,
2016-09-09,PH_LT,0.5889,
2016-09-10,PH_LT,0.5819,
2016-09-11,PH_LT,0.5754,
2016-09-12,PH_LT,0.566,
2016-09-13,PH_LT,0.5424,
2016-09-14,PH_LT,0.5539,
2016-09-15,PH_LT,0.5559,
2016-09-16,PH_LT,0.5244,
2016-09-17,PH_LT,0.4971,
2016-09-18,PH_LT,0.4812,
2016-09-19,PH_LT,0.4734,
2016-09-20,PH_LT,0.4668,
2016-09-21,PH_LT,0.4847,
2016-09-22,PH_LT,0.5123,
2016-09-23,PH_LT,0.5445,
2016-09-24,PH_LT,0.5122,
2016-09-25,PH_LT,0.5192,
2016-09-26,PH_LT,0.5486,
2016-09-27,PH_LT,0.5481,
2016-09-28,PH_LT,0.5128,
2016-09-29,PH_LT,0.5124,
2016-09-30,PH_LT,0.5517,
2016-10-01,PH_LT,0.548,
2016-10-02,PH_LT,0.5468,
2016-10-03,PH_LT,0.5619,
2016-10-04,PH_LT,0.4821,
2016-10-05,PH_LT,0.473,
2016-10-06,PH_LT,0.4562,
2016-10-07,PH_LT,0.4617,
2016-10-08,PH_LT,0.4644,
2016-10-09,PH_LT,0.4707,
2016-10-10,PH_LT,0.4755,
2016-10-11,PH_LT,0.5532,
2016-10-12,PH_LT,0.538,
2016-10-13,PH_LT,0.4998,
2016-10-14,PH_LT,0.491,
2017-10-01,PH_LT,0.9412,
2017-10-02,PH_LT,1.0148,
2017-10-03,PH_LT,0.9629,
2017-10-04,PH_LT,0.8334,
2017-10-05,PH_LT,0.7814,
2017-10-06,PH_LT,0.8364,
2017-10-07,PH_LT,0.7609,
2017-10-08,PH_LT,0.6937,
2017-10-09,PH_LT,0.9272,
2017-10-10,PH_LT,0.7882,
2017-10-11,PH_LT,0.7738,
2017-10-12,PH_LT,0.78,
2017-10-13,PH_LT,0.7259,
2017-10-14,PH_LT,0.8003,
2017-10-15,PH_LT,0.6992,
2017-10-16,PH_LT,0.6501,
2017-10-17,PH_LT,0.6196,
2017-10-18,PH_LT,0.6337,
2017-10-19,PH_LT,0.5824,
2017-10-20,PH_LT,0.5669,
2017-10-21,PH_LT,0.8301,
2017-10-22,PH_LT,0.6955,
2017-10-23,PH_LT,0.6752,
2017-10-24,PH_LT,0.6283,
2017-10-25,PH_LT,0.5263,
2017-10-26,PH_LT,0.5995,
2017-10-27,PH_LT,0.5876,
2017-10-28,PH_LT,0.6093,
2017-10-29,PH_LT,0.5316,
2017-10-30,PH_LT,0.5463,
2017-10-31,PH_LT,0.6374,
2017-11-01,PH_LT,0.7372,
2017-11-02,PH_LT,0.6443,
2017-11-03,PH_LT,0.5574,
2017-11-04,PH_LT,0.567,
2017-11-05,PH_LT,0.6207,
2017-11-06,PH_LT,0.6356,
2017-11-07,PH_LT,0.5883,
2017-11-08,PH_LT,0.5152,
2017-11-09,PH_LT,0.5251,
2017-11-10,PH_LT,0.6829,
2017-11-11,PH_LT,0.7527,
2017-11-12,PH_LT,0.5736,
2017-11-13,PH_LT,0.6802,
2017-11-14,PH_LT,0.5542,
2017-11-15,PH_LT,0.539,
2017-11-16,PH_LT,0.6769,
2017-11-17,PH_LT,0.5287,
2017-11-18,PH_LT,0.518,
2017-11-19,PH_LT,0.4488,
2017-11-20,PH_LT,0.6523,
2017-11-21,PH_LT,0.8307,
2017-11-22,PH_LT,0.7623,
2017-11-23,PH_LT,0.6177,
2017-11-24,PH_LT,0.6267,
2017-11-25,PH_LT,0.6147,
2017-11-26,PH_LT,0.5609,
2017-11-27,PH_LT,0.5757,
2017-11-28,PH_LT,0.6287,
2017-11-29,PH_LT,0.6425,
2017-11-30,PH_LT,0.474,
2017-12-01,PH_LT,0.6434,
2017-12-02,PH_LT,0.5261,
2017-12-03,PH_LT,0.5069,
2017-12-04,PH_LT,0.6923,
2017-12-05,PH_LT,0.4252,
2017-12-06,PH_LT,0.4155,
2017-12-07,PH_LT,0.3796,
2017-12-08,PH_LT,0.4085,
2017-12-09,PH_LT,0.3944,
2017-12-10,PH_LT,0.3828,
2017-12-11,PH_LT,0.3777,
2017-12-12,PH_LT,0.3899,
2017-12-13,PH_LT,0.3841,
2017-12-14,PH_LT,0.4181,
2017-12-15,PH_LT,0.379,
2017-12-16,PH_LT,0.3385,
2017-12-17,PH_LT,0.3604,
2017-12-18,PH_LT,0.3308,
2017-12-19,PH_LT,0.3392,
2017-12-20,PH_LT,0.3417,
2017-12-21,PH_LT,0.386,
2017-12-22,PH_LT,0.336,
2017-12-23,PH_LT,0.3751,
2017-12-24,PH_LT,0.3456,
2017-12-25,PH_LT,0.3719,
2017-12-26,PH_LT,0.3777,
2017-12-27,PH_LT,0.3578,
2017-12-28,PH_LT,0.3732,
2017-12-29,PH_LT,0.3533,
2017-12-30,PH_LT,0.3674,
2017-12-31,PH_LT,0.3732,
2018-01-01,PH_LT,0.3276,
2018-01-02,PH_LT,0.3668,
2018-01-03,PH_LT,0.3097,
2018-01-04,PH_LT,0.3328,
2018-01-05,PH_LT,0.302,
2018-01-06,PH_LT,0.3321,
2018-01-07,PH_LT,0.3122,
2018-01-08,PH_LT,0.3097,
2018-01-09,PH_LT,0.3514,
2018-01-10,PH_LT,0.3661,
2018-01-11,PH_LT,0.3366,
2018-01-12,PH_LT,0.3584,
2018-01-13,PH_LT,0.3674,
2018-01-14,PH_LT,0.3385,
2018-01-15,PH_LT,0.3257,
2018-01-16,PH_LT,0.3122,
2018-01-17,PH_LT,0.2853,
2018-01-18,PH_LT,0.3263,
2018-01-19,PH_LT,0.3411,
2018-01-20,PH_LT,0.3328,
2018-01-21,PH_LT,0.327,
2018-01-22,PH_LT,0.3289,
2018-01-23,PH_LT,0.3417,
2018-01-24,PH_LT,0.3219,
2018-01-25,PH_LT,0.3353,
2018-01-26,PH_LT,0.3462,
2018-01-27,PH_LT,0.3045,
2018-01-28,PH_LT,0.3219,
2018-01-29,PH_LT,0.3353,
2018-01-30,PH_LT,0.3482,
2018-01-31,PH_LT,0.3411,
2018-02-01,PH_LT,0.3353,
2018-02-02,PH_LT,0.3379,
2018-02-03,PH_LT,0.3385,
2018-02-04,PH_LT,0.3411,
2018-02-05,PH_LT,0.3475,
2018-02-06,PH_LT,0.3443,
2018-02-07,PH_LT,0.3097,
2018-02-08,PH_LT,0.3289,
2018-02-09,PH_LT,0.3437,
2018-02-10,PH_LT,0.3533,
2018-02-11,PH_LT,0.2898,
2018-02-12,PH_LT,0.352,
2018-02-13,PH_LT,0.3571,
2018-02-14,PH_LT,0.3462,
2018-02-15,PH_LT,0.3411,
2018-02-16,PH_LT,0.3231,
2018-02-17,PH_LT,0.3263,
2018-02-18,PH_LT,0.3109,
2018-02-19,PH_LT,0.3559,
2018-02-20,PH_LT,0.2943,
2018-02-21,PH_LT,0.2917,
2018-02-22,PH_LT,0.3559,
2018-02-23,PH_LT,0.3077,
2018-02-24,PH_LT,0.3148,
2018-02-25,PH_LT,0.3045,
2018-02-26,PH_LT,0.2949,
2018-02-27,PH_LT,0.3077,
2018-02-28,PH_LT,0.3103,
2018-03-01,PH_LT,0.2923,
2018-03-02,PH_LT,0.3097,
2018-03-03,PH_LT,0.302,
2018-03-04,PH_LT,0.3154,
2018-03-05,PH_LT,0.2962,
2018-03-06,PH_LT,0.2923,
2018-03-07,PH_LT,0.293,
2018-03-08,PH_LT,0.3026,
2018-03-09,PH_LT,0.3052,
2018-03-10,PH_LT,0.3199,
2018-03-11,PH_LT,0.2904,
2018-03-12,PH_LT,0.309,
2018-03-13,PH_LT,0.3225,
2018-03-14,PH_LT,0.3475,
2018-03-15,PH_LT,0.3732,
2018-03-16,PH_LT,0.3539,
2018-03-17,PH_LT,0.3148,
2018-03-18,PH_LT,0.3353,
2018-03-19,PH_LT,0.3065,
2018-03-20,PH_LT,0.3135,
2018-03-21,PH_LT,0.3212,
2018-03-22,PH_LT,0.3328,
2018-03-23,PH_LT,0.4046,
2018-03-24,PH_LT,0.3892,
2018-03-25,PH_LT,0.3661,
2018-03-26,PH_LT,0.3604,
2018-03-27,PH_LT,0.3629,
2018-03-28,PH_LT,0.3745,
2018-03-29,PH_LT,0.3758,
2018-03-30,PH_LT,0.37,
2018-03-31,PH_LT,0.4162,
2018-04-01,PH_LT,0.5272,
2018-04-02,PH_LT,0.6318,
2018-04-03,PH_LT,0.6703,
2018-04-04,PH_LT,0.5689,
2018-04-05,PH_LT,0.5997,
2018-04-06,PH_LT,0.651,
2018-04-07,PH_LT,0.7344,
2018-04-08,PH_LT,1.5365,
2018-04-09,PH_LT,1.1836,
2018-04-10,PH_LT,0.7413,
2018-04-11,PH_LT,0.8649,
2018-04-12,PH_LT,0.9623,
2018-04-13,PH_LT,1.2439,
2018-04-14,PH_LT,1.0242,
2018-04-15,PH_LT,1.031,
2018-04-16,PH_LT,1.0878,
2018-04-17,PH_LT,1.14,
2018-04-18,PH_LT,1.1927,
2018-04-19,PH_LT,1.0886,
2018-04-20,PH_LT,1.2113,
2018-04-21,PH_LT,1.1469,
2018-04-22,PH_LT,1.129,
2018-04-23,PH_LT,1.514,
2018-04-24,PH_LT,1.7443,
2018-04-25,PH_LT,1.6919,
2018-04-26,PH_LT,2.021,
2018-04-27,PH_LT,2.3087,
2018-04-28,PH_LT,2.695,
2018-04-29,PH_LT,2.966,
2018-04-30,PH_LT,2.9951,
2018-05-01,PH_LT,2.7477,
2018-05-02,PH_LT,2.3437,
2018-05-03,PH_LT,2.2577,
2018-05-04,PH_LT,2.0884,
2018-05-05,PH_LT,2.4132,
2018-05-06,PH_LT,3.0055,
2018-05-07,PH_LT,3.414,
2018-05-08,PH_LT,4.1414,
2018-05-09,PH_LT,4.6364,
2018-05-10,PH_LT,4.8293,
2018-05-11,PH_LT,5.2762,
2018-05-12,PH_LT,4.8773,
2018-05-13,PH_LT,4.542,
2018-05-14,PH_LT,4.7151,
2018-05-15,PH_LT,4.9122,
2018-05-16,PH_LT,5.2167,
2018-05-17,PH_LT,5.6537,
2018-05-18,PH_LT,5.6381,
2018-05-19,PH_LT,5.2782,
2018-05-20,PH_LT,4.7073,
2018-05-21,PH_LT,4.2457,
2018-05-22,PH_LT,4.3898,
2018-05-23,PH_LT,4.5087,
2018-05-24,PH_LT,4.8714,
2018-05-25,PH_LT,5.3913,
2018-05-26,PH_LT,5.3265,
2018-05-27,PH_LT,4.9296,
2018-05-28,PH_LT,5.0013,
2018-05-29,PH_LT,4.2848,
2018-05-30,PH_LT,4.4724,
2018-05-31,PH_LT,4.7275,
2018-06-01,PH_LT,4.8529,
2018-06-02,PH_LT,4.3963,
2018-06-03,PH_LT,4.1175,
2018-06-04,PH_LT,3.8204,
2018-06-05,PH_LT,3.9418,
2018-06-06,PH_LT,3.9027,
2018-06-07,PH_LT,3.7867,
2018-06-08,PH_LT,3.6301,
2018-06-09,PH_LT,3.3596,
2018-06-10,PH_LT,3.2122,
2018-06-11,PH_LT,3.0461,
2018-06-12,PH_LT,2.8787,
2018-06-13,PH_LT,2.7341,
2018-06-14,PH_LT,2.7206,
2018-06-15,PH_LT,2.6243,
2018-06-16,PH_LT,2.6045,
2018-06-17,PH_LT,3.692,
2018-06-18,PH_LT,2.9973,
2018-06-19,PH_LT,2.5076,
2018-06-20,PH_LT,2.2894,
2018-06-21,PH_LT,2.07,
2018-06-22,PH_LT,1.9243,
2018-06-23,PH_LT,1.7251,
2018-06-24,PH_LT,1.7624,
2018-06-25,PH_LT,1.5927,
2018-06-26,PH_LT,1.5573,
2018-06-27,PH_LT,1.4943,
2018-06-28,PH_LT,1.4129,
2018-06-29,PH_LT,1.4131,
2018-06-30,PH_LT,1.3707,
2018-07-01,PH_LT,1.2976,
2018-07-02,PH_LT,1.1837,
2018-07-03,PH_LT,1.19,
2018-07-04,PH_LT,1.1749,
2018-07-05,PH_LT,1.14,
2018-07-06,PH_LT,1.008,
2018-07-07,PH_LT,1.0526,
2018-07-08,PH_LT,1.1374,
2018-07-09,PH_LT,1.0375,
2018-07-10,PH_LT,1.0025,
2018-07-11,PH_LT,1.087,
2018-07-12,PH_LT,1.0938,
2018-07-13,PH_LT,1.0374,
2018-07-14,PH_LT,0.9096,
2018-07-15,PH_LT,0.9463,
2018-07-16,PH_LT,0.9557,
2018-07-17,PH_LT,0.8844,
2018-07-18,PH_LT,0.8541,
2018-07-19,PH_LT,0.7979,
2018-07-20,PH_LT,0.828,
2018-07-21,PH_LT,0.8078,
2018-07-22,PH_LT,0.77,
2018-07-23,PH_LT,0.7738,
2018-07-24,PH_LT,0.7571,
2018-07-25,PH_LT,0.7711,
2018-07-26,PH_LT,0.7156,
2018-07-27,PH_LT,0.7279,
2018-07-28,PH_LT,0.766,
2018-07-29,PH_LT,0.754,
2018-07-30,PH_LT,0.7055,
2018-07-31,PH_LT,0.6433,
2018-08-01,PH_LT,0.6491,
2018-08-02,PH_LT,0.6049,
2018-08-03,PH_LT,0.6631,
2018-08-04,PH_LT,0.7098,
2018-08-05,PH_LT,0.6853,
2018-08-06,PH_LT,0.6172,
2018-08-07,PH_LT,0.5606,
2018-08-08,PH_LT,0.5676,
2018-08-09,PH_LT,0.5503,
2018-08-10,PH_LT,0.5292,
2018-08-11,PH_LT,0.5179,
2018-08-12,PH_LT,0.4943,
2018-08-13,PH_LT,0.4704,
2018-08-14,PH_LT,0.4607,
2018-08-15,PH_LT,0.4802,
2018-08-16,PH_LT,0.5172,
2018-08-17,PH_LT,0.5331,
2018-08-18,PH_LT,0.5579,
2018-08-19,PH_LT,0.5472,
2018-08-20,PH_LT,0.4711,
2018-08-21,PH_LT,0.52,
2018-08-22,PH_LT,0.6957,
2018-08-23,PH_LT,0.6647,
2018-08-24,PH_LT,0.571,
2018-08-25,PH_LT,0.5406,
2018-08-26,PH_LT,0.4993,
2018-08-27,PH_LT,0.5636,
2018-08-28,PH_LT,0.5177,
2018-08-29,PH_LT,0.4682,
2018-08-30,PH_LT,0.4261,
2018-08-31,PH_LT,0.4275,
2018-09-01,PH_LT,0.451,
2018-09-02,PH_LT,0.4679,
2018-09-03,PH_LT,0.4719,
2018-09-04,PH_LT,0.486,
2018-09-05,PH_LT,0.6219,
2018-09-06,PH_LT,0.6648,
2018-09-07,PH_LT,0.5079,
2018-09-08,PH_LT,0.4487,
2018-09-09,PH_LT,0.4776,
2018-09-10,PH_LT,0.4384,
2018-09-11,PH_LT,0.4196,
2018-09-12,PH_LT,0.4188,
2018-09-13,PH_LT,0.4198,
2018-09-14,PH_LT,0.3859,
2018-09-15,PH_LT,0.3658,
2018-09-16,PH_LT,0.3891,
2018-09-17,PH_LT,0.367,
2018-09-18,PH_LT,0.3477,
2018-09-19,PH_LT,0.4334,
2018-09-20,PH_LT,0.6439,
2018-09-21,PH_LT,0.4977,
2018-09-22,PH_LT,0.4139,
2018-09-23,PH_LT,0.3879,
2018-09-24,PH_LT,0.437,
2018-09-25,PH_LT,0.4747,
2018-09-26,PH_LT,0.429,
2018-09-27,PH_LT,0.3911,
2018-09-28,PH_LT,0.4216,
2018-09-29,PH_LT,0.3691,
2018-09-30,PH_LT,0.3729,
2018-10-01,PH_LT,0.4124,
2018-10-02,PH_LT,0.6369,
2018-10-03,PH_LT,1.5024,
2018-10-04,PH_LT,1.1244,
2018-10-05,PH_LT,0.9097,
2018-10-06,PH_LT,0.7577,
2018-10-07,PH_LT,0.7405,
2018-10-08,PH_LT,0.7614,
2018-10-09,PH_LT,0.6849,
2018-10-10,PH_LT,0.7882,
2018-10-11,PH_LT,0.7727,
2018-10-12,PH_LT,0.7302,
2018-10-13,PH_LT,0.6651,
2018-10-14,PH_LT,0.798,
2018-10-15,PH_LT,0.6846,
2018-10-16,PH_LT,0.7411,
2019-05-13,PH_LT,4.5964,
2019-05-14,PH_LT,4.6433,
2019-05-15,PH_LT,5.8573,
2019-05-16,PH_LT,6.9819,
2019-05-17,PH_LT,7.3718,
2019-05-18,PH_LT,5.5862,
2019-05-19,PH_LT,4.1689,
2019-05-20,PH_LT,3.5667,
2019-05-21,PH_LT,3.101,
2019-05-22,PH_LT,2.8833,
2019-05-23,PH_LT,2.6329,
2019-05-24,PH_LT,2.4891,
2019-05-25,PH_LT,2.6447,
2019-05-26,PH_LT,2.9947,
2019-05-27,PH_LT,3.0408,
2019-05-28,PH_LT,3.0969,
2019-05-29,PH_LT,3.0665,
2019-05-30,PH_LT,3.3117,
2019-05-31,PH_LT,4.0412,
2019-06-01,PH_LT,5.2598,
2019-06-02,PH_LT,6.9839,
2019-06-03,PH_LT,7.691,
2019-06-04,PH_LT,8.427,
2019-06-05,PH_LT,10.3157,
2019-06-06,PH_LT,13.576,
2019-06-07,PH_LT,14.9688,
2019-06-08,PH_LT,15.8765,
2019-06-09,PH_LT,16.5661,
2019-06-10,PH_LT,14.9895,
2019-06-11,PH_LT,14.4594,
2019-06-12,PH_LT,14.3944,
2019-06-13,PH_LT,16.3862,
2019-06-14,PH_LT,18.1874,
2019-06-15,PH_LT,17.994,
2019-06-16,PH_LT,16.899,
2019-06-17,PH_LT,16.7138,
2019-06-18,PH_LT,15.1642,
2019-06-19,PH_LT,14.6612,
2019-06-20,PH_LT,15.6925,
2019-06-21,PH_LT,15.6747,
2019-06-22,PH_LT,14.6444,
2019-06-23,PH_LT,10.3745,
2019-06-24,PH_LT,8.1563,
2019-06-25,PH_LT,8.2558,
2019-06-26,PH_LT,9.6727,
2019-06-27,PH_LT,11.9488,
2019-06-28,PH_LT,14.1456,
2019-06-29,PH_LT,15.8516,
2019-06-30,PH_LT,16.0729,
2019-07-01,PH_LT,17.0623,
2019-07-02,PH_LT,16.0414,
2019-07-03,PH_LT,15.0426,
2019-07-04,PH_LT,14.2882,
2019-07-05,PH_LT,13.1373,
2019-07-06,PH_LT,11.9746,
2019-07-07,PH_LT,10.7871,
2019-07-08,PH_LT,10.414,
2019-07-09,PH_LT,10.2902,
2019-07-10,PH_LT,9.4105,
2019-07-11,PH_LT,9.3029,
2019-07-12,PH_LT,9.0373,
2019-07-13,PH_LT,8.9044,
2019-07-14,PH_LT,8.604,
2019-07-15,PH_LT,8.7277,
2019-07-16,PH_LT,8.6613,
2019-07-17,PH_LT,7.9898,
2019-07-18,PH_LT,6.3945,
2019-07-19,PH_LT,5.5008,
2019-07-20,PH_LT,5.3081,
2019-07-21,PH_LT,4.9167,
2019-07-22,PH_LT,4.6917,
2019-07-23,PH_LT,4.3365,
2019-07-24,PH_LT,4.251,
2019-07-25,PH_LT,4.4399,
2019-07-26,PH_LT,4.2069,
2019-07-27,PH_LT,3.9508,
2019-07-28,PH_LT,3.8803,
2019-07-29,PH_LT,3.589,
2019-07-30,PH_LT,3.7372,
2019-07-31,PH_LT,3.7631,
2019-08-01,PH_LT,3.2475,
2019-08-02,PH_LT,3.1096,
2019-08-03,PH_LT,2.9547,
2019-08-04,PH_LT,3.0488,
2019-08-05,PH_LT,3.2487,
2019-08-06,PH_LT,2.7151,
2019-08-07,PH_LT,2.5179,
2019-08-08,PH_LT,2.4943,
2019-08-09,PH_LT,2.4749,
2019-08-10,PH_LT,2.3076,
2019-08-11,PH_LT,2.341,
2019-08-12,PH_LT,2.2198,
2019-08-13,PH_LT,2.0238,
2019-08-14,PH_LT,1.861,
2019-08-15,PH_LT,1.7203,
2019-08-16,PH_LT,1.6544,
2019-08-17,PH_LT,1.6399,
2019-08-18,PH_LT,1.6361,
2019-08-19,PH_LT,1.5419,
2019-08-20,PH_LT,1.4831,
2019-08-21,PH_LT,1.43,
2019-08-22,PH_LT,1.3724,
2019-08-23,PH_LT,1.4451,
2019-08-24,PH_LT,1.491,
2019-08-25,PH_LT,1.4465,
2019-08-26,PH_LT,1.4592,
2019-08-27,PH_LT,1.4287,
2019-08-28,PH_LT,1.3469,
2019-08-29,PH_LT,1.2904,
2019-08-30,PH_LT,1.2343,
2019-08-31,PH_LT,1.2271,
2019-09-01,PH_LT,1.2139,
2019-09-02,PH_LT,1.1855,
2019-09-03,PH_LT,1.1825,
2019-09-04,PH_LT,1.1305,
2019-09-05,PH_LT,1.1375,
2019-09-06,PH_LT,1.0928,
2019-09-07,PH_LT,1.0826,
2019-09-08,PH_LT,1.0628,
2019-09-09,PH_LT,1.0922,
2019-09-10,PH_LT,1.0339,
2019-09-11,PH_LT,1.0403,
2019-09-12,PH_LT,1.0351,
2019-09-13,PH_LT,0.9303,
2019-09-14,PH_LT,0.8922,
2019-09-15,PH_LT,0.8535,
2019-09-16,PH_LT,0.8765,
2019-09-17,PH_LT,0.9502,
2019-09-18,PH_LT,0.9281,
2019-09-19,PH_LT,0.8442,
2019-09-20,PH_LT,0.8614,
2019-09-21,PH_LT,0.8548,
2019-09-22,PH_LT,0.8543,
2019-09-23,PH_LT,0.7812,
2019-09-24,PH_LT,0.6256,
2019-09-25,PH_LT,0.5147,
2019-09-26,PH_LT,0.4844,
2019-09-27,PH_LT,0.4856,
2019-09-28,PH_LT,0.5037,
2019-09-29,PH_LT,0.5207,
2019-09-30,PH_LT,0.5074,
2019-10-01,PH_LT,0.4859,rc: solinst 10/1-10/16
2019-10-02,PH_LT,0.5255,
2019-10-03,PH_LT,0.45,
2019-10-04,PH_LT,0.4346,
2019-10-05,PH_LT,0.4629,
2019-10-06,PH_LT,0.4769,
2019-10-07,PH_LT,0.3983,
2019-10-08,PH_LT,0.3952,
2019-10-09,PH_LT,0.3902,
2019-10-10,PH_LT,0.4898,
2019-10-11,PH_LT,0.4097,
2019-10-12,PH_LT,0.3705,
2019-10-13,PH_LT,0.4162,
2019-10-14,PH_LT,0.4188,
2019-10-15,PH_LT,0.4326,
2019-10-16,PH_LT,0.3281,
2019-10-17,PH_LT,0.431,rc: Almont Regression
2019-10-18,PH_LT,0.444,
2019-10-19,PH_LT,0.448,
2019-10-20,PH_LT,0.453,
2019-10-21,PH_LT,0.466,
2019-10-22,PH_LT,0.52,
2019-10-23,PH_LT,0.534,
2019-10-24,PH_LT,0.512,
2019-10-25,PH_LT,0.494,
2019-10-26,PH_LT,0.519,
2019-10-27,PH_LT,0.539,
2019-10-28,PH_LT,0.583,
2019-10-29,PH_LT,0.557,
2019-10-30,PH_LT,0.532,
2019-10-31,PH_LT,0.55,
2019-11-01,PH_LT,0.632,
2019-11-02,PH_LT,0.625,
2019-11-03,PH_LT,0.619,
2019-11-04,PH_LT,0.638,
2019-11-05,PH_LT,0.625,
2019-11-06,PH_LT,0.645,
2019-11-07,PH_LT,0.613,
2019-11-08,PH_LT,0.546,
2019-11-09,PH_LT,0.568,
2019-11-10,PH_LT,0.58,
2019-11-11,PH_LT,0.606,
2019-11-12,PH_LT,0.55,
2019-11-13,PH_LT,0.558,
2019-11-14,PH_LT,0.555,
2019-11-15,PH_LT,0.551,
2019-11-16,PH_LT,0.557,
2019-11-17,PH_LT,0.531,
2019-11-18,PH_LT,0.55,
2019-11-19,PH_LT,0.536,
2019-11-20,PH_LT,0.577,
2019-11-21,PH_LT,0.606,
2019-11-22,PH_LT,0.619,
2019-11-23,PH_LT,0.516,
2019-11-24,PH_LT,0.495,
2019-11-25,PH_LT,0.497,
2019-11-26,PH_LT,0.547,
2019-11-27,PH_LT,0.46,
2019-11-28,PH_LT,0.585,
2019-11-29,PH_LT,0.645,
2019-11-30,PH_LT,0.546,
2019-12-01,PH_LT,0.482,
2019-12-02,PH_LT,0.645,
2019-12-03,PH_LT,0.57,
2019-12-04,PH_LT,0.5,
2019-12-05,PH_LT,0.507,
2019-12-06,PH_LT,0.469,
2019-12-07,PH_LT,0.458,
2019-12-08,PH_LT,0.472,
2019-12-09,PH_LT,0.496,
2019-12-10,PH_LT,0.44,
2019-12-11,PH_LT,0.483,
2019-12-12,PH_LT,0.532,
2019-12-13,PH_LT,0.502,
2019-12-14,PH_LT,0.477,
2019-12-15,PH_LT,0.487,
2019-12-16,PH_LT,0.442,
2019-12-17,PH_LT,0.349,
2019-12-18,PH_LT,0.376,
2019-12-19,PH_LT,0.394,
2019-12-20,PH_LT,0.398,
2019-12-21,PH_LT,0.401,
2019-12-22,PH_LT,0.408,
2019-12-23,PH_LT,0.428,
2019-12-24,PH_LT,0.444,
2019-12-25,PH_LT,0.448,
2019-12-26,PH_LT,0.448,
2019-12-27,PH_LT,0.425,
2019-12-28,PH_LT,0.444,
2019-12-29,PH_LT,0.392,
2019-12-30,PH_LT,0.349,
2019-12-31,PH_LT,0.347,
2020-01-01,PH_LT,0.378,
2020-01-02,PH_LT,0.404,
2020-01-03,PH_LT,0.398,
2020-01-04,PH_LT,0.397,
2020-01-05,PH_LT,0.392,
2020-01-06,PH_LT,0.388,
2020-01-07,PH_LT,0.383,
2020-01-08,PH_LT,0.385,
2020-01-09,PH_LT,0.385,
2020-01-10,PH_LT,0.368,
2020-01-11,PH_LT,0.344,
2020-01-12,PH_LT,0.36,
2020-01-13,PH_LT,0.367,
2020-01-14,PH_LT,0.348,
2020-01-15,PH_LT,0.349,
2020-01-16,PH_LT,0.344,
2020-01-17,PH_LT,0.355,
2020-01-18,PH_LT,0.317,
2020-01-19,PH_LT,0.311,
2020-01-20,PH_LT,0.328,
2020-01-21,PH_LT,0.371,
2020-01-22,PH_LT,0.37,
2020-01-23,PH_LT,0.364,
2020-01-24,PH_LT,0.358,
2020-01-25,PH_LT,0.354,
2020-01-26,PH_LT,0.349,
2020-01-27,PH_LT,0.346,
2020-01-28,PH_LT,0.337,
2020-01-29,PH_LT,0.336,
2020-01-30,PH_LT,0.327,
2020-01-31,PH_LT,0.327,
2020-02-01,PH_LT,0.346,
2020-02-02,PH_LT,0.336,
2020-02-03,PH_LT,0.339,
2020-02-04,PH_LT,0.299,
2020-02-05,PH_LT,0.29,
2020-02-06,PH_LT,0.326,
2020-02-07,PH_LT,0.334,
2020-02-08,PH_LT,0.34,
2020-02-09,PH_LT,0.35,
2020-02-10,PH_LT,0.342,
2020-02-11,PH_LT,0.334,
2020-02-12,PH_LT,0.363,
2020-02-13,PH_LT,0.377,
2020-02-14,PH_LT,0.343,
2020-02-15,PH_LT,0.357,
2020-02-16,PH_LT,0.347,
2020-02-17,PH_LT,0.344,
2020-02-18,PH_LT,0.33,
2020-02-19,PH_LT,0.321,
2020-02-20,PH_LT,0.316,
2020-02-21,PH_LT,0.294,
2020-02-22,PH_LT,0.362,
2020-02-23,PH_LT,0.343,
2020-02-24,PH_LT,0.305,
2020-02-25,PH_LT,0.302,
2020-02-26,PH_LT,0.263,
2020-02-27,PH_LT,0.355,
2020-02-28,PH_LT,0.308,
2020-02-29,PH_LT,0.287,
2020-03-01,PH_LT,0.297,
2020-03-02,PH_LT,0.321,
2020-03-03,PH_LT,0.273,
2020-03-04,PH_LT,0.285,
2020-03-05,PH_LT,0.286,
2020-03-06,PH_LT,0.288,
2020-03-07,PH_LT,0.33,
2020-03-08,PH_LT,0.351,
2020-03-09,PH_LT,0.356,
2020-03-10,PH_LT,0.35,
2020-03-11,PH_LT,0.362,
2020-03-12,PH_LT,0.374,
2020-03-13,PH_LT,0.372,
2020-03-14,PH_LT,0.383,
2020-03-15,PH_LT,0.372,
2020-03-16,PH_LT,0.38,
2020-03-17,PH_LT,0.4,
2020-03-18,PH_LT,0.385,
2020-03-19,PH_LT,0.412,
2020-03-20,PH_LT,0.395,
2020-03-21,PH_LT,0.367,
2020-03-22,PH_LT,0.383,
2020-03-23,PH_LT,0.367,
2020-03-24,PH_LT,0.376,
2020-03-25,PH_LT,0.383,
2020-03-26,PH_LT,0.374,
2020-03-27,PH_LT,0.396,
2020-03-28,PH_LT,0.363,
2020-03-29,PH_LT,0.352,
2020-03-30,PH_LT,0.385,
2020-03-31,PH_LT,0.378,
2020-04-01,PH_LT,0.397,
2020-04-02,PH_LT,0.417,
2020-04-03,PH_LT,0.39,
2020-04-04,PH_LT,0.405,
2020-04-05,PH_LT,0.421,
2020-04-06,PH_LT,0.458,
2020-04-07,PH_LT,0.524,
2020-04-08,PH_LT,0.575,
2020-04-09,PH_LT,0.651,
2020-04-10,PH_LT,0.876,
2020-04-11,PH_LT,0.914,
2020-04-12,PH_LT,1.062,
2020-04-13,PH_LT,0.8525,rc: Hobo logger replaces solinst logger
2020-04-14,PH_LT,0.777,
2020-04-15,PH_LT,0.7566,
2020-04-16,PH_LT,0.628,
2020-04-17,PH_LT,0.6534,
2020-04-18,PH_LT,0.5805,
2020-04-19,PH_LT,0.6202,
2020-04-20,PH_LT,0.6436,
2020-04-21,PH_LT,0.7325,
2020-04-22,PH_LT,0.8796,
2020-04-23,PH_LT,0.9425,
2020-04-24,PH_LT,0.9276,
2020-04-25,PH_LT,1.0369,
2020-04-26,PH_LT,1.283,
2020-04-27,PH_LT,1.5486,
2020-04-28,PH_LT,2.016,
2020-04-29,PH_LT,2.3938,
2020-04-30,PH_LT,2.7686,
2020-05-01,PH_LT,3.3904,
2020-05-02,PH_LT,3.7724,
2020-05-03,PH_LT,4.0465,
2020-05-04,PH_LT,4.1762,
2020-05-05,PH_LT,3.7662,
2020-05-06,PH_LT,3.6799,
2020-05-07,PH_LT,3.7522,
2020-05-08,PH_LT,3.6234,
2020-05-09,PH_LT,3.6532,
2020-05-10,PH_LT,3.7915,
2020-05-11,PH_LT,4.0885,
2020-05-12,PH_LT,4.0079,
2020-05-13,PH_LT,3.8139,
2020-05-14,PH_LT,3.7868,
2020-05-15,PH_LT,3.7487,
2020-05-16,PH_LT,3.8161,
2020-05-17,PH_LT,4.349,
2020-05-18,PH_LT,5.5418,
2020-05-19,PH_LT,6.277,
2020-05-20,PH_LT,6.3,
2020-05-21,PH_LT,5.3455,
2020-05-22,PH_LT,4.9229,
2020-05-23,PH_LT,4.7624,
2020-05-24,PH_LT,4.2491,
2020-05-25,PH_LT,3.9875,
2020-05-26,PH_LT,4.1846,
2020-05-27,PH_LT,4.6601,
2020-05-28,PH_LT,5.7906,
2020-05-29,PH_LT,7.2014,
2020-05-30,PH_LT,8.2603,
2020-05-31,PH_LT,8.6515,
2020-06-01,PH_LT,8.5713,
2020-06-02,PH_LT,8.54,
2020-06-03,PH_LT,8.1351,
2020-06-04,PH_LT,7.8062,
2020-06-05,PH_LT,7.4376,
2020-06-06,PH_LT,10.1897,
2020-06-07,PH_LT,8.2438,
2020-06-08,PH_LT,6.0397,
2020-06-09,PH_LT,5.285,
2020-06-10,PH_LT,4.1278,
2020-06-11,PH_LT,3.8126,
2020-06-12,PH_LT,3.9572,
2020-06-13,PH_LT,4.4096,
2020-06-14,PH_LT,5.1302,
2020-06-15,PH_LT,4.555,
2020-06-16,PH_LT,4.1002,
2020-06-17,PH_LT,3.9163,
2020-06-18,PH_LT,3.6939,
2020-06-19,PH_LT,3.4109,
2020-06-20,PH_LT,3.0746,
2020-06-21,PH_LT,3.0308,
2020-06-22,PH_LT,3.0758,
2020-06-23,PH_LT,3.1073,
2020-06-24,PH_LT,2.9155,
2020-06-25,PH_LT,2.8398,
2020-06-26,PH_LT,2.6991,
2020-06-27,PH_LT,2.6933,
2020-06-28,PH_LT,2.3965,
2020-06-29,PH_LT,2.2657,
2020-06-30,PH_LT,2.0944,
2020-07-01,PH_LT,1.8852,
2020-07-02,PH_LT,1.8572,
2020-07-03,PH_LT,1.8172,
2020-07-04,PH_LT,1.844,
2020-07-05,PH_LT,1.7716,
2020-07-06,PH_LT,1.7072,
2020-07-07,PH_LT,1.6772,
2020-07-08,PH_LT,1.5731,
2020-07-09,PH_LT,1.4658,
2020-07-10,PH_LT,1.3974,
2020-07-11,PH_LT,1.3159,
2020-07-12,PH_LT,1.2875,
2020-07-13,PH_LT,1.3608,
2020-07-14,PH_LT,1.3576,
2020-07-15,PH_LT,1.2837,
2020-07-16,PH_LT,1.1795,
2020-07-17,PH_LT,1.1375,
2020-07-18,PH_LT,1.0793,
2020-07-19,PH_LT,1.0248,
2020-07-20,PH_LT,0.9723,
2020-07-21,PH_LT,0.9395,
2020-07-22,PH_LT,0.9093,
2020-07-23,PH_LT,0.9232,
2020-07-24,PH_LT,0.9539,
2020-07-25,PH_LT,0.9905,
2020-07-26,PH_LT,1.116,
2020-07-27,PH_LT,1.1835,
2020-07-28,PH_LT,1.0068,
2020-07-29,PH_LT,0.9205,
2020-07-30,PH_LT,0.8602,
2020-07-31,PH_LT,0.8245,
2020-08-01,PH_LT,0.7979,
2020-08-02,PH_LT,0.7668,
2020-08-03,PH_LT,0.7368,
2020-08-04,PH_LT,0.7106,
2020-08-05,PH_LT,0.6777,
2020-08-06,PH_LT,0.6622,
2020-08-07,PH_LT,0.6395,
2020-08-08,PH_LT,0.6138,
2020-08-09,PH_LT,0.6013,
2020-08-10,PH_LT,0.5712,
2020-08-11,PH_LT,0.5706,
2020-08-12,PH_LT,0.55,
2020-08-13,PH_LT,0.546,
2020-08-14,PH_LT,0.5251,
2020-08-15,PH_LT,0.5128,
2020-08-16,PH_LT,0.503,
2020-08-17,PH_LT,0.498,
2020-08-18,PH_LT,0.4979,
2020-08-19,PH_LT,0.4738,
2020-08-20,PH_LT,0.4661,
2020-08-21,PH_LT,0.454,
2020-08-22,PH_LT,0.4473,
2020-08-23,PH_LT,0.4483,
2020-08-24,PH_LT,0.4428,
2020-08-25,PH_LT,0.5057,
2020-08-26,PH_LT,0.495,
2020-08-27,PH_LT,0.4736,
2020-08-28,PH_LT,0.4757,
2020-08-29,PH_LT,0.6437,
2020-08-30,PH_LT,0.6733,
2020-08-31,PH_LT,0.582,
2020-09-01,PH_LT,0.5856,
2020-09-02,PH_LT,0.5281,
2020-09-03,PH_LT,0.4853,
2020-09-04,PH_LT,0.4505,
2020-09-05,PH_LT,0.4342,
2020-09-06,PH_LT,0.4053,
2020-09-07,PH_LT,0.4006,
2020-09-08,PH_LT,0.4747,
2020-09-09,PH_LT,0.5491,
2020-09-10,PH_LT,0.5794,
2020-09-11,PH_LT,0.5724,
2020-09-12,PH_LT,0.5597,
2020-09-13,PH_LT,0.5642,
2020-09-14,PH_LT,0.5275,
2020-09-15,PH_LT,0.5124,
2020-09-16,PH_LT,0.5047,
2020-09-17,PH_LT,0.4753,
2020-09-18,PH_LT,0.464,
2020-09-19,PH_LT,0.455,
2020-09-20,PH_LT,0.4488,
2020-09-21,PH_LT,0.4436,
2020-09-22,PH_LT,0.4291,
2020-09-23,PH_LT,0.4291,
2020-09-24,PH_LT,0.4182,
2020-09-25,PH_LT,0.402,
2020-09-26,PH_LT,0.3874,
2020-09-27,PH_LT,0.3751,
2020-09-28,PH_LT,0.359,
2020-09-29,PH_LT,0.37,
2020-09-30,PH_LT,0.3624,
2020-10-01,PH_LT,0.3594,rc: hobo logger
2020-10-02,PH_LT,0.3487,
2020-10-03,PH_LT,0.345,
2020-10-04,PH_LT,0.3396,
2020-10-05,PH_LT,0.3415,
2020-10-06,PH_LT,0.336,
2020-10-07,PH_LT,0.3293,
2020-10-08,PH_LT,0.3319,
2020-10-09,PH_LT,0.3429,
2020-10-10,PH_LT,0.3081,
2020-10-11,PH_LT,0.3138,
2020-10-12,PH_LT,0.3262,
2020-10-13,PH_LT,0.3293,
2020-10-14,PH_LT,0.3169,
2020-10-15,PH_LT,0.2978,
2020-10-16,PH_LT,0.2967,
2020-10-17,PH_LT,0.2998,
2020-10-18,PH_LT,0.2963,
2020-10-19,PH_LT,0.2969,
2020-10-20,PH_LT,0.2942,
2020-10-21,PH_LT,0.2866,
2020-10-22,PH_LT,0.2867,
2020-10-23,PH_LT,0.2828,
2020-10-24,PH_LT,0.2864,
2020-10-25,PH_LT,0.297,
2020-10-26,PH_LT,0.2041,
2020-10-27,PH_LT,0.0823,
2020-10-28,PH_LT,0.2484,
2020-10-29,PH_LT,0.3199,
2020-10-30,PH_LT,0.2969,
2020-10-31,PH_LT,0.2767,
2020-11-01,PH_LT,0.396,rc: Daily with Almont regression
2020-11-02,PH_LT,0.38,
2020-11-03,PH_LT,0.376,
2020-11-04,PH_LT,0.379,
2020-11-05,PH_LT,0.373,
2020-11-06,PH_LT,0.397,
2020-11-07,PH_LT,0.473,
2020-11-08,PH_LT,0.537,
2020-11-09,PH_LT,0.587,
2020-11-10,PH_LT,0.53,
2020-11-11,PH_LT,0.485,
2020-11-12,PH_LT,0.472,
2020-11-13,PH_LT,0.442,
2020-11-14,PH_LT,0.485,
2020-11-15,PH_LT,0.462,
2020-11-16,PH_LT,0.485,
2020-11-17,PH_LT,0.48,
2020-11-18,PH_LT,0.476,
2020-11-19,PH_LT,0.497,
2020-11-20,PH_LT,0.471,
2020-11-21,PH_LT,0.492,
2020-11-22,PH_LT,0.447,
2020-11-23,PH_LT,0.482,
2020-11-24,PH_LT,0.514,
2020-11-25,PH_LT,0.384,
2020-11-26,PH_LT,0.398,
2020-11-27,PH_LT,0.41,
2020-11-28,PH_LT,0.334,
2020-11-29,PH_LT,0.333,
2020-11-30,PH_LT,0.321,
2020-12-01,PH_LT,0.351,
2020-12-02,PH_LT,0.383,
2020-12-03,PH_LT,0.286,
2020-12-04,PH_LT,0.274,
2020-12-05,PH_LT,0.335,
2020-12-06,PH_LT,0.345,
2020-12-07,PH_LT,0.324,
2020-12-08,PH_LT,0.314,
2020-12-09,PH_LT,0.301,
2020-12-10,PH_LT,0.333,
2020-12-11,PH_LT,0.407,
2020-12-12,PH_LT,0.399,
2020-12-13,PH_LT,0.347,
2020-12-14,PH_LT,0.34,
2020-12-15,PH_LT,0.403,
2020-12-16,PH_LT,0.403,
2020-12-17,PH_LT,0.366,
2020-12-18,PH_LT,0.44,
2020-12-19,PH_LT,0.387,
2020-12-20,PH_LT,0.344,
2020-12-21,PH_LT,0.38,
2020-12-22,PH_LT,0.367,
2020-12-23,PH_LT,0.346,
2020-12-24,PH_LT,0.231,
2020-12-25,PH_LT,0.228,
2020-12-26,PH_LT,0.308,
2020-12-27,PH_LT,0.392,
2020-12-28,PH_LT,0.393,
2020-12-29,PH_LT,0.387,
2020-12-30,PH_LT,0.287,
2020-12-31,PH_LT,0.296,
2021-01-01,PH_LT,0.353,
2021-01-02,PH_LT,0.315,
2021-01-03,PH_LT,0.32,
2021-01-04,PH_LT,0.366,
2021-01-05,PH_LT,0.365,
2021-01-06,PH_LT,0.31,
2021-01-07,PH_LT,0.256,
2021-01-08,PH_LT,0.267,
2021-01-09,PH_LT,0.304,
2021-01-10,PH_LT,0.261,
2021-01-11,PH_LT,0.213,
2021-01-12,PH_LT,0.211,
2021-01-13,PH_LT,0.277,
2021-01-14,PH_LT,0.337,
2021-01-15,PH_LT,0.277,
2021-01-16,PH_LT,0.309,
2021-01-17,PH_LT,0.318,
2021-01-18,PH_LT,0.305,
2021-01-19,PH_LT,0.289,
2021-01-20,PH_LT,0.277,
2021-01-21,PH_LT,0.281,
2021-01-22,PH_LT,0.277,
2021-01-23,PH_LT,0.268,
2021-01-24,PH_LT,0.234,
2021-01-25,PH_LT,0.247,
2021-01-26,PH_LT,0.248,
2021-01-27,PH_LT,0.294,
2021-01-28,PH_LT,0.297,
2021-01-29,PH_LT,0.244,
2021-01-30,PH_LT,0.273,
2021-01-31,PH_LT,0.19,
2021-02-01,PH_LT,0.195,
2021-02-02,PH_LT,0.247,
2021-02-03,PH_LT,0.27,
2021-02-04,PH_LT,0.235,
2021-02-05,PH_LT,0.224,
2021-02-06,PH_LT,0.272,
2021-02-07,PH_LT,0.233,
2021-02-08,PH_LT,0.23,
2021-02-09,PH_LT,0.262,
2021-02-10,PH_LT,0.265,
2021-02-11,PH_LT,0.261,
2021-02-12,PH_LT,0.263,
2021-02-13,PH_LT,0.268,
2021-02-14,PH_LT,0.255,
2021-02-15,PH_LT,0.245,
2021-02-16,PH_LT,0.255,
2021-02-17,PH_LT,0.253,
2021-02-18,PH_LT,0.244,
2021-02-19,PH_LT,0.233,
2021-02-20,PH_LT,0.255,
2021-02-21,PH_LT,0.254,
2021-02-22,PH_LT,0.246,
2021-02-23,PH_LT,0.248,
2021-02-24,PH_LT,0.25,
2021-02-25,PH_LT,0.25,
2021-02-26,PH_LT,0.245,
2021-02-27,PH_LT,0.24,
2021-02-28,PH_LT,0.208,
2021-03-01,PH_LT,0.204,
2021-03-02,PH_LT,0.217,
2021-03-03,PH_LT,0.217,
2021-03-04,PH_LT,0.229,
2021-03-05,PH_LT,0.235,
2021-03-06,PH_LT,0.224,
2021-03-07,PH_LT,0.237,
2021-03-08,PH_LT,0.254,
2021-03-09,PH_LT,0.238,
2021-03-10,PH_LT,0.251,
2021-03-11,PH_LT,0.225,
2021-03-12,PH_LT,0.233,
2021-03-13,PH_LT,0.244,
2021-03-14,PH_LT,0.253,
2021-03-15,PH_LT,0.249,
2021-03-16,PH_LT,0.25,
2021-03-17,PH_LT,0.231,
2021-03-18,PH_LT,0.237,
2021-03-19,PH_LT,0.263,
2021-03-20,PH_LT,0.274,
2021-03-21,PH_LT,0.295,
2021-03-22,PH_LT,0.287,
2021-03-23,PH_LT,0.294,
2021-03-24,PH_LT,0.302,
2021-03-25,PH_LT,0.31,
2021-03-26,PH_LT,0.317,
2021-03-27,PH_LT,0.325,
2021-03-28,PH_LT,0.333,
2021-03-29,PH_LT,0.34,
2021-03-30,PH_LT,0.348,
2021-03-31,PH_LT,0.356,
2021-04-01,PH_LT,0.364,
2021-04-02,PH_LT,0.371,
2021-04-03,PH_LT,0.468,
2021-04-04,PH_LT,0.593,
2021-04-05,PH_LT,0.664,
2021-04-06,PH_LT,0.972,
2021-04-07,PH_LT,1.01,
2021-04-08,PH_LT,1.107,
2021-04-09,PH_LT,1.184,
2021-04-10,PH_LT,1.158,
2021-04-11,PH_LT,1.344,
2021-04-12,PH_LT,1.4955,rc: back to Hobo logger
2021-04-13,PH_LT,1.23,
2021-04-14,PH_LT,1.1215,
2021-04-15,PH_LT,1.0498,
2021-04-16,PH_LT,0.9893,
2021-04-17,PH_LT,1.0398,
2021-04-18,PH_LT,1.014,
2021-04-19,PH_LT,1.0504,
2021-04-20,PH_LT,1.0353,
2021-04-21,PH_LT,0.982,
2021-04-22,PH_LT,0.9227,
2021-04-23,PH_LT,0.8903,
2021-04-24,PH_LT,0.8694,
2021-04-25,PH_LT,1.0178,
2021-04-26,PH_LT,1.1528,
2021-04-27,PH_LT,1.103,
2021-04-28,PH_LT,1.0573,
2021-04-29,PH_LT,1.2906,
2021-04-30,PH_LT,1.9123,
2021-05-01,PH_LT,2.6185,
2021-05-02,PH_LT,2.9124,
2021-05-03,PH_LT,2.753,
2021-05-04,PH_LT,2.1973,
2021-05-05,PH_LT,1.9746,
2021-05-06,PH_LT,1.92,
2021-05-07,PH_LT,2.0276,
2021-05-08,PH_LT,2.2154,
2021-05-09,PH_LT,2.706,
2021-05-10,PH_LT,2.9133,
2021-05-11,PH_LT,2.5472,
2021-05-12,PH_LT,2.3253,
2021-05-13,PH_LT,2.0644,
2021-05-14,PH_LT,1.8808,
2021-05-15,PH_LT,1.9274,
2021-05-16,PH_LT,2.1787,
2021-05-17,PH_LT,2.5831,
2021-05-18,PH_LT,2.9793,
2021-05-19,PH_LT,3.2099,
2021-05-20,PH_LT,2.8689,
2021-05-21,PH_LT,3.0272,
2021-05-22,PH_LT,3.79,
2021-05-23,PH_LT,3.7444,
2021-05-24,PH_LT,3.364,
2021-05-25,PH_LT,3.6394,
2021-05-26,PH_LT,3.3504,
2021-05-27,PH_LT,3.7078,
2021-05-28,PH_LT,3.8733,
2021-05-29,PH_LT,3.6335,
2021-05-30,PH_LT,4.3817,
2021-05-31,PH_LT,4.7101,
2021-06-01,PH_LT,4.511,
2021-06-02,PH_LT,3.9123,
2021-06-03,PH_LT,3.9623,
2021-06-04,PH_LT,4.4378,
2021-06-05,PH_LT,5.1902,
2021-06-06,PH_LT,6.4098,
2021-06-07,PH_LT,7.3015,
2021-06-08,PH_LT,6.6488,
2021-06-09,PH_LT,6.3337,
2021-06-10,PH_LT,5.899,
2021-06-11,PH_LT,5.2621,
2021-06-12,PH_LT,4.6792,
2021-06-13,PH_LT,4.3963,
2021-06-14,PH_LT,4.1417,
2021-06-15,PH_LT,3.9754,
2021-06-16,PH_LT,3.7867,
2021-06-17,PH_LT,3.5935,
2021-06-18,PH_LT,3.5525,
2021-06-19,PH_LT,3.2711,
2021-06-20,PH_LT,3.0447,
2021-06-21,PH_LT,2.8676,
2021-06-22,PH_LT,2.571,
2021-06-23,PH_LT,2.4009,
2021-06-24,PH_LT,2.2365,
2021-06-25,PH_LT,2.035,
2021-06-26,PH_LT,2.3378,
2021-06-27,PH_LT,2.4721,
2021-06-28,PH_LT,1.9485,
2021-06-29,PH_LT,1.8113,
2021-06-30,PH_LT,1.716,
2021-07-01,PH_LT,1.5812,
2021-07-02,PH_LT,1.7378,
2021-07-03,PH_LT,1.7827,
2021-07-04,PH_LT,1.5902,
2021-07-05,PH_LT,1.5108,
2021-07-06,PH_LT,1.428,
2021-07-07,PH_LT,1.4068,
2021-07-08,PH_LT,1.6941,
2021-07-09,PH_LT,1.3841,
2021-07-10,PH_LT,1.2415,
2021-07-11,PH_LT,1.1462,
2021-07-12,PH_LT,1.06,
2021-07-13,PH_LT,0.9805,
2021-07-14,PH_LT,0.9151,
2021-07-15,PH_LT,0.8927,
2021-07-16,PH_LT,1.1148,
2021-07-17,PH_LT,1.0502,
2021-07-18,PH_LT,0.936,
2021-07-19,PH_LT,0.8963,
2021-07-20,PH_LT,0.8792,
2021-07-21,PH_LT,0.7926,
2021-07-22,PH_LT,0.7778,
2021-07-23,PH_LT,1.3317,
2021-07-24,PH_LT,1.6554,
2021-07-25,PH_LT,1.9829,
2021-07-26,PH_LT,1.372,
2021-07-27,PH_LT,1.1721,
2021-07-28,PH_LT,1.1577,
2021-07-29,PH_LT,1.0863,
2021-07-30,PH_LT,1.0016,
2021-07-31,PH_LT,0.9965,
2021-08-01,PH_LT,1.0126,
2021-08-02,PH_LT,1.2655,
2021-08-03,PH_LT,1.5151,
2021-08-04,PH_LT,1.344,
2021-08-05,PH_LT,1.2156,
2021-08-06,PH_LT,1.2789,
2021-08-07,PH_LT,1.0567,
2021-08-08,PH_LT,0.9313,
2021-08-09,PH_LT,0.8421,
2021-08-10,PH_LT,0.7562,
2021-08-11,PH_LT,0.6839,
2021-08-12,PH_LT,0.6258,
2021-08-13,PH_LT,0.5769,
2021-08-14,PH_LT,0.5385,
2021-08-15,PH_LT,0.5099,
2021-08-16,PH_LT,0.4899,
2021-08-17,PH_LT,0.4589,
2021-08-18,PH_LT,0.475,
2021-08-19,PH_LT,0.4685,
2021-08-20,PH_LT,0.4464,
2021-08-21,PH_LT,0.7133,
2021-08-22,PH_LT,0.8332,
2021-08-23,PH_LT,0.6642,
2021-08-24,PH_LT,0.5764,
2021-08-25,PH_LT,0.5226,
2021-08-26,PH_LT,0.4746,
2021-08-27,PH_LT,0.4428,
2021-08-28,PH_LT,0.4312,
2021-08-29,PH_LT,0.4291,
2021-08-30,PH_LT,0.3751,
2021-08-31,PH_LT,0.3472,
2021-09-01,PH_LT,0.3937,
2021-09-02,PH_LT,0.722,
2021-09-03,PH_LT,0.6525,
2021-09-04,PH_LT,0.5856,
2021-09-05,PH_LT,0.5491,
2021-09-06,PH_LT,0.5276,
2021-09-07,PH_LT,0.5128,
2021-09-08,PH_LT,0.4971,
2021-09-09,PH_LT,0.4805,
2021-09-10,PH_LT,0.4713,
2021-09-11,PH_LT,0.4705,
2021-09-12,PH_LT,0.4599,
2021-09-13,PH_LT,0.4612,
2021-09-14,PH_LT,0.4624,
2021-09-15,PH_LT,0.4738,
2021-09-16,PH_LT,0.4685,
2021-09-17,PH_LT,0.4659,
2021-09-18,PH_LT,0.4658,
2021-09-19,PH_LT,0.5366,
2021-09-20,PH_LT,0.6055,
2021-09-21,PH_LT,0.531,
2021-09-22,PH_LT,0.5045,
2021-09-23,PH_LT,0.4986,
2021-09-24,PH_LT,0.4779,
2021-09-25,PH_LT,0.462,
2021-09-26,PH_LT,0.4528,
2021-09-27,PH_LT,0.4512,
2021-09-28,PH_LT,0.4693,
2021-09-29,PH_LT,0.721,
2021-09-30,PH_LT,0.2831,rc: hobo logger
2021-10-01,PH_LT,0.2494,
2021-10-02,PH_LT,0.2682,
2021-10-03,PH_LT,0.2328,
2021-10-04,PH_LT,0.2181,
2021-10-05,PH_LT,0.2145,
2021-10-06,PH_LT,0.2077,
2021-10-07,PH_LT,0.2123,
2021-10-08,PH_LT,0.2137,
2021-10-09,PH_LT,0.4517,
2021-10-10,PH_LT,0.3472,
2021-10-11,PH_LT,0.292,
2021-10-12,PH_LT,0.2867,
2021-10-13,PH_LT,0.2905,
2021-10-14,PH_LT,0.2826,
2021-10-15,PH_LT,0.2783,
2021-10-16,PH_LT,0.2771,
2021-10-17,PH_LT,0.3001,
2021-10-18,PH_LT,0.2963,
2021-10-19,PH_LT,0.2919,
2021-10-20,PH_LT,0.2638,
2021-10-21,PH_LT,0.2654,
2021-10-22,PH_LT,0.2605,
2021-10-23,PH_LT,0.254,
2021-10-24,PH_LT,0.2943,
2021-10-25,PH_LT,0.2887,
2021-10-26,PH_LT,0.3322,
2021-10-27,PH_LT,0.2967,
2021-10-28,PH_LT,0.651,rc: Almont rating curve
2021-10-29,PH_LT,0.645,
2021-10-30,PH_LT,0.632,
2021-10-31,PH_LT,0.613,
2021-11-01,PH_LT,0.613,
2021-11-02,PH_LT,0.619,
2021-11-03,PH_LT,0.651,
2021-11-04,PH_LT,0.593,
2021-11-05,PH_LT,0.579,
2021-11-06,PH_LT,0.563,
2021-11-07,PH_LT,0.562,
2021-11-08,PH_LT,0.553,
2021-11-09,PH_LT,0.539,
2021-11-10,PH_LT,0.582,
2021-11-11,PH_LT,0.557,
2021-11-12,PH_LT,0.53,
2021-11-13,PH_LT,0.584,
2021-11-14,PH_LT,0.575,
2021-11-15,PH_LT,0.585,
2021-11-16,PH_LT,0.577,
2021-11-17,PH_LT,0.539,
2021-11-18,PH_LT,0.443,
2021-11-19,PH_LT,0.417,
2021-11-20,PH_LT,0.534,
2021-11-21,PH_LT,0.455,
2021-11-22,PH_LT,0.371,
2021-11-23,PH_LT,0.366,
2021-11-24,PH_LT,0.484,
2021-11-25,PH_LT,0.31,
2021-11-26,PH_LT,0.346,
2021-11-27,PH_LT,0.376,
2021-11-28,PH_LT,0.379,
2021-11-29,PH_LT,0.381,
2021-11-30,PH_LT,0.376,
2021-12-01,PH_LT,0.367,
2021-12-02,PH_LT,0.358,
2021-12-03,PH_LT,0.348,
2021-12-04,PH_LT,0.346,
2021-12-05,PH_LT,0.329,
2021-12-06,PH_LT,0.315,
2021-12-07,PH_LT,0.389,
2021-12-08,PH_LT,0.307,
2021-12-09,PH_LT,0.383,
2021-12-10,PH_LT,0.345,
2021-12-11,PH_LT,0.263,
2021-12-12,PH_LT,0.288,
2021-12-13,PH_LT,0.331,
2021-12-14,PH_LT,0.373,
2021-12-15,PH_LT,0.368,
2021-12-16,PH_LT,0.343,
2021-12-17,PH_LT,0.357,
2021-12-18,PH_LT,0.255,
2021-12-19,PH_LT,0.25,
2021-12-20,PH_LT,0.299,
2021-12-21,PH_LT,0.334,
2021-12-22,PH_LT,0.315,
2021-12-23,PH_LT,0.371,
2021-12-24,PH_LT,0.545,
2021-12-25,PH_LT,0.476,
2021-12-26,PH_LT,0.402,
2021-12-27,PH_LT,0.371,
2021-12-28,PH_LT,0.348,
2021-12-29,PH_LT,0.338,
2021-12-30,PH_LT,0.354,
2021-12-31,PH_LT,0.348,
2022-01-01,PH_LT,0.315,
2022-01-02,PH_LT,0.253,
2022-01-03,PH_LT,0.288,
2022-01-04,PH_LT,0.369,
2022-01-05,PH_LT,0.379,
2022-01-06,PH_LT,0.394,
2022-01-07,PH_LT,0.391,
2022-01-08,PH_LT,0.402,
2022-01-09,PH_LT,0.342,
2022-01-10,PH_LT,0.281,
2022-01-11,PH_LT,0.308,
2022-01-12,PH_LT,0.327,
2022-01-13,PH_LT,0.351,
2022-01-14,PH_LT,0.391,
2022-01-15,PH_LT,0.373,
2022-01-16,PH_LT,0.328,
2022-01-17,PH_LT,0.35,
2022-01-18,PH_LT,0.363,
2022-01-19,PH_LT,0.372,
2022-01-20,PH_LT,0.362,
2022-01-21,PH_LT,0.369,
2022-01-22,PH_LT,0.36,
2022-01-23,PH_LT,0.323,
2022-01-24,PH_LT,0.317,
2022-01-25,PH_LT,0.373,
2022-01-26,PH_LT,0.323,
2022-01-27,PH_LT,0.312,
2022-01-28,PH_LT,0.262,
2022-01-29,PH_LT,0.262,
2022-01-30,PH_LT,0.294,
2022-01-31,PH_LT,0.31,
2022-02-01,PH_LT,0.331,
2022-02-02,PH_LT,0.339,
2022-02-03,PH_LT,0.27,
2022-02-04,PH_LT,0.251,
2022-02-05,PH_LT,0.283,
2022-02-06,PH_LT,0.321,
2022-02-07,PH_LT,0.304,
2022-02-08,PH_LT,0.3,
2022-02-09,PH_LT,0.314,
2022-02-10,PH_LT,0.305,
2022-02-11,PH_LT,0.285,
2022-02-12,PH_LT,0.273,
2022-02-13,PH_LT,0.265,
2022-02-14,PH_LT,0.272,
2022-02-15,PH_LT,0.281,
2022-02-16,PH_LT,0.273,
2022-02-17,PH_LT,0.271,
2022-02-18,PH_LT,0.262,
2022-02-19,PH_LT,0.258,
2022-02-20,PH_LT,0.265,
2022-02-21,PH_LT,0.271,
2022-02-22,PH_LT,0.264,
2022-02-23,PH_LT,0.266,
2022-02-24,PH_LT,0.265,
2022-02-25,PH_LT,0.252,
2022-02-26,PH_LT,0.24,
2022-02-27,PH_LT,0.245,
2022-02-28,PH_LT,0.249,
2022-03-01,PH_LT,0.253,
2022-03-02,PH_LT,0.262,
2022-03-03,PH_LT,0.245,
2022-03-04,PH_LT,0.277,
2022-03-05,PH_LT,0.292,
2022-03-06,PH_LT,0.31,
2022-03-07,PH_LT,0.278,
2022-03-08,PH_LT,0.24,
2022-03-09,PH_LT,0.278,
2022-03-10,PH_LT,0.271,
2022-03-11,PH_LT,0.242,
2022-03-12,PH_LT,0.254,
2022-03-13,PH_LT,0.27,
2022-03-14,PH_LT,0.288,
2022-03-15,PH_LT,0.249,
2022-03-16,PH_LT,0.281,
2022-03-17,PH_LT,0.317,
2022-03-18,PH_LT,0.249,
2022-03-19,PH_LT,0.267,
2022-03-20,PH_LT,0.31,
2022-03-21,PH_LT,0.325,
2022-03-22,PH_LT,0.254,
2022-03-23,PH_LT,0.278,
2022-03-24,PH_LT,0.296,
2022-03-25,PH_LT,0.354,
2022-03-26,PH_LT,0.423,
2022-03-27,PH_LT,0.507,
2022-03-28,PH_LT,0.6,
2022-03-29,PH_LT,0.773,
2022-03-30,PH_LT,0.792,
2022-03-31,PH_LT,0.677,
2022-04-01,PH_LT,0.76,
2022-04-02,PH_LT,0.722,
2022-04-03,PH_LT,0.811,
2022-04-04,PH_LT,0.773,
2022-04-05,PH_LT,0.85,
2022-04-06,PH_LT,0.702,
2022-04-07,PH_LT,0.67,
2022-04-08,PH_LT,0.728,
2022-04-09,PH_LT,0.921,
2022-04-10,PH_LT,1.107,
2022-04-11,PH_LT,1.062,
2022-04-12,PH_LT,1.049,
2022-04-13,PH_LT,0.888,
2022-04-14,PH_LT,0.811,
2022-04-15,PH_LT,0.811,
2022-04-16,PH_LT,0.799,
2022-04-17,PH_LT,0.856,
2022-04-18,PH_LT,0.991,
2022-04-19,PH_LT,1.524,
2022-04-20,PH_LT,2.48,
2022-04-21,PH_LT,4.1318,rc: hobo
2022-04-22,PH_LT,2.6875,
2022-04-23,PH_LT,1.6372,
2022-04-24,PH_LT,1.2382,
2022-04-25,PH_LT,1.0046,
2022-04-26,PH_LT,1.0038,
2022-04-27,PH_LT,1.0354,
2022-04-28,PH_LT,1.1806,
2022-04-29,PH_LT,1.3815,
2022-04-30,PH_LT,1.6093,
2022-05-01,PH_LT,1.9215,
2022-05-02,PH_LT,1.9255,
2022-05-03,PH_LT,1.8509,
2022-05-04,PH_LT,1.8627,
2022-05-05,PH_LT,2.2309,
2022-05-06,PH_LT,3.3455,
2022-05-07,PH_LT,4.7758,
2022-05-08,PH_LT,6.0537,
2022-05-09,PH_LT,6.5048,
2022-05-10,PH_LT,6.6652,
2022-05-11,PH_LT,7.6069,
2022-05-12,PH_LT,7.8195,
2022-05-13,PH_LT,7.1681,
2022-05-14,PH_LT,7.4996,
2022-05-15,PH_LT,9.3487,
2022-05-16,PH_LT,9.9784,
2022-05-17,PH_LT,9.516,
2022-05-18,PH_LT,10.726,
2022-05-19,PH_LT,11.6298,
2022-05-20,PH_LT,10.6119,
2022-05-21,PH_LT,7.22,
2022-05-22,PH_LT,5.2345,
2022-05-23,PH_LT,4.4611,
2022-05-24,PH_LT,4.6569,
2022-05-25,PH_LT,4.2528,
2022-05-26,PH_LT,4.9716,
2022-05-27,PH_LT,6.8996,
2022-05-28,PH_LT,8.0963,
2022-05-29,PH_LT,7.0729,
2022-05-30,PH_LT,5.5906,
2022-05-31,PH_LT,4.275,
2022-06-01,PH_LT,3.8118,
2022-06-02,PH_LT,4.3087,
2022-06-03,PH_LT,5.1613,
2022-06-04,PH_LT,5.9666,
2022-06-05,PH_LT,6.4887,
2022-06-06,PH_LT,6.9673,
2022-06-07,PH_LT,8.1968,
2022-06-08,PH_LT,8.2863,
2022-06-09,PH_LT,7.986,
2022-06-10,PH_LT,8.0649,
2022-06-11,PH_LT,8.2851,
2022-06-12,PH_LT,8.1865,
2022-06-13,PH_LT,7.2691,
2022-06-14,PH_LT,6.1024,
2022-06-15,PH_LT,4.9954,
2022-06-16,PH_LT,4.4868,
2022-06-17,PH_LT,4.3961,
2022-06-18,PH_LT,4.7253,
2022-06-19,PH_LT,5.6952,
2022-06-20,PH_LT,4.2657,
2022-06-21,PH_LT,3.6336,
2022-06-22,PH_LT,3.215,
2022-06-23,PH_LT,2.8713,
2022-06-24,PH_LT,2.7386,
2022-06-25,PH_LT,2.5796,
2022-06-26,PH_LT,2.8827,
2022-06-27,PH_LT,2.7817,
2022-06-28,PH_LT,2.4825,
2022-06-29,PH_LT,2.3036,
2022-06-30,PH_LT,2.4397,
2022-07-01,PH_LT,2.2136,
2022-07-02,PH_LT,2.0642,
2022-07-03,PH_LT,1.9423,
2022-07-04,PH_LT,1.8967,
2022-07-05,PH_LT,2.1528,
2022-07-06,PH_LT,2.0879,
2022-07-07,PH_LT,2.0669,
2022-07-08,PH_LT,1.8616,
2022-07-09,PH_LT,1.7162,
2022-07-10,PH_LT,1.6196,
2022-07-11,PH_LT,1.4753,
2022-07-12,PH_LT,1.4166,
2022-07-13,PH_LT,1.3254,
2022-07-14,PH_LT,1.3549,
2022-07-15,PH_LT,1.5404,
2022-07-16,PH_LT,1.3022,
2022-07-17,PH_LT,1.2137,
2022-07-18,PH_LT,1.1587,
2022-07-19,PH_LT,1.1726,
2022-07-20,PH_LT,1.1087,
2022-07-21,PH_LT,1.0315,
2022-07-22,PH_LT,0.9546,
2022-07-23,PH_LT,0.9207,
2022-07-24,PH_LT,1.0195,
2022-07-25,PH_LT,1.122,
2022-07-26,PH_LT,1.032,
2022-07-27,PH_LT,0.9333,
2022-07-28,PH_LT,0.8977,
2022-07-29,PH_LT,0.9234,
2022-07-30,PH_LT,1.1022,
2022-07-31,PH_LT,1.0247,
2022-08-01,PH_LT,0.9857,
2022-08-02,PH_LT,1.2646,
2022-08-03,PH_LT,1.1042,
2022-08-04,PH_LT,0.9718,
2022-08-05,PH_LT,0.8948,
2022-08-06,PH_LT,0.8804,
2022-08-07,PH_LT,0.7969,
2022-08-08,PH_LT,0.7428,
2022-08-09,PH_LT,0.7174,
2022-08-10,PH_LT,0.7023,
2022-08-11,PH_LT,0.7168,
2022-08-12,PH_LT,0.7514,
2022-08-13,PH_LT,0.7242,
2022-08-14,PH_LT,0.7292,
2022-08-15,PH_LT,0.7125,
2022-08-16,PH_LT,0.7468,
2022-08-17,PH_LT,0.832,
2022-08-18,PH_LT,0.8055,
2022-08-19,PH_LT,0.8601,
2022-08-20,PH_LT,0.971,
2022-08-21,PH_LT,1.1215,
2022-08-22,PH_LT,0.9725,
2022-08-23,PH_LT,0.9253,
2022-08-24,PH_LT,0.8655,
2022-08-25,PH_LT,0.8418,
2022-08-26,PH_LT,0.9819,
2022-08-27,PH_LT,1.2133,
2022-08-28,PH_LT,1.0216,
2022-08-29,PH_LT,0.9499,
2022-08-30,PH_LT,0.8664,
2022-08-31,PH_LT,0.8187,
2022-09-01,PH_LT,0.7728,
2022-09-02,PH_LT,0.7334,
2022-09-03,PH_LT,0.6993,
2022-09-04,PH_LT,0.6742,
2022-09-05,PH_LT,0.6509,
2022-09-06,PH_LT,0.625,
2022-09-07,PH_LT,0.626,
2022-09-08,PH_LT,0.6211,
2022-09-09,PH_LT,0.612,
2022-09-10,PH_LT,0.6067,
2022-09-11,PH_LT,0.586,
2022-09-12,PH_LT,0.5768,
2022-09-13,PH_LT,0.5673,
2022-09-14,PH_LT,0.6263,
2022-09-15,PH_LT,0.7941,
2022-09-16,PH_LT,0.7422,
2022-09-17,PH_LT,0.6765,
2022-09-18,PH_LT,0.6321,
2022-09-19,PH_LT,0.6106,
2022-09-20,PH_LT,0.5937,
2022-09-21,PH_LT,0.5915,
2022-09-22,PH_LT,0.809,
2022-09-23,PH_LT,0.8251,
2022-09-24,PH_LT,0.7247,
2022-09-25,PH_LT,0.6826,
2022-09-26,PH_LT,0.6604,
2022-09-27,PH_LT,0.6373,
2022-09-28,PH_LT,0.6249,
2022-09-29,PH_LT,0.6196,
2022-10-01,PH_LT,0.5409,cb: USGS East at Almont Regression Daily Mean - Insitu water level measurements fall outside of rating curve and are impacted by ice Nov-April
2022-10-02,PH_LT,0.6634,
2022-10-03,PH_LT,0.8558,
2022-10-04,PH_LT,0.8238,
2022-10-05,PH_LT,0.8173,
2022-10-06,PH_LT,0.7404,
2022-10-07,PH_LT,0.6891,
2022-10-08,PH_LT,0.6314,
2022-10-09,PH_LT,0.6057,
2022-10-10,PH_LT,0.5769,
2022-10-11,PH_LT,0.5563,
2022-10-12,PH_LT,0.5422,
2022-10-13,PH_LT,0.5371,
2022-10-14,PH_LT,0.5179,
2022-10-15,PH_LT,0.4935,
2022-10-16,PH_LT,0.4852,
2022-10-17,PH_LT,0.4807,
2022-10-18,PH_LT,0.4653,
2022-10-19,PH_LT,0.4531,
2022-10-20,PH_LT,0.446,
2022-10-21,PH_LT,0.4415,
2022-10-22,PH_LT,0.4473,
2022-10-23,PH_LT,0.505,
2022-10-24,PH_LT,0.5082,
2022-10-25,PH_LT,0.4512,
2022-10-26,PH_LT,0.5717,
2022-10-27,PH_LT,0.5461,
2022-10-28,PH_LT,0.5082,
2022-10-29,PH_LT,0.5461,
2022-10-30,PH_LT,0.5756,
2022-10-31,PH_LT,0.5179,
2022-11-01,PH_LT,0.5525,
2022-11-02,PH_LT,0.5551,
2022-11-03,PH_LT,0.6121,
2022-11-04,PH_LT,0.573,
2022-11-05,PH_LT,0.5429,
2022-11-06,PH_LT,0.5865,
2022-11-07,PH_LT,0.6185,
2022-11-08,PH_LT,0.6378,
2022-11-09,PH_LT,0.6121,
2022-11-10,PH_LT,0.5313,
2022-11-11,PH_LT,0.4685,
2022-11-12,PH_LT,0.4191,
2022-11-13,PH_LT,0.4531,
2022-11-14,PH_LT,0.4723,
2022-11-15,PH_LT,0.4242,
2022-11-16,PH_LT,0.3614,
2022-11-17,PH_LT,0.4492,
2022-11-18,PH_LT,0.4069,
2022-11-19,PH_LT,0.3575,
2022-11-20,PH_LT,0.3537,
2022-11-21,PH_LT,0.3607,
2022-11-22,PH_LT,0.3684,
2022-11-23,PH_LT,0.3755,
2022-11-24,PH_LT,0.3909,
2022-11-25,PH_LT,0.38,
2022-11-26,PH_LT,0.3941,
2022-11-27,PH_LT,0.4255,
2022-11-28,PH_LT,0.4082,
2022-11-29,PH_LT,0.3877,
2022-11-30,PH_LT,0.4133,
2022-12-01,PH_LT,0.4569,
2022-12-02,PH_LT,0.4569,
2022-12-03,PH_LT,0.4704,
2022-12-04,PH_LT,0.4877,
2022-12-05,PH_LT,0.4922,
2022-12-06,PH_LT,0.4973,
2022-12-07,PH_LT,0.4807,
2022-12-08,PH_LT,0.4383,
2022-12-09,PH_LT,0.3614,
2022-12-10,PH_LT,0.3627,
2022-12-11,PH_LT,0.4262,
2022-12-12,PH_LT,0.4326,
2022-12-13,PH_LT,0.4204,
2022-12-14,PH_LT,0.3832,
2022-12-15,PH_LT,0.3364,
2022-12-16,PH_LT,0.2825,
2022-12-17,PH_LT,0.2735,
2022-12-18,PH_LT,0.3268,
2022-12-19,PH_LT,0.3383,
2022-12-20,PH_LT,0.3505,
2022-12-21,PH_LT,0.3793,
2022-12-22,PH_LT,0.371,
2022-12-23,PH_LT,0.3832,
2022-12-24,PH_LT,0.3928,
2022-12-25,PH_LT,0.3806,
2022-12-26,PH_LT,0.3787,
2022-12-27,PH_LT,0.3793,
2022-12-28,PH_LT,0.3909,
2022-12-29,PH_LT,0.3813,
2022-12-30,PH_LT,0.3755,
2022-12-31,PH_LT,0.3922,
2023-01-01,PH_LT,0.3947,
2023-01-02,PH_LT,0.3883,
2023-01-03,PH_LT,0.3967,
2023-01-04,PH_LT,0.3787,
2023-01-05,PH_LT,0.3588,
2023-01-06,PH_LT,0.3909,
2023-01-07,PH_LT,0.3781,
2023-01-08,PH_LT,0.3511,
2023-01-09,PH_LT,0.3672,
2023-01-10,PH_LT,0.3704,
2023-01-11,PH_LT,0.3575,
2023-01-12,PH_LT,0.3383,
2023-01-13,PH_LT,0.3486,
2023-01-14,PH_LT,0.3883,
2023-01-15,PH_LT,0.3793,
2023-01-16,PH_LT,0.3716,
2023-01-17,PH_LT,0.3646,
2023-01-18,PH_LT,0.355,
2023-01-19,PH_LT,0.3216,
2023-01-20,PH_LT,0.3325,
2023-01-21,PH_LT,0.3415,
2023-01-22,PH_LT,0.3139,
2023-01-23,PH_LT,0.328,
2023-01-24,PH_LT,0.3011,
2023-01-25,PH_LT,0.3223,
2023-01-26,PH_LT,0.3075,
2023-01-27,PH_LT,0.3454,
2023-01-28,PH_LT,0.3633,
2023-01-29,PH_LT,0.3537,
2023-01-30,PH_LT,0.3575,
2023-01-31,PH_LT,0.3364,
2023-02-01,PH_LT,0.2864,
2023-02-02,PH_LT,0.3107,
2023-02-03,PH_LT,0.3261,
2023-02-04,PH_LT,0.33,
2023-02-05,PH_LT,0.3268,
2023-02-06,PH_LT,0.3184,
2023-02-07,PH_LT,0.3088,
2023-02-08,PH_LT,0.3018,
2023-02-09,PH_LT,0.3229,
2023-02-10,PH_LT,0.2889,
2023-02-11,PH_LT,0.3216,
2023-02-12,PH_LT,0.3236,
2023-02-13,PH_LT,0.3223,
2023-02-14,PH_LT,0.3268,
2023-02-15,PH_LT,0.3127,
2023-02-16,PH_LT,0.2729,
2023-02-17,PH_LT,0.278,
2023-02-18,PH_LT,0.321,
2023-02-19,PH_LT,0.3171,
2023-02-20,PH_LT,0.3114,
2023-02-21,PH_LT,0.3133,
2023-02-22,PH_LT,0.3101,
2023-02-23,PH_LT,0.296,
2023-02-24,PH_LT,0.3069,
2023-02-25,PH_LT,0.3197,
2023-02-26,PH_LT,0.2941,
2023-02-27,PH_LT,0.296,
2023-02-28,PH_LT,0.2742,
2023-03-01,PH_LT,0.2774,
2023-03-02,PH_LT,0.2985,
2023-03-03,PH_LT,0.2742,
2023-03-04,PH_LT,0.278,
2023-03-05,PH_LT,0.2832,
2023-03-06,PH_LT,0.2857,
2023-03-07,PH_LT,0.2761,
2023-03-08,PH_LT,0.2575,
2023-03-09,PH_LT,0.2607,
2023-03-10,PH_LT,0.2864,
2023-03-11,PH_LT,0.2973,
2023-03-12,PH_LT,0.2941,
2023-03-13,PH_LT,0.2864,
2023-03-14,PH_LT,0.271,
2023-03-15,PH_LT,0.3082,
2023-03-16,PH_LT,0.296,
2023-03-17,PH_LT,0.2787,
2023-03-18,PH_LT,0.2684,
2023-03-19,PH_LT,0.2697,
2023-03-20,PH_LT,0.3062,
2023-03-21,PH_LT,0.2953,
2023-03-22,PH_LT,0.3018,
2023-03-23,PH_LT,0.2819,
2023-03-24,PH_LT,0.2864,
2023-03-25,PH_LT,0.2748,
2023-03-26,PH_LT,0.2729,
2023-03-27,PH_LT,0.2787,
2023-03-28,PH_LT,0.2581,
2023-03-29,PH_LT,0.2825,
2023-03-30,PH_LT,0.2812,
2023-03-31,PH_LT,0.2697,
2023-04-01,PH_LT,0.2735,
2023-04-02,PH_LT,0.2806,
2023-04-03,PH_LT,0.3069,
2023-04-04,PH_LT,0.3043,
2023-04-05,PH_LT,0.2889,
2023-04-06,PH_LT,0.2844,
2023-04-07,PH_LT,0.2953,
2023-04-08,PH_LT,0.3364,
2023-04-09,PH_LT,0.3729,
2023-04-10,PH_LT,0.4537,
2023-04-11,PH_LT,0.6314,
2023-04-12,PH_LT,0.8751,
2023-04-13,PH_LT,1.4522,
2023-04-14,PH_LT,1.7921,
2023-04-15,PH_LT,1.6574,
2023-04-16,PH_LT,1.8498,
2023-04-17,PH_LT,1.9845,
2023-04-18,PH_LT,2.2666,
2023-04-19,PH_LT,2.241,
2023-04-20,PH_LT,1.8947,
2023-04-21,PH_LT,1.6446,
2023-04-22,PH_LT,1.5292,
2023-04-23,PH_LT,1.4714,
2023-04-24,PH_LT,1.6061,
2023-04-25,PH_LT,1.8626,
2023-04-26,PH_LT,1.7985,
2023-04-27,PH_LT,2.2923,cb: Almont regression falls out of parity with PH sites. 4/27-5/8 omitted.
2023-04-28,PH_LT,,
2023-04-29,PH_LT,,
2023-04-30,PH_LT,,
2023-05-01,PH_LT,,
2023-05-02,PH_LT,,
2023-05-03,PH_LT,,
2023-05-04,PH_LT,,
2023-05-05,PH_LT,,
2023-05-06,PH_LT,,
2023-05-07,PH_LT,,
2023-05-08,PH_LT,3.4188,cb: switch to trustworthy 10 min transducer values when channel becomes snow/ice free
2023-05-09,PH_LT,4.5076,
2023-05-10,PH_LT,5.4004,
2023-05-11,PH_LT,4.7424,
2023-05-12,PH_LT,4.6642,
2023-05-13,PH_LT,4.835,
2023-05-14,PH_LT,5.215,
2023-05-15,PH_LT,6.826,
2023-05-16,PH_LT,8.3709,
2023-05-17,PH_LT,9.4157,
2023-05-18,PH_LT,9.8802,
2023-05-19,PH_LT,10.2143,
2023-05-20,PH_LT,10.8342,
2023-05-21,PH_LT,11.0381,
2023-05-22,PH_LT,11.1044,
2023-05-23,PH_LT,11.5526,
2023-05-24,PH_LT,11.6313,
2023-05-25,PH_LT,10.2478,
2023-05-26,PH_LT,10.7221,
2023-05-27,PH_LT,10.7037,
2023-05-28,PH_LT,11.0268,
2023-05-29,PH_LT,11.3029,
2023-05-30,PH_LT,11.6614,
2023-05-31,PH_LT,10.6522,
2023-06-01,PH_LT,9.7237,
2023-06-02,PH_LT,8.2261,
2023-06-03,PH_LT,6.6811,
2023-06-04,PH_LT,6.3479,
2023-06-05,PH_LT,7.7128,
2023-06-06,PH_LT,9.5022,
2023-06-07,PH_LT,10.3777,
2023-06-08,PH_LT,10.3805,
2023-06-09,PH_LT,10.6947,
2023-06-10,PH_LT,9.7687,
2023-06-11,PH_LT,9.7005,
2023-06-12,PH_LT,9.2581,
2023-06-13,PH_LT,8.5526,
2023-06-14,PH_LT,8.251,
2023-06-15,PH_LT,8.7013,
2023-06-16,PH_LT,8.8987,
2023-06-17,PH_LT,8.4939,
2023-06-18,PH_LT,7.4463,
2023-06-19,PH_LT,7.2278,
2023-06-20,PH_LT,8.4411,
2023-06-21,PH_LT,9.5161,
2023-06-22,PH_LT,10.3415,
2023-06-23,PH_LT,10.1299,
2023-06-24,PH_LT,9.5516,
2023-06-25,PH_LT,8.528,
2023-06-26,PH_LT,8.3189,
2023-06-27,PH_LT,8.6496,
2023-06-28,PH_LT,8.6127,
2023-06-29,PH_LT,7.9354,
2023-06-30,PH_LT,6.9973,
2023-07-01,PH_LT,6.4934,
2023-07-02,PH_LT,6.4947,
2023-07-03,PH_LT,6.3717,
2023-07-04,PH_LT,6.4945,
2023-07-05,PH_LT,6.6065,
2023-07-06,PH_LT,6.2101,
2023-07-07,PH_LT,5.6624,
2023-07-08,PH_LT,5.2365,
2023-07-09,PH_LT,4.9003,
2023-07-10,PH_LT,4.6865,
2023-07-11,PH_LT,4.6562,
2023-07-12,PH_LT,4.5612,
2023-07-13,PH_LT,4.4481,
2023-07-14,PH_LT,4.1272,
2023-07-15,PH_LT,3.8215,
2023-07-16,PH_LT,3.5497,
2023-07-17,PH_LT,3.3438,
2023-07-18,PH_LT,3.2771,
2023-07-19,PH_LT,3.2151,
2023-07-20,PH_LT,3.1859,
2023-07-21,PH_LT,3.0271,
2023-07-22,PH_LT,2.7913,
2023-07-23,PH_LT,2.5869,
2023-07-24,PH_LT,2.4633,
2023-07-25,PH_LT,2.4006,
2023-07-26,PH_LT,2.3466,
2023-07-27,PH_LT,2.2573,
2023-07-28,PH_LT,2.1184,
2023-07-29,PH_LT,2.0246,
2023-07-30,PH_LT,1.925,
2023-07-31,PH_LT,1.863,
2023-08-01,PH_LT,1.8571,
2023-08-02,PH_LT,1.8193,
2023-08-03,PH_LT,1.9416,
2023-08-04,PH_LT,1.7858,
2023-08-05,PH_LT,1.6067,
2023-08-06,PH_LT,1.5261,
2023-08-07,PH_LT,1.4544,
2023-08-08,PH_LT,1.3884,
2023-08-09,PH_LT,1.3218,
2023-08-10,PH_LT,1.2761,
2023-08-11,PH_LT,1.2602,
2023-08-12,PH_LT,1.2164,
2023-08-13,PH_LT,1.2073,
2023-08-14,PH_LT,1.1857,
2023-08-15,PH_LT,1.138,
2023-08-16,PH_LT,1.1014,
2023-08-17,PH_LT,1.0836,
2023-08-18,PH_LT,1.0712,
2023-08-19,PH_LT,1.0653,
2023-08-20,PH_LT,1.0174,
2023-08-21,PH_LT,0.9857,
2023-08-22,PH_LT,0.9602,
2023-08-23,PH_LT,0.955,
2023-08-24,PH_LT,0.9248,
2023-08-25,PH_LT,0.9106,
2023-08-26,PH_LT,0.9168,
2023-08-27,PH_LT,0.9503,
2023-08-28,PH_LT,0.9821,
2023-08-29,PH_LT,0.9847,
2023-08-30,PH_LT,0.9424,
2023-08-31,PH_LT,0.8926,
2023-09-01,PH_LT,0.8433,
2023-09-02,PH_LT,0.8178,
2023-09-03,PH_LT,0.7961,
2023-09-04,PH_LT,0.7936,
2023-09-05,PH_LT,0.7845,
2023-09-06,PH_LT,0.7521,
2023-09-07,PH_LT,0.7079,
2023-09-08,PH_LT,0.6223,
2023-09-09,PH_LT,0.5554,
2023-09-10,PH_LT,0.4698,
2023-09-11,PH_LT,0.4354,cb: switch to mean daily values with adjustment for failing pressure transducer
2023-09-12,PH_LT,0.4003,cb: switch to mean daily values with adjustment for failing pressure transducer
2023-09-13,PH_LT,0.3681,cb: switch to mean daily values with adjustment for failing pressure transducer
2023-09-14,PH_LT,0.3507,cb: switch to mean daily values with adjustment for failing pressure transducer
2023-09-15,PH_LT,0.3344,cb: switch to mean daily values with adjustment for failing pressure transducer
2023-09-16,PH_LT,0.3149,cb: switch to mean daily values with adjustment for failing pressure transducer
2023-09-17,PH_LT,0.2876,cb: switch to mean daily values with adjustment for failing pressure transducer
2023-09-18,PH_LT,0.2802,cb: switch to mean daily values with adjustment for failing pressure transducer
2023-09-19,PH_LT,0.3048,cb: switch to mean daily values with adjustment for failing pressure transducer
2023-09-20,PH_LT,0.3003,cb: switch to mean daily values with adjustment for failing pressure transducer
2023-09-21,PH_LT,0.2864,cb: switch to mean daily values with adjustment for failing pressure transducer
2023-09-22,PH_LT,0.2984,cb: switch to mean daily values with adjustment for failing pressure transducer
2023-09-23,PH_LT,0.3089,cb: switch to mean daily values with adjustment for failing pressure transducer
2023-09-24,PH_LT,0.3213,cb: switch to mean daily values with adjustment for failing pressure transducer
2023-09-25,PH_LT,0.3377,cb: switch to mean daily values with adjustment for failing pressure transducer
2023-09-26,PH_LT,0.3485,cb: switch to mean daily values with adjustment for failing pressure transducer
2023-09-27,PH_LT,0.3507,cb: switch to mean daily values with adjustment for failing pressure transducer
2023-09-28,PH_LT,0.371,cb: switch to mean daily values with adjustment for failing pressure transducer
2023-09-29,PH_LT,0.3834,cb: switch to mean daily values with adjustment for failing pressure transducer
2023-09-30,PH_LT,0.3986,cb: switch to mean daily values with adjustment for failing pressure transducer
2023-10-01,PH_LT,0.4492,cb: USGS East at Almont Regression
2023-10-02,PH_LT,0.4659,
2023-10-03,PH_LT,0.53,
2023-10-04,PH_LT,0.4781,
2023-10-05,PH_LT,0.4666,
2023-10-06,PH_LT,0.4467,
2023-10-07,PH_LT,0.4101,
2023-10-08,PH_LT,0.4063,
2023-10-09,PH_LT,0.4031,
2023-10-10,PH_LT,0.4108,
2023-10-11,PH_LT,0.4146,
2023-10-12,PH_LT,0.5082,
2023-10-13,PH_LT,0.5589,
2023-10-14,PH_LT,0.5467,
2023-10-15,PH_LT,0.5191,
2023-10-16,PH_LT,0.5461,
2023-10-17,PH_LT,0.5621,
2023-10-18,PH_LT,0.564,
2023-10-19,PH_LT,0.5493,
2023-10-20,PH_LT,0.5345,
2023-10-21,PH_LT,0.5442,
2023-10-22,PH_LT,0.5429,
2023-10-23,PH_LT,0.5345,
2023-10-24,PH_LT,0.5307,
2023-10-25,PH_LT,0.5236,
2023-10-26,PH_LT,0.5159,
2023-10-27,PH_LT,0.5422,
2023-10-28,PH_LT,0.7532,
2023-10-29,PH_LT,0.7404,
2023-10-30,PH_LT,0.5563,
2023-10-31,PH_LT,0.5268,
2023-11-01,PH_LT,0.5756,
2023-11-02,PH_LT,0.5813,
2023-11-03,PH_LT,0.5788,
2023-11-04,PH_LT,0.5993,
2023-11-05,PH_LT,0.5993,
2023-11-06,PH_LT,0.6827,
2023-11-07,PH_LT,0.8173,
2023-11-08,PH_LT,0.7981,
2023-11-09,PH_LT,0.7276,
2023-11-10,PH_LT,0.5865,
2023-11-11,PH_LT,0.5865,
2023-11-12,PH_LT,0.5865,
2023-11-13,PH_LT,0.6057,
2023-11-14,PH_LT,0.5993,
2023-11-15,PH_LT,0.5929,
2023-11-16,PH_LT,0.625,
2023-11-17,PH_LT,0.625,
2023-11-18,PH_LT,0.5576,
2023-11-19,PH_LT,0.6185,
2023-11-20,PH_LT,0.5563,
2023-11-21,PH_LT,0.4877,
2023-11-22,PH_LT,0.4749,
2023-11-23,PH_LT,0.5095,
2023-11-24,PH_LT,0.5769,
2023-11-25,PH_LT,0.4954,
2023-11-26,PH_LT,0.3492,
2023-11-27,PH_LT,0.3941,
2023-11-28,PH_LT,0.4499,
2023-11-29,PH_LT,0.4441,
2023-11-30,PH_LT,0.4377,
2023-12-01,PH_LT,0.4736,
2023-12-02,PH_LT,0.3627,
2023-12-03,PH_LT,0.4242,
2023-12-04,PH_LT,0.4845,
2023-12-05,PH_LT,0.4364,
2023-12-06,PH_LT,0.4332,
2023-12-07,PH_LT,0.4306,
2023-12-08,PH_LT,0.4492,
2023-12-09,PH_LT,0.3819,
2023-12-10,PH_LT,0.3986,
2023-12-11,PH_LT,0.4345,
2023-12-12,PH_LT,0.4191,
2023-12-13,PH_LT,0.4294,
2023-12-14,PH_LT,0.4281,
2023-12-15,PH_LT,0.3774,
2023-12-16,PH_LT,0.3716,
2023-12-17,PH_LT,0.3819,
2023-12-18,PH_LT,0.371,
2023-12-19,PH_LT,0.38,
2023-12-20,PH_LT,0.3851,
2023-12-21,PH_LT,0.3902,
2023-12-22,PH_LT,0.3627,
2023-12-23,PH_LT,0.3999,
2023-12-24,PH_LT,0.3761,
2023-12-25,PH_LT,0.303,
2023-12-26,PH_LT,0.2633,
2023-12-27,PH_LT,0.2915,
2023-12-28,PH_LT,0.2857,
2023-12-29,PH_LT,0.2812,
2023-12-30,PH_LT,0.2947,
2023-12-31,PH_LT,0.3146,
2024-01-01,PH_LT,0.3024,
2024-01-02,PH_LT,0.2883,
2024-01-03,PH_LT,0.2819,
2024-01-04,PH_LT,0.2947,
2024-01-05,PH_LT,0.2915,
2024-01-06,PH_LT,0.2825,
2024-01-07,PH_LT,0.2851,
2024-01-08,PH_LT,0.2851,
2024-01-09,PH_LT,0.2678,
2024-01-10,PH_LT,0.2748,
2024-01-11,PH_LT,0.2799,
2024-01-12,PH_LT,0.2761,
2024-01-13,PH_LT,0.2767,
2024-01-14,PH_LT,0.2851,
2024-01-15,PH_LT,0.278,
2024-01-16,PH_LT,0.278,
2024-01-17,PH_LT,0.2774,
2024-01-18,PH_LT,0.3101,
2024-01-19,PH_LT,0.303,
2024-01-20,PH_LT,0.3133,
2024-01-21,PH_LT,0.3178,
2024-01-22,PH_LT,0.3127,
2024-01-23,PH_LT,0.3094,
2024-01-24,PH_LT,0.3075,
2024-01-25,PH_LT,0.3062,
2024-01-26,PH_LT,0.2998,
2024-01-27,PH_LT,0.287,
2024-01-28,PH_LT,0.2806,
2024-01-29,PH_LT,0.2941,
2024-01-30,PH_LT,0.3018,
2024-01-31,PH_LT,0.3069,
2024-02-01,PH_LT,0.3152,
2024-02-02,PH_LT,0.3114,
2024-02-03,PH_LT,0.303,
2024-02-04,PH_LT,0.2735,
2024-02-05,PH_LT,0.2319,
2024-02-06,PH_LT,0.3018,
2024-02-07,PH_LT,0.296,
2024-02-08,PH_LT,0.2844,
2024-02-09,PH_LT,0.2742,
2024-02-10,PH_LT,0.2812,
2024-02-11,PH_LT,0.2184,
2024-02-12,PH_LT,0.2306,
2024-02-13,PH_LT,0.2549,
2024-02-14,PH_LT,0.2524,
2024-02-15,PH_LT,0.271,
2024-02-16,PH_LT,0.2806,
2024-02-17,PH_LT,0.2665,
2024-02-18,PH_LT,0.2331,
2024-02-19,PH_LT,0.2806,
2024-02-20,PH_LT,0.2755,
2024-02-21,PH_LT,0.2774,
2024-02-22,PH_LT,0.2678,
2024-02-23,PH_LT,0.2094,
2024-02-24,PH_LT,0.2062,
2024-02-25,PH_LT,0.2254,
2024-02-26,PH_LT,0.2934,
2024-02-27,PH_LT,0.2511,
2024-02-28,PH_LT,0.1773,
2024-02-29,PH_LT,0.2235,
2024-03-01,PH_LT,0.2511,
2024-03-02,PH_LT,0.2415,
2024-03-03,PH_LT,0.2748,
2024-03-04,PH_LT,0.2678,
2024-03-05,PH_LT,0.2601,
2024-03-06,PH_LT,0.2684,
2024-03-07,PH_LT,0.2761,
2024-03-08,PH_LT,0.2665,
2024-03-09,PH_LT,0.2389,
2024-03-10,PH_LT,0.2447,
2024-03-11,PH_LT,0.262,
2024-03-12,PH_LT,0.2941,
2024-03-13,PH_LT,0.3011,
2024-03-14,PH_LT,0.2832,
2024-03-15,PH_LT,0.2793,
2024-03-16,PH_LT,0.2652,
2024-03-17,PH_LT,0.2851,
2024-03-18,PH_LT,0.2889,
2024-03-19,PH_LT,0.3107,
2024-03-20,PH_LT,0.3505,
2024-03-21,PH_LT,0.3999,
2024-03-22,PH_LT,0.5224,
2024-03-23,PH_LT,0.5737,
2024-03-24,PH_LT,0.5518,
2024-03-25,PH_LT,0.4993,
2024-03-26,PH_LT,0.4351,
2024-03-27,PH_LT,0.4691,
2024-03-28,PH_LT,0.4236,
2024-03-29,PH_LT,0.4653,
2024-03-30,PH_LT,0.4339,
2024-03-31,PH_LT,0.4371,
2024-04-01,PH_LT,0.421,
2024-04-02,PH_LT,0.421,
2024-04-03,PH_LT,0.4569,
2024-04-04,PH_LT,0.5794,
2024-04-05,PH_LT,0.7596,
2024-04-06,PH_LT,0.952,
2024-04-07,PH_LT,0.7724,
2024-04-08,PH_LT,0.7147,
2024-04-09,PH_LT,0.7019,
2024-04-10,PH_LT,0.7276,
2024-04-11,PH_LT,0.8366,
2024-04-12,PH_LT,1.1187,
2024-04-13,PH_LT,,cb: Almont Regression falls out of sync 7 days before Pumphouse site is Ice-free
2024-04-14,PH_LT,,cb: Almont Regression falls out of sync 7 days before Pumphouse site is Ice-free
2024-04-15,PH_LT,,cb: Almont Regression falls out of sync 7 days before Pumphouse site is Ice-free
2024-04-16,PH_LT,,cb: Almont Regression falls out of sync 7 days before Pumphouse site is Ice-free
2024-04-17,PH_LT,,cb: Almont Regression falls out of sync 7 days before Pumphouse site is Ice-free
2024-04-18,PH_LT,,cb: Almont Regression falls out of sync 7 days before Pumphouse site is Ice-free
2024-04-19,PH_LT,,cb: Almont Regression falls out of sync 7 days before Pumphouse site is Ice-free
2024-04-20,PH_LT,1.3823,cb: Hobo Pressure Transducer 10 min Q values
2024-04-21,PH_LT,1.5421,
2024-04-22,PH_LT,1.7878,
2024-04-23,PH_LT,1.9896,
2024-04-24,PH_LT,2.3318,
2024-04-25,PH_LT,2.726,
2024-04-26,PH_LT,2.8497,
2024-04-27,PH_LT,2.7574,
2024-04-28,PH_LT,2.4049,
2024-04-29,PH_LT,2.1194,
2024-04-30,PH_LT,1.7932,
2024-05-01,PH_LT,1.9738,
2024-05-02,PH_LT,1.9118,
2024-05-03,PH_LT,1.8687,
2024-05-04,PH_LT,1.9788,
2024-05-05,PH_LT,2.3298,
2024-05-06,PH_LT,2.5626,
2024-05-07,PH_LT,2.373,
2024-05-08,PH_LT,2.0881,
2024-05-09,PH_LT,1.8354,
2024-05-10,PH_LT,1.5943,
2024-05-11,PH_LT,1.5479,
2024-05-12,PH_LT,1.4247,
2024-05-13,PH_LT,1.3765,
2024-05-14,PH_LT,1.6411,
2024-05-15,PH_LT,2.0792,
2024-05-16,PH_LT,2.5906,
2024-05-17,PH_LT,3.3742,
2024-05-18,PH_LT,3.877,
2024-05-19,PH_LT,4.3943,
2024-05-20,PH_LT,4.8674,
2024-05-21,PH_LT,4.9931,
2024-05-22,PH_LT,3.9989,
2024-05-23,PH_LT,3.2688,
2024-05-24,PH_LT,2.8882,
2024-05-25,PH_LT,2.6851,
2024-05-26,PH_LT,2.6201,
2024-05-27,PH_LT,2.6071,
2024-05-28,PH_LT,3.357,
2024-05-29,PH_LT,4.2387,
2024-05-30,PH_LT,4.7648,
2024-05-31,PH_LT,5.8336,
2024-06-01,PH_LT,6.1567,
2024-06-02,PH_LT,6.9875,
2024-06-03,PH_LT,7.3934,
2024-06-04,PH_LT,7.7814,
2024-06-05,PH_LT,10.1889,
2024-06-06,PH_LT,10.8464,
2024-06-07,PH_LT,11.826,
2024-06-08,PH_LT,12.3434,
2024-06-09,PH_LT,12.6365,
2024-06-10,PH_LT,11.6215,
2024-06-11,PH_LT,10.7622,
2024-06-12,PH_LT,10.5465,
2024-06-13,PH_LT,10.4214,
2024-06-14,PH_LT,10.0203,
2024-06-15,PH_LT,8.5279,
2024-06-16,PH_LT,8.6121,
2024-06-17,PH_LT,8.3643,
2024-06-18,PH_LT,7.6441,
2024-06-19,PH_LT,6.5914,
2024-06-20,PH_LT,5.9394,
2024-06-21,PH_LT,7.8853,
2024-06-22,PH_LT,7.972,
2024-06-23,PH_LT,6.4894,
2024-06-24,PH_LT,5.8041,
2024-06-25,PH_LT,5.7395,
2024-06-26,PH_LT,5.3389,
2024-06-27,PH_LT,5.0422,
2024-06-28,PH_LT,5.9398,
2024-06-29,PH_LT,5.0578,
2024-06-30,PH_LT,4.9345,
2024-07-01,PH_LT,5.8628,
2024-07-02,PH_LT,7.6147,
2024-07-03,PH_LT,5.4496,
2024-07-04,PH_LT,4.1399,
2024-07-05,PH_LT,3.2995,
2024-07-06,PH_LT,2.9266,
2024-07-07,PH_LT,2.7083,
2024-07-08,PH_LT,2.477,
2024-07-09,PH_LT,2.2689,
2024-07-10,PH_LT,2.1395,
2024-07-11,PH_LT,2.009,
2024-07-12,PH_LT,1.8305,
2024-07-13,PH_LT,1.7564,
2024-07-14,PH_LT,1.5628,
2024-07-15,PH_LT,1.5151,
2024-07-16,PH_LT,1.4874,
2024-07-17,PH_LT,1.3829,
2024-07-18,PH_LT,1.2556,
2024-07-19,PH_LT,1.2458,
2024-07-20,PH_LT,1.1542,
2024-07-21,PH_LT,1.2143,
2024-07-22,PH_LT,1.4533,cb: Pressure Transducer Failed - data infilled from Almont Regression with offset to match observed discharge measurements
2024-07-23,PH_LT,1.2737,
2024-07-24,PH_LT,1.1583,
2024-07-25,PH_LT,1.1006,
2024-07-26,PH_LT,1.107,
2024-07-27,PH_LT,1.0493,
2024-07-28,PH_LT,0.9852,
2024-07-29,PH_LT,0.9274,
2024-07-30,PH_LT,0.9852,
2024-07-31,PH_LT,0.921,
2024-08-01,PH_LT,0.8569,
2024-08-02,PH_LT,0.8248,
2024-08-03,PH_LT,0.7607,
2024-08-04,PH_LT,0.7222,
2024-08-05,PH_LT,0.9339,
2024-08-06,PH_LT,1.2096,
2024-08-07,PH_LT,1.184,
2024-08-08,PH_LT,1.0878,
2024-08-09,PH_LT,1.0493,
2024-08-10,PH_LT,1.1262,
2024-08-11,PH_LT,1.1775,
2024-08-12,PH_LT,1.0493,
2024-08-13,PH_LT,0.9339,
2024-08-14,PH_LT,1.0878,
2024-08-15,PH_LT,0.9595,
2024-08-16,PH_LT,0.8826,
2024-08-17,PH_LT,0.8248,
2024-08-18,PH_LT,0.8184,
2024-08-19,PH_LT,0.8056,
2024-08-20,PH_LT,0.7735,
2024-08-21,PH_LT,0.8505,
2024-08-22,PH_LT,1.3096,cb: Pressure Transducer back online with 4 cm offset due to instrument change
2024-08-23,PH_LT,1.071,
2024-08-24,PH_LT,0.9801,
2024-08-25,PH_LT,1.0494,
2024-08-26,PH_LT,1.3057,
2024-08-27,PH_LT,1.1301,
2024-08-28,PH_LT,0.8931,
2024-08-29,PH_LT,0.7965,
2024-08-30,PH_LT,0.766,
2024-08-31,PH_LT,0.7306,
2024-09-01,PH_LT,0.6759,
2024-09-02,PH_LT,0.718,
2024-09-03,PH_LT,0.7026,
2024-09-04,PH_LT,0.6543,
2024-09-05,PH_LT,0.6374,
2024-09-06,PH_LT,0.6071,
2024-09-07,PH_LT,0.5242,
2024-09-08,PH_LT,0.5284,
2024-09-09,PH_LT,0.5373,
2024-09-10,PH_LT,0.5271,
2024-09-11,PH_LT,0.8074,
2024-09-12,PH_LT,0.7065,
2024-09-13,PH_LT,0.5923,
2024-09-14,PH_LT,0.587,
2024-09-15,PH_LT,0.6391,
2024-09-16,PH_LT,0.7212,
2024-09-17,PH_LT,0.7219,
2024-09-18,PH_LT,0.8022,
2024-09-19,PH_LT,0.7181,
2024-09-20,PH_LT,0.5998,
2024-09-21,PH_LT,0.7847,
2024-09-22,PH_LT,1.1619,
2024-09-23,PH_LT,1.0413,
2024-09-24,PH_LT,0.877,
2024-09-25,PH_LT,0.7537,
2024-09-26,PH_LT,0.678,
2024-09-27,PH_LT,0.6172,
2024-09-28,PH_LT,0.5633,
2024-09-29,PH_LT,0.5197,
2024-09-30,PH_LT,0.5646,
2025-04-11,PH_LT,0.6288,1.435729173; 1.442442229; 1.446923891; 1.464900875; 1.469407704; 1.488995464; 1.511714171; 1.539907215; 1.548325842; 1.575996001; 1.603847363; 1.607729939; 1.618619748; 1.6514536; 1.692446752; 1.698786947; 1.713085103; 1.738615902; 1.766704149; 1.784447285; 1.789298067; 1.794153882; 1.802258092; 1.816880906; 1.842988873; 1.845443835; 1.851176975; 1.856096547; 1.879945436; 1.889022327; 1.892327209; 1.899771373; 1.908885175; 1.916354506; 1.931327144; 1.944674186; 1.975676312; 2.013639565; 2.028054922; 2.039922412; 2.074969682; 2.080113243; 2.117122725; 2.133522715; 2.148306228; 2.154690386; 2.158146467; 2.162487497; 2.16253512; 2.162630368; 2.163429955; 2.165112842; 2.165160505; 2.165232; 2.166008106; 2.168587456; 2.17006805; 2.170319625; 2.170940341; 2.172948764; 2.173283254; 2.17398873; 2.175662869; 2.177301604; 2.177756194; 2.179168183; 2.18024541; 2.180377121; 2.180425018; 2.180879775; 2.181681863; 2.182089163; 2.182256896; 2.183418176; 2.183765764; 2.186329555; 2.186581493; 2.187791349; 2.188295468; 2.188678408; 2.188906512; 2.18908661; 2.190573085; 2.190681198; 2.192168017; 2.193055792; 2.195180626; 2.197424632; 2.201474213; 2.202013928; 2.202843039; 2.203277198; 2.205825902; 2.206208913; 2.206402062; 2.207666564; 2.209721724; 2.211926391; 2.214612091; 2.215527801; 2.215886633; 2.216754056; 2.21984202; 2.220855636; 2.223795335; 2.224244486; 2.225557053; 2.228613975; 2.230219197; 2.234386207; 2.235268677; 2.236553422; 2.239683124; 2.242333469; 2.250267577; 2.251446374; 2.257363592; 2.260034591; 2.265933789; 2.271570306; 2.272434003; 2.27868095; 2.283129646; 2.284910103; 2.285788169; 2.288782288; 2.291146107; 2.29379597; 2.296471878; 2.297376543; 2.299161467; 2.304519593; 2.305413104; 2.307748571; 2.308082016; 2.309870288; 2.310777101; 2.312020793; 2.317949421; 2.334631744; 2.339897696; 2.355238941; 2.369729917
2025-04-12,PH_LT,0.6345,1.898943684; 1.907226862; 1.908885175; 1.909714542; 1.910544048; 1.914693676; 1.916354506; 1.923003419; 1.924667046; 1.925499069; 1.926331231; 1.927995976; 1.928828559; 1.929661281; 1.932993567; 1.947180741; 1.948016539; 1.949688555; 1.95136113; 1.957219546; 1.958894637; 1.962246498; 1.963084813; 1.963923267; 1.973155496; 1.975676312; 1.987456761; 2.000109082; 2.005178818; 2.007715574; 2.031452643; 2.032302423; 2.041659229; 2.071543438; 2.073256281; 2.074112911; 2.076683643; 2.090751344; 2.092134458; 2.093283453; 2.095026543; 2.096434391; 2.103321554; 2.104460413; 2.107034059; 2.108492798; 2.118239959; 2.11839255; 2.120949465; 2.124289988; 2.13009383; 2.131825687; 2.134011567; 2.137289212; 2.137891593; 2.140746025; 2.148306228; 2.150319989; 2.155524503; 2.165708695; 2.167094288; 2.168323889; 2.170032245; 2.177014404; 2.179958068; 2.184005512; 2.184616236; 2.187456417; 2.190130072; 2.19921409; 2.203277198; 2.208037508; 2.208879555; 2.210612364; 2.211527334; 2.211575701; 2.212430369; 2.212853735; 2.21540673; 2.215922958; 2.217093198; 2.217657956; 2.217694301; 2.219405609; 2.21949046; 2.220261453; 2.221214448; 2.221736025; 2.223831749; 2.224785399; 2.228249297; 2.228735548; 2.230857726; 2.232597344; 2.233589103; 2.234483635; 2.235329586; 2.23801446; 2.249468383; 2.250389963; 2.251164798; 2.254706128; 2.267106092; 2.272434003; 2.277766946; 2.287569458; 2.292012731; 2.295579769; 2.295616998; 2.303675984; 2.307212997; 2.327858954; 2.332421456; 2.334179691; 2.346741316; 2.349656477; 2.350405644; 2.354072347; 2.361235656; 2.362315283; 2.364057168; 2.369539564; 2.371194678; 2.376683775; 2.380418224; 2.380456416; 2.384078691; 2.395904902; 2.40407965; 2.419641889; 2.424148729; 2.424200313; 2.429675036; 2.433275925; 2.438810759
2025-04-13,PH_LT,0.6484,2.125354828; 2.128933628; 2.132349848; 2.132373431; 2.133121675; 2.140020499; 2.140197812; 2.142836088; 2.144335248; 2.145333589; 2.145380953; 2.145463841; 2.147772927; 2.152449836; 2.157632899; 2.158503166; 2.161150508; 2.161664243; 2.164598949; 2.166008106; 2.168993067; 2.16947137; 2.171573947; 2.174682314; 2.175040894; 2.177313566; 2.179048497; 2.182903436; 2.182927403; 2.195156566; 2.197809882; 2.205318991; 2.210914585; 2.212708572; 2.216189354; 2.221165935; 2.222022045; 2.222034177; 2.223157392; 2.226705393; 2.233662155; 2.237216866; 2.237929117; 2.258384651; 2.259234111; 2.271631901; 2.272495614; 2.273408757; 2.284143469; 2.286777754; 2.287631356; 2.297413793; 2.301852334; 2.302931989; 2.307374902; 2.311684061; 2.316146132; 2.334342922; 2.340356468; 2.342494646; 2.353857627; 2.358769742; 2.361071107; 2.362875875; 2.364310561; 2.364681202; 2.366968888; 2.370138612; 2.372530392; 2.375613891; 2.377052584; 2.381987058; 2.384857132; 2.385495403; 2.385508152; 2.386554534; 2.387486321; 2.389184425; 2.390167696; 2.391176692; 2.391943171; 2.395521251; 2.395546826; 2.395649128; 2.396582388; 2.39793808; 2.399395895; 2.400278551; 2.401161334; 2.406115868; 2.406614632; 2.408844315; 2.409754076; 2.411535473; 2.411574019; 2.412484201; 2.414266405; 2.414304982; 2.415176996; 2.415215583; 2.416087726; 2.416126323; 2.417037204; 2.420643474; 2.420682123; 2.421503498; 2.421593702; 2.4233786; 2.424329279; 2.424725458; 2.425151117; 2.427066115; 2.427978673; 2.428852629; 2.430678423; 2.43254356; 2.433418164; 2.433456957; 2.434279952; 2.435193605; 2.436197987; 2.43802604; 2.438940276; 2.439854651; 2.440769167; 2.441683822; 2.443513552; 2.444428627; 2.448090325; 2.449006098; 2.449922012; 2.454503678; 2.457254355; 2.464595647
2025-04-14,PH_LT,0.6434,2.007523186; 2.020868308; 2.02154575; 2.022518932; 2.022632667; 2.024181444; 2.024431808; 2.026322735; 2.030939346; 2.031743346; 2.032798523; 2.037968968; 2.038968454; 2.04361836; 2.045146119; 2.045849138; 2.049583255; 2.049594731; 2.050493339; 2.052164707; 2.056523688; 2.058127923; 2.058760995; 2.064038611; 2.064953008; 2.067599849; 2.070802804; 2.0735576; 2.075294116; 2.081991286; 2.083973874; 2.085029591; 2.08889468; 2.090925846; 2.091519257; 2.094387855; 2.098561132; 2.10143548; 2.102191584; 2.103984444; 2.105497385; 2.113504989; 2.117693072; 2.118279941; 2.119143924; 2.120872311; 2.124783979; 2.126926068; 2.139507775; 2.143392234; 2.152948349; 2.164753837; 2.172063564; 2.174681902; 2.176093313; 2.180844159; 2.201763533; 2.205862114; 2.21113221; 2.217287017; 2.220217887; 2.234283199; 2.237765445; 2.243742356; 2.246394811; 2.25183819; 2.253559936; 2.254359725; 2.257066273; 2.263222913; 2.264085417; 2.272063116; 2.275617858; 2.279211883; 2.280064432; 2.282684606; 2.285355446; 2.288027543; 2.288077072; 2.288918522; 2.290750468; 2.293338308; 2.29515929; 2.299621175; 2.304942713; 2.310269163; 2.312095629; 2.315637984; 2.317466189; 2.323738203; 2.330876976; 2.331774645; 2.332672454; 2.337163598; 2.338923312; 2.347018603; 2.348793872; 2.348819095; 2.354223925; 2.361412877; 2.368636039; 2.370392456; 2.370468614; 2.374059283; 2.384882627; 2.385826911; 2.386694828; 2.388545873; 2.390320908; 2.392173112; 2.397579779; 2.399395895; 2.402121117; 2.406601803; 2.422940269; 2.433853158; 2.453027821; 2.462133562; 2.465831886; 2.476809671; 2.486016711; 2.498903698; 2.503535405; 2.508144219; 2.512769722; 2.529477052; 2.533176758; 2.535020783; 2.544369215; 2.544382562; 2.547187211; 2.557446144; 2.57155224; 2.57709326; 2.579004235; 2.58269307; 2.584605779; 2.589329359; 2.593988868; 2.595918629; 2.601548855; 2.605277982
2025-04-15,PH_LT,0.66,2.092959239; 2.100702804; 2.105009679; 2.117951274; 2.134389123; 2.141325423; 2.142193089; 2.144796928; 2.167416242; 2.176141145; 2.182256896; 2.191005568; 2.195385147; 2.198014573; 2.205910398; 2.211180574; 2.212938418; 2.213345656; 2.213817549; 2.22790267; 2.231800478; 2.234520171; 2.23584128; 2.237606953; 2.255787953; 2.264159167; 2.27037279; 2.282486827; 2.286382136; 2.294354172; 2.306369006; 2.323913446; 2.336227398; 2.342456883; 2.349921398; 2.35988685; 2.365086704; 2.371575581; 2.384206142; 2.385928923; 2.386107454; 2.402786312; 2.404259139; 2.405961934; 2.411150045; 2.415804695; 2.416959988; 2.420501765; 2.4222863; 2.422389414; 2.424983424; 2.425125317; 2.426691833; 2.427978673; 2.429300476; 2.432091127; 2.432388431; 2.435913287; 2.436159163; 2.438940276; 2.441644935; 2.447544954; 2.455777633; 2.460976022; 2.464556501; 2.468321899; 2.473156929; 2.476544331; 2.477782135; 2.479357492; 2.490268617; 2.49066491; 2.493127671; 2.496779501; 2.497649982; 2.50134402; 2.507774336; 2.518364688; 2.523515414; 2.527278206; 2.52731806; 2.531333279; 2.537834474; 2.54013315; 2.546737461; 2.548545542; 2.550327386; 2.551298733; 2.551365606; 2.552706692; 2.553201766; 2.555132178; 2.557352367; 2.563269885; 2.563310142; 2.564176192; 2.565243742; 2.567043635; 2.567070502; 2.567110803; 2.567937047; 2.569482262; 2.569993111; 2.572607705; 2.580700057; 2.58538008; 2.587523257; 2.588487059; 2.589532121; 2.593145997; 2.594980748; 2.611992823; 2.632687139; 2.634519522; 2.640129352; 2.65902006; 2.66658916; 2.701706665; 2.703586202; 2.704595913; 2.7217205; 2.724562578; 2.733194495; 2.745648451; 2.746594401; 2.747540484; 2.754265722; 2.761974258; 2.766773621; 2.767765116; 2.768742577; 2.769677607; 2.770683743; 2.770697939; 2.771590643; 2.772554466; 2.772597076; 2.774482533; 2.780327016; 2.781249406
2025-04-16,PH_LT,0.6635,2.360168933; 2.360181586; 2.361973421; 2.363803803; 2.365609423; 2.366537799; 2.368331587; 2.370113229; 2.372035086; 2.372098581; 2.372837496; 2.373868689; 2.374645912; 2.374811129; 2.375741017; 2.376429457; 2.376493034; 2.377448618; 2.377461337; 2.378315311; 2.37840437; 2.379182125; 2.38017635; 2.3811071; 2.381119833; 2.3811453; 2.381936113; 2.383760095; 2.384576705; 2.384653181; 2.38563565; 2.386439753; 2.388316177; 2.389261007; 2.390205998; 2.39380863; 2.396377732; 2.397323883; 2.398423774; 2.402965725; 2.403823259; 2.403912992; 2.405666922; 2.406614632; 2.408369336; 2.408446353; 2.409253292; 2.412060113; 2.412918908; 2.41758781; 2.421271558; 2.423903718; 2.424944728; 2.429481291; 2.43029083; 2.434073013; 2.43577095; 2.438681249; 2.442144857; 2.449493268; 2.451247301; 2.452410531; 2.458606854; 2.466210433; 2.466841689; 2.473261571; 2.47356244; 2.480595671; 2.50086934; 2.508606664; 2.511963373; 2.516565341; 2.526204483; 2.537887767; 2.540662799; 2.547133778; 2.549022047; 2.550367499; 2.551802049; 2.557821287; 2.563894334; 2.564854395; 2.565243742; 2.566177203; 2.566707821; 2.568084856; 2.569912444; 2.576414091; 2.582962922; 2.584835274; 2.58914013; 2.590428645; 2.591951509; 2.603562418; 2.604501593; 2.606013698; 2.606953198; 2.609158791; 2.61013958; 2.611038938; 2.61635588; 2.617623855; 2.630786896; 2.632372524; 2.633616951; 2.634587956; 2.638035103; 2.640225306; 2.643702714; 2.64397714; 2.649375358; 2.650348779; 2.653462567; 2.656946712; 2.657948856; 2.659788276; 2.659802057; 2.661697139; 2.662658682; 2.662686265; 2.663854902; 2.667385741; 2.66859679; 2.672157742; 2.672392817; 2.678049501; 2.688509218; 2.691337005; 2.693269227; 2.699911247; 2.719005662; 2.720890159; 2.740045943; 2.740962944; 2.741908242; 2.743869714; 2.744801328; 2.745704861; 2.75155213; 2.75244242; 2.759158573; 2.759172727; 2.761082769
2025-04-17,PH_LT,0.6658,2.34511789; 2.345790956; 2.346716109; 2.347767487; 2.349429425; 2.351167499; 2.352169267; 2.35218189; 2.353870257; 2.354009192; 2.355660158; 2.362163338; 2.365900953; 2.367390241; 2.367415603; 2.36793559; 2.369196966; 2.371029639; 2.371908101; 2.372888304; 2.377346866; 2.377715737; 2.377957442; 2.378582498; 2.378900616; 2.382649441; 2.382803444; 2.39006556; 2.390525207; 2.391010672; 2.391368269; 2.393757506; 2.39474159; 2.394767159; 2.395585188; 2.396173494; 2.398334185; 2.401789053; 2.402940094; 2.404515577; 2.407434176; 2.407485506; 2.410933747; 2.420862494; 2.42574081; 2.426476313; 2.426653118; 2.426678928; 2.433780263; 2.450448192; 2.469715437; 2.47232513; 2.480752973; 2.487200832; 2.488122514; 2.498270243; 2.50196452; 2.5036669; 2.504736696; 2.509359786; 2.51398637; 2.524960345; 2.526959401; 2.527743204; 2.531599267; 2.536215993; 2.543589897; 2.554824249; 2.56041763; 2.573428551; 2.579058148; 2.579098584; 2.586586623; 2.588460031; 2.596829561; 2.597723692; 2.597794812; 2.599671554; 2.601369569; 2.604338709; 2.610916554; 2.613531971; 2.618442479; 2.622849971; 2.626892523; 2.642581022; 2.643881088; 2.649554008; 2.650090034; 2.657990178; 2.658059051; 2.659953652; 2.660901162; 2.662317677; 2.663647962; 2.66371694; 2.665544191; 2.66654774; 2.667454789; 2.667496219; 2.67129153; 2.672254535; 2.674111811; 2.675061401; 2.675448902; 2.675997288; 2.677417938; 2.682635416; 2.684551111; 2.694277289; 2.69719112; 2.698213756; 2.71026655; 2.714254786; 2.722691085; 2.729362922; 2.733180439; 2.733222607; 2.734124619; 2.735209563; 2.736083709; 2.737987106; 2.738903816; 2.739030513; 2.739086825; 2.740878435; 2.740906604; 2.742755029; 2.743742853; 2.744716732; 2.747568703; 2.748500813; 2.75042189; 2.754265722; 2.756202618; 2.760997809; 2.761011969; 2.761974258; 2.77351843
2025-04-18,PH_LT,0.6572,2.24777245; 2.253082169; 2.253106667; 2.256575727; 2.25658799; 2.257461716; 2.258384651; 2.260157347; 2.260982508; 2.262756009; 2.265392718; 2.271607263; 2.273445736; 2.274285066; 2.276038082; 2.276062754; 2.27607509; 2.280497067; 2.281448598; 2.284934842; 2.289363692; 2.289388465; 2.298293775; 2.303613783; 2.307200544; 2.307225451; 2.312566219; 2.31344851; 2.314343415; 2.318820036; 2.320611663; 2.320624168; 2.320636672; 2.321520195; 2.325093178; 2.3259899; 2.327783764; 2.329578187; 2.330475608; 2.332283418; 2.334066691; 2.334079246; 2.334964811; 2.33766001; 2.33855869; 2.339457509; 2.341255566; 2.343054183; 2.343953701; 2.344853359; 2.348453389; 2.349353746; 2.351205359; 2.353857627; 2.353870257; 2.354758823; 2.354821991; 2.355698069; 2.357463249; 2.359266898; 2.359292199; 2.362049386; 2.368318902; 2.368420381; 2.369323848; 2.37026553; 2.374658621; 2.379182125; 2.381043435; 2.381068901; 2.382981801; 2.388456544; 2.389299299; 2.398487767; 2.405731052; 2.413034589; 2.419448711; 2.421297328; 2.450539157; 2.456993949; 2.467050599; 2.468008412; 2.479963467; 2.481844142; 2.485489153; 2.502135979; 2.504908291; 2.512307274; 2.513232776; 2.517862383; 2.522495485; 2.536375808; 2.55405312; 2.566177203; 2.569912444; 2.571780903; 2.572674978; 2.579219894; 2.582067425; 2.582935935; 2.583899028; 2.58577166; 2.58761783; 2.592303221; 2.597889655; 2.607252035; 2.608191752; 2.611979221; 2.613860207; 2.623178013; 2.638268002; 2.639253427; 2.641073937; 2.642018662; 2.642087236; 2.642114666; 2.647758627; 2.64960898; 2.650499984; 2.652419863; 2.668486278; 2.677030227; 2.681795622; 2.682732484; 2.686536785; 2.694124278; 2.695076814; 2.69984159; 2.70078103; 2.700794965; 2.703614092; 2.704568016; 2.710280521; 2.711249393; 2.714100952; 2.716053982
2025-04-19,PH_LT,0.6305,2.021523011; 2.027473855; 2.029400085; 2.031994342; 2.033431593; 2.033454423; 2.033933897; 2.035108966; 2.035959276; 2.036027822; 2.036107796; 2.03622205; 2.038968454; 2.039373353; 2.039670742; 2.040212925; 2.040315891; 2.040613378; 2.041064074; 2.041590549; 2.042441987; 2.042766792; 2.043030162; 2.043201943; 2.043641267; 2.044607553; 2.04499714; 2.045585511; 2.045631357; 2.046666877; 2.047026033; 2.047048965; 2.047924179; 2.04874218; 2.048753653; 2.049017549; 2.049258526; 2.050447421; 2.050964059; 2.051288768; 2.051518433; 2.051690698; 2.051782579; 2.052164707; 2.052509315; 2.053396998; 2.054701473; 2.054712969; 2.054942895; 2.05504637; 2.055554999; 2.055750489; 2.055773489; 2.056673229; 2.056776764; 2.058150941; 2.059189236; 2.059407996; 2.061683379; 2.061775561; 2.062699432; 2.063462067; 2.063485125; 2.065010682; 2.067125251; 2.069334383; 2.070224979; 2.070305865; 2.071092618; 2.071879474; 2.072758948; 2.072828336; 2.07448364; 2.075305691; 2.075560338; 2.075745555; 2.076255216; 2.078896371; 2.079220863; 2.079626378; 2.079707515; 2.079881389; 2.082130033; 2.082570882; 2.08334778; 2.084727709; 2.084913477; 2.085099262; 2.085667441; 2.089474773; 2.094597513; 2.098120357; 2.100702804; 2.105009679; 2.112770861; 2.134389123; 2.139590509; 2.149139456; 2.15174665; 2.156094771; 2.160446386; 2.161317129; 2.166544521; 2.17871347; 2.180460941; 2.182125105; 2.183957561; 2.184748129; 2.185670726; 2.185706709; 2.187420414; 2.190045995; 2.19083737; 2.19350063; 2.196177242; 2.203108348; 2.204791182; 2.207497482; 2.209217863; 2.21181755; 2.212696475; 2.212732765; 2.217129538; 2.219708663; 2.222313214; 2.223169528; 2.224074526; 2.225787813; 2.227550217; 2.227598828; 2.229337499; 2.234690682; 2.238958494; 2.239902702; 2.243375953; 2.245168354; 2.25224585
2025-04-20,PH_LT,0.6164,1.732188994; 1.745750036; 1.747321979; 1.756220314; 1.757785435; 1.776227794; 1.777841279; 1.789266622; 1.811157177; 1.811821943; 1.814260806; 1.824389772; 1.82479067; 1.825658809; 1.827998505; 1.82832805; 1.83181513; 1.83308576; 1.833533086; 1.83399811; 1.835258495; 1.83611795; 1.836235221; 1.836384485; 1.836555086; 1.837617517; 1.842572103; 1.845716806; 1.847049067; 1.84736481; 1.848215793; 1.854209321; 1.854718145; 1.855634875; 1.859110317; 1.862975957; 1.865484357; 1.866263307; 1.869512388; 1.870418814; 1.870461988; 1.870853081; 1.871147001; 1.876151444; 1.880466627; 1.881899087; 1.882072468; 1.882820345; 1.883798093; 1.889424566; 1.893512578; 1.89688563; 1.89851943; 1.898594853; 1.899204389; 1.902756019; 1.905938889; 1.910992896; 1.91466079; 1.919253029; 1.924286096; 1.925074099; 1.928403501; 1.92879551; 1.93173514; 1.937526691; 1.947502272; 1.949085439; 1.951250109; 1.951327823; 1.953000938; 1.957141674; 1.957901236; 1.960492327; 1.962135062; 1.963006784; 1.970075703; 1.971285613; 1.972158955; 1.973715926; 1.973738301; 1.973883743; 1.974152278; 1.974522547; 1.979689887; 1.98209048; 1.982213895; 1.984278996; 1.985513802; 1.987063391; 1.988703347; 1.988725836; 1.989984709; 1.99054633; 1.991197996; 1.991333045; 1.992153641; 1.992918063; 1.99313202; 1.994571128; 2.002281811; 2.003847471; 2.005515329; 2.005673651; 2.00568496; 2.006768023; 2.007127147; 2.007296869; 2.008954535; 2.00945274; 2.010095014; 2.010646706; 2.011031891; 2.012509459; 2.013129323; 2.013718947; 2.013919319; 2.014811515; 2.016834786; 2.01728474; 2.01817754; 2.018188896; 2.01847283; 2.019827283; 2.020675077; 2.020936511; 2.022371085; 2.023253426; 2.024124547; 2.02661355; 2.026624939; 2.026636328; 2.02850524; 2.029160707; 2.030870915; 2.032695813; 2.035188914; 2.036073521; 2.036130646; 2.037728902; 2.038568216; 2.039361916; 2.042812593
2025-04-21,PH_LT,0.6173,1.650529716; 1.652138832; 1.665430673; 1.670226306; 1.698716016; 1.718586264; 1.737610238; 1.748822164; 1.751999591; 1.761845729; 1.775254423; 1.777695164; 1.781490726; 1.781637041; 1.789614308; 1.789771543; 1.791284782; 1.792020585; 1.793744421; 1.796552149; 1.805472061; 1.805767084; 1.809088726; 1.823657372; 1.844978303; 1.850325388; 1.85225864; 1.860770054; 1.861993052; 1.863191262; 1.863926803; 1.864579518; 1.865031886; 1.86820181; 1.871816378; 1.873538363; 1.877440398; 1.877743368; 1.880412474; 1.880671123; 1.88297314; 1.884112579; 1.884352038; 1.884742502; 1.88654455; 1.888163874; 1.891348558; 1.892696881; 1.8935561; 1.896145602; 1.903139554; 1.903420531; 1.908360126; 1.910502601; 1.91148565; 1.913753884; 1.914806165; 1.916277728; 1.92126344; 1.92130739; 1.925389037; 1.926254186; 1.928110604; 1.932839123; 1.937808328; 1.942013954; 1.942782452; 1.946959026; 1.953152928; 1.954519008; 1.955608483; 1.96118552; 1.961934491; 1.962828444; 1.969517064; 1.970701559; 1.972719303; 1.972819954; 1.972842322; 1.974500167; 1.976999134; 1.979622626; 1.980362888; 1.984099523; 1.984155667; 1.985379017; 1.987063391; 1.988692103; 1.991197996; 1.991254265; 1.993693845; 1.996258532; 1.997487656; 1.998779405; 2.003036341; 2.00304764; 2.005481404; 2.006838818; 2.007149776; 2.008852644; 2.009732603; 2.012214761; 2.016494255; 2.018200253; 2.019872735; 2.022717117; 2.023622426; 2.024927527; 2.026066055; 2.026271056; 2.026624939; 2.029371525; 2.04454629; 2.052310968; 2.0631029; 2.06322972; 2.068905919; 2.072365098; 2.076729965; 2.078595148; 2.079116557; 2.080773859; 2.087245344; 2.090124671; 2.091529312; 2.092586722; 2.093248525; 2.095212938; 2.095317793; 2.102121524; 2.102760909; 2.104460413; 2.106183834; 2.107954606; 2.10874661; 2.108851924; 2.111369161; 2.113176852; 2.113981309; 2.114004752; 2.118416027; 2.122572463; 2.125296005
2025-04-22,PH_LT,0.6272,1.847396921; 1.848991966; 1.853930356; 1.858096143; 1.858949089; 1.860601686; 1.862179532; 1.865390541; 1.871330518; 1.873430317; 1.874785343; 1.874850198; 1.87553323; 1.8776568; 1.878850471; 1.879023672; 1.879620588; 1.879945436; 1.880499119; 1.88350534; 1.883765562; 1.88381978; 1.884644879; 1.885990983; 1.886197821; 1.886208674; 1.890109315; 1.891098502; 1.896243621; 1.896852951; 1.898474957; 1.900892581; 1.903344105; 1.904316028; 1.905022818; 1.905055592; 1.906060895; 1.909465076; 1.914474444; 1.915337619; 1.92379514; 1.926144126; 1.929511681; 1.93055405; 1.946992281; 1.947353904; 1.963372346; 1.981978126; 1.983055511; 1.996540377; 1.999684261; 2.005831985; 2.012369264; 2.012566136; 2.015953532; 2.020156829; 2.029456981; 2.032924065; 2.033706474; 2.034567097; 2.037991833; 2.038016639; 2.042938551; 2.04389326; 2.047358584; 2.050665541; 2.050745907; 2.055807989; 2.05583099; 2.056604209; 2.058266032; 2.058369619; 2.060055039; 2.064270922; 2.067099534; 2.069380589; 2.072236487; 2.072758948; 2.073650142; 2.076197327; 2.077077542; 2.085516468; 2.085620987; 2.086029355; 2.086456341; 2.092388849; 2.092458684; 2.09290452; 2.093260168; 2.095840046; 2.095875003; 2.096700285; 2.097572323; 2.098409521; 2.098927633; 2.101852981; 2.101911357; 2.104437043; 2.105322053; 2.107092533; 2.113094825; 2.113106543; 2.124818607; 2.131744129; 2.133406116; 2.143553882; 2.148228123; 2.14976458; 2.162005658; 2.17214646; 2.172218132; 2.180640852; 2.186007504; 2.196287671; 2.197920556; 2.211857778; 2.230249639; 2.241628216; 2.248555245; 2.264245211; 2.267067361; 2.26852292; 2.270532895; 2.275568519; 2.277482462; 2.289772475; 2.299521771; 2.310181904; 2.320899282; 2.329816426; 2.34054516; 2.341381394; 2.34226808; 2.342368773; 2.345004516; 2.350304709; 2.361159709; 2.367428284; 2.370113229; 2.371029639; 2.373741634; 2.377397742; 2.380125432
2025-04-23,PH_LT,0.6464,2.093446454; 2.09369098; 2.101563899; 2.104553895; 2.105871473; 2.110217665; 2.112571673; 2.114075081; 2.114844497; 2.11600104; 2.118897351; 2.120472887; 2.120508128; 2.120625599; 2.120937717; 2.123801538; 2.124313509; 2.126266946; 2.127296951; 2.127426452; 2.128362531; 2.128933628; 2.12951652; 2.129752138; 2.130346867; 2.131908219; 2.134070556; 2.138144348; 2.13987866; 2.141029792; 2.143490958; 2.143632965; 2.144453618; 2.145096788; 2.145953153; 2.146107113; 2.146999193; 2.147082123; 2.152770296; 2.152939426; 2.153880134; 2.154702262; 2.154963549; 2.156453801; 2.157454592; 2.16239041; 2.165959001; 2.170641898; 2.176380322; 2.177253648; 2.177301499; 2.184616236; 2.188990556; 2.197426885; 2.215866837; 2.217948729; 2.223788551; 2.237338761; 2.246737122; 2.249391117; 2.250276061; 2.255024782; 2.258246854; 2.262679966; 2.266228973; 2.27365529; 2.278952575; 2.285157505; 2.286109882; 2.286679177; 2.286963411; 2.287829441; 2.295543998; 2.298467663; 2.30447231; 2.306543322; 2.309187919; 2.309225304; 2.315425728; 2.316320963; 2.319645025; 2.323450332; 2.323462847; 2.327037104; 2.329640879; 2.330355689; 2.332346162; 2.33333189; 2.335951007; 2.335976132; 2.337785702; 2.338596407; 2.348503828; 2.349416812; 2.350329942; 2.352080902; 2.356405847; 2.363803803; 2.366499766; 2.368293533; 2.369209654; 2.376186011; 2.376442172; 2.378951519; 2.380954308; 2.381859697; 2.383670896; 2.38729497; 2.387307726; 2.388201338; 2.388214098; 2.389107846; 2.395176306; 2.395457315; 2.399088659; 2.4060389; 2.432465994; 2.442481928; 2.46808678; 2.468112903; 2.489215163; 2.508540595; 2.509491955; 2.530737499; 2.535353619; 2.560457856; 2.561363762; 2.578149733; 2.600610135; 2.606217394; 2.607116196; 2.610889358; 2.635340075; 2.641936375; 2.658937391; 2.67028721; 2.682649283; 2.692150113; 2.700711358; 2.706406503; 2.708329255; 2.712134548
2025-04-24,PH_LT,0.6729,2.424648074; 2.430097057; 2.435693315; 2.437202561; 2.437365753; 2.439206966; 2.440095398; 2.441035792; 2.442968906; 2.446077489; 2.448051365; 2.448272142; 2.448415008; 2.449486774; 2.450162325; 2.451403277; 2.453001812; 2.453509023; 2.453840226; 2.454139407; 2.454821856; 2.456050954; 2.457098108; 2.457715714; 2.459140951; 2.459524178; 2.460298291; 2.461450497; 2.462081409; 2.462219753; 2.463189901; 2.464991909; 2.466014625; 2.468861871; 2.472499089; 2.47350629; 2.474059609; 2.47427271; 2.474596142; 2.475994459; 2.480920399; 2.484502239; 2.485423519; 2.487264213; 2.495920981; 2.500656825; 2.501396063; 2.507985755; 2.508500954; 2.520154082; 2.527052382; 2.537264969; 2.544364118; 2.549882319; 2.552743594; 2.55553927; 2.557403753; 2.5704708; 2.578284486; 2.594205426; 2.603258346; 2.603326206; 2.607319958; 2.61635323; 2.61954741; 2.633644318; 2.634629017; 2.638336505; 2.638913178; 2.641197339; 2.643059555; 2.64545955; 2.652026282; 2.652543648; 2.654381612; 2.654797406; 2.669476498; 2.673300677; 2.676094182; 2.67749263; 2.683724962; 2.684634355; 2.6855855; 2.686550667; 2.688370333; 2.694110368; 2.695076814; 2.695987739; 2.696982305; 2.701678789; 2.703586202; 2.706959569; 2.708287367; 2.71594205; 2.715970033; 2.715984024; 2.716012007; 2.721166697; 2.722621003; 2.724576602; 2.725505532; 2.727405872; 2.730292516; 2.731250332; 2.736027443; 2.736055576; 2.738903816; 2.739862886; 2.740822097; 2.741781447; 2.746580295; 2.748909459; 2.770926824; 2.776598347; 2.795804079; 2.821916553; 2.849891828; 2.852962882; 2.866401855; 2.87413868; 2.900537845; 2.912218126; 2.921153429; 2.9348571; 2.93976515; 2.961472776; 2.971359316; 2.972291926; 2.978204288; 2.987179545; 2.988129145; 2.992048902; 3.013962603; 3.014007914; 3.015929257; 3.02892248; 3.032909974; 3.032940322; 3.035928617; 3.037916436; 3.043913589
2025-04-25,PH_LT,0.6878,2.64063658; 2.647827309; 2.65628892; 2.657070647; 2.658417217; 2.661848813; 2.663072466; 2.665889278; 2.666289637; 2.666451097; 2.666506322; 2.668955988; 2.673093207; 2.673120868; 2.673273013; 2.674028804; 2.674964535; 2.676467951; 2.67849273; 2.678672813; 2.679714455; 2.680310312; 2.682627574; 2.684467869; 2.685418972; 2.685425308; 2.690273846; 2.691267508; 2.692094504; 2.692198912; 2.692254529; 2.696120522; 2.702632426; 2.702730018; 2.708343218; 2.710485247; 2.715970033; 2.718049613; 2.718119611; 2.720890159; 2.726532803; 2.729725278; 2.731584971; 2.733391285; 2.734628585; 2.737295652; 2.737448534; 2.73924169; 2.740243094; 2.742119579; 2.744220963; 2.746961182; 2.757560312; 2.757744535; 2.758706518; 2.762342535; 2.762555847; 2.766336502; 2.770075021; 2.775975028; 2.780682845; 2.782673343; 2.795175322; 2.801043392; 2.807766682; 2.810711674; 2.821290763; 2.827212721; 2.844579077; 2.846470276; 2.852262906; 2.855073965; 2.855454819; 2.868692043; 2.879895826; 2.884750645; 2.885145487; 2.888174456; 2.890633617; 2.907329371; 2.91348204; 2.916155177; 2.919065182; 2.919478229; 2.920050203; 2.921079637; 2.923006104; 2.929952473; 2.937745202; 2.93804162; 2.938732865; 2.946906568; 2.950625454; 2.955544515; 2.958470779; 2.959729595; 2.964610357; 2.966474025; 2.968353073; 2.970516471; 2.981214743; 2.981229725; 2.984211508; 2.987179545; 2.987224557; 2.993104301; 2.993119327; 2.994099752; 2.996271524; 3.001041709; 3.00699302; 3.009259489; 3.011996479; 3.012011575; 3.017124392; 3.017154623; 3.018077863; 3.018970962; 3.028088877; 3.030953868; 3.031909101; 3.034896958; 3.036034915; 3.036930053; 3.0399048; 3.041954537; 3.041969745; 3.042060992; 3.044916136; 3.046936875; 3.048973421; 3.051010558; 3.051953122; 3.052044592; 3.052075082; 3.054036862; 3.055953377; 3.064021665; 3.064052244; 3.066001911
2025-04-26,PH_LT,0.7009,2.686598779; 2.687230947; 2.687897517; 2.688800901; 2.689572082; 2.694103763; 2.694625077; 2.698249375; 2.698520135; 2.700948252; 2.701073675; 2.704557064; 2.705371784; 2.707341694; 2.712884841; 2.713406767; 2.716883774; 2.718021614; 2.721692474; 2.723577698; 2.724696227; 2.72480099; 2.729461215; 2.730278471; 2.730348696; 2.740836181; 2.740920689; 2.741880065; 2.741964597; 2.743700567; 2.745690758; 2.747934037; 2.75155213; 2.755241167; 2.757164208; 2.758437983; 2.761040289; 2.761139411; 2.763163371; 2.768912848; 2.76984792; 2.769876307; 2.769904694; 2.771675841; 2.786625526; 2.798301549; 2.819226813; 2.822139438; 2.823514216; 2.826515907; 2.838668081; 2.860708024; 2.866957248; 2.884193798; 2.900273586; 2.907760144; 2.912070879; 2.916007783; 2.926816246; 2.934679393; 2.935444941; 2.935696234; 2.941592849; 2.943524856; 2.949487466; 2.950491644; 2.956214301; 2.956370907; 2.956415575; 2.9573314; 2.959096964; 2.965258598; 2.967271655; 2.967286585; 2.968233604; 2.983112517; 2.984091567; 2.990043715; 2.991038727; 2.995050242; 2.996966618; 2.997992686; 2.999954978; 3.002974721; 3.003941415; 3.004953444; 3.006917633; 3.008815987; 3.010938154; 3.01491565; 3.018895352; 3.021892928; 3.022892399; 3.024799932; 3.025891651; 3.030893202; 3.031924272; 3.034896958; 3.036914864; 3.037722075; 3.042926393; 3.043913589; 3.045934044; 3.064732894; 3.081772626; 3.129304294; 3.174851583; 3.18113638; 3.19827298; 3.270136945; 3.28135598; 3.309213672; 3.325774585; 3.371576577; 3.377715141; 3.41119528; 3.460688092; 3.493521291; 3.496577169; 3.525233191; 3.56578296; 3.578547306; 3.591348367; 3.635537508; 3.639779173; 3.653758022; 3.679785025; 3.682960537; 3.704677694; 3.707879958; 3.713266822; 3.714535689; 3.715291544; 3.717440617; 3.726414657; 3.72846006; 3.732765298; 3.736155568; 3.738363185; 3.742673358; 3.753547204; 3.761247369
2025-04-27,PH_LT,0.725,3.163946444; 3.166251432; 3.168902857; 3.172057105; 3.174459025; 3.176296359; 3.176940235; 3.181449598; 3.182832242; 3.184735292; 3.187014613; 3.188099961; 3.189673927; 3.19087008; 3.191893034; 3.192853049; 3.196062946; 3.203056971; 3.204049854; 3.206209983; 3.209193835; 3.216263887; 3.216370548; 3.22052426; 3.221556023; 3.222514661; 3.223541811; 3.22472796; 3.225728963; 3.227651812; 3.229729289; 3.242070378; 3.242118229; 3.243043504; 3.244146097; 3.254613294; 3.255253244; 3.256596471; 3.261724776; 3.267498254; 3.269773745; 3.270694996; 3.272120133; 3.272666284; 3.277355332; 3.280523952; 3.287739958; 3.288856592; 3.296112748; 3.29925695; 3.301623329; 3.311879228; 3.312967165; 3.317125793; 3.318637712; 3.319254657; 3.327353213; 3.330445163; 3.333701224; 3.335785813; 3.338815888; 3.340510252; 3.346770872; 3.349251182; 3.350344535; 3.35658058; 3.358261747; 3.360352814; 3.363490463; 3.363506863; 3.375384136; 3.378182371; 3.380245842; 3.382342781; 3.383490301; 3.384473233; 3.386554821; 3.386752646; 3.389933927; 3.391082654; 3.391132161; 3.391802429; 3.391934466; 3.39285237; 3.392918404; 3.393149532; 3.393951988; 3.39423271; 3.39708658; 3.399419467; 3.40028855; 3.400387766; 3.403376016; 3.403624233; 3.408717662; 3.408800497; 3.41005158; 3.41077248; 3.412977053; 3.415315013; 3.417188979; 3.426906868; 3.453314907; 3.458573497; 3.464962125; 3.474470629; 3.491428497; 3.496779461; 3.498873527; 3.5041956; 3.516931934; 3.522265831; 3.527569211; 3.53932369; 3.545742353; 3.552131857; 3.560704551; 3.572455101; 3.573563193; 3.582158224; 3.596092457; 3.597186532; 3.602520871; 3.603633087; 3.610050007; 3.61542717; 3.617568601; 3.628405541; 3.630550286; 3.630585057; 3.639169536; 3.655402461; 3.657589034; 3.659723705; 3.662996717; 3.66623598; 3.671649183; 3.683609069; 3.689050973; 3.704306895; 3.713036867; 3.72286878; 3.737090422; 3.741471065
2025-04-28,PH_LT,0.7034,2.891044021; 2.891571036; 2.899879788; 2.900862239; 2.901154547; 2.901771388; 2.902827561; 2.903604695; 2.905804091; 2.909884867; 2.911398664; 2.912088188; 2.912515275; 2.913573169; 2.913629347; 2.914377901; 2.918404752; 2.918496521; 2.919216045; 2.919555384; 2.920773255; 2.921448616; 2.923423369; 2.924483023; 2.928427652; 2.930322278; 2.937893407; 2.938011977; 2.938777336; 2.940426831; 2.944617237; 2.945546471; 2.946057636; 2.947120909; 2.954904011; 2.956638926; 2.961323696; 2.96296402; 2.96324613; 2.963686854; 2.968158938; 2.975653415; 2.978453595; 2.980041367; 2.986999503; 2.991973793; 2.994009575; 2.994960045; 3.000015184; 3.004953444; 3.007008098; 3.011253355; 3.011920999; 3.013128923; 3.016003561; 3.016004812; 3.020030537; 3.028088877; 3.029938322; 3.03209115; 3.033122417; 3.035033593; 3.03507914; 3.042517274; 3.042851926; 3.044096172; 3.046071049; 3.052197048; 3.053200777; 3.054799593; 3.057308679; 3.057537665; 3.058221517; 3.063245752; 3.065700001; 3.066491454; 3.067267656; 3.068319399; 3.068472464; 3.069065122; 3.070821566; 3.071322431; 3.071444971; 3.075379504; 3.077102121; 3.078109288; 3.079285403; 3.079316097; 3.080154742; 3.087303094; 3.089243507; 3.091322924; 3.094397003; 3.096539591; 3.101374437; 3.102400407; 3.107377956; 3.123855723; 3.125883194; 3.137044283; 3.140091152; 3.14313928; 3.149239309; 3.153261927; 3.166503046; 3.172590915; 3.175683815; 3.1776941; 3.184844431; 3.188901903; 3.192993089; 3.208339131; 3.210358083; 3.215471185; 3.217571316; 3.218597813; 3.222673443; 3.225707759; 3.225739539; 3.228838672; 3.243195915; 3.247300677; 3.254501316; 3.255564821; 3.256580467; 3.259676247; 3.265855543; 3.266888584; 3.269956438; 3.274107717; 3.283404047; 3.28442335; 3.294817392; 3.296859129; 3.299955054; 3.306199173; 3.312415949; 3.315534319; 3.317597701; 3.320734397; 3.332170586; 3.339467304; 3.350947415
2025-04-29,PH_LT,0.6862,2.685064493; 2.687960341; 2.69245598; 2.695577742; 2.69644703; 2.697288573; 2.698478354; 2.704158013; 2.705661606; 2.706392547; 2.708734207; 2.709926395; 2.710322431; 2.712274322; 2.712665729; 2.715657965; 2.717205674; 2.71837162; 2.718525638; 2.719481809; 2.720438119; 2.722621003; 2.723605737; 2.725729975; 2.726448619; 2.72743394; 2.727967298; 2.730278471; 2.730770088; 2.732728268; 2.733152328; 2.734152738; 2.738917893; 2.739213532; 2.739326165; 2.740031861; 2.740285343; 2.741160143; 2.741851888; 2.744081163; 2.746679038; 2.746707251; 2.748571379; 2.749842459; 2.75070431; 2.753516528; 2.755552228; 2.755580509; 2.757560312; 2.759370878; 2.759427496; 2.759455805; 2.76421103; 2.765173818; 2.771010274; 2.771945652; 2.772881156; 2.774809389; 2.776411159; 2.778695985; 2.779575497; 2.779717798; 2.781562607; 2.786362017; 2.786518828; 2.788265625; 2.789260426; 2.789374556; 2.796967077; 2.797748732; 2.798759255; 2.801534181; 2.802559599; 2.802960457; 2.804467717; 2.804682561; 2.806562655; 2.807373888; 2.807445555; 2.808314218; 2.808328554; 2.80952715; 2.810396072; 2.810439107; 2.815115466; 2.815316544; 2.81609995; 2.81617178; 2.816200513; 2.818083733; 2.819154925; 2.820995808; 2.821894841; 2.827737905; 2.829156677; 2.830812757; 2.831655333; 2.839858432; 2.862289493; 2.880875284; 2.896521622; 2.899467512; 2.904350734; 2.922064949; 2.93185176; 2.934842291; 2.93675768; 2.936816946; 2.936861397; 2.937700742; 2.944661775; 2.946564931; 2.952604568; 2.955470084; 2.962433966; 2.963350535; 2.964297046; 2.968323205; 2.979152723; 2.979197646; 2.980191143; 2.981214743; 2.990088759; 3.004998654; 3.006947788; 3.010923062; 3.011966287; 3.01491565; 3.015914146; 3.015989701; 3.017972031; 3.020938984; 3.028892162; 3.043913589; 3.045918822; 3.047924615; 3.053945347; 3.058966469; 3.059971113; 3.075057544; 3.076079758; 3.086156289
2025-04-30,PH_LT,0.6757,2.532634091; 2.536921919; 2.541209547; 2.541685893; 2.542766493; 2.548371814; 2.548572271; 2.548826206; 2.549436404; 2.549797352; 2.54989094; 2.550019878; 2.553798822; 2.554655506; 2.554864411; 2.554877799; 2.555568664; 2.555641013; 2.555742739; 2.55668815; 2.55937023; 2.55951186; 2.559793382; 2.56028355; 2.560310365; 2.561082126; 2.561310114; 2.561779568; 2.565774326; 2.565948898; 2.566774981; 2.570416309; 2.570470092; 2.571363945; 2.572284823; 2.572352087; 2.574517332; 2.575459815; 2.576958555; 2.577168451; 2.577330129; 2.577907195; 2.577934142; 2.578257535; 2.580082713; 2.582571647; 2.582625612; 2.583772649; 2.58398862; 2.584470792; 2.586798161; 2.590667886; 2.592366896; 2.601871462; 2.602623383; 2.608502101; 2.61327175; 2.621457929; 2.629939509; 2.63494457; 2.635600187; 2.640321264; 2.64243169; 2.64439061; 2.656567425; 2.668822317; 2.676315668; 2.696293924; 2.696343234; 2.705829049; 2.70678333; 2.715373849; 2.716333834; 2.720098127; 2.723886152; 2.72577206; 2.726687149; 2.727742713; 2.728655208; 2.728742311; 2.73061557; 2.731475118; 2.73161562; 2.73530801; 2.735378331; 2.735406461; 2.73812601; 2.738155997; 2.7410052; 2.747709804; 2.747723914; 2.747822689; 2.749545983; 2.752414164; 2.75244242; 2.753431564; 2.755354276; 2.758324034; 2.759172727; 2.760163072; 2.761069269; 2.762101733; 2.763007524; 2.766830348; 2.770669547; 2.770683743; 2.770768921; 2.779279338; 2.782940928; 2.79371249; 2.793793955; 2.79477528; 2.794789566; 2.795742462; 2.796709785; 2.796724078; 2.798463695; 2.799598286; 2.800566163; 2.802502338; 2.805407649; 2.808314218; 2.819643803; 2.822513571; 2.827299171; 2.835035213; 2.846576084; 2.852237735; 2.855135541; 2.858092654; 2.85825241; 2.859112543; 2.860263373; 2.860992933; 2.861036534; 2.861123739; 2.863237349; 2.86405442; 2.864243515; 2.864944302; 2.867993073; 2.871817425; 2.877718378
2025-05-01,PH_LT,0.6818,2.579926245; 2.582612121; 2.588216795; 2.589261776; 2.592875385; 2.593078342; 2.594151285; 2.597794812; 2.599725778; 2.601684487; 2.601725178; 2.602270664; 2.606013698; 2.609267526; 2.609772535; 2.60986769; 2.610794176; 2.61306931; 2.614241292; 2.615728135; 2.61595962; 2.617814588; 2.62078893; 2.622167192; 2.62280904; 2.62559475; 2.627425234; 2.62761649; 2.627684873; 2.630486116; 2.634219084; 2.634259491; 2.634533892; 2.635216873; 2.637679976; 2.639364282; 2.640363719; 2.643253272; 2.64570478; 2.648871503; 2.653217695; 2.660763313; 2.662183516; 2.670720375; 2.68165699; 2.684973645; 2.687828075; 2.688779831; 2.689280344; 2.698305085; 2.705935357; 2.707388746; 2.707844323; 2.71025258; 2.712619186; 2.718865635; 2.722691085; 2.728433455; 2.728879871; 2.735153309; 2.739366701; 2.743785139; 2.753389342; 2.75531186; 2.761409172; 2.762315; 2.763007524; 2.771647441; 2.771661641; 2.772611279; 2.773818837; 2.792884172; 2.796752665; 2.799846367; 2.800609087; 2.800623395; 2.801591427; 2.81320436; 2.814174205; 2.819996215; 2.820147153; 2.824837336; 2.827737905; 2.827861161; 2.832613407; 2.833637954; 2.834544389; 2.838552479; 2.839395903; 2.840441796; 2.841473405; 2.842346078; 2.842375006; 2.844352175; 2.845254131; 2.845268605; 2.846238588; 2.846243061; 2.848177905; 2.849196244; 2.849239713; 2.853039155; 2.853053659; 2.853082666; 2.854972376; 2.854990427; 2.855966273; 2.856942259; 2.859871055; 2.859958232; 2.865732422; 2.86768733; 2.872502496; 2.891072992; 2.907726487; 2.913526231; 2.929335756; 2.932616572; 2.939572396; 2.94196373; 2.945798915; 2.945991976; 2.94785098; 2.948014424; 2.948542875; 2.950774139; 2.952455817; 2.956638926; 2.957510118; 2.958560163; 2.959401763; 2.962314673; 2.962493615; 2.964416399; 2.971478881; 2.975225055
2025-05-02,PH_LT,0.6837,2.553691758; 2.555488326; 2.555608834; 2.558364998; 2.56028355; 2.561095536; 2.562028329; 2.562041743; 2.566680958; 2.56858867; 2.570429755; 2.57152534; 2.571659844; 2.571821257; 2.572325181; 2.572540435; 2.574315417; 2.574355798; 2.576198601; 2.576777772; 2.578028461; 2.581838105; 2.582639104; 2.583934626; 2.584492957; 2.585744653; 2.586001236; 2.586307239; 2.587153968; 2.591541692; 2.593907663; 2.594980748; 2.59530204; 2.595545796; 2.595918629; 2.597832093; 2.602536285; 2.606361928; 2.608993562; 2.611211941; 2.617035622; 2.623081342; 2.623178013; 2.628545675; 2.628873561; 2.62925642; 2.634056113; 2.641927167; 2.643735262; 2.655328312; 2.658275625; 2.660939567; 2.671471772; 2.6772542; 2.688550885; 2.69045449; 2.694466259; 2.702093675; 2.71068522; 2.716207897; 2.72407237; 2.728644035; 2.737486942; 2.75573629; 2.756471328; 2.759314262; 2.771058117; 2.775659992; 2.778553723; 2.781406001; 2.787171172; 2.789103505; 2.789174831; 2.790366856; 2.793979633; 2.795828202; 2.795899654; 2.797791625; 2.797834518; 2.809369397; 2.811322479; 2.821010192; 2.82323375; 2.828878246; 2.830711812; 2.831684181; 2.834573258; 2.839439262; 2.84339259; 2.844308761; 2.852078228; 2.857947429; 2.864755178; 2.871622687; 2.873569987; 2.878449315; 2.880407857; 2.881387338; 2.882381571; 2.885306658; 2.886286838; 2.890208954; 2.891058993; 2.89315201; 2.901772863; 2.90297128; 2.912819257; 2.917770633; 2.920710708; 2.925236556; 2.928596379; 2.937508091; 2.940486151; 2.94185664; 2.94445394; 2.978358541; 2.989145758; 3.001942449; 3.031773404; 3.050664861; 3.060570348; 3.079567144; 3.111757963; 3.117646813; 3.117708776; 3.134760721; 3.135667067; 3.154935968; 3.166910509; 3.167051567; 3.172104181; 3.17379964; 3.17400372; 3.17792979; 3.189201235; 3.192064674; 3.19503952; 3.200552954; 3.202238041; 3.20841826; 3.216719379; 3.230105289
2025-05-03,PH_LT,0.7039,2.729669098; 2.744220963; 2.744347861; 2.760601972; 2.762031678; 2.767016025; 2.767767897; 2.768531226; 2.769579851; 2.770316338; 2.773902037; 2.775337502; 2.779475891; 2.781534132; 2.786304997; 2.787206719; 2.790383812; 2.797791625; 2.802502338; 2.806376365; 2.807359555; 2.807758115; 2.810252629; 2.81125074; 2.811951977; 2.814375234; 2.816157414; 2.818069359; 2.818586387; 2.819025531; 2.824866133; 2.826895763; 2.829681916; 2.829883755; 2.830639711; 2.832757686; 2.832772115; 2.833744793; 2.834630998; 2.836416028; 2.836661625; 2.841589094; 2.842331408; 2.855371757; 2.860118063; 2.86034166; 2.865979802; 2.873847028; 2.874119618; 2.896861817; 2.903265096; 2.921961618; 2.922533738; 2.933489828; 2.953161206; 2.95613229; 2.960452093; 2.962433966; 2.966044997; 2.975329774; 2.977958715; 2.980295991; 2.984211508; 2.992199126; 2.997147106; 2.997769384; 3.005074006; 3.01108908; 3.012132349; 3.016004812; 3.016080369; 3.021617915; 3.023997994; 3.026027985; 3.029028596; 3.03899413; 3.044992229; 3.047985534; 3.050995316; 3.052014102; 3.059012282; 3.05970969; 3.063016454; 3.072053061; 3.077086782; 3.088173272; 3.090175428; 3.091851272; 3.098828845; 3.102292383; 3.106335841; 3.123545492; 3.125572813; 3.130643562; 3.134079266; 3.136733073; 3.140795544; 3.1428432; 3.149959889; 3.16018541; 3.162191517; 3.168587312; 3.169326825; 3.173422916; 3.174490467; 3.178558003; 3.183696661; 3.187832207; 3.196047166; 3.2042804; 3.261720018; 3.265659544; 3.308042932; 3.339095106; 3.378751972; 3.388011845; 3.438471414; 3.444728307; 3.493335677; 3.507088713; 3.544392575; 3.562434931; 3.571938951; 3.578470056; 3.584627611; 3.58577197; 3.59633408; 3.606065524; 3.606152002; 3.609473426; 3.612565957; 3.615895093; 3.620682036; 3.622143936; 3.622616705; 3.627616414; 3.630651272; 3.634612273; 3.635937832; 3.635990052; 3.643114315; 3.644423954; 3.647394651
2025-05-04,PH_LT,0.7232,3.151726615; 3.155625712; 3.156471805; 3.162880382; 3.16338267; 3.163539263; 3.164965672; 3.166565729; 3.168949898; 3.17058199; 3.170817285; 3.172214028; 3.173925226; 3.173972322; 3.174553267; 3.175212751; 3.177317291; 3.178385509; 3.178510858; 3.178589433; 3.179893553; 3.180003598; 3.18149678; 3.18217237; 3.183602258; 3.185647205; 3.18644899; 3.18883889; 3.189908733; 3.19178091; 3.192788103; 3.193811199; 3.194899626; 3.199007732; 3.202256701; 3.203088582; 3.211355729; 3.214302488; 3.218439181; 3.22148765; 3.221810051; 3.22386458; 3.229066966; 3.230031523; 3.230095155; 3.232792458; 3.23318056; 3.234929314; 3.235942233; 3.241104494; 3.243100189; 3.243410502; 3.244130139; 3.245192153; 3.247300677; 3.249361874; 3.258813093; 3.269141519; 3.273105832; 3.282417076; 3.30643963; 3.308341059; 3.315727573; 3.321969002; 3.324978261; 3.325156644; 3.334401785; 3.335378985; 3.351045536; 3.351096807; 3.352075996; 3.367712702; 3.36882119; 3.371835162; 3.387670019; 3.397103104; 3.399204547; 3.401214692; 3.407615911; 3.407632474; 3.412736892; 3.424432231; 3.424448856; 3.426384592; 3.426557561; 3.429688378; 3.433769929; 3.449740064; 3.452913361; 3.455900077; 3.461381638; 3.461398399; 3.464576321; 3.468798719; 3.469858861; 3.470681802; 3.480484803; 3.486553022; 3.490028123; 3.490230533; 3.493217357; 3.495344212; 3.495361098; 3.496407849; 3.501728131; 3.50237078; 3.505209663; 3.511027257; 3.516660479; 3.520131853; 3.520573323; 3.520910084; 3.521130843; 3.522299804; 3.523299049; 3.525212885; 3.526926536; 3.527348143; 3.527960369; 3.528449999; 3.530552079; 3.531028575; 3.531637357; 3.535149578; 3.537440883; 3.539425986; 3.54163326; 3.541803844; 3.543738762; 3.548173411; 3.548816898; 3.551995089; 3.552371214; 3.554154464; 3.556622437; 3.56278058; 3.566049881; 3.573511668; 3.583319287; 3.588627599; 3.588730986; 3.597272845; 3.600607844
2025-05-05,PH_LT,0.7171,3.062041948; 3.064067534; 3.073074849; 3.073090172; 3.077086782; 3.082200784; 3.083224027; 3.087180086; 3.092208917; 3.092301285; 3.092393655; 3.096370076; 3.096431717; 3.096462537; 3.098405333; 3.10146701; 3.102554735; 3.105324767; 3.110381536; 3.111625302; 3.1147545; 3.117466884; 3.117699216; 3.118479636; 3.119492528; 3.122532041; 3.123778162; 3.124559083; 3.126974759; 3.128972044; 3.133139214; 3.134998182; 3.135324828; 3.137277712; 3.140449344; 3.143092528; 3.143123696; 3.146893443; 3.149223703; 3.15020964; 3.163899458; 3.171083975; 3.175212751; 3.180521848; 3.191765146; 3.192584978; 3.216152896; 3.22950661; 3.229707651; 3.23073578; 3.233852846; 3.241072601; 3.245144268; 3.247252768; 3.251359691; 3.253254269; 3.260413057; 3.260612338; 3.265839504; 3.27197558; 3.275157946; 3.276176168; 3.279215541; 3.282417076; 3.285523341; 3.286462352; 3.290360511; 3.295789746; 3.297569953; 3.299938889; 3.300052043; 3.302758313; 3.307205272; 3.308243886; 3.308405843; 3.311506431; 3.312399739; 3.314136355; 3.314478504; 3.315680323; 3.316557829; 3.31878382; 3.319335843; 3.328004109; 3.329045519; 3.332170586; 3.332414853; 3.333864131; 3.336339301; 3.338440804; 3.338636494; 3.339076844; 3.340706034; 3.342612888; 3.343656259; 3.34678721; 3.34783114; 3.349919419; 3.350524409; 3.352008257; 3.352613533; 3.355650038; 3.356416837; 3.357625861; 3.357658618; 3.360664202; 3.363067543; 3.365861867; 3.367203818; 3.368201281; 3.368332627; 3.368739094; 3.369248127; 3.37294383; 3.373354723; 3.377479855; 3.378182371; 3.378495012; 3.379691353; 3.382919261; 3.389131769; 3.389999918; 3.394969188; 3.396019552; 3.398137228; 3.401620816; 3.410739331; 3.41391372; 3.420249734; 3.424465481; 3.4297716; 3.431848422; 3.4350313; 3.437142816; 3.449840376; 3.457263603; 3.46894982; 3.471087112; 3.483821869; 3.493419908
2025-05-06,PH_LT,0.6953,2.812220302; 2.81413113; 2.81802624; 2.820952656; 2.829667499; 2.830639711; 2.839410356; 2.844323232; 2.845239656; 2.849181755; 2.852063728; 2.854972376; 2.858281457; 2.858542899; 2.861896969; 2.862129569; 2.862725698; 2.864592648; 2.866634739; 2.866692963; 2.867292058; 2.867701888; 2.867760122; 2.868124116; 2.868153238; 2.868692043; 2.869218406; 2.869657362; 2.870502306; 2.870810147; 2.871524187; 2.871773703; 2.872664505; 2.873701213; 2.874269934; 2.875204852; 2.87565843; 2.876023164; 2.877075044; 2.87757242; 2.877864344; 2.878375286; 2.879516131; 2.880495493; 2.881431166; 2.882147137; 2.882351734; 2.882396184; 2.882542321; 2.883126947; 2.883449038; 2.88425311; 2.884458206; 2.884575177; 2.885189361; 2.885526029; 2.88656478; 2.887311052; 2.887779305; 2.887896381; 2.888306157; 2.888320793; 2.888335428; 2.888584244; 2.889213702; 2.889667413; 2.889901681; 2.890267525; 2.890355382; 2.891204479; 2.891438827; 2.892200597; 2.896023859; 2.896140316; 2.896272301; 2.897298069; 2.899173976; 2.903794043; 2.9050103; 2.905245473; 2.907944992; 2.909266805; 2.911396153; 2.913172722; 2.913862277; 2.913877008; 2.917785379; 2.931614999; 2.934575735; 2.937582186; 2.952381444; 2.9573314; 2.961323696; 2.97620303; 2.980176165; 2.982163571; 2.994114782; 3.001086876; 3.007068409; 3.022029127; 3.023028632; 3.036034915; 3.039039721; 3.044020094; 3.047013006; 3.047058686; 3.054052114; 3.056044936; 3.061067567; 3.067084037; 3.075149529; 3.076110427; 3.079147287; 3.082185427; 3.085194111; 3.090236976; 3.092224312; 3.095252524; 3.104329272; 3.107393407; 3.121534234; 3.125572813; 3.126586683; 3.127600693; 3.128614843; 3.128630372; 3.130659099; 3.131658131; 3.140795544; 3.143843864; 3.146893443; 3.158085996; 3.171335367; 3.184608363; 3.186652459; 3.187674717; 3.187690465; 3.189735408; 3.191765146; 3.208165055; 3.215360223; 3.220476649
2025-05-07,PH_LT,0.6759,2.571888516; 2.573300028; 2.575290598; 2.576306344; 2.578554015; 2.579233373; 2.579926245; 2.582296765; 2.582827992; 2.582881963; 2.583683088; 2.58408799; 2.584168979; 2.585105295; 2.585474594; 2.585501598; 2.58761783; 2.587725919; 2.588595172; 2.589261776; 2.589559157; 2.590604428; 2.590685563; 2.591027766; 2.591162999; 2.595414006; 2.597141116; 2.597168209; 2.59720885; 2.597930303; 2.598516287; 2.599495335; 2.600922018; 2.601386107; 2.602270664; 2.602691219; 2.606597671; 2.607292788; 2.607360712; 2.607469394; 2.607892837; 2.608517881; 2.609308303; 2.611652792; 2.61259313; 2.612960461; 2.613533608; 2.614474225; 2.614814522; 2.615414983; 2.61954741; 2.622946076; 2.624830247; 2.625772543; 2.62584081; 2.627725855; 2.628613931; 2.630827914; 2.633329619; 2.633356983; 2.634286861; 2.635216873; 2.6380899; 2.64026643; 2.643785039; 2.645689132; 2.646593332; 2.646607064; 2.647772364; 2.649402842; 2.650417508; 2.652474878; 2.652529894; 2.653476325; 2.655135615; 2.655231962; 2.655397136; 2.658017727; 2.658923614; 2.659912307; 2.660022562; 2.662727641; 2.663868699; 2.6647892; 2.667468599; 2.668486278; 2.669448864; 2.670342492; 2.67129153; 2.673273013; 2.674111811; 2.675089077; 2.676038814; 2.677030227; 2.678888862; 2.678902715; 2.694110368; 2.717965618; 2.729447173; 2.7495601; 2.759172727; 2.774582007; 2.778425693; 2.778439919; 2.78423098; 2.789046445; 2.802573914; 2.806462343; 2.811222045; 2.826809327; 2.830697391; 2.833629339; 2.842331614; 2.844265348; 2.845254131; 2.846214104; 2.849138287; 2.851088441; 2.852063728; 2.852078228; 2.852092728; 2.853053659; 2.854058244; 2.855966273; 2.858923702; 2.858938227; 2.859914643; 2.86283019; 2.864755178; 2.865761525; 2.874577661; 2.876520515; 2.891204479; 2.89315201; 2.895129406; 2.899041894; 2.902003411; 2.904936812; 2.918711191
2025-05-08,PH_LT,0.6654,2.364183861; 2.371321639; 2.375906291; 2.378391647; 2.378900616; 2.379691205; 2.381336307; 2.382777966; 2.385750405; 2.38632426; 2.386478013; 2.388201338; 2.391674823; 2.391892076; 2.392070913; 2.395495676; 2.396749152; 2.396851027; 2.397490213; 2.398974176; 2.401813634; 2.402365676; 2.402722239; 2.404515577; 2.406911353; 2.409268024; 2.416499467; 2.416602413; 2.420012291; 2.422930831; 2.423253161; 2.423304738; 2.42421681; 2.425482792; 2.430971246; 2.431247006; 2.432561044; 2.433526281; 2.434504624; 2.435483143; 2.436477716; 2.437000504; 2.438344557; 2.439245822; 2.440121309; 2.441074669; 2.442917041; 2.445362841; 2.451169317; 2.45391827; 2.462081409; 2.465844938; 2.46584864; 2.470438409; 2.473201538; 2.474186713; 2.481418677; 2.481476999; 2.49076629; 2.502716947; 2.513868656; 2.518417688; 2.522206907; 2.52768781; 2.535200038; 2.536971912; 2.540622797; 2.542570271; 2.544430873; 2.544497629; 2.545326204; 2.550924276; 2.557432747; 2.559283985; 2.55933583; 2.562081986; 2.56486782; 2.56574747; 2.569495704; 2.573341745; 2.574167356; 2.574194276; 2.576958555; 2.577893721; 2.577934142; 2.578829026; 2.582585138; 2.58538008; 2.588248495; 2.589153646; 2.590077117; 2.591937983; 2.593812927; 2.595688431; 2.600373465; 2.601244511; 2.603196039; 2.610712593; 2.61072619; 2.611652792; 2.617103738; 2.617324161; 2.618238094; 2.621866378; 2.622946076; 2.624871197; 2.628627595; 2.629597792; 2.632386202; 2.633329619; 2.636174402; 2.636188094; 2.640610515; 2.640881989; 2.644702702; 2.663255661; 2.669771276; 2.679213137; 2.686765383; 2.69813796; 2.702794063; 2.715261922; 2.742922817; 2.743826208; 2.771507246; 2.775520084; 2.779874338; 2.780287078; 2.783521845; 2.785937774; 2.786447549; 2.792288587; 2.79362679; 2.794336743; 2.795303919; 2.800256356; 2.800342204; 2.805140953; 2.805866115; 2.807961615; 2.808816049
2025-05-09,PH_LT,0.6778,2.483961598; 2.486447604; 2.486948994; 2.487516047; 2.488820965; 2.49079448; 2.492205186; 2.493259236; 2.493405564; 2.495672146; 2.498112151; 2.499233138; 2.500803419; 2.502598229; 2.503548599; 2.505674012; 2.505727049; 2.507219538; 2.507470502; 2.508263125; 2.508501046; 2.50906904; 2.509227624; 2.511448034; 2.511633631; 2.513695242; 2.513973137; 2.514634137; 2.514819447; 2.51557318; 2.515851224; 2.51642065; 2.518324938; 2.518351438; 2.524656912; 2.524812385; 2.525753; 2.528522573; 2.52921849; 2.531306681; 2.534092048; 2.537578107; 2.539780416; 2.542227234; 2.543714072; 2.54416797; 2.544297366; 2.55503573; 2.563577719; 2.564814122; 2.572298276; 2.573934043; 2.579627053; 2.582435057; 2.586099968; 2.589848086; 2.595701972; 2.604004914; 2.604148691; 2.617310539; 2.622959719; 2.623763757; 2.637914984; 2.639923747; 2.644647805; 2.646538407; 2.653159917; 2.657779579; 2.658840948; 2.662631099; 2.663578986; 2.666423486; 2.667371932; 2.670218109; 2.67211626; 2.674964535; 2.683516907; 2.693985184; 2.694937684; 2.697693835; 2.698749083; 2.7043702; 2.705424414; 2.719656204; 2.725505532; 2.73126438; 2.734124619; 2.741809623; 2.744688534; 2.746492878; 2.761068609; 2.762285873; 2.765558896; 2.767014716; 2.767071448; 2.769748569; 2.771761041; 2.772597076; 2.772611279; 2.775574704; 2.776553337; 2.779518579; 2.780369713; 2.781292113; 2.784401948; 2.785339155; 2.786696825; 2.788123007; 2.792045881; 2.80500863; 2.835924901; 2.889740984; 2.922116567; 2.945737101; 2.985316725; 2.990215958; 3.052186958; 3.058136326; 3.078181338; 3.086030299; 3.088109173; 3.095035722; 3.100009205; 3.111132655; 3.116881852; 3.125050417; 3.12587811; 3.127280316; 3.130183745; 3.131011921; 3.134305476; 3.135900435; 3.136978103; 3.14326067; 3.143856228; 3.146952932; 3.149049353; 3.150865337; 3.152791027; 3.155907078; 3.169247838
2025-05-10,PH_LT,0.7107,2.81862256; 2.825802206; 2.827062129; 2.833984368; 2.834668597; 2.837293799; 2.842196539; 2.844207866; 2.844367099; 2.845737261; 2.846967077; 2.848786368; 2.848821439; 2.853143978; 2.859088712; 2.86111797; 2.861399905; 2.863266434; 2.864808389; 2.864864109; 2.867709909; 2.879820157; 2.884721399; 2.894411805; 2.896272301; 2.896433624; 2.900244225; 2.904086222; 2.905919788; 2.907974409; 2.908869553; 2.910851481; 2.911820576; 2.913803355; 2.915757232; 2.915786707; 2.917800124; 2.918311282; 2.919696123; 2.920370494; 2.921666408; 2.921710688; 2.924622884; 2.930335939; 2.935168532; 2.940019203; 2.94140001; 2.943073691; 2.94416641; 2.949309108; 2.950987803; 2.960198726; 2.973090082; 2.978952434; 2.989983657; 3.006938959; 3.01390219; 3.019118499; 3.027891852; 3.04124696; 3.045364926; 3.047924615; 3.050934352; 3.052941542; 3.053945347; 3.055953377; 3.056957601; 3.063001168; 3.064006375; 3.067022834; 3.069049813; 3.069095739; 3.070055862; 3.070101799; 3.07812463; 3.079116595; 3.080124042; 3.081193043; 3.091873474; 3.094350796; 3.096293027; 3.096416306; 3.099415466; 3.101420723; 3.104421909; 3.10451455; 3.104576312; 3.109057561; 3.120769061; 3.126819522; 3.12995535; 3.13110971; 3.132046677; 3.133092574; 3.133170309; 3.134510655; 3.135060398; 3.143123696; 3.143373048; 3.149520241; 3.149598282; 3.153761855; 3.155656973; 3.157787096; 3.163910559; 3.205830725; 3.24890535; 3.304678788; 3.315999235; 3.357506307; 3.37728561; 3.403323666; 3.471870443; 3.507818478; 3.546168428; 3.571680274; 3.6070921; 3.622014084; 3.67828022; 3.722779949; 3.723784722; 3.773025799; 3.7839406; 3.813631942; 3.81794416; 3.842206571; 3.880906083; 3.882111056; 3.883041457; 3.913067434; 3.914111136; 3.929196451; 3.930796562; 3.932481016; 3.93262899; 3.935109333; 3.949069715; 3.957769425; 3.958196979; 3.958568807; 3.972321917; 3.973577129; 3.980459081
2025-05-11,PH_LT,0.7606,3.493774659; 3.494399277; 3.498824102; 3.499365053; 3.512840956; 3.516614457; 3.518153765; 3.51901683; 3.522628655; 3.522900533; 3.523098268; 3.523760974; 3.525165198; 3.526103634; 3.527273669; 3.531751393; 3.532369321; 3.534608799; 3.537581788; 3.54002278; 3.540819473; 3.547433004; 3.556556341; 3.557916672; 3.558885835; 3.569749533; 3.576080228; 3.576974345; 3.577043098; 3.577773636; 3.582175431; 3.585980402; 3.591568209; 3.593956499; 3.59730737; 3.601685264; 3.606780394; 3.611024747; 3.618578827; 3.619710574; 3.61976261; 3.620738393; 3.620755742; 3.627220448; 3.628373959; 3.629417013; 3.630480748; 3.634789207; 3.638216289; 3.639117287; 3.655367508; 3.661876404; 3.665325822; 3.689254546; 3.697972689; 3.699945264; 3.706488549; 3.738185373; 3.740601865; 3.745853945; 3.768040189; 3.775496887; 3.789805761; 3.792384157; 3.797520325; 3.799725745; 3.810761229; 3.8140746; 3.822916408; 3.825518765; 3.833981249; 3.842861352; 3.84506007; 3.852841763; 3.866166593; 3.867296158; 3.868654136; 3.871742817; 3.878416999; 3.891798805; 3.892968386; 3.897391241; 3.899603483; 3.906372251; 3.909758596; 3.914152911; 3.923187833; 3.923224753; 3.92442971; 3.925351056; 3.925591145; 3.927718011; 3.936988992; 3.937831513; 3.942258023; 3.946946327; 3.948104897; 3.948346076; 3.949152289; 3.952443653; 3.953900096; 3.956828266; 3.958334586; 3.961964144; 3.962019953; 3.964099375; 3.964981025; 3.96769418; 4.018807185; 4.039050872; 4.098053142; 4.120775505; 4.172247097; 4.213583747; 4.233113307; 4.289849479; 4.294287376; 4.346698874; 4.389981733; 4.448816274; 4.553198973; 4.714713281; 4.726962561; 4.72781843; 4.736386648; 4.748446372; 4.756355199; 4.760118448; 4.77386979; 4.781107667; 4.786068014; 4.796961572; 4.798130278; 4.823671168; 4.853046816; 4.856494815; 4.860337549; 4.874867695; 4.877199825; 4.89054032; 4.905484421; 4.916341829; 4.91870446; 4.923829017
2025-05-12,PH_LT,0.8059,4.131609651; 4.147182238; 4.154784671; 4.161121489; 4.167566651; 4.180516091; 4.183118878; 4.183982334; 4.18810141; 4.190884622; 4.191809143; 4.194117382; 4.195074924; 4.198243762; 4.198831581; 4.201389951; 4.205154521; 4.20840096; 4.208554231; 4.212153493; 4.216381542; 4.236682489; 4.236859555; 4.244844362; 4.247906312; 4.256116323; 4.256516816; 4.267460093; 4.267913658; 4.27174473; 4.275509121; 4.27826731; 4.281477119; 4.2836456; 4.297545617; 4.30330027; 4.31377943; 4.318505071; 4.325408579; 4.338240566; 4.338467967; 4.37258952; 4.376877689; 4.37801125; 4.391388388; 4.392107696; 4.401516511; 4.401536718; 4.403870113; 4.407421792; 4.409756563; 4.412112122; 4.413290111; 4.419182154; 4.424514713; 4.438060174; 4.458157284; 4.475383957; 4.513930132; 4.516835708; 4.522791866; 4.540142676; 4.546109509; 4.556858614; 4.592138967; 4.596368878; 4.601594407; 4.632567344; 4.63964461; 4.645669457; 4.650491851; 4.662557622; 4.663764968; 4.664972454; 4.669803795; 4.689151526; 4.69399405; 4.698838812; 4.700081994; 4.722988756; 4.724310504; 4.737677423; 4.741325882; 4.742563762; 4.743758887; 4.758147608; 4.758390164; 4.769382288; 4.771821742; 4.775460404; 4.804809091; 4.808502328; 4.812153452; 4.815434994; 4.815870946; 4.828127015; 4.833055132; 4.844124435; 4.849516296; 4.860101966; 4.868846467; 4.870280027; 4.873705636; 4.877356896; 4.881119106; 4.883627991; 4.902155231; 4.910845908; 4.910978254; 4.913494165; 4.917114583; 4.917357472; 4.919874908; 4.928380916; 4.933155819; 4.94044125; 4.963727664; 4.985840083; 5.02310512; 5.075426037; 5.095380489; 5.149298699; 5.185723167; 5.233704734; 5.262881153; 5.313765784; 5.348160491; 5.384085563; 5.41351637; 5.466370588; 5.511568711; 5.519577732; 5.559743532; 5.575244674; 5.611160997; 5.61296554; 5.622085158; 5.622356051; 5.624540656; 5.637614387; 5.649211977; 5.655648616; 5.662113239; 5.672736289
2025-05-13,PH_LT,0.8328,4.638727979; 4.640284387; 4.644964497; 4.645175475; 4.647056436; 4.648515669; 4.661725437; 4.66202312; 4.662511224; 4.663504689; 4.6673013; 4.667511267; 4.670881867; 4.671815119; 4.67438214; 4.675845535; 4.681616759; 4.681998901; 4.687967303; 4.690090235; 4.694532099; 4.703243131; 4.703569923; 4.713424315; 4.724913551; 4.736510021; 4.744194049; 4.762290246; 4.766962907; 4.770675143; 4.781611355; 4.804755769; 4.815717369; 4.824070836; 4.825188086; 4.832786354; 4.859440713; 4.862384741; 4.877707882; 4.881962834; 4.882724754; 4.889814881; 4.889990734; 4.89113623; 4.914067063; 4.919433118; 4.923809522; 4.946607496; 4.956485515; 4.960164248; 4.964573481; 4.968812019; 4.973804375; 4.984333725; 4.989905583; 4.993662386; 5.008590396; 5.021041957; 5.02853305; 5.029782055; 5.034067353; 5.036432605; 5.038551521; 5.054791507; 5.080006642; 5.091154536; 5.110009132; 5.121342701; 5.126108599; 5.142764942; 5.160048035; 5.166116823; 5.168026025; 5.183209515; 5.208560066; 5.220486129; 5.221256311; 5.240326889; 5.257136375; 5.259428922; 5.276009459; 5.27856786; 5.284947226; 5.288670794; 5.297727348; 5.302843311; 5.305402131; 5.326815891; 5.363123418; 5.371540979; 5.38500291; 5.390156897; 5.396602526; 5.408685342; 5.413755145; 5.427614118; 5.434198967; 5.444432786; 5.445727508; 5.45741033; 5.463776397; 5.470353793; 5.472948969; 5.484449056; 5.498955666; 5.50766312; 5.509388585; 5.51196794; 5.514076184; 5.520492557; 5.52108485; 5.522904707; 5.540668482; 5.551137377; 5.555432277; 5.555690379; 5.560332512; 5.561235452; 5.562922616; 5.569436892; 5.570194411; 5.570769488; 5.572162715; 5.580114129; 5.584715881; 5.58886644; 5.590250298; 5.594353836; 5.597060208; 5.60094488; 5.601705917; 5.606265523; 5.615502354; 5.61805484; 5.622093813; 5.627399102; 5.636553204; 5.636701262; 5.644546093; 5.661865559; 5.6698255; 5.676272433; 5.680281202; 5.688377275
2025-05-14,PH_LT,0.8158,4.317159265; 4.324161356; 4.345197825; 4.354561906; 4.355753085; 4.356904324; 4.358075743; 4.359247301; 4.361590838; 4.366279588; 4.374510392; 4.378051493; 4.383902466; 4.390952392; 4.398027546; 4.401556926; 4.422759625; 4.42395917; 4.423979459; 4.431159557; 4.432258544; 4.434639785; 4.435820456; 4.445393059; 4.448837443; 4.448939343; 4.457076029; 4.45830018; 4.460871495; 4.463239223; 4.465443985; 4.46560751; 4.467833211; 4.469120081; 4.471387438; 4.471530673; 4.472551994; 4.475086249; 4.479747004; 4.483346474; 4.484573936; 4.490508284; 4.498781119; 4.502305166; 4.502346315; 4.527337918; 4.539260351; 4.544033238; 4.54522681; 4.554780414; 4.569127596; 4.577464386; 4.589445448; 4.621864147; 4.659211296; 4.666455294; 4.668871078; 4.672495804; 4.677330728; 4.691827658; 4.70636593; 4.710003644; 4.726996276; 4.737934581; 4.740366853; 4.75371137; 4.761020715; 4.762239429; 4.779359258; 4.784113786; 4.79279596; 4.794018317; 4.797642934; 4.806184544; 4.807430108; 4.810950738; 4.813486522; 4.820771696; 4.834216733; 4.836671005; 4.845221721; 4.862430854; 4.867352782; 4.873530259; 4.909279477; 4.922878594; 4.9476476; 4.977466516; 4.994885125; 4.998621248; 5.008590396; 5.027306663; 5.067339825; 5.084899347; 5.155411435; 5.170578205; 5.227632878; 5.239054539; 5.25053401; 5.254331971; 5.28239288; 5.292613622; 5.296448707; 5.305402131; 5.314362405; 5.341284328; 5.356695963; 5.372127728; 5.373414617; 5.390156897; 5.397892071; 5.427614118; 5.432762634; 5.436667388; 5.439255295; 5.450907795; 5.46910456; 5.472973055; 5.4755688; 5.476866882; 5.514644783; 5.519830526; 5.535498198; 5.543424817; 5.543522181; 5.544754547; 5.546035725; 5.546425343; 5.548598474; 5.551186113; 5.557864911; 5.557889304; 5.564474239; 5.568544194; 5.577850598; 5.584201608; 5.588229332; 5.607749626
2025-05-15,PH_LT,0.7569,3.618682872; 3.621974564; 3.624187125; 3.629556061; 3.633968492; 3.634264268; 3.638435565; 3.639239203; 3.640565503; 3.642573961; 3.643393243; 3.645944982; 3.646049635; 3.646311283; 3.648303645; 3.648862123; 3.650244041; 3.652113747; 3.653426088; 3.654615169; 3.655839397; 3.657063835; 3.660563436; 3.660790899; 3.661543655; 3.661701159; 3.665132831; 3.66688414; 3.669196535; 3.669477; 3.670458191; 3.675821915; 3.677891073; 3.681382279; 3.686999205; 3.689317482; 3.691425115; 3.695659497; 3.700354609; 3.701233239; 3.705596041; 3.707919651; 3.712020632; 3.71556212; 3.720759434; 3.722118261; 3.724162908; 3.727585558; 3.728466467; 3.739234596; 3.739287955; 3.745683993; 3.752048925; 3.754403495; 3.756348239; 3.756955139; 3.758632599; 3.761926324; 3.763131752; 3.764176471; 3.766373571; 3.770536734; 3.772968223; 3.776213672; 3.780435161; 3.780614533; 3.788051943; 3.800103907; 3.804138261; 3.805422014; 3.807719653; 3.811865546; 3.816284213; 3.817443445; 3.825128258; 3.82525496; 3.831803411; 3.835106638; 3.843987897; 3.846223252; 3.84956827; 3.877340869; 3.878471886; 3.881810901; 3.885151174; 3.89185384; 3.898543217; 3.900774128; 3.901889794; 3.901908175; 3.904121543; 3.916461468; 3.920895942; 3.95005132; 3.951191711; 3.95568044; 3.960171406; 3.988290619; 3.992797801; 4.00975721; 4.016534809; 4.034595276; 4.04932631; 4.05159472; 4.052729134; 4.059519599; 4.059538558; 4.067489246; 4.092502641; 4.093642084; 4.100443462; 4.106185186; 4.108467568; 4.112995699; 4.132427883; 4.156488125; 4.157635389; 4.163354465; 4.179440561; 4.181740812; 4.189776657; 4.195534602; 4.20358211; 4.213944464; 4.218601329; 4.223201828; 4.240507654; 4.245157921; 4.246315932; 4.256704964; 4.26716432; 4.268305261; 4.275272149; 4.275291897; 4.276433787; 4.288057849; 4.292711388; 4.304335169; 4.310162206; 4.318325931; 4.324161356
2025-05-16,PH_LT,0.7178,3.080037485; 3.088056633; 3.090929478; 3.09613078; 3.096177012; 3.097094436; 3.097186921; 3.098150715; 3.098196969; 3.098867897; 3.100981095; 3.105333004; 3.106922878; 3.1072937; 3.107934235; 3.109162144; 3.109316734; 3.110173833; 3.11225951; 3.112305921; 3.112460629; 3.112946699; 3.115906255; 3.115937222; 3.117073713; 3.117414461; 3.118427306; 3.120251913; 3.12051542; 3.121048089; 3.122185443; 3.122231963; 3.122433561; 3.122650681; 3.123400559; 3.12401085; 3.124507314; 3.125583217; 3.127005807; 3.132730644; 3.134243264; 3.141415124; 3.144464213; 3.145418477; 3.149174213; 3.149423949; 3.150066574; 3.150441261; 3.150566167; 3.157378692; 3.157691477; 3.158271943; 3.161515687; 3.162785179; 3.166611883; 3.166941029; 3.168714062; 3.168902236; 3.176123708; 3.177003297; 3.183006138; 3.184153952; 3.187991074; 3.189910301; 3.193939362; 3.198947081; 3.199499857; 3.205520489; 3.210155944; 3.223403951; 3.239651292; 3.245926491; 3.246174494; 3.252966406; 3.258948421; 3.259060517; 3.262677124; 3.263950192; 3.265807427; 3.265919697; 3.26608009; 3.267841535; 3.269067437; 3.272023764; 3.273491425; 3.275077582; 3.275093654; 3.276176168; 3.277146282; 3.280266472; 3.280346932; 3.283355737; 3.303068391; 3.31243216; 3.318686414; 3.323872374; 3.34473243; 3.366678605; 3.372960264; 3.379246956; 3.382392189; 3.393951988; 3.408651394; 3.410755905; 3.41180837; 3.412844393; 3.420233124; 3.431815117; 3.446584732; 3.458204986; 3.458221735; 3.459280483; 3.460339371; 3.461398399; 3.464576321; 3.469875654; 3.472013166; 3.478345031; 3.485777769; 3.492154139; 3.508117083; 3.510247852; 3.520910084; 3.52411148; 3.526246443; 3.534791886; 3.548697313; 3.55512317; 3.567989983; 3.581968953; 3.583026708; 3.601339701; 3.604589852; 3.615375183; 3.616437152; 3.620755742; 3.622933232; 3.624065596; 3.625128663; 3.629434394; 3.637005192; 3.646801476
2025-05-17,PH_LT,0.6938,2.813971736; 2.821736806; 2.825550678; 2.826450446; 2.828596247; 2.829568503; 2.831253775; 2.832428393; 2.832780636; 2.833199137; 2.833401195; 2.833458928; 2.833811156; 2.836046013; 2.836320439; 2.837351591; 2.839298762; 2.839882191; 2.844111242; 2.844188302; 2.845669395; 2.845857621; 2.846093792; 2.848535841; 2.849442576; 2.85009474; 2.850863044; 2.852610994; 2.85415617; 2.855382253; 2.856271098; 2.857697315; 2.858176593; 2.85825241; 2.859955224; 2.860684813; 2.862449427; 2.863554679; 2.864153679; 2.864662885; 2.864781781; 2.865072779; 2.865715479; 2.867144243; 2.867292058; 2.867423081; 2.868022193; 2.868369551; 2.87117443; 2.871846574; 2.873641345; 2.873699675; 2.874736664; 2.874971462; 2.875789729; 2.87993964; 2.880626953; 2.880656168; 2.881313569; 2.883346718; 2.884355859; 2.884692154; 2.885496778; 2.886286838; 2.888393971; 2.890208954; 2.891321651; 2.891658547; 2.89315201; 2.894235909; 2.895114745; 2.895246695; 2.895935867; 2.89707804; 2.89905657; 2.900024031; 2.900097427; 2.901006308; 2.901094405; 2.902546862; 2.90297128; 2.90300066; 2.903015351; 2.905157281; 2.905524768; 2.907814743; 2.909502241; 2.9110134; 2.911469766; 2.911820576; 2.91268937; 2.91280453; 2.916523697; 2.91741993; 2.917726398; 2.918448998; 2.922389728; 2.923478632; 2.932512969; 2.953267012; 2.982028707; 3.012903977; 3.018895352; 3.030893202; 3.0399048; 3.042911182; 3.043913589; 3.044916136; 3.055968636; 3.057961965; 3.060991174; 3.064996428; 3.065027015; 3.067007533; 3.069019197; 3.069034505; 3.071077367; 3.07206838; 3.0722369; 3.076064424; 3.076095093; 3.077224829; 3.079270057; 3.081177689; 3.081239104; 3.082216142; 3.082308287; 3.084185958; 3.085194111; 3.089243507; 3.089397345; 3.09127675; 3.091292141; 3.092224312; 3.098405333; 3.098544095; 3.101667594; 3.106660242; 3.110644399; 3.117730194; 3.118866959; 3.121844315; 3.131000936
2025-05-18,PH_LT,0.6839,2.671720115; 2.675559627; 2.676467951; 2.678442881; 2.679401461; 2.681363791; 2.682829556; 2.6829405; 2.686897726; 2.687738151; 2.688779831; 2.69216429; 2.692365766; 2.692477008; 2.693186287; 2.693408297; 2.694305111; 2.69481333; 2.697017777; 2.697741831; 2.698283384; 2.698478354; 2.699069421; 2.701185167; 2.701695095; 2.701764802; 2.70184605; 2.702138782; 2.702911271; 2.703747985; 2.704241703; 2.704626824; 2.705441558; 2.705773233; 2.706247703; 2.707210863; 2.707397537; 2.707420292; 2.709772731; 2.710163892; 2.710284778; 2.711309772; 2.712018066; 2.712400125; 2.714991765; 2.733035104; 2.73530801; 2.741341781; 2.742881856; 2.74537842; 2.746606676; 2.747425958; 2.748712518; 2.750251415; 2.754915984; 2.756839279; 2.759032074; 2.759130267; 2.759257647; 2.761026129; 2.761068609; 2.761096929; 2.764097654; 2.76487614; 2.767807672; 2.767821857; 2.769691799; 2.769705992; 2.770655351; 2.772611279; 2.779433204; 2.783638929; 2.792164151; 2.799050108; 2.805656737; 2.81125074; 2.823865956; 2.823916686; 2.825003388; 2.825917437; 2.827752314; 2.838451332; 2.848192391; 2.853996569; 2.85501945; 2.860992933; 2.861661562; 2.861853358; 2.863702748; 2.864944302; 2.868708679; 2.869567988; 2.86977389; 2.869788457; 2.870502306; 2.871788277; 2.872606198; 2.872620774; 2.874708921; 2.874781847; 2.875585489; 2.875789729; 2.876593473; 2.877689186; 2.87850771; 2.878522309; 2.878551507; 2.879676765; 2.880495493; 2.881606489; 2.882147137; 2.882469252; 2.882703081; 2.887545169; 2.88896483; 2.889286771; 2.88962349; 2.891365591; 2.892390606; 2.892478513; 2.893591646; 2.894221251; 2.894851596; 2.895451962; 2.897474105; 2.898426714; 2.898690852; 2.899173976; 2.901520249; 2.901681794; 2.902297154; 2.903485478; 2.904585876; 2.908445131; 2.910441777; 2.91423057; 2.914348434; 2.915332807; 2.91725774; 2.918198279; 2.921153429; 2.928053673
2025-05-19,PH_LT,0.6812,2.641005382; 2.643663247; 2.645416471; 2.647662476; 2.648706602; 2.649540265; 2.652119933; 2.65344881; 2.659064798; 2.659102731; 2.662865565; 2.664692602; 2.665027877; 2.66553451; 2.665644945; 2.665810606; 2.66757908; 2.669476498; 2.67045306; 2.670665079; 2.671886038; 2.672618993; 2.672793876; 2.673701833; 2.674831317; 2.675407381; 2.677279463; 2.677437232; 2.681961991; 2.682912763; 2.6829405; 2.684091819; 2.684751613; 2.684918135; 2.687661421; 2.688779831; 2.689620566; 2.689731727; 2.690496179; 2.691851335; 2.692045972; 2.692608928; 2.692636737; 2.693561284; 2.693630826; 2.694562873; 2.695897829; 2.696468518; 2.696669745; 2.697421551; 2.698812622; 2.699328036; 2.700830891; 2.701143357; 2.702166663; 2.703893012; 2.706005138; 2.706867077; 2.707653986; 2.707779636; 2.709823702; 2.710434197; 2.71083459; 2.713481198; 2.713662979; 2.713700444; 2.714031031; 2.714618429; 2.716161699; 2.720778081; 2.721198398; 2.722677069; 2.723928216; 2.724562578; 2.725505532; 2.726532803; 2.72743394; 2.73065771; 2.730865797; 2.73141892; 2.732292602; 2.73233476; 2.732461238; 2.735068931; 2.735082994; 2.752343526; 2.75811179; 2.765810636; 2.772554466; 2.789927197; 2.791860297; 2.803470635; 2.806376365; 2.818011867; 2.821894841; 2.823837167; 2.838422434; 2.84816342; 2.854990427; 2.855966273; 2.85889465; 2.864755178; 2.868679555; 2.869642796; 2.878449315; 2.880597739; 2.882366958; 2.886594038; 2.887574435; 2.888262252; 2.888276887; 2.890208954; 2.890238239; 2.891409533; 2.89244921; 2.896125652; 2.898089241; 2.898279982; 2.900097427; 2.901050356; 2.902164966; 2.905333668; 2.907005837; 2.912070879; 2.912878165; 2.912951801; 2.913172722; 2.914068515; 2.915111761; 2.919755133; 2.921799249; 2.922109235; 2.922755106; 2.924992176; 2.935562926
2025-05-20,PH_LT,0.6625,2.407002818; 2.407769565; 2.408462792; 2.4135045; 2.41443606; 2.415604108; 2.415845932; 2.415887179; 2.416404649; 2.417052855; 2.420901147; 2.420943027; 2.421419858; 2.42278644; 2.423530998; 2.425097723; 2.426631185; 2.428352421; 2.430484653; 2.432919359; 2.433362804; 2.434431774; 2.434499846; 2.434574096; 2.439067449; 2.440052277; 2.440137579; 2.44021534; 2.44038383; 2.441882174; 2.44206373; 2.442888133; 2.443889689; 2.444368519; 2.444718917; 2.444790831; 2.445875108; 2.445953; 2.446245486; 2.449207358; 2.450045644; 2.450702017; 2.451124384; 2.454901148; 2.457939011; 2.45830377; 2.45912468; 2.459380866; 2.460058417; 2.462671178; 2.463714938; 2.463930257; 2.463969392; 2.464220599; 2.466685019; 2.46762967; 2.468230461; 2.468705106; 2.469458625; 2.469885318; 2.47041227; 2.471514406; 2.47230293; 2.474024119; 2.474416643; 2.475876646; 2.476750378; 2.476848952; 2.476940611; 2.478715464; 2.482305989; 2.482830615; 2.484147942; 2.485095378; 2.485161002; 2.485371014; 2.488834104; 2.493445032; 2.495789304; 2.49874358; 2.500472227; 2.502598229; 2.509531814; 2.511011656; 2.513735618; 2.515639378; 2.516725281; 2.517810525; 2.522178744; 2.523978084; 2.52490724; 2.525172777; 2.528471756; 2.528511624; 2.531399773; 2.532437318; 2.533019943; 2.533988534; 2.547855221; 2.54999314; 2.575182886; 2.585420585; 2.585461091; 2.591054812; 2.591951509; 2.592875385; 2.592943035; 2.594764146; 2.595756134; 2.596680569; 2.597605137; 2.599454671; 2.59950889; 2.60133186; 2.602257099; 2.603277452; 2.609772535; 2.610712593; 2.611652792; 2.612620338; 2.619179411; 2.620120868; 2.622946076; 2.627671213; 2.627712195; 2.627780499; 2.628600267; 2.629570457; 2.630499787; 2.631442925; 2.633398029; 2.635244251; 2.636174402; 2.638158399; 2.639978573; 2.64095054; 2.641840378; 2.641908947; 2.653228698
2025-05-21,PH_LT,0.6611,2.345396942; 2.349149773; 2.349356548; 2.354033953; 2.356692526; 2.357400685; 2.358635539; 2.358740599; 2.358774708; 2.362096565; 2.366075407; 2.369422722; 2.369920078; 2.371504892; 2.372629733; 2.374341163; 2.376560193; 2.377038092; 2.377357848; 2.381063637; 2.381278911; 2.381897905; 2.382286864; 2.384509276; 2.386731074; 2.388492938; 2.38957873; 2.392466857; 2.392684191; 2.3934128; 2.393668043; 2.393719164; 2.394487169; 2.39811725; 2.398222813; 2.399322882; 2.400040306; 2.400666403; 2.401199761; 2.401903313; 2.403388681; 2.404565511; 2.405496146; 2.405961934; 2.406511998; 2.406768591; 2.407395679; 2.408225955; 2.408292321; 2.408446353; 2.410021794; 2.410034636; 2.410046528; 2.410214431; 2.411867661; 2.412265722; 2.413829241; 2.414394531; 2.415508835; 2.417127291; 2.419966582; 2.420604825; 2.420981725; 2.420988108; 2.422599843; 2.424596486; 2.42491893; 2.427869662; 2.441950415; 2.446764226; 2.447441088; 2.450188311; 2.457974457; 2.45935481; 2.468535288; 2.474214743; 2.474969941; 2.47769988; 2.488807826; 2.490405479; 2.494354477; 2.49523773; 2.496173767; 2.498930052; 2.498969582; 2.500790235; 2.503574988; 2.503601377; 2.504485926; 2.509161546; 2.510060094; 2.514981571; 2.51516699; 2.517491445; 2.520376654; 2.522163852; 2.52404444; 2.524931855; 2.525011505; 2.529729608; 2.531426371; 2.533347968; 2.533416271; 2.53660223; 2.537967709; 2.541169537; 2.541752583; 2.542032701; 2.544676232; 2.545579894; 2.546456969; 2.546790891; 2.547414315; 2.548438631; 2.550594816; 2.550836724; 2.551935809; 2.55405312; 2.557821287; 2.559753163; 2.562417367; 2.588879457; 2.589068751; 2.592453694; 2.640297811; 2.671374966; 2.672006344; 2.674057848; 2.702294631; 2.719249957; 2.723230882; 2.753699966; 2.781482963; 2.792039694; 2.792863883; 2.804406907; 2.821794366; 2.824651016; 2.833329029; 2.848840128; 2.857490738; 2.864270061; 2.873012767
2025-05-22,PH_LT,0.6886,2.596205929; 2.606891762; 2.608334594; 2.608853339; 2.611414116; 2.611443194; 2.61569671; 2.618740148; 2.619463664; 2.619599999; 2.620323584; 2.622424429; 2.627889584; 2.629584668; 2.630446028; 2.631498319; 2.633934153; 2.641008183; 2.644459239; 2.645478967; 2.653779334; 2.654093141; 2.655937082; 2.656194197; 2.657569684; 2.662073181; 2.663367764; 2.666924817; 2.667384087; 2.678229526; 2.678298808; 2.68178769; 2.682982105; 2.683245619; 2.683835932; 2.6845296; 2.684696108; 2.686335011; 2.686536785; 2.68733548; 2.687418786; 2.688099219; 2.68841035; 2.691726218; 2.692289139; 2.692344752; 2.69719112; 2.700669556; 2.700801481; 2.701636976; 2.705508126; 2.705685297; 2.706392547; 2.707360827; 2.707402705; 2.708329255; 2.714156891; 2.715984024; 2.718109556; 2.723591717; 2.732208288; 2.733166383; 2.738229489; 2.742916233; 2.744674435; 2.772523316; 2.772637016; 2.778354569; 2.795742462; 2.806252363; 2.816085584; 2.829696332; 2.836254952; 2.845268605; 2.84528308; 2.846243061; 2.84724662; 2.849225223; 2.852092728; 2.85213623; 2.85536424; 2.855640666; 2.858234693; 2.859958232; 2.862261143; 2.866768026; 2.866811691; 2.873730375; 2.874665167; 2.876637248; 2.8787111; 2.880656168; 2.881532738; 2.88450207; 2.884545934; 2.886491468; 2.888525697; 2.891556009; 2.89334251; 2.89907243; 2.899628971; 2.900332308; 2.90058189; 2.9068314; 2.910191569; 2.91092754; 2.911513934; 2.911705339; 2.91423057; 2.914304234; 2.914422101; 2.914554708; 2.917096442; 2.917213508; 2.920094466; 2.920522379; 2.948471428; 2.959924549; 2.960148204; 3.030545824; 3.050382425; 3.076315016; 3.108531816; 3.126551103; 3.15684141; 3.177145179; 3.238482456; 3.26002333; 3.293979506; 3.338606656; 3.3855065; 3.386456985; 3.429419698; 3.441991549; 3.468287778; 3.476673521; 3.493588929; 3.527525278; 3.531713373; 3.544460859; 3.567799405; 3.575401465; 3.594518917; 3.604145761
2025-05-23,PH_LT,0.7371,3.201749212; 3.206764472; 3.207232613; 3.2075526; 3.212385223; 3.212638839; 3.213360063; 3.213704776; 3.214136372; 3.215635139; 3.218672854; 3.219282715; 3.219319108; 3.220854637; 3.222751965; 3.22622701; 3.226534447; 3.229206697; 3.231469488; 3.231982854; 3.232486202; 3.236687924; 3.237440656; 3.238580728; 3.240660531; 3.244176556; 3.247275496; 3.24974505; 3.250208798; 3.250752232; 3.253718106; 3.255477258; 3.257038422; 3.263911425; 3.265576365; 3.269613206; 3.270550482; 3.270594616; 3.271629001; 3.274605898; 3.289234963; 3.29100974; 3.303537536; 3.313812008; 3.327271881; 3.330820342; 3.332333429; 3.335345799; 3.338571263; 3.341651252; 3.341798126; 3.347880165; 3.347896508; 3.350980122; 3.353656774; 3.355175301; 3.357429324; 3.371450212; 3.380278766; 3.381327173; 3.390202341; 3.391818933; 3.3981207; 3.417056195; 3.429161157; 3.450831135; 3.479440087; 3.480501635; 3.488355381; 3.510281735; 3.526590151; 3.530569095; 3.531620337; 3.533757273; 3.544635619; 3.554103154; 3.554120257; 3.561622584; 3.572246065; 3.576664974; 3.601408811; 3.60185189; 3.603581229; 3.605754223; 3.608971528; 3.610101936; 3.611487009; 3.616645153; 3.620911884; 3.621689; 3.624304706; 3.627446299; 3.644739774; 3.645873396; 3.64814659; 3.651151968; 3.651292953; 3.652411851; 3.652446783; 3.652825407; 3.654685065; 3.655436543; 3.661823668; 3.668828462; 3.669774466; 3.670090014; 3.670458191; 3.671036158; 3.671088762; 3.672210383; 3.677996436; 3.683189063; 3.683224223; 3.685453369; 3.690610644; 3.694217448; 3.711212886; 3.76133161; 3.800716894; 3.841515193; 3.873469001; 3.904438997; 3.983933704; 4.011893735; 4.058108397; 4.114811818; 4.151211682; 4.199388914; 4.223412757; 4.267192256; 4.283241347; 4.341458171; 4.36583414; 4.409117432; 4.445493753; 4.465507883; 4.512813498; 4.523157721; 4.534070579; 4.540627377; 4.545484344; 4.553595244; 4.557595611
2025-05-24,PH_LT,0.7832,3.777838356; 3.781660631; 3.781893946; 3.784826614; 3.785898091; 3.792461256; 3.794620267; 3.795565957; 3.796430014; 3.79825802; 3.798640789; 3.800095098; 3.802198975; 3.803969918; 3.805991294; 3.80689688; 3.807383926; 3.80844486; 3.816267232; 3.817101673; 3.817499471; 3.81970317; 3.830349383; 3.830603103; 3.831886189; 3.847932358; 3.857555617; 3.862216763; 3.862962899; 3.871996038; 3.875334623; 3.888423602; 3.908206381; 3.911024575; 3.915915385; 3.922530921; 3.922844725; 3.943545695; 3.952592194; 3.952685036; 3.955736178; 3.962547956; 3.966101599; 3.968017354; 3.968073227; 3.97360179; 3.998322513; 4.006521987; 4.017533259; 4.021998432; 4.024278896; 4.028766164; 4.032536301; 4.035557749; 4.059348971; 4.059367929; 4.068435699; 4.068701264; 4.072982418; 4.093465186; 4.095749564; 4.096889389; 4.124287131; 4.139161195; 4.150511456; 4.179077368; 4.183925138; 4.201198657; 4.232370253; 4.245907828; 4.260163894; 4.265487044; 4.270607268; 4.278737721; 4.295422856; 4.306665564; 4.320679594; 4.341708591; 4.342878197; 4.355753085; 4.355889179; 4.367492291; 4.376863193; 4.379225436; 4.392148042; 4.41217286; 4.429562982; 4.434619457; 4.440503839; 4.449958645; 4.465382665; 4.492059749; 4.492657064; 4.497469657; 4.505748071; 4.512946386; 4.521320013; 4.52246962; 4.525230447; 4.548766876; 4.548808363; 4.557170213; 4.566776618; 4.582324879; 4.588413812; 4.589570798; 4.592951193; 4.598049734; 4.59809158; 4.605733072; 4.605858784; 4.60900058; 4.609545654; 4.610138865; 4.612877256; 4.618718975; 4.6236342; 4.625871957; 4.628909442; 4.646990341; 4.685524055; 4.739853771; 4.800599281; 4.863072993; 4.92451577; 4.956496289; 5.003516243; 5.033359011; 5.056881825; 5.113153531; 5.125518629; 5.127833294; 5.179413418; 5.198302651; 5.206997081; 5.237306239; 5.247831159; 5.253577971; 5.258768489; 5.260968101; 5.26486321; 5.274765841; 5.286328568
2025-05-25,PH_LT,0.7978,4.111032977; 4.119029632; 4.122362902; 4.124553712; 4.124649717; 4.125601285; 4.132292613; 4.134947307; 4.137333436; 4.143917511; 4.144013869; 4.146209557; 4.147085825; 4.147182238; 4.150274358; 4.155306081; 4.15626025; 4.159799612; 4.160166883; 4.163611161; 4.16783766; 4.171284635; 4.172433907; 4.173951546; 4.17588256; 4.17660579; 4.1780078; 4.178828095; 4.190258041; 4.195818451; 4.201779561; 4.202636847; 4.203887406; 4.216700298; 4.218697186; 4.232722375; 4.237428243; 4.238212786; 4.241920922; 4.243078783; 4.262485958; 4.272676224; 4.282090047; 4.294064041; 4.295228175; 4.298140519; 4.331866822; 4.338399435; 4.353991908; 4.360562613; 4.364356431; 4.369127018; 4.385399474; 4.40181963; 4.409910724; 4.417007288; 4.42286105; 4.428673344; 4.429751952; 4.432258544; 4.438304265; 4.442844708; 4.445209757; 4.445230124; 4.44747108; 4.457014801; 4.471063673; 4.48780577; 4.491312793; 4.492533832; 4.49255437; 4.498255231; 4.4994436; 4.515120144; 4.517500586; 4.526732004; 4.530837853; 4.53298709; 4.533801577; 4.548132889; 4.548527007; 4.548983403; 4.549783434; 4.54986643; 4.553242289; 4.553366858; 4.553927466; 4.556400443; 4.55894716; 4.560444165; 4.564030975; 4.564353495; 4.565112644; 4.565226858; 4.566829; 4.566995493; 4.569772991; 4.575820128; 4.601168346; 4.616782064; 4.63844006; 4.686731102; 4.709747702; 4.740109589; 4.753496499; 4.764462007; 4.791314251; 4.814559275; 4.821910294; 4.826813769; 4.856303449; 4.858762744; 4.873530259; 4.885851899; 4.904382603; 4.936538927; 4.953893013; 4.957615311; 4.99993404; 5.004918109; 5.006142074; 5.023650753; 5.056178943; 5.059935684; 5.064969245; 5.08633618; 5.100176849; 5.100222333; 5.139278079; 5.15061248; 5.168370842; 5.184867519; 5.201341845; 5.203924688; 5.210523252; 5.212853586; 5.21680152; 5.223106334; 5.229623442; 5.237044675; 5.247505295; 5.256608144; 5.259087063; 5.268152517
2025-05-26,PH_LT,0.7804,3.972440158; 3.988426415; 3.991807661; 3.991901247; 3.995077792; 4.000717974; 4.004216335; 4.00613642; 4.007603456; 4.008829318; 4.01315971; 4.014155887; 4.014381476; 4.014778364; 4.022389674; 4.023313674; 4.028726999; 4.030914762; 4.034972654; 4.035104622; 4.03625605; 4.036350426; 4.041750775; 4.042506127; 4.043186543; 4.045207107; 4.045717643; 4.046208395; 4.052336139; 4.052863262; 4.054964073; 4.055737219; 4.058611816; 4.059785036; 4.061854773; 4.062018133; 4.06287692; 4.063153851; 4.072282645; 4.076793378; 4.078992467; 4.087036235; 4.09030046; 4.093832928; 4.094416711; 4.095010731; 4.096074131; 4.101851465; 4.105101582; 4.109838683; 4.11059968; 4.125622454; 4.135447551; 4.146807277; 4.149665345; 4.154232628; 4.157693343; 4.168495907; 4.177160259; 4.191405146; 4.193250452; 4.201218133; 4.202390305; 4.206982984; 4.21167544; 4.214369491; 4.216233545; 4.217348986; 4.219717045; 4.2231236; 4.226590047; 4.226979324; 4.234878671; 4.242902084; 4.247415146; 4.249731842; 4.256685285; 4.261249278; 4.264828735; 4.272929556; 4.27393973; 4.285712133; 4.29337042; 4.294772255; 4.313256736; 4.315430461; 4.317159265; 4.33036808; 4.330527686; 4.340808684; 4.352431183; 4.354713235; 4.358075743; 4.367263574; 4.368576941; 4.369488654; 4.373329763; 4.375663799; 4.384809008; 4.387481325; 4.388212959; 4.397578282; 4.408578994; 4.430997037; 4.43687925; 4.447512605; 4.455831631; 4.458177697; 4.467669623; 4.468833738; 4.475964535; 4.479562577; 4.480728056; 4.483079911; 4.500952078; 4.503349787; 4.504497401; 4.505706898; 4.506937135; 4.521216796; 4.522531563; 4.523640001; 4.536833346; 4.539156807; 4.542881251; 4.549057294; 4.551238268; 4.551362786; 4.552391174; 4.555871396; 4.557481836; 4.558780911; 4.560839109; 4.562076239; 4.562200993; 4.565892605; 4.566017445; 4.570261638; 4.571687363; 4.571729017; 4.57443537
2025-05-27,PH_LT,0.7765,3.837973418; 3.841388776; 3.842297407; 3.849787436; 3.850351511; 3.853408447; 3.853881098; 3.854208907; 3.855427371; 3.858485024; 3.861744202; 3.861764052; 3.863966289; 3.865515574; 3.868065172; 3.877636716; 3.883319939; 3.886126288; 3.888124531; 3.888551943; 3.890463699; 3.892642761; 3.893569801; 3.896868804; 3.897613782; 3.900283359; 3.907329087; 3.909544477; 3.910182067; 3.915242414; 3.916793318; 3.924559015; 3.925437935; 3.942722536; 3.943471557; 3.943582765; 3.957981406; 3.960570096; 3.963059441; 3.963745789; 3.965788259; 3.975888747; 3.978008349; 3.989361097; 3.992666799; 4.003609698; 4.003925496; 4.012938702; 4.016036224; 4.016309194; 4.016346795; 4.016422; 4.020559158; 4.020924278; 4.025084332; 4.025372258; 4.035274157; 4.038936545; 4.04460212; 4.045735654; 4.051405423; 4.054808962; 4.065027127; 4.071463357; 4.090052535; 4.094236958; 4.101450087; 4.103731275; 4.111238948; 4.133437605; 4.147180092; 4.156901738; 4.165534721; 4.18895667; 4.189679483; 4.211577866; 4.215040118; 4.221139206; 4.239390009; 4.24509901; 4.257844681; 4.260163894; 4.26596437; 4.267124885; 4.278713532; 4.289201226; 4.291527987; 4.296183187; 4.301870711; 4.302025177; 4.30317018; 4.308996519; 4.309016389; 4.312533766; 4.323013912; 4.330020223; 4.336749452; 4.34289819; 4.348748337; 4.348768352; 4.359347568; 4.36049923; 4.364015215; 4.364055356; 4.373437536; 4.373960303; 4.378614943; 4.381044264; 4.389126057; 4.393747412; 4.397194615; 4.397234999; 4.399304861; 4.39950686; 4.399734838; 4.399870484; 4.402996426; 4.404112709; 4.405229108; 4.405249329; 4.412618299; 4.414772067; 4.41590988; 4.421742755; 4.426737446; 4.474990386; 4.520024541; 4.558104264; 4.599800581; 4.609302634; 4.634331212; 4.668000215; 4.718760424; 4.735556355; 4.745202577; 4.780339948; 4.799613275; 4.802255037; 4.810541321; 4.818855395; 4.823410251; 4.823845122; 4.824810195; 4.841901655
2025-05-28,PH_LT,0.7943,4.158470448; 4.164326944; 4.166624139; 4.170070981; 4.170697186; 4.172369575; 4.181666598; 4.18240955; 4.183870936; 4.18900484; 4.190778466; 4.191930211; 4.193514294; 4.194569018; 4.196324479; 4.215328709; 4.216209851; 4.220867055; 4.225627696; 4.230114191; 4.238664006; 4.241803482; 4.24252908; 4.245513467; 4.247712522; 4.249655385; 4.25859465; 4.259360609; 4.259518143; 4.260303826; 4.267127618; 4.267645916; 4.268031988; 4.269968246; 4.277164654; 4.282090047; 4.294505431; 4.299163622; 4.299364487; 4.300211664; 4.302501476; 4.306135781; 4.312871791; 4.313958423; 4.326915137; 4.329376709; 4.333764786; 4.339469704; 4.341188055; 4.346547906; 4.348948491; 4.360975548; 4.361671085; 4.371071056; 4.371111249; 4.373878385; 4.376897807; 4.379648236; 4.385097251; 4.394539788; 4.397280461; 4.397381453; 4.398047741; 4.407753486; 4.408639693; 4.414701019; 4.422954489; 4.426297812; 4.436997185; 4.444007619; 4.456995882; 4.462932749; 4.472408734; 4.481758575; 4.500657245; 4.515161385; 4.521849228; 4.525320033; 4.543763806; 4.544299258; 4.559726244; 4.561701999; 4.573664452; 4.574988717; 4.576373744; 4.579671776; 4.592859878; 4.596452543; 4.618068077; 4.619291267; 4.626528401; 4.63132091; 4.639637719; 4.644590755; 4.65643462; 4.662364468; 4.665902779; 4.667536066; 4.669994444; 4.674276406; 4.674785778; 4.680873495; 4.694249305; 4.700263283; 4.710024973; 4.711173828; 4.715371709; 4.726213822; 4.727017667; 4.733590796; 4.737998873; 4.740431171; 4.761171317; 4.764871026; 4.767309512; 4.771170845; 4.77345129; 4.77349441; 4.773524784; 4.786869178; 4.793077153; 4.795338195; 4.80014347; 4.802373564; 4.802903719; 4.80366212; 4.804972518; 4.807907149; 4.811428054; 4.813325379; 4.81446333; 4.818929294; 4.819059645; 4.824005605; 4.824418753; 4.825014107; 4.825122843; 4.825579564; 4.828975635; 4.831624813; 4.836467759; 4.839206112
2025-05-29,PH_LT,0.802,4.277646268; 4.284859353; 4.293004316; 4.300282945; 4.300971561; 4.302831292; 4.304744862; 4.30769181; 4.310480889; 4.31736089; 4.324097956; 4.325086274; 4.327988935; 4.333712146; 4.34072822; 4.341728256; 4.347749329; 4.348920004; 4.355174154; 4.359462368; 4.364087398; 4.36657291; 4.368227725; 4.370983206; 4.374710231; 4.375347992; 4.376038965; 4.389981733; 4.393035761; 4.393509283; 4.401390612; 4.407644314; 4.408109629; 4.413644055; 4.414100197; 4.417331523; 4.421742755; 4.421803599; 4.424255891; 4.428738528; 4.428961905; 4.429225914; 4.431403349; 4.433820131; 4.439604102; 4.440605587; 4.446695864; 4.454853506; 4.459442815; 4.46297361; 4.464324649; 4.470120726; 4.475985013; 4.489228994; 4.493782956; 4.49754415; 4.499797741; 4.509233282; 4.517642819; 4.521134225; 4.529453628; 4.533049148; 4.536836491; 4.537819031; 4.541397911; 4.546156708; 4.556784211; 4.566485303; 4.572467578; 4.591506408; 4.593800816; 4.597631297; 4.614441361; 4.622856667; 4.634562867; 4.640933611; 4.650576303; 4.661456178; 4.663870774; 4.667003874; 4.676566982; 4.678391307; 4.682019295; 4.695825414; 4.695931826; 4.699353767; 4.707514401; 4.709896999; 4.712322797; 4.714791846; 4.727155116; 4.735556355; 4.746407057; 4.750058584; 4.772037278; 4.774452052; 4.779380839; 4.784351368; 4.787776907; 4.78790793; 4.789151344; 4.79530573; 4.799017404; 4.81213481; 4.81366016; 4.819398593; 4.819872204; 4.820524091; 4.825492566; 4.826000921; 4.829919234; 4.83388267; 4.841182; 4.842300884; 4.84493168; 4.846908355; 4.847148447; 4.850900181; 4.850965704; 4.851140437; 4.853292832; 4.856871829; 4.859243872; 4.877152424; 4.883869543; 4.883913463; 4.885670641; 4.890122628; 4.910271332; 4.912302323; 4.93864369; 4.96575801; 4.968331493; 5.009136627; 5.00922629; 5.026427437; 5.030264568; 5.032515911; 5.073667425; 5.086283449; 5.091170326; 5.096104684; 5.099806826
2025-05-30,PH_LT,0.8336,4.402836839; 4.404807341; 4.405519604; 4.411344416; 4.414511782; 4.422241631; 4.424134115; 4.424578131; 4.424842037; 4.439581507; 4.440664596; 4.444943135; 4.451814016; 4.456342661; 4.458179518; 4.459977595; 4.460219581; 4.462203194; 4.465221673; 4.483853624; 4.488260673; 4.488506988; 4.503946595; 4.513861841; 4.51454867; 4.515352915; 4.51567694; 4.515945056; 4.518717903; 4.525630023; 4.539384606; 4.541157677; 4.541729386; 4.541812259; 4.557107891; 4.558009381; 4.558365322; 4.560548094; 4.577159547; 4.577547778; 4.579776055; 4.584588725; 4.592812552; 4.595315745; 4.596515293; 4.597631297; 4.606011953; 4.607275604; 4.622835655; 4.630033162; 4.637277779; 4.642075212; 4.663778651; 4.678285237; 4.692663963; 4.706131462; 4.741347325; 4.751082735; 4.766921859; 4.772770795; 4.787670207; 4.808053896; 4.828061744; 4.832968033; 4.841581226; 4.850179494; 4.856325308; 4.858784613; 4.86616588; 4.88466303; 4.892061938; 4.900295277; 4.905661714; 4.922966997; 4.926700951; 4.937866215; 4.944061746; 4.95276357; 4.968283303; 4.980087055; 4.993841243; 4.995064017; 5.013780188; 5.015072429; 5.035049544; 5.043868401; 5.046324946; 5.050213796; 5.056608039; 5.057769875; 5.05902219; 5.062689546; 5.069091004; 5.06940899; 5.071417198; 5.081723823; 5.086858129; 5.091767727; 5.096861226; 5.097043077; 5.102002571; 5.105888624; 5.109730519; 5.112246953; 5.119868054; 5.162437101; 5.284469675; 5.392306065; 5.53240367; 5.629166149; 5.753401712; 5.830496812; 5.931113895; 6.036407736; 6.148022951; 6.273031097; 6.325451585; 6.403157248; 6.483937134; 6.518720755; 6.545104374; 6.601238311; 6.678936336; 6.72988177; 6.753847852; 6.796477483; 6.836064681; 6.839229641; 6.841670471; 6.890349761; 6.960942676; 6.973587905; 6.992633757; 6.993702277; 6.998528017; 7.010516225; 7.030650464; 7.03368154; 7.038407517; 7.0390014; 7.043463463; 7.054679116; 7.056256622
2025-05-31,PH_LT,0.8895,5.278563697; 5.292985329; 5.297103511; 5.304769372; 5.307000841; 5.316131172; 5.317893749; 5.327998795; 5.341368789; 5.344394062; 5.344850487; 5.352725654; 5.356241471; 5.356501888; 5.361726678; 5.364555974; 5.378476698; 5.385587994; 5.38582577; 5.405543472; 5.406008122; 5.41329264; 5.417081059; 5.418683663; 5.444049955; 5.474972691; 5.491254717; 5.494266895; 5.496674134; 5.506675604; 5.526547995; 5.528985486; 5.532654688; 5.53274406; 5.54432551; 5.568764083; 5.574119738; 5.575879388; 5.578168657; 5.596043588; 5.619762032; 5.622241558; 5.628368944; 5.657333638; 5.668258842; 5.674754502; 5.695781852; 5.702465992; 5.714247077; 5.74334732; 5.746025758; 5.751272613; 5.771210425; 5.807131936; 5.809798706; 5.843155099; 5.85528636; 5.867244018; 5.888694415; 5.907492869; 5.910301632; 5.935741924; 5.943824407; 5.965552141; 6.024926025; 6.053430487; 6.057705745; 6.114719074; 6.11904554; 6.139313773; 6.181777485; 6.210619553; 6.218871468; 6.223285077; 6.231258776; 6.290625893; 6.299225713; 6.301694468; 6.325272043; 6.336368618; 6.364149197; 6.378183071; 6.408741879; 6.426887462; 6.439491182; 6.449190811; 6.452078717; 6.481521373; 6.506783347; 6.539184271; 6.547312111; 6.550452158; 6.57445416; 6.611198504; 6.618331943; 6.631929634; 6.636748773; 6.662316352; 6.679424551; 6.699743923; 6.700767235; 6.725050783; 6.730814213; 6.750803818; 6.785250614; 6.788152544; 6.795221675; 6.811052562; 6.828394792; 6.82936415; 6.835520594; 6.855798705; 6.877925228; 6.899092095; 6.916551369; 6.943988832; 6.951316839; 6.967080397; 6.968294726; 6.98925701; 6.99488897; 7.00133615; 7.018236408; 7.066560056; 7.127814713; 7.18324741; 7.216781254; 7.262239104; 7.282766097; 7.294306597; 7.350543974; 7.36510855; 7.406702262; 7.452705312; 7.486871881; 7.505026505; 7.507499546; 7.509251742; 7.517760202; 7.520387889; 7.522015952; 7.525398324; 7.538205907; 7.56539512
2025-06-01,PH_LT,0.9105,5.690808756; 5.690958037; 5.692279617; 5.696394595; 5.696568901; 5.701235578; 5.705976856; 5.707675603; 5.715792332; 5.72468953; 5.733793625; 5.74167595; 5.747734719; 5.749789747; 5.755204552; 5.757331198; 5.771247529; 5.789222708; 5.792453174; 5.79613527; 5.811118619; 5.839215069; 5.856962332; 5.878004787; 5.880494121; 5.882295431; 5.888236388; 5.889783074; 5.907545512; 5.91047876; 5.918931698; 5.926798954; 5.927725742; 5.946641872; 5.95589993; 5.975993179; 5.997470087; 6.015020599; 6.01553718; 6.029776908; 6.076676002; 6.085377541; 6.093500387; 6.101522769; 6.107031813; 6.139710982; 6.14376173; 6.158449242; 6.171072177; 6.208083838; 6.231263644; 6.235578163; 6.241035395; 6.258961206; 6.274120691; 6.282384316; 6.298932256; 6.332233524; 6.369739328; 6.38223656; 6.393231887; 6.414295155; 6.449225332; 6.457306092; 6.499678283; 6.529192839; 6.537636893; 6.545802928; 6.595039053; 6.633716145; 6.650733485; 6.686250933; 6.705755471; 6.721884316; 6.746145589; 6.77903397; 6.78989503; 6.814894982; 6.834999205; 6.871025941; 6.88976425; 6.892649164; 6.912215702; 6.915777858; 6.930233234; 6.964150192; 6.982447322; 6.995514501; 7.015893342; 7.029334971; 7.052299537; 7.064027533; 7.096292286; 7.106400918; 7.110850976; 7.146017835; 7.160754708; 7.178240582; 7.179855356; 7.207496425; 7.213767314; 7.240311436; 7.25751538; 7.258154566; 7.261049144; 7.285255326; 7.30254639; 7.307053782; 7.319161354; 7.342760469; 7.342822014; 7.345553004; 7.354649949; 7.378610246; 7.386912619; 7.407174629; 7.418048925; 7.422005521; 7.432398384; 7.447625156; 7.452082215; 7.461060232; 7.46976459; 7.478597473; 7.494210549; 7.502310719; 7.512380297; 7.522858839; 7.527461377; 7.535204411; 7.543687713; 7.552622444; 7.553252827; 7.558873515; 7.570885414; 7.572180436; 7.580720313; 7.582481347; 7.582860863; 7.585118304; 7.591026261; 7.591406131; 7.602689901; 7.616380361
2025-06-02,PH_LT,0.9115,5.759131123; 5.781734468; 5.791053475; 5.792385321; 5.79384353; 5.803045123; 5.816382461; 5.816509092; 5.819178286; 5.835205195; 5.857944455; 5.868429649; 5.872781743; 5.873892366; 5.877914334; 5.883509016; 5.90600076; 5.917689436; 5.932595474; 5.934585786; 5.936841728; 5.937279631; 5.948557408; 5.97099989; 5.97274342; 5.98316058; 5.993979592; 5.994268008; 6.007515942; 6.008976001; 6.010226373; 6.037266013; 6.04658737; 6.055003298; 6.081869723; 6.110849222; 6.115801241; 6.123704962; 6.13484995; 6.15360726; 6.157980784; 6.159217701; 6.166930227; 6.175584633; 6.196064441; 6.211127541; 6.221869953; 6.249628403; 6.253711946; 6.272982032; 6.287984911; 6.290896112; 6.29501889; 6.310245592; 6.317118179; 6.348999108; 6.350360732; 6.353166479; 6.414377546; 6.426997497; 6.440959082; 6.481521373; 6.501079202; 6.501165661; 6.51943132; 6.529276461; 6.556033516; 6.587078419; 6.596970532; 6.609629013; 6.620841639; 6.625271457; 6.653628301; 6.683463171; 6.703387334; 6.711766126; 6.724765058; 6.751946001; 6.768769865; 6.771964251; 6.794875803; 6.807450902; 6.829310234; 6.839368778; 6.87390722; 6.876352433; 6.907111343; 6.927341041; 6.948470262; 6.950494247; 6.973109556; 6.980937143; 7.007139278; 7.018025591; 7.021682832; 7.040610351; 7.05869779; 7.074185194; 7.086439614; 7.091716367; 7.125829027; 7.126899116; 7.169446833; 7.175605211; 7.184206137; 7.212172738; 7.216817567; 7.240295063; 7.259449411; 7.277192341; 7.280212552; 7.286119604; 7.312697063; 7.338027423; 7.34671712; 7.347002466; 7.354434254; 7.370858234; 7.375385405; 7.401797572; 7.414231561; 7.421102451; 7.426081524; 7.440523908; 7.450243668; 7.468857957; 7.469699821; 7.480092219; 7.494335792; 7.49983515; 7.505775001; 7.509216173; 7.529964598; 7.531467839; 7.539269368; 7.545192244; 7.581342939; 7.603882922; 7.62654922; 7.653694676; 7.705273104; 7.746250969; 7.755392375; 7.798054046
2025-06-03,PH_LT,0.9542,6.748098224; 6.753929199; 6.75667344; 6.760962936; 6.76679913; 6.768114893; 6.779565297; 6.782429297; 6.782688347; 6.788274187; 6.815260997; 6.817101077; 6.819423046; 6.833787283; 6.8415255; 6.863255382; 6.876963902; 6.887756322; 6.889198813; 6.890641443; 6.905075439; 6.912923573; 6.933164392; 6.941221615; 6.949909704; 6.958602828; 6.962127394; 6.972955244; 6.975856817; 6.979384627; 7.005051187; 7.01217367; 7.014135293; 7.041141564; 7.054917128; 7.065010565; 7.080536764; 7.089601737; 7.095033867; 7.102882799; 7.14060803; 7.144684142; 7.179934243; 7.197669626; 7.201855082; 7.201965189; 7.241541996; 7.244510849; 7.262070877; 7.265011537; 7.269233638; 7.288578624; 7.320941982; 7.322374499; 7.327000859; 7.329702753; 7.361183942; 7.361492332; 7.368245716; 7.368369178; 7.370110881; 7.372000585; 7.374792443; 7.381521109; 7.385093067; 7.38598991; 7.393069267; 7.39480745; 7.397665108; 7.398072063; 7.400868152; 7.403195926; 7.409379598; 7.430374105; 7.46654897; 7.494927635; 7.515876746; 7.545878057; 7.583536802; 7.597051992; 7.651479002; 7.677179711; 7.722680697; 7.731808776; 7.788145107; 7.815587558; 7.834763696; 7.841608127; 7.889128701; 7.897662315; 7.906788388; 7.92449686; 7.96450136; 7.968412289; 7.969130922; 8.011582691; 8.015495742; 8.037906857; 8.050242123; 8.05109403; 8.093718663; 8.122578778; 8.14032151; 8.15375137; 8.168403793; 8.199050956; 8.217830003; 8.24194331; 8.260156462; 8.260700803; 8.323049657; 8.32667975; 8.326748262; 8.337231452; 8.346726598; 8.360927315; 8.378746825; 8.398851256; 8.405559605; 8.409927573; 8.409996672; 8.416571122; 8.448024891; 8.449853975; 8.468657132; 8.481539646; 8.489417487; 8.489556807; 8.494083093; 8.498889307; 8.500445175; 8.500619519; 8.503661934; 8.505392633; 8.509992492; 8.51328079; 8.514802957; 8.517987365; 8.532394081
2025-06-04,PH_LT,0.8944,5.675660279; 5.6768312; 5.684053965; 5.688591928; 5.689338097; 5.691806819; 5.696944767; 5.698266927; 5.704030563; 5.710646713; 5.713294152; 5.721089894; 5.729890624; 5.730940996; 5.740073615; 5.744054036; 5.759388276; 5.75983755; 5.760892957; 5.761317074; 5.773131211; 5.773559183; 5.775040487; 5.775191579; 5.802274829; 5.811483498; 5.815612963; 5.823343662; 5.832846508; 5.846867501; 5.862126157; 5.86401464; 5.864550131; 5.878080743; 5.882232225; 5.885208575; 5.901088073; 5.91967685; 5.930005641; 5.936944761; 5.942610347; 5.975652186; 5.984171746; 5.988384064; 5.996870152; 5.997077932; 6.013039773; 6.019240901; 6.020988682; 6.031759709; 6.055762641; 6.061300513; 6.066661856; 6.076423448; 6.088312523; 6.095047699; 6.101812571; 6.110117429; 6.135767305; 6.142658606; 6.142783779; 6.175424972; 6.175529513; 6.191784664; 6.194584332; 6.210967119; 6.219165885; 6.224890718; 6.248061487; 6.252144518; 6.259215326; 6.292198162; 6.306009947; 6.307394597; 6.310374403; 6.319808488; 6.322711746; 6.326740077; 6.343416101; 6.364231051; 6.365621562; 6.376645547; 6.387888763; 6.408476841; 6.40976219; 6.429528927; 6.431883116; 6.454369883; 6.462770355; 6.46675124; 6.48713123; 6.492743325; 6.508729274; 6.512403271; 6.515450173; 6.516939437; 6.519862793; 6.522006929; 6.533540795; 6.536272327; 6.539171829; 6.544761237; 6.549115364; 6.554623992; 6.567314743; 6.569986351; 6.606869495; 6.623855083; 6.642278853; 6.655104258; 6.669305149; 6.699172525; 6.721970001; 6.744831909; 6.749117146; 6.769131553; 6.790605967; 6.820780819; 6.849550238; 6.858154247; 6.881229381; 6.911531683; 6.928933564; 6.954986418; 6.970988803; 6.985438663; 6.994209692; 7.026256143; 7.049562198; 7.081726147; 7.090493661; 7.105177223; 7.124269068; 7.175626481; 7.188920804; 7.203729327; 7.212566746; 7.239170009; 7.271764093; 7.273243104; 7.288132639; 7.323766191; 7.340189408; 7.352169617
2025-06-05,PH_LT,0.8659,5.221056724; 5.222327301; 5.235040762; 5.236312877; 5.240037059; 5.240130062; 5.246494833; 5.247675093; 5.251589167; 5.251682338; 5.257773712; 5.257866971; 5.262872933; 5.274634861; 5.281135598; 5.285847116; 5.288683708; 5.292635351; 5.295075141; 5.298536282; 5.299028997; 5.305026878; 5.312613543; 5.316361629; 5.319300322; 5.322862178; 5.323050575; 5.339346428; 5.341819078; 5.388027059; 5.389315825; 5.390343018; 5.396956094; 5.402044336; 5.407754896; 5.409045834; 5.418589835; 5.423758845; 5.432714218; 5.442563375; 5.446807123; 5.452924848; 5.467472846; 5.480379743; 5.493160082; 5.498525613; 5.504957536; 5.524402231; 5.530937453; 5.534631363; 5.541252452; 5.545241483; 5.549036961; 5.556728834; 5.571416473; 5.57377742; 5.58672329; 5.592013264; 5.602452828; 5.61946665; 5.622093813; 5.631753952; 5.651029511; 5.672583056; 5.681352815; 5.705110761; 5.721490477; 5.727613868; 5.751988872; 5.771411705; 5.783382992; 5.783892149; 5.81269381; 5.823369065; 5.842097705; 5.855473976; 5.863900739; 5.880225259; 5.880927406; 5.892299587; 5.903744306; 5.915188904; 5.917878399; 5.925658871; 5.92799886; 5.941464699; 5.942812052; 5.954944519; 5.957016402; 5.970145887; 5.976593104; 5.978617598; 5.996872745; 6.007101509; 6.013119105; 6.016583942; 6.029698782; 6.035021668; 6.041077188; 6.045150779; 6.049799341; 6.060671707; 6.080586758; 6.081243585; 6.086582019; 6.101133716; 6.107031813; 6.127565938; 6.138458494; 6.146657275; 6.151771084; 6.15214247; 6.152248586; 6.154429811; 6.157327954; 6.163141541; 6.16538863; 6.17250844; 6.179445865; 6.181018042; 6.186306981; 6.188865785; 6.202707793; 6.208484746; 6.212609575; 6.240194273; 6.25398085; 6.276149364; 6.292792792; 6.307963338; 6.334354588; 6.349707141; 6.378907875; 6.390048182; 6.394310284; 6.427850344; 6.448819535; 6.451617804; 6.481116503; 6.516215829; 6.533178214; 6.544525787
2025-06-06,PH_LT,0.839,4.903674131; 4.916032656; 4.921598328; 4.923144993; 4.924161294; 4.924382391; 4.924581387; 4.92519977; 4.929421895; 4.929643187; 4.935015835; 4.935215171; 4.935414516; 4.939663214; 4.940060112; 4.94451034; 4.944929298; 4.951418449; 4.953192146; 4.95361092; 4.956003746; 4.972950574; 4.978035067; 4.985186216; 4.987362398; 4.990806083; 4.993206725; 4.995234724; 4.99827799; 5.008069065; 5.008158713; 5.017473588; 5.021882392; 5.026787096; 5.028305901; 5.029465123; 5.034283118; 5.035893139; 5.039193164; 5.040443532; 5.045446401; 5.05429712; 5.072821003; 5.077928926; 5.088061119; 5.095325412; 5.10565534; 5.112930615; 5.114097999; 5.116889161; 5.130311835; 5.130403247; 5.149669103; 5.169221506; 5.17115325; 5.171981194; 5.172418281; 5.17437343; 5.176743099; 5.178653424; 5.187102265; 5.19060301; 5.19249318; 5.212880522; 5.214701988; 5.21717216; 5.218442192; 5.229303747; 5.239386092; 5.240658619; 5.252716004; 5.264793193; 5.270563779; 5.288954294; 5.298618729; 5.302315178; 5.303664959; 5.32728288; 5.327810879; 5.343890595; 5.349027166; 5.350768565; 5.352266046; 5.366287922; 5.368143253; 5.368214386; 5.38039747; 5.393234507; 5.398344602; 5.402166676; 5.411821424; 5.411893029; 5.428547224; 5.448701355; 5.449996572; 5.453883059; 5.46165981; 5.461707903; 5.462956424; 5.468144279; 5.468192419; 5.472036639; 5.472084807; 5.474632244; 5.477228409; 5.47732482; 5.477782804; 5.478526701; 5.479825132; 5.479873357; 5.479921581; 5.486319388; 5.490217619; 5.495417218; 5.49681416; 5.50591995; 5.505968362; 5.513730365; 5.51503259; 5.521594338; 5.539850088; 5.542460289; 5.568641921; 5.579110762; 5.584348538; 5.613196289; 5.621124842; 5.631638497; 5.646109381; 5.69234028; 5.701517454; 5.702914444; 5.704236844; 5.717468531; 5.75995412; 5.777234499; 5.805274717; 5.815868179; 5.842656854; 5.84934377
2025-06-07,PH_LT,0.8172,4.455997298; 4.458671567; 4.467392143; 4.473769966; 4.477492242; 4.480008752; 4.483853624; 4.484305039; 4.48651534; 4.489482438; 4.489828039; 4.496466994; 4.49841224; 4.501567231; 4.507338925; 4.51102736; 4.513196081; 4.516862427; 4.52011989; 4.521792794; 4.522206877; 4.527221454; 4.534908776; 4.535767787; 4.544458309; 4.548180668; 4.551460212; 4.561691259; 4.562273585; 4.57319856; 4.576587261; 4.578217793; 4.579674862; 4.583770067; 4.585853888; 4.590273262; 4.59654977; 4.597281998; 4.600296131; 4.604031486; 4.606717919; 4.607059647; 4.608868564; 4.609608552; 4.609871337; 4.615112834; 4.616419691; 4.616545634; 4.630453952; 4.632735124; 4.638756023; 4.641249795; 4.643786293; 4.654743938; 4.655591184; 4.657941031; 4.662748035; 4.667493716; 4.669952077; 4.673555946; 4.677118628; 4.694036592; 4.699042259; 4.704940529; 4.70498315; 4.720689284; 4.722098845; 4.723138921; 4.73165064; 4.751082735; 4.755953795; 4.77902675; 4.791335874; 4.804787418; 4.805778398; 4.858381647; 4.858762744; 4.866143985; 4.896436396; 4.906830769; 4.922922795; 4.937101943; 4.937777596; 4.950171974; 4.952652527; 4.962845839; 4.970032056; 4.991172606; 4.993684743; 5.001157464; 5.003755944; 5.016140442; 5.037369077; 5.054881818; 5.06848077; 5.068683679; 5.072444601; 5.082123843; 5.086268104; 5.098829021; 5.117719413; 5.124593228; 5.131621395; 5.134096823; 5.150543708; 5.152052222; 5.159407841; 5.189818694; 5.201226308; 5.210167192; 5.216477236; 5.220026908; 5.249586472; 5.25218027; 5.266996156; 5.2879471; 5.301352522; 5.30964087; 5.336974708; 5.341732981; 5.343063841; 5.367526813; 5.370248088; 5.375247529; 5.387994491; 5.421171; 5.426943281; 5.42789836; 5.438536363; 5.453262355; 5.455419074; 5.455494026; 5.471052088; 5.471172494; 5.472596447; 5.482856621; 5.485527031; 5.487602967; 5.491879636; 5.51610593; 5.521657237; 5.534234683
2025-06-08,PH_LT,0.829,4.627456461; 4.638590912; 4.641489652; 4.64299037; 4.647518071; 4.650796406; 4.651707184; 4.659393372; 4.664564461; 4.66799763; 4.669354555; 4.672090228; 4.676375881; 4.683125864; 4.696678547; 4.697762548; 4.700442048; 4.722098845; 4.726757652; 4.732143308; 4.733187993; 4.738053611; 4.739725106; 4.74850234; 4.749181302; 4.751617541; 4.756534465; 4.768338562; 4.774202137; 4.780090323; 4.786781203; 4.789450827; 4.800631292; 4.811430983; 4.816381852; 4.821015407; 4.83243044; 4.838741394; 4.842151931; 4.842905017; 4.843936933; 4.844357956; 4.849446931; 4.851577303; 4.861195769; 4.869941865; 4.873285255; 4.873967768; 4.875880176; 4.897877702; 4.903940827; 4.905898415; 4.912522959; 4.913582434; 4.916120828; 4.921067564; 4.933332928; 4.94551653; 4.949398023; 4.960342136; 4.970321591; 4.970366137; 4.971415491; 4.974138662; 4.975337019; 4.990173708; 4.996398754; 5.002604906; 5.008617755; 5.009708212; 5.027006781; 5.036299302; 5.05405326; 5.058818851; 5.060071265; 5.081957314; 5.090272391; 5.091427055; 5.127909234; 5.131650249; 5.137796788; 5.167060423; 5.17844543; 5.182242949; 5.184274604; 5.215825815; 5.221557649; 5.225690649; 5.229228881; 5.235586784; 5.247086362; 5.270026564; 5.275237928; 5.282837497; 5.302010042; 5.322431787; 5.322542518; 5.325152836; 5.327716622; 5.328951587; 5.347790177; 5.352147783; 5.352787833; 5.366287922; 5.367621644; 5.371552596; 5.374513311; 5.388340617; 5.390870603; 5.407757585; 5.438847901; 5.441436432; 5.442778866; 5.456791778; 5.458352684; 5.459692012; 5.472735127; 5.484493365; 5.492217833; 5.503406981; 5.504067758; 5.504866449; 5.515881031; 5.520191292; 5.534542435; 5.534639681; 5.535506591; 5.53828628; 5.539493917; 5.539956184; 5.540345496; 5.543579961; 5.545762108; 5.546678239; 5.560036372; 5.563003818; 5.584863748; 5.606112693; 5.609411127; 5.625296002; 5.625419207; 5.640608874; 5.645972545
2025-06-09,PH_LT,0.8476,4.803481645; 4.807002861; 4.811728438; 4.822150697; 4.826286868; 4.829074944; 4.836737149; 4.842710695; 4.844282012; 4.845030626; 4.848084463; 4.850580862; 4.855795402; 4.871117081; 4.873182037; 4.874128921; 4.884005778; 4.884937222; 4.890174401; 4.897581368; 4.904268036; 4.925620744; 4.926394899; 4.932076765; 4.933452736; 4.940993396; 4.944976221; 4.964698383; 4.967539084; 4.969597786; 4.980791026; 4.990477506; 4.990589258; 4.991409568; 5.007696292; 5.013236907; 5.023178909; 5.027146785; 5.029847463; 5.032763413; 5.0354429; 5.045536589; 5.047362257; 5.05753413; 5.063955715; 5.073599482; 5.078273992; 5.082222725; 5.116022653; 5.123509344; 5.128434641; 5.129763399; 5.13072666; 5.139788491; 5.140928559; 5.151070993; 5.159798113; 5.166025921; 5.184959714; 5.186272256; 5.191247145; 5.192560423; 5.196316485; 5.219576417; 5.233136093; 5.244586774; 5.25375481; 5.25604878; 5.280283534; 5.294614492; 5.311015002; 5.339213367; 5.372734069; 5.376487325; 5.37782222; 5.411344088; 5.424262278; 5.429481331; 5.441124773; 5.452834821; 5.459307379; 5.4684572; 5.470979845; 5.486633159; 5.503302736; 5.523115823; 5.525795308; 5.537532283; 5.54417944; 5.546741932; 5.558621148; 5.561113423; 5.569871783; 5.573080086; 5.578388865; 5.590029705; 5.605985285; 5.606083556; 5.615173326; 5.621986655; 5.626027282; 5.639046125; 5.640319664; 5.64319847; 5.64970013; 5.653484218; 5.657782863; 5.658698872; 5.659023353; 5.663649145; 5.670440867; 5.673703861; 5.675122536; 5.681821129; 5.68353897; 5.684561242; 5.68872234; 5.693808257; 5.714142014; 5.789668293; 5.869666096; 5.944769534; 6.009464134; 6.06748794; 6.135547599; 6.168043713; 6.233858077; 6.276286799; 6.31903593; 6.365899296; 6.419928137; 6.468724701; 6.500687123; 6.530045377; 6.567788428; 6.583010609; 6.6253111; 6.63931638; 6.673108591; 6.674246148; 6.685765267; 6.686647633; 6.689635659; 6.696467889
2025-06-10,PH_LT,0.8648,4.985383452; 4.998979045; 5.010462312; 5.010538071; 5.011552879; 5.01485638; 5.019512861; 5.024036199; 5.04336253; 5.04544784; 5.046541439; 5.046857272; 5.058285675; 5.071441891; 5.075522753; 5.078652864; 5.07944653; 5.0847939; 5.084915138; 5.091560542; 5.096903746; 5.098297354; 5.106469807; 5.106668742; 5.117860726; 5.132032308; 5.139602633; 5.141516228; 5.171314496; 5.17518167; 5.186230447; 5.186760848; 5.213227568; 5.250625257; 5.264413163; 5.270345658; 5.298641529; 5.303524287; 5.306799954; 5.312249978; 5.332214394; 5.336915964; 5.357706791; 5.36371775; 5.367805184; 5.376719367; 5.377816952; 5.385422263; 5.396956094; 5.425051446; 5.42655309; 5.430366864; 5.441556306; 5.454579652; 5.462501518; 5.479512227; 5.481630183; 5.488053201; 5.50613781; 5.525601086; 5.530094011; 5.554213114; 5.560796162; 5.575134987; 5.578963946; 5.581631454; 5.612999554; 5.614822529; 5.619565109; 5.629108761; 5.657664746; 5.658982321; 5.662935886; 5.670893968; 5.715665997; 5.715770307; 5.723714763; 5.755542915; 5.773693448; 5.806102174; 5.815437741; 5.83334748; 5.839474938; 5.869130092; 5.885053256; 5.917287622; 5.942879805; 5.957693819; 5.971242268; 5.977638239; 6.028133614; 6.032150829; 6.056698258; 6.060724105; 6.075130456; 6.07574083; 6.117064387; 6.123519991; 6.131718899; 6.141514048; 6.179699425; 6.182443319; 6.197414713; 6.220996872; 6.226502055; 6.255060038; 6.263855183; 6.267916112; 6.297024445; 6.308819756; 6.330355732; 6.333451991; 6.348399855; 6.354011145; 6.358318324; 6.386088428; 6.387216389; 6.39584088; 6.421621395; 6.423825274; 6.426701098; 6.435897036; 6.454737328; 6.461858301; 6.468751072; 6.469047033; 6.485429019; 6.505335808; 6.508228826; 6.510286523; 6.514364019; 6.517593317; 6.526588749; 6.557683985; 6.570462739; 6.571986091; 6.58621865; 6.624526549; 6.627698648; 6.643066501; 6.644598105; 6.644824426; 6.66765305; 6.693506912
2025-06-11,PH_LT,0.8529,4.939467842; 4.95904949; 4.960291158; 4.961666461; 4.965682233; 4.969699635; 4.98165; 4.990050384; 4.992198802; 4.993734898; 4.995987203; 4.996919806; 4.99980738; 5.003546479; 5.003599124; 5.019198409; 5.02294455; 5.023878861; 5.024193543; 5.024488775; 5.025872628; 5.028371042; 5.031984694; 5.032119713; 5.042629604; 5.044038618; 5.049822728; 5.0517068; 5.052484813; 5.060316959; 5.067226894; 5.076006969; 5.078199406; 5.080694849; 5.083205464; 5.095487602; 5.095646742; 5.114220064; 5.117860726; 5.123337249; 5.134976315; 5.137204627; 5.137891166; 5.138328815; 5.160921611; 5.168117481; 5.171843668; 5.174236486; 5.175478623; 5.194365041; 5.206907816; 5.211753607; 5.216717118; 5.224692977; 5.234610786; 5.261139443; 5.270146581; 5.272441924; 5.286128113; 5.290183246; 5.303078167; 5.307680534; 5.307974711; 5.335685557; 5.336874266; 5.340928456; 5.345670749; 5.352747936; 5.361367583; 5.366393938; 5.367561927; 5.385449947; 5.387860578; 5.402231844; 5.402973945; 5.403167742; 5.409761685; 5.409881004; 5.421268148; 5.435396995; 5.436691155; 5.443066629; 5.450692758; 5.486946952; 5.503777358; 5.508789241; 5.5180497; 5.537410682; 5.554310636; 5.562152257; 5.566026109; 5.57377742; 5.575086076; 5.606584902; 5.638016619; 5.657763755; 5.676222795; 5.6894246; 5.694709237; 5.722490277; 5.752987871; 5.795542332; 5.80886996; 5.85567768; 5.875768876; 5.890522411; 5.938976509; 5.948409228; 5.959249538; 5.971397539; 5.979554314; 6.018799514; 6.055522384; 6.059600311; 6.070533404; 6.095047699; 6.103308253; 6.14429168; 6.169021896; 6.182789587; 6.196518084; 6.218593055; 6.244839079; 6.258711514; 6.304405059; 6.307282697; 6.318447044; 6.323991948; 6.365731916; 6.404836482; 6.424457795; 6.437143254; 6.44144784; 6.448551647; 6.458458989; 6.479697203; 6.489405059; 6.509646884; 6.511441579; 6.512207237; 6.522410927; 6.523343903; 6.554545616
2025-06-12,PH_LT,0.8298,4.561597308; 4.566862024; 4.568943562; 4.571963114; 4.582265825; 4.584203912; 4.588574216; 4.589935938; 4.590973287; 4.594245774; 4.594572942; 4.597085381; 4.599946902; 4.600742722; 4.601943622; 4.608208184; 4.608870805; 4.610764618; 4.62671094; 4.633047647; 4.633472916; 4.633859999; 4.635882299; 4.649001273; 4.652894934; 4.669672448; 4.673024454; 4.695087061; 4.720413744; 4.72136379; 4.722343133; 4.727703845; 4.73048446; 4.747750749; 4.751805194; 4.752148975; 4.776433268; 4.785743877; 4.801031546; 4.813077388; 4.817338821; 4.820254724; 4.820307267; 4.839794738; 4.840448865; 4.857151343; 4.866752631; 4.875196638; 4.87528436; 4.87849771; 4.89474739; 4.896929563; 4.903322759; 4.910161614; 4.916540537; 4.91771079; 4.925025921; 4.939747711; 4.957174462; 4.959478861; 4.968215506; 4.983206953; 4.995658721; 4.996711903; 5.015319215; 5.026597339; 5.027846177; 5.029050184; 5.036691173; 5.042798068; 5.061572446; 5.064078073; 5.0828881; 5.095445594; 5.110552488; 5.119343349; 5.176144615; 5.17741008; 5.199003392; 5.205331945; 5.218025141; 5.219154733; 5.224376982; 5.235865569; 5.248254567; 5.254961075; 5.268984438; 5.27415815; 5.281817825; 5.299756901; 5.313904888; 5.31511495; 5.322872165; 5.32733872; 5.338331388; 5.339614678; 5.364071153; 5.3670217; 5.373147947; 5.37708086; 5.39110853; 5.393758142; 5.400359649; 5.409310854; 5.413255946; 5.418468608; 5.418494264; 5.425194946; 5.435301482; 5.438967737; 5.440645492; 5.445752092; 5.446255927; 5.451920729; 5.453116994; 5.453836318; 5.454891951; 5.455901064; 5.456524335; 5.458205087; 5.465432071; 5.467186485; 5.470982627; 5.473216905; 5.473828284; 5.483966442; 5.523096533; 5.551517706; 5.590633099; 5.619332647; 5.638760054; 5.664957451; 5.708425218; 5.746708349; 5.750389757; 5.767535375; 5.801744016; 5.818003584; 5.829615885; 5.844192349; 5.869118536; 5.871926441; 5.873522131; 5.878399746
2025-06-13,PH_LT,0.8389,4.604150553; 4.628036574; 4.628373312; 4.629409129; 4.631139865; 4.631144086; 4.63215489; 4.637505088; 4.64094916; 4.646644204; 4.648571106; 4.649925399; 4.650598949; 4.654860418; 4.656803826; 4.666364547; 4.667508548; 4.672513401; 4.676312133; 4.678137128; 4.686905385; 4.693092392; 4.710070179; 4.715702496; 4.728936044; 4.732283213; 4.751475012; 4.752634698; 4.76543348; 4.765713474; 4.780932359; 4.783142931; 4.811247974; 4.814964316; 4.82448929; 4.841430247; 4.853478199; 4.857775202; 4.878715361; 4.894921464; 4.895141508; 4.919013905; 4.927874193; 4.929333382; 4.937881546; 4.952281427; 4.977421139; 4.980672865; 4.985559636; 4.989114374; 5.00263505; 5.029859735; 5.038540007; 5.038549493; 5.040015504; 5.059654934; 5.065919168; 5.07832228; 5.085920363; 5.107146338; 5.114513197; 5.118426438; 5.125910351; 5.125914645; 5.142190143; 5.158534586; 5.163589532; 5.168600735; 5.177456124; 5.192652729; 5.198990589; 5.205423208; 5.23709115; 5.258675661; 5.293199576; 5.299592659; 5.301739714; 5.302150871; 5.327178045; 5.356002507; 5.363715729; 5.370515089; 5.385597193; 5.426943281; 5.438656183; 5.441172719; 5.45041066; 5.451604059; 5.465862871; 5.486681434; 5.498380534; 5.511115495; 5.520582509; 5.523188629; 5.548047732; 5.55457883; 5.560371491; 5.575501832; 5.588809171; 5.612252388; 5.618817788; 5.64657891; 5.64908119; 5.651771408; 5.66905219; 5.675573409; 5.679681441; 5.69413434; 5.710795263; 5.714146384; 5.736946982; 5.743449174; 5.75266405; 5.772594396; 5.772846069; 5.791120977; 5.794064812; 5.798238281; 5.819676915; 5.826250814; 5.834468835; 5.845366945; 5.846806185; 5.849786988; 5.851030147; 5.857307614; 5.86039296; 5.87481177; 5.87814426; 5.878272002; 5.883406748; 5.884415849; 5.934982361; 5.965847062; 5.999153807; 5.999309725; 6.010743913; 6.015121519; 6.066251904; 6.075490192; 6.091706142; 6.10615507; 6.113111501; 6.122803941
2025-06-14,PH_LT,0.8347,4.481998258; 4.515126234; 4.516152149; 4.517853239; 4.517859415; 4.518864949; 4.520731637; 4.526202065; 4.526360511; 4.529441303; 4.530972375; 4.532165302; 4.53606844; 4.544102275; 4.547179085; 4.555866185; 4.573818311; 4.578983532; 4.590346068; 4.590659665; 4.591140561; 4.619028369; 4.620641264; 4.636181065; 4.64641481; 4.646979228; 4.649146497; 4.655771491; 4.658526094; 4.682424456; 4.690137406; 4.693963592; 4.702738728; 4.708141151; 4.710972769; 4.720464378; 4.734624201; 4.741429236; 4.745316101; 4.768997058; 4.781311514; 4.79308659; 4.824910749; 4.825128257; 4.844406528; 4.848015497; 4.85857743; 4.865035554; 4.879929715; 4.883116984; 4.915039152; 4.925995047; 4.926707339; 4.948116453; 4.967290133; 4.997271154; 4.998897168; 4.999986314; 5.013631931; 5.020681025; 5.028385758; 5.042843909; 5.05694683; 5.061843691; 5.067036706; 5.091408371; 5.101934323; 5.118175545; 5.118243969; 5.120648157; 5.130680954; 5.132793697; 5.166552995; 5.168554755; 5.18364733; 5.191293288; 5.200433748; 5.225508597; 5.234575736; 5.238223887; 5.250906583; 5.267475416; 5.276313672; 5.276406881; 5.284067875; 5.330880291; 5.34131314; 5.34553701; 5.362287709; 5.401030355; 5.407794551; 5.422874201; 5.428017078; 5.455226882; 5.461379055; 5.474728618; 5.493701201; 5.500715802; 5.512932177; 5.530670197; 5.542803781; 5.547735106; 5.55034298; 5.558133239; 5.565619588; 5.568641921; 5.584215067; 5.588794519; 5.589064132; 5.590898903; 5.599159993; 5.611932735; 5.660671472; 5.676495809; 5.706931922; 5.707006712; 5.732164635; 5.74948228; 5.753464693; 5.778766238; 5.788157755; 5.800221271; 5.817557046; 5.848362232; 5.887289903; 5.890075994; 5.926438875; 5.940084419; 5.948067247; 5.957687975; 5.984801296; 5.999784564; 6.007907813; 6.036587745; 6.04494304; 6.048808837; 6.080407234; 6.087428378; 6.09004851; 6.100197436; 6.10528504; 6.111350512; 6.119041515; 6.119411292
2025-06-15,PH_LT,0.8145,4.227874984; 4.228855453; 4.230345517; 4.234641387; 4.239606387; 4.240273748; 4.240764625; 4.247716999; 4.248876217; 4.25485003; 4.257504969; 4.269782855; 4.272422538; 4.279769194; 4.289235047; 4.2905428; 4.295201102; 4.300088138; 4.30584946; 4.306075079; 4.311058342; 4.32749582; 4.331199197; 4.332481348; 4.333639506; 4.355608482; 4.361644609; 4.362332012; 4.37024218; 4.37265717; 4.381158573; 4.382616415; 4.394478237; 4.3958969; 4.427215733; 4.429394239; 4.432068404; 4.434165778; 4.446573599; 4.458751297; 4.467653639; 4.500165541; 4.50660246; 4.507565336; 4.51807; 4.529772295; 4.534546552; 4.543905379; 4.543927724; 4.555641598; 4.572031863; 4.578286021; 4.586572206; 4.624955573; 4.633088926; 4.648584269; 4.662167071; 4.678773912; 4.683526715; 4.689258872; 4.690618249; 4.704943044; 4.715709844; 4.724079593; 4.724143737; 4.733187993; 4.756856704; 4.765280087; 4.788405029; 4.7907841; 4.795630322; 4.804857649; 4.827401124; 4.82985394; 4.844538947; 4.84994723; 4.859458918; 4.865395047; 4.872737231; 4.880172127; 4.904845331; 4.908507037; 4.917158743; 4.918528664; 4.950638184; 4.954154262; 4.963932236; 4.974227809; 4.985419457; 5.020617317; 5.028426114; 5.057815054; 5.076808472; 5.080278776; 5.097958771; 5.115612261; 5.116871025; 5.122899309; 5.133946958; 5.142121459; 5.167451167; 5.171705617; 5.17244107; 5.173775161; 5.192843396; 5.194226505; 5.196616662; 5.205563176; 5.216917342; 5.221895945; 5.227973088; 5.243123983; 5.246804198; 5.265414938; 5.274391867; 5.289787088; 5.31800599; 5.332105675; 5.34636407; 5.368143253; 5.388911445; 5.407039297; 5.413423063; 5.418733195; 5.443474324; 5.455060121; 5.469492395; 5.477183523; 5.479973369; 5.515281617; 5.52319595; 5.526912242; 5.55079132; 5.552000177; 5.554808351; 5.569508485; 5.573214019; 5.582941541; 5.591892814; 5.594637191; 5.601660618; 5.622544457
2025-06-16,PH_LT,0.7996,3.99547022; 4.001113559; 4.009981043; 4.014333287; 4.018064578; 4.01868748; 4.021289051; 4.022420622; 4.026948306; 4.028250313; 4.028722579; 4.029212988; 4.038598358; 4.051720102; 4.054804196; 4.058550922; 4.0645554; 4.074163928; 4.092082341; 4.093648083; 4.097408001; 4.105313619; 4.112472507; 4.122047895; 4.139048075; 4.142620117; 4.147360151; 4.157246013; 4.164131882; 4.165868242; 4.168456822; 4.173642575; 4.180272288; 4.181057362; 4.181170597; 4.187810297; 4.199326813; 4.205875996; 4.233368114; 4.234994755; 4.242372816; 4.258263736; 4.260178417; 4.274278832; 4.286849261; 4.303054412; 4.304943456; 4.310899224; 4.314589506; 4.336060958; 4.346408412; 4.346788624; 4.350483317; 4.367316023; 4.375347992; 4.387733945; 4.393984231; 4.436083339; 4.437427038; 4.446531417; 4.452548149; 4.484392397; 4.488890358; 4.491370708; 4.494871892; 4.500629787; 4.510180965; 4.513688526; 4.524342229; 4.536052679; 4.564863002; 4.566017445; 4.566830434; 4.567088766; 4.581453612; 4.594597252; 4.59904656; 4.613743223; 4.618550991; 4.623318966; 4.626547275; 4.629334574; 4.651019702; 4.675167415; 4.678009731; 4.678137064; 4.693314899; 4.715133402; 4.73942931; 4.74431971; 4.744598724; 4.780903868; 4.788078227; 4.798823828; 4.799233931; 4.839670798; 4.850790978; 4.856194418; 4.856347487; 4.857161973; 4.868009812; 4.87672848; 4.877905325; 4.900055912; 4.902573742; 4.91499514; 4.918329488; 4.922415039; 4.924383095; 4.942292559; 4.956496289; 4.957218914; 4.985866032; 4.994579107; 5.007172682; 5.017082943; 5.019713426; 5.027136812; 5.049797169; 5.078684925; 5.095007247; 5.116455885; 5.120392821; 5.128042602; 5.131663736; 5.145881978; 5.147052556; 5.160946171; 5.171245255; 5.186619541; 5.192862443; 5.203375802; 5.208266101; 5.212166601; 5.228757106; 5.230580529; 5.234628307; 5.239275982; 5.241705069; 5.258496517; 5.262881153; 5.265548551; 5.272736652
2025-06-17,PH_LT,0.7772,3.743773129; 3.744620095; 3.746233264; 3.755135715; 3.75596572; 3.756108565; 3.757599462; 3.760706053; 3.760751444; 3.761447016; 3.763028258; 3.76514657; 3.765414924; 3.767549419; 3.769812532; 3.770131599; 3.770489724; 3.770786908; 3.775043791; 3.777513734; 3.779907512; 3.781917499; 3.786197732; 3.789503621; 3.790731749; 3.795008036; 3.79742968; 3.79818139; 3.805907638; 3.805915318; 3.810199329; 3.815640344; 3.820752189; 3.822075227; 3.82327182; 3.831342164; 3.83503109; 3.836881205; 3.848952028; 3.849224997; 3.85351932; 3.855485012; 3.856996536; 3.858231135; 3.865716357; 3.869142714; 3.872570455; 3.874965828; 3.889701937; 3.897713742; 3.900128726; 3.90210147; 3.910391748; 3.91567113; 3.921076887; 3.927916758; 3.92927665; 3.932175127; 3.953215608; 3.954505228; 3.957951378; 3.974658774; 3.97772463; 3.980200205; 3.994380867; 4.001036728; 4.014381476; 4.021862498; 4.026594789; 4.042034777; 4.048629802; 4.065564195; 4.087084129; 4.121123763; 4.125601285; 4.155306081; 4.168812252; 4.172433907; 4.197480723; 4.213549355; 4.217933181; 4.219244421; 4.22147645; 4.231722592; 4.272205734; 4.276852242; 4.288399108; 4.322113572; 4.325476651; 4.341838372; 4.34891898; 4.351120128; 4.367464419; 4.375737225; 4.387360379; 4.396826095; 4.399118204; 4.41206796; 4.434475571; 4.446289324; 4.462852067; 4.475884877; 4.48537391; 4.513894701; 4.523419528; 4.535338146; 4.579621176; 4.584413284; 4.596466095; 4.618083667; 4.633724533; 4.654298141; 4.661539339; 4.674891552; 4.682147091; 4.705241428; 4.712518046; 4.719885166; 4.72465693; 4.740544151; 4.743063081; 4.766292147; 4.771170845; 4.777358667; 4.792016786; 4.81789073; 4.826384386; 4.832604651; 4.851112743; 4.852429322; 4.861037653; 4.874776241; 4.884547489; 4.886088079; 4.902020475; 4.903453779; 4.904600803; 4.933247373; 4.939663214; 4.940239575; 4.943736428; 4.945750178; 4.948452251; 4.956007294
2025-06-18,PH_LT,0.7474,3.374455602; 3.376700973; 3.385095687; 3.391397605; 3.394401697; 3.396653054; 3.398607316; 3.403718427; 3.404489232; 3.405069054; 3.407779749; 3.410939005; 3.417560332; 3.420573953; 3.42210133; 3.422250999; 3.422400674; 3.445489809; 3.447170997; 3.448078569; 3.454161928; 3.455070156; 3.457979657; 3.45910279; 3.464069885; 3.470704407; 3.474861644; 3.479500841; 3.480780693; 3.487444438; 3.487950485; 3.498403334; 3.5013606; 3.503443136; 3.504218433; 3.513046501; 3.515484744; 3.519143743; 3.520089283; 3.521040491; 3.52128707; 3.529697437; 3.544521338; 3.546333782; 3.548087805; 3.555786124; 3.569034931; 3.579209569; 3.581101336; 3.583960218; 3.584154838; 3.585995871; 3.592607255; 3.594449897; 3.597820421; 3.617754713; 3.625593723; 3.633022964; 3.643567584; 3.645094602; 3.654282197; 3.679206862; 3.686700114; 3.687327421; 3.690949657; 3.698329562; 3.701216368; 3.701794245; 3.712617199; 3.717020999; 3.724015411; 3.728868222; 3.734286085; 3.746299195; 3.750684715; 3.755001098; 3.755036784; 3.755528494; 3.757231485; 3.776973109; 3.793488816; 3.796795732; 3.80273977; 3.815724933; 3.828827457; 3.829934096; 3.857560422; 3.857645515; 3.878764631; 3.894162084; 3.896625021; 3.89881877; 3.898855512; 3.900599095; 3.914521463; 3.933536627; 3.934693429; 3.935135814; 3.947020517; 3.960580529; 3.96278982; 3.964006323; 3.964183388; 3.965309279; 3.967724853; 3.96968168; 3.974329001; 3.976647878; 3.977306657; 3.977605236; 3.979693627; 3.979749631; 3.980931218; 3.982150324; 3.98564053; 3.987725046; 3.989829533; 3.992456736; 3.993299008; 3.994351479; 3.997434606; 3.99816897; 3.999765398; 3.999915342; 4.000612346; 4.000893535; 4.005182331; 4.006386184; 4.010639842; 4.015214855; 4.015987638; 4.017362188; 4.019491171; 4.024334228; 4.025839083; 4.029102613; 4.036784699; 4.070360887; 4.075271598; 4.084263159; 4.090735782; 4.091646387
2025-06-19,PH_LT,0.748,3.323102594; 3.324762971; 3.332922474; 3.33308549; 3.333965476; 3.335905089; 3.339345835; 3.346492425; 3.350015852; 3.352646472; 3.35426522; 3.355900872; 3.358790581; 3.361296748; 3.364273458; 3.366997098; 3.368307254; 3.371971981; 3.374726048; 3.374989298; 3.376317538; 3.377749822; 3.394183396; 3.395597808; 3.39689684; 3.400710966; 3.409711726; 3.422122565; 3.422683414; 3.434145389; 3.435374948; 3.440891033; 3.455166894; 3.46278091; 3.486700622; 3.490887963; 3.497490532; 3.500785484; 3.503455639; 3.508619591; 3.517092092; 3.524172064; 3.529190422; 3.530431295; 3.532615788; 3.538251245; 3.53932276; 3.53999829; 3.549546057; 3.552020191; 3.557741596; 3.581015304; 3.586926086; 3.600232427; 3.613060303; 3.61458073; 3.616161194; 3.617021848; 3.630929478; 3.633370907; 3.6353463; 3.636703805; 3.654714361; 3.658953096; 3.666481441; 3.676120326; 3.691403424; 3.696678741; 3.717357392; 3.722921617; 3.733706754; 3.74343873; 3.743492134; 3.747769506; 3.762118188; 3.771779238; 3.774014081; 3.775167559; 3.779478241; 3.78162539; 3.78713021; 3.805907638; 3.810288621; 3.81139294; 3.820147935; 3.829081065; 3.847913913; 3.853118632; 3.864619425; 3.88130184; 3.886358295; 3.901362262; 3.910329373; 3.919592998; 3.933814112; 3.942982099; 3.961964144; 3.96640264; 3.973049448; 3.978773513; 3.99009056; 3.997723234; 4.016232057; 4.016658847; 4.018360789; 4.019937991; 4.021808821; 4.027539662; 4.030991238; 4.041204208; 4.043358007; 4.049176168; 4.052579221; 4.05384643; 4.067549212; 4.068552746; 4.068761685; 4.071111139; 4.086888625; 4.088256287; 4.089700492; 4.091550976; 4.092123482; 4.094155009; 4.097449089; 4.099092083; 4.104598381; 4.105509917; 4.106588122; 4.112435785; 4.115601655; 4.116379915; 4.117426623; 4.118596438; 4.120433054; 4.120855138; 4.121112757; 4.121123763; 4.121814602; 4.122968762; 4.12619667; 4.127225247; 4.128273131; 4.131513518
2025-06-20,PH_LT,0.7488,3.278616064; 3.28366576; 3.287290603; 3.28949315; 3.290142751; 3.292866621; 3.293641855; 3.294550131; 3.29961031; 3.301945984; 3.306233395; 3.308378792; 3.309531571; 3.316014076; 3.320533941; 3.32305581; 3.326146902; 3.328100657; 3.333964127; 3.340417924; 3.357132314; 3.358511881; 3.360040715; 3.361651116; 3.363744639; 3.373422064; 3.378548069; 3.396063452; 3.399420215; 3.403654755; 3.426677575; 3.430302161; 3.430601921; 3.445291528; 3.446752984; 3.461808182; 3.46508804; 3.469910089; 3.476453226; 3.485705561; 3.49124252; 3.512334342; 3.521833112; 3.523929816; 3.52495079; 3.525794026; 3.540626987; 3.550514525; 3.562219224; 3.573595365; 3.584688624; 3.589590244; 3.610437502; 3.618899341; 3.639119776; 3.655278356; 3.655610476; 3.671317429; 3.672495138; 3.674981628; 3.690829049; 3.697414864; 3.700566344; 3.70195684; 3.712427443; 3.723359126; 3.72656278; 3.730867613; 3.732843187; 3.738388367; 3.754581916; 3.759096911; 3.761599741; 3.772208989; 3.779729319; 3.779801058; 3.781930405; 3.802814563; 3.805384538; 3.81827485; 3.824909077; 3.82817374; 3.834815443; 3.841515193; 3.842570459; 3.845896134; 3.847314869; 3.883616821; 3.883675065; 3.905973465; 3.926145258; 3.943843936; 3.950793731; 3.967313879; 3.968818283; 3.977816137; 3.98915085; 4.001609318; 4.006067166; 4.006621587; 4.019679314; 4.027652725; 4.029915974; 4.032499306; 4.046983825; 4.064064658; 4.065152079; 4.068609728; 4.06982234; 4.07288243; 4.075518915; 4.093800294; 4.098276463; 4.111064071; 4.111519051; 4.112182253; 4.113271294; 4.123956257; 4.125842309; 4.127139635; 4.127859268; 4.130032268; 4.130879105; 4.132937112; 4.134235538; 4.148050076; 4.149033873; 4.15363759; 4.15471888; 4.155035711; 4.155931893; 4.157504285; 4.160850819; 4.16610157; 4.168315066; 4.169083326; 4.169257599; 4.172059559; 4.173028444; 4.174552419; 4.177206924; 4.18420107; 4.18545415; 4.19130792
2025-06-21,PH_LT,0.745,3.195011096; 3.198824947; 3.200434784; 3.206587782; 3.209222522; 3.21260311; 3.216992435; 3.219634796; 3.220662534; 3.220821399; 3.222289331; 3.222432358; 3.223020427; 3.227717412; 3.228019756; 3.232576189; 3.234195239; 3.235951929; 3.237134825; 3.241399376; 3.241686699; 3.244491625; 3.258522118; 3.260860596; 3.262510166; 3.269891615; 3.287060454; 3.295648932; 3.297158988; 3.305742611; 3.31768655; 3.317946434; 3.3278239; 3.332123559; 3.334599893; 3.336572517; 3.339033731; 3.342686247; 3.366110369; 3.379052169; 3.380095944; 3.386134009; 3.394183396; 3.402345605; 3.416504868; 3.422122565; 3.427046898; 3.457443376; 3.457483949; 3.458308457; 3.478997141; 3.480362083; 3.49340357; 3.495784285; 3.497709732; 3.512306437; 3.519902471; 3.533582434; 3.538755108; 3.545160853; 3.568508874; 3.570718678; 3.585574753; 3.58666189; 3.613414798; 3.618639163; 3.621046656; 3.646606097; 3.651094376; 3.652952216; 3.656118264; 3.669004207; 3.681389113; 3.708061028; 3.71556212; 3.718347538; 3.721976473; 3.723282354; 3.727941777; 3.728466467; 3.767298871; 3.771109594; 3.777779774; 3.78425771; 3.784311705; 3.784796583; 3.78860889; 3.800662222; 3.801081604; 3.809570951; 3.830473349; 3.834924266; 3.843733386; 3.849078667; 3.852605866; 3.860321934; 3.863654321; 3.882561613; 3.892587714; 3.903796278; 3.929502429; 3.953037857; 3.972135508; 4.030802681; 4.054659191; 4.058064216; 4.063817959; 4.082010798; 4.090038636; 4.10491694; 4.119761657; 4.119895926; 4.127841595; 4.13585166; 4.137131225; 4.140643745; 4.153251492; 4.160290211; 4.167985913; 4.173996363; 4.183274185; 4.184905305; 4.18573104; 4.187110332; 4.192561226; 4.19548359; 4.196538588; 4.198532054; 4.203026588; 4.207857619; 4.214467138; 4.223609783; 4.225099348; 4.228488755; 4.231055886; 4.233114278; 4.247259691; 4.248968463; 4.251187729; 4.253230435; 4.255450583; 4.255824489; 4.26152508; 4.284676866
2025-06-22,PH_LT,0.727,2.994387157; 3.013495893; 3.014495098; 3.0190694; 3.023540162; 3.028210438; 3.029499984; 3.031077938; 3.033414881; 3.03636104; 3.038229092; 3.040371437; 3.042377476; 3.04397289; 3.048732152; 3.049403023; 3.056160494; 3.05817088; 3.062266161; 3.073077784; 3.073128594; 3.081017599; 3.081053977; 3.085553621; 3.085799711; 3.085836634; 3.094523596; 3.097817335; 3.104625279; 3.116396337; 3.12159409; 3.133891137; 3.138476719; 3.143684152; 3.146467279; 3.155879597; 3.157166194; 3.159454523; 3.171851548; 3.17684701; 3.177318567; 3.180147841; 3.189900811; 3.190137301; 3.200139636; 3.201951925; 3.212096041; 3.218033456; 3.22133731; 3.245588896; 3.253630875; 3.254062909; 3.257230567; 3.264764101; 3.279779489; 3.282784362; 3.293035593; 3.294919776; 3.309436383; 3.31172786; 3.326685463; 3.329631386; 3.330087223; 3.336390992; 3.352997059; 3.354495555; 3.376956475; 3.38889656; 3.392931446; 3.394599602; 3.401858193; 3.40594974; 3.413814985; 3.417862086; 3.419620598; 3.425090521; 3.430231425; 3.44058955; 3.444616205; 3.444773614; 3.448046309; 3.451834635; 3.45208556; 3.465666758; 3.476453226; 3.478391232; 3.489909795; 3.495158733; 3.497404543; 3.511027257; 3.516408427; 3.524842247; 3.535473239; 3.540819473; 3.541855021; 3.556844916; 3.556879145; 3.56435014; 3.579381141; 3.591210437; 3.622512565; 3.641979211; 3.66040597; 3.677838392; 3.68980786; 3.699666564; 3.722644195; 3.73796159; 3.743492134; 3.744712635; 3.745755232; 3.747947682; 3.767883813; 3.772208989; 3.781080945; 3.784437231; 3.796773009; 3.803247058; 3.823420884; 3.825415931; 3.8266671; 3.831238855; 3.837955981; 3.840099344; 3.853552511; 3.854899167; 3.855845315; 3.856320037; 3.858576155; 3.858650371; 3.861653013; 3.862074143; 3.863710853; 3.865077542; 3.86783; 3.869051384; 3.870891703; 3.872570455; 3.87268013; 3.877222211; 3.879975865; 3.881202553; 3.887680297
2025-06-23,PH_LT,0.7064,2.767435528; 2.770711635; 2.774570653; 2.776002988; 2.776840168; 2.777193534; 2.781437543; 2.783133339; 2.78406798; 2.789061928; 2.791078244; 2.791963964; 2.792413045; 2.792931589; 2.793899354; 2.79460989; 2.796803491; 2.798105849; 2.800677634; 2.800887435; 2.816067205; 2.820420253; 2.827843404; 2.828832178; 2.83136167; 2.838437791; 2.843180449; 2.843190054; 2.846443564; 2.852911303; 2.853158052; 2.854780423; 2.870257753; 2.873940029; 2.87676132; 2.886842105; 2.888584535; 2.899958317; 2.904991833; 2.905944108; 2.909116282; 2.915244277; 2.916450526; 2.921699274; 2.929368343; 2.933761347; 2.93914033; 2.939713279; 2.944968402; 2.947273787; 2.964882269; 2.967246135; 2.968827294; 2.979566653; 2.984542673; 2.995867066; 3.007984122; 3.008344151; 3.01480577; 3.02114868; 3.022376066; 3.02322347; 3.031546214; 3.037131445; 3.03899649; 3.046166268; 3.058005281; 3.061926916; 3.069498205; 3.075660571; 3.075916149; 3.080912603; 3.081046741; 3.081459755; 3.096993167; 3.098489928; 3.118146281; 3.120079868; 3.121699258; 3.127657897; 3.136219152; 3.147860639; 3.150756044; 3.155797654; 3.164918675; 3.166141738; 3.167851752; 3.16992275; 3.183115416; 3.187124842; 3.198378619; 3.202427683; 3.203531181; 3.207551368; 3.223970646; 3.237337663; 3.240425715; 3.254853259; 3.258980448; 3.287933401; 3.326409569; 3.350426295; 3.352482653; 3.359831548; 3.3902639; 3.392413148; 3.395514264; 3.403003019; 3.405106163; 3.40610827; 3.411468685; 3.412571064; 3.426318058; 3.433769929; 3.44226878; 3.443208647; 3.451901547; 3.457126073; 3.475260804; 3.477517747; 3.480635095; 3.480769772; 3.480920122; 3.48375361; 3.488610435; 3.494787464; 3.494922563; 3.496358344; 3.499449585; 3.500039848; 3.500547077; 3.501036614; 3.502288189; 3.506563822; 3.506819237; 3.508323489; 3.509829591; 3.512417102; 3.51480386; 3.515955128; 3.521711236; 3.521779184; 3.526219261
2025-06-24,PH_LT,0.6935,2.684455975; 2.687311888; 2.692074544; 2.693980586; 2.696603893; 2.698399726; 2.698622707; 2.699353568; 2.699702073; 2.700530645; 2.702709909; 2.707338563; 2.713552062; 2.714792415; 2.719686715; 2.719798832; 2.722638424; 2.723006635; 2.724314856; 2.724809341; 2.726230297; 2.729599102; 2.729823943; 2.72999531; 2.739798285; 2.740261628; 2.74195607; 2.744499533; 2.7460808; 2.747790534; 2.748341214; 2.752497562; 2.755920288; 2.757108996; 2.759769817; 2.773258467; 2.773997645; 2.791170325; 2.792115145; 2.795154387; 2.796346473; 2.800314135; 2.804761614; 2.806347115; 2.808351888; 2.812265971; 2.812719192; 2.823320138; 2.825630433; 2.826760871; 2.834469468; 2.837216125; 2.841988799; 2.844617853; 2.845824144; 2.846890263; 2.847939171; 2.848985039; 2.848995351; 2.85413803; 2.857490738; 2.859245476; 2.86042592; 2.865007171; 2.870602431; 2.879585516; 2.882687892; 2.889301951; 2.890648541; 2.898442505; 2.900230854; 2.904220213; 2.91092754; 2.910986426; 2.912682591; 2.913475515; 2.92047382; 2.930143572; 2.933015946; 2.934477276; 2.934521509; 2.936555483; 2.937865046; 2.947322529; 2.975010065; 2.978982865; 2.980036329; 2.980970105; 2.996843029; 2.998835279; 2.998880425; 3.000828089; 3.003773151; 3.021740957; 3.0237856; 3.024785431; 3.027785761; 3.03078735; 3.036794303; 3.053841338; 3.064893305; 3.088056633; 3.098150715; 3.111448597; 3.112352333; 3.11538919; 3.124569378; 3.144919499; 3.153395825; 3.154136857; 3.155154777; 3.160431263; 3.161262405; 3.165404342; 3.166423816; 3.166453408; 3.167568836; 3.170565857; 3.173689635; 3.173752431; 3.179266177; 3.180382075; 3.189677014; 3.191185344; 3.197343752; 3.19759638; 3.205128243; 3.207668978; 3.208441094; 3.210175463; 3.211799235; 3.212967696; 3.21390271; 3.213914483; 3.214437533; 3.216188922; 3.21626821; 3.2175961; 3.219946524; 3.22227053; 3.225209847
2025-06-25,PH_LT,0.6808,2.527512962; 2.537638149; 2.540921508; 2.546305072; 2.548711019; 2.551211335; 2.552000878; 2.552049419; 2.55363215; 2.55521249; 2.558836053; 2.559146325; 2.560918368; 2.561186694; 2.562569029; 2.56445682; 2.566882256; 2.570976413; 2.573889129; 2.575759872; 2.576289149; 2.576803277; 2.57943289; 2.580449737; 2.582924409; 2.583938338; 2.585230064; 2.58760436; 2.592405165; 2.594606458; 2.596205929; 2.596486932; 2.599191404; 2.600882775; 2.604719324; 2.60576791; 2.606286702; 2.608058265; 2.609016477; 2.610485191; 2.611686233; 2.613758498; 2.620227234; 2.621140294; 2.62515645; 2.625799002; 2.626509521; 2.629502627; 2.634029364; 2.636094817; 2.637203495; 2.645791021; 2.648381267; 2.648807322; 2.650356088; 2.652015149; 2.653908511; 2.66033642; 2.672006344; 2.673739571; 2.674537133; 2.677539639; 2.680155511; 2.686014674; 2.68895327; 2.6908575; 2.702872069; 2.704780303; 2.708891778; 2.710578233; 2.714329862; 2.716241453; 2.720938794; 2.728680426; 2.739224174; 2.756429206; 2.765642825; 2.767909784; 2.769624025; 2.782306025; 2.783200392; 2.792592537; 2.804134743; 2.805427487; 2.805714052; 2.806014979; 2.811299941; 2.814611521; 2.815409333; 2.817177603; 2.822146788; 2.826946861; 2.83180799; 2.834957351; 2.838402676; 2.842297794; 2.843315329; 2.844289609; 2.846195148; 2.859897099; 2.870648013; 2.871582484; 2.877498313; 2.911852583; 2.91584865; 2.93260657; 2.934580747; 2.945508118; 2.946658151; 2.947664258; 2.949464361; 2.949583284; 2.951516501; 2.95267104; 2.955387674; 2.957279342; 2.957741052; 2.958433681; 2.961816704; 2.963061617; 2.966126155; 2.966855737; 2.967593786; 2.971383261; 2.971966253; 2.973317826; 2.97348807; 2.975653415; 2.980270985; 2.981689338; 2.982183917; 2.982498694; 2.982738549; 2.983822788; 2.984097336; 2.988710371; 2.990531366; 2.995359102; 2.995542973; 2.995753504; 2.995964051; 3.002243703; 3.004858172
2025-06-26,PH_LT,0.666,2.322122852; 2.325924557; 2.329056775; 2.329634007; 2.330758241; 2.331782286; 2.336629013; 2.337654258; 2.338270584; 2.338314757; 2.339629283; 2.339635863; 2.342674686; 2.343783504; 2.34448939; 2.347431431; 2.347661262; 2.352064751; 2.354770711; 2.359156814; 2.359598646; 2.360059747; 2.366269992; 2.366405833; 2.379602981; 2.382194083; 2.384684181; 2.386063209; 2.388837239; 2.390727777; 2.392262322; 2.396009899; 2.398287487; 2.400912697; 2.40205281; 2.404880209; 2.406126615; 2.411057762; 2.413974824; 2.414435617; 2.427899521; 2.42951945; 2.429902972; 2.436093375; 2.44473785; 2.444847661; 2.457375116; 2.463078658; 2.467973158; 2.469315071; 2.474650496; 2.482016245; 2.487073408; 2.488562777; 2.489222103; 2.491038712; 2.493427086; 2.496576985; 2.497039332; 2.503876771; 2.511092522; 2.514530558; 2.514728372; 2.522802324; 2.525827541; 2.526062535; 2.5260646; 2.532706237; 2.535639521; 2.536858593; 2.540959903; 2.550492658; 2.554454695; 2.555962437; 2.56200762; 2.562878793; 2.564034897; 2.565585579; 2.569341352; 2.572547747; 2.578365342; 2.57981305; 2.586856772; 2.589735649; 2.591691882; 2.592303221; 2.595265065; 2.596392632; 2.600105376; 2.600813532; 2.601901513; 2.602664084; 2.611237256; 2.613028491; 2.614882587; 2.616801486; 2.623314456; 2.636516734; 2.656371531; 2.663003497; 2.672531106; 2.681080665; 2.697373526; 2.701073675; 2.714399807; 2.715425515; 2.720066312; 2.727855003; 2.73892847; 2.741058504; 2.744193942; 2.745575884; 2.747074048; 2.747186918; 2.749347116; 2.749558912; 2.749913054; 2.75675421; 2.75787189; 2.758904678; 2.760601972; 2.762654193; 2.765386466; 2.765641666; 2.76775232; 2.771154017; 2.771280047; 2.772243897; 2.772245777; 2.773875677; 2.77398936; 2.774783122; 2.775861284; 2.777010759; 2.77817218; 2.778527837; 2.77922242; 2.783040631; 2.784205674; 2.788936033; 2.79005944; 2.790669235; 2.792107038; 2.79290259
2025-06-27,PH_LT,0.6591,2.226605091; 2.230840408; 2.235377897; 2.236901146; 2.237553066; 2.239907018; 2.240029143; 2.240405339; 2.242398538; 2.244595528; 2.246602033; 2.249817254; 2.249886944; 2.250772846; 2.250895387; 2.252131797; 2.253186128; 2.259639567; 2.26331319; 2.264201226; 2.265649314; 2.269051763; 2.270174852; 2.273732053; 2.275153451; 2.27741504; 2.281014625; 2.284825498; 2.288156201; 2.28882353; 2.307684279; 2.30985158; 2.312736601; 2.320884408; 2.321555967; 2.325929541; 2.327047814; 2.333548695; 2.334673723; 2.339358432; 2.349306755; 2.356271459; 2.360818017; 2.361404271; 2.363695424; 2.372328342; 2.383997309; 2.384610376; 2.391060672; 2.395088188; 2.401140551; 2.404840329; 2.405929503; 2.407121629; 2.408326922; 2.412681558; 2.414158032; 2.414507843; 2.419457881; 2.421874336; 2.423530998; 2.436259713; 2.438961431; 2.439300661; 2.440598702; 2.442993374; 2.449025532; 2.450578639; 2.45676694; 2.456943558; 2.459028018; 2.461192435; 2.468857531; 2.469998722; 2.47116634; 2.47344247; 2.481631424; 2.483315994; 2.487369295; 2.488917674; 2.494326662; 2.501750851; 2.502492125; 2.50901633; 2.518180373; 2.519014022; 2.519243234; 2.52082746; 2.521674689; 2.525383239; 2.527238354; 2.530061958; 2.531123142; 2.53470434; 2.541447674; 2.546937722; 2.547681521; 2.550514584; 2.559833602; 2.600064702; 2.601003385; 2.618005336; 2.620829837; 2.627384252; 2.63034963; 2.635067043; 2.63539717; 2.637463826; 2.642581022; 2.645887156; 2.646444293; 2.650356088; 2.652326244; 2.654067975; 2.655953909; 2.657696914; 2.663541501; 2.665345362; 2.66536327; 2.665700164; 2.667376258; 2.668490728; 2.67186321; 2.674130724; 2.67573098; 2.677367986; 2.677874957; 2.678096571; 2.679725857; 2.681341945; 2.682189809; 2.68301591; 2.683820505; 2.686049915; 2.687848571; 2.688668699; 2.691211978; 2.691281488; 2.691573451; 2.693373799; 2.693930211; 2.695314317
2025-06-28,PH_LT,0.6532,2.157363817; 2.157408978; 2.160380067; 2.161539617; 2.166511119; 2.167610317; 2.167991106; 2.170346254; 2.17046575; 2.173840247; 2.176222774; 2.17671365; 2.176905543; 2.179756196; 2.181086744; 2.181590006; 2.182895299; 2.182907844; 2.188967142; 2.195104188; 2.199359336; 2.205640814; 2.210747883; 2.213059915; 2.21330215; 2.215446067; 2.216944868; 2.218616824; 2.22048801; 2.220885706; 2.222614958; 2.223747812; 2.224633527; 2.229835982; 2.242736059; 2.245399092; 2.245512778; 2.246973221; 2.256453267; 2.260222378; 2.261542464; 2.265440105; 2.271599436; 2.275426794; 2.283006093; 2.292774715; 2.302597397; 2.3033193; 2.30458439; 2.305789953; 2.307364121; 2.309452501; 2.309552265; 2.327784677; 2.330069455; 2.334504959; 2.338289062; 2.339313642; 2.340534136; 2.341553801; 2.341741621; 2.349106989; 2.355668662; 2.357716896; 2.358484753; 2.364773082; 2.367866545; 2.375252048; 2.377610558; 2.378121183; 2.380058927; 2.381997374; 2.385427554; 2.388583695; 2.38965638; 2.389859717; 2.392505273; 2.398680445; 2.404772042; 2.406641885; 2.413313954; 2.413767366; 2.414485017; 2.414523598; 2.41457504; 2.415395666; 2.426476313; 2.428533268; 2.429020515; 2.429627331; 2.431759551; 2.43537474; 2.446350055; 2.448181232; 2.450396628; 2.453678117; 2.464067309; 2.464894489; 2.465605304; 2.481238049; 2.486765136; 2.522853698; 2.540493154; 2.544982524; 2.548919767; 2.551807015; 2.552644858; 2.566674174; 2.56678164; 2.568595534; 2.570841065; 2.571015951; 2.574309468; 2.574661145; 2.575459815; 2.576739466; 2.581180338; 2.581809238; 2.581903692; 2.582062326; 2.582183752; 2.588401574; 2.588509696; 2.592096308; 2.592890718; 2.594847825; 2.595017687; 2.595623444; 2.596064032; 2.596551661; 2.596619395; 2.598126886; 2.600048022; 2.600085582; 2.600183618; 2.600441271; 2.600875273; 2.60293264; 2.6050692; 2.607152267; 2.609181742; 2.610189952; 2.615221487; 2.627001489
2025-06-29,PH_LT,0.6474,2.09595757; 2.099060936; 2.101601151; 2.107855252; 2.112432076; 2.112721086; 2.112908681; 2.113096291; 2.114072973; 2.117258659; 2.118486951; 2.120310009; 2.120780168; 2.121404751; 2.124700262; 2.126360199; 2.126460444; 2.129635745; 2.129800289; 2.129824382; 2.13128514; 2.132730814; 2.133442883; 2.134049987; 2.137827931; 2.138302956; 2.141966661; 2.142941577; 2.143036301; 2.144678768; 2.144773545; 2.147285604; 2.154614494; 2.156384204; 2.156854785; 2.156949932; 2.158596456; 2.164972507; 2.166755112; 2.168270374; 2.183983567; 2.184871943; 2.184942355; 2.18574711; 2.186718458; 2.190026127; 2.196400263; 2.200935774; 2.210131789; 2.21268442; 2.214020089; 2.214116965; 2.220965638; 2.226350578; 2.23360864; 2.242342113; 2.242514878; 2.245240896; 2.247662457; 2.251587521; 2.254441381; 2.2558214; 2.258085328; 2.261476126; 2.268848781; 2.272244257; 2.275330671; 2.277097871; 2.281386109; 2.285257282; 2.288177952; 2.292077884; 2.301746961; 2.303608514; 2.309580424; 2.31874499; 2.320462146; 2.325553861; 2.32714758; 2.327656282; 2.329338186; 2.333293352; 2.336761384; 2.348153304; 2.355133602; 2.356886247; 2.361346031; 2.363100486; 2.363366502; 2.376605655; 2.377459612; 2.396390948; 2.401840303; 2.404566868; 2.407294691; 2.408255592; 2.410933747; 2.415537169; 2.426424692; 2.435555889; 2.459362441; 2.473995968; 2.48239496; 2.483315994; 2.487054063; 2.489924879; 2.49263926; 2.495313938; 2.500562928; 2.502848321; 2.50490798; 2.505674012; 2.506201903; 2.507364794; 2.509320504; 2.509968077; 2.511382327; 2.51220196; 2.513868656; 2.51393554; 2.514106199; 2.514226061; 2.514768885; 2.517003455; 2.517124802; 2.519732518; 2.520644735; 2.520828936; 2.521689525; 2.522870377; 2.523281818; 2.528000234; 2.528846263; 2.530372858; 2.530769281; 2.534137922; 2.53481389; 2.534867148; 2.540287145; 2.54051018; 2.542534159; 2.543233565; 2.560006275
2025-06-30,PH_LT,0.6361,2.015246986; 2.01593553; 2.017464667; 2.017880811; 2.019342557; 2.020008886; 2.020190822; 2.022554364; 2.022645408; 2.02358528; 2.027295739; 2.027466713; 2.027740299; 2.028681166; 2.031892614; 2.032931588; 2.033416576; 2.033507949; 2.033690707; 2.034632736; 2.035392083; 2.036065046; 2.036151523; 2.036739539; 2.037368497; 2.03894991; 2.040407983; 2.040499572; 2.040904727; 2.045612099; 2.047057174; 2.047225599; 2.047298101; 2.048262079; 2.048682331; 2.049206959; 2.053566298; 2.05527427; 2.055429238; 2.056128465; 2.07238478; 2.07409891; 2.075026423; 2.077297271; 2.080960377; 2.082363529; 2.085254408; 2.088607728; 2.095572787; 2.097294477; 2.100278866; 2.101210209; 2.106310776; 2.108405445; 2.110471219; 2.111088152; 2.114005807; 2.116082223; 2.118216818; 2.118674889; 2.122227816; 2.122810596; 2.126460444; 2.133012806; 2.139430609; 2.144114166; 2.144129982; 2.146637259; 2.148868383; 2.152200357; 2.153073066; 2.15632732; 2.157804078; 2.160537453; 2.166674318; 2.171667947; 2.174155082; 2.176511683; 2.176643265; 2.176918565; 2.177684351; 2.1779117; 2.178510062; 2.179886634; 2.190658631; 2.198448097; 2.19937316; 2.205418728; 2.210591987; 2.221195239; 2.222859257; 2.243950011; 2.24483408; 2.244882956; 2.245718288; 2.246602637; 2.249305464; 2.254671867; 2.25545381; 2.261763626; 2.269678659; 2.282053946; 2.291792682; 2.298134077; 2.301705308; 2.307716935; 2.312052477; 2.31300981; 2.319428449; 2.324126259; 2.326904383; 2.329004973; 2.330674803; 2.331341143; 2.333105028; 2.334034948; 2.336887071; 2.33742128; 2.337590935; 2.339722203; 2.340357205; 2.340420115; 2.340684357; 2.341130661; 2.344615762; 2.344923531; 2.345452698; 2.345873856; 2.347825446; 2.349891321; 2.351326879; 2.352126803; 2.353280423; 2.35457333; 2.356085703; 2.356148906; 2.356683961; 2.357737465; 2.362197869; 2.365961305
2025-07-01,PH_LT,0.6331,2.054897378; 2.056605493; 2.059032767; 2.065235253; 2.066437318; 2.06865885; 2.071298224; 2.0721071; 2.072941495; 2.074226735; 2.074655533; 2.075188524; 2.076289043; 2.076462805; 2.077923025; 2.077934647; 2.078085288; 2.078861842; 2.079360221; 2.079801004; 2.081215249; 2.082827799; 2.083372831; 2.084393982; 2.084439698; 2.084463666; 2.085810422; 2.087119649; 2.088375148; 2.088691628; 2.088943739; 2.089247453; 2.090326723; 2.091826696; 2.092312402; 2.092861424; 2.093292411; 2.093385608; 2.093463534; 2.094822789; 2.098062183; 2.09882998; 2.099571982; 2.099648592; 2.100526676; 2.101601151; 2.105358341; 2.105433724; 2.105522063; 2.106098507; 2.106167099; 2.106867395; 2.107274879; 2.107730016; 2.108109214; 2.109268915; 2.109850157; 2.111388895; 2.111709058; 2.111994311; 2.112669506; 2.113545246; 2.117258659; 2.117716582; 2.117946719; 2.11887871; 2.121080718; 2.121629536; 2.121645055; 2.127885653; 2.129210627; 2.129569761; 2.130790652; 2.131490154; 2.131873848; 2.132509613; 2.132618111; 2.13572784; 2.137556118; 2.138104506; 2.13895045; 2.140518699; 2.142350348; 2.144181254; 2.144670833; 2.145175815; 2.145317915; 2.145918727; 2.147656761; 2.149015738; 2.149885139; 2.150672585; 2.151209615; 2.153649245; 2.154444565; 2.154519426; 2.155104484; 2.156125264; 2.156427495; 2.157794568; 2.160424111; 2.167398007; 2.17298399; 2.175602788; 2.178653738; 2.179970247; 2.181275718; 2.18171821; 2.187109456; 2.189590964; 2.189639003; 2.190828314; 2.191534273; 2.194199997; 2.196058997; 2.197393016; 2.19771585; 2.198448097; 2.199626163; 2.200216617; 2.202257875; 2.203786823; 2.204181967; 2.204637423; 2.204733961; 2.205602997; 2.208053087; 2.209188883; 2.210499064; 2.211438401; 2.211966634; 2.21356759; 2.213785422; 2.216775222; 2.217965513; 2.219475907; 2.220933421; 2.221292278; 2.222694588; 2.228042229
2025-07-02,PH_LT,0.6243,1.876558855; 1.879957406; 1.883465153; 1.883475047; 1.885834362; 1.886670847; 1.888226008; 1.888726479; 1.891849257; 1.892905278; 1.897425411; 1.89762098; 1.8979474; 1.899082061; 1.900422627; 1.901677318; 1.903444732; 1.904994107; 1.905823654; 1.906162801; 1.90654392; 1.906872203; 1.909445502; 1.910192609; 1.913400178; 1.916625321; 1.917269958; 1.918796777; 1.919837466; 1.920460591; 1.922444025; 1.926068021; 1.928898335; 1.930455241; 1.933470969; 1.933825056; 1.948298264; 1.949134991; 1.949234927; 1.951334861; 1.952009018; 1.96197532; 1.962128969; 1.965686754; 1.968105411; 1.97699505; 1.985234866; 1.987392733; 1.991261503; 1.996572969; 1.997225724; 2.001827946; 2.005396058; 2.006151522; 2.007960221; 2.00883129; 2.009748918; 2.011181602; 2.013299128; 2.01416512; 2.014437499; 2.015167527; 2.017252995; 2.0183083; 2.019272465; 2.022772298; 2.025666492; 2.028362246; 2.02980476; 2.033455274; 2.038684663; 2.039787499; 2.040998067; 2.043335258; 2.044290212; 2.044924452; 2.046797048; 2.050152036; 2.054328198; 2.062697596; 2.063460322; 2.064223139; 2.064511494; 2.068361946; 2.070120029; 2.070883712; 2.071252794; 2.072871438; 2.073162551; 2.075166445; 2.07632424; 2.077308964; 2.078108458; 2.078826918; 2.080310338; 2.080554113; 2.081806537; 2.082525499; 2.083023427; 2.084647205; 2.085552179; 2.085959646; 2.089718992; 2.092297412; 2.094017057; 2.095960789; 2.096751314; 2.104630292; 2.10544344; 2.112252171; 2.113649851; 2.113833176; 2.113872585; 2.113931203; 2.117150828; 2.117352584; 2.117385553; 2.120743077; 2.122230358; 2.123318454; 2.12385401; 2.128450956; 2.128562747; 2.129316662; 2.129370298; 2.134136212; 2.136358497; 2.137272634; 2.137756942; 2.140110625; 2.141285643; 2.142914796; 2.144497039; 2.148602563; 2.149376583; 2.149518871; 2.152173853; 2.152948349; 2.154007918; 2.154150423; 2.156475031; 2.16614973; 2.172254663
2025-07-03,PH_LT,0.6279,1.879859862; 1.879904606; 1.882955161; 1.883889343; 1.884606606; 1.884715167; 1.886562775; 1.886987038; 1.89209937; 1.89433096; 1.896617817; 1.89671593; 1.900289432; 1.900727206; 1.903421397; 1.904815846; 1.910623844; 1.912451534; 1.913490612; 1.913589323; 1.915983744; 1.917646532; 1.921043503; 1.922737286; 1.923470705; 1.927524815; 1.931068325; 1.932736214; 1.933438575; 1.940873678; 1.943491403; 1.944114886; 1.948384186; 1.949134991; 1.950808864; 1.955422101; 1.960339952; 1.960551731; 1.960752384; 1.967490837; 1.96972001; 1.970830014; 1.971052307; 1.980821105; 1.988505175; 1.989731078; 1.990383133; 1.994140059; 1.995164594; 2.001077692; 2.006907078; 2.014437499; 2.015950899; 2.021978797; 2.023403136; 2.024417816; 2.026041442; 2.038538046; 2.043552078; 2.045084623; 2.047600047; 2.049848643; 2.051399235; 2.054977895; 2.056283275; 2.057694866; 2.058599746; 2.05888306; 2.062809234; 2.065319098; 2.068359615; 2.068509792; 2.070662326; 2.074146662; 2.078780631; 2.081168495; 2.085518204; 2.087739078; 2.08833906; 2.08914016; 2.095386251; 2.099158506; 2.107355473; 2.115894443; 2.118937422; 2.120560158; 2.12245371; 2.124446887; 2.127479414; 2.130123583; 2.130942399; 2.136188303; 2.148290887; 2.14915978; 2.150113869; 2.151161405; 2.151767298; 2.154724193; 2.162209955; 2.162478318; 2.165690932; 2.169182914; 2.169968723; 2.17267275; 2.173593358; 2.176870249; 2.194275939; 2.199031144; 2.202000975; 2.20341283; 2.205428306; 2.205986084; 2.206222055; 2.206984987; 2.207007199; 2.207354163; 2.20968077; 2.210499064; 2.218205157; 2.220962702; 2.225908337; 2.227257323; 2.228419117; 2.228692558; 2.229343367; 2.230121937; 2.230870104; 2.230961481; 2.231843727; 2.232214769; 2.233243282; 2.23357777; 2.233906601; 2.234564405; 2.23528881; 2.236225855; 2.241223241; 2.241794398; 2.243093563; 2.243769999; 2.244051017; 2.244373164; 2.246198786; 2.24716909
2025-07-04,PH_LT,0.6372,2.078386753; 2.086428324; 2.095357392; 2.099096696; 2.1004088; 2.10083835; 2.101048637; 2.102582661; 2.102810584; 2.104313073; 2.104386369; 2.108166726; 2.109240546; 2.110810741; 2.112784447; 2.114729878; 2.115981092; 2.116180641; 2.11925055; 2.121268814; 2.121301104; 2.122648883; 2.125689008; 2.128474914; 2.129459778; 2.129811561; 2.13032648; 2.130444455; 2.130507645; 2.130677545; 2.13131133; 2.132178346; 2.132334934; 2.132409933; 2.132468906; 2.132539676; 2.133276336; 2.133879582; 2.13414288; 2.134569398; 2.138477695; 2.139119513; 2.141877082; 2.14200722; 2.144094275; 2.145420673; 2.145768456; 2.151431921; 2.152541577; 2.153542692; 2.155680304; 2.156995521; 2.157521085; 2.157592425; 2.159262105; 2.162937601; 2.163629015; 2.16386394; 2.164819076; 2.167794231; 2.169885143; 2.170134007; 2.170383016; 2.173841776; 2.174214848; 2.176308124; 2.177648391; 2.178438338; 2.181143938; 2.181157995; 2.18500632; 2.186943502; 2.19000763; 2.192205174; 2.192580037; 2.193000885; 2.194737088; 2.195050086; 2.19582073; 2.196753785; 2.199882394; 2.199898875; 2.199961698; 2.20007713; 2.200679897; 2.204544265; 2.204954806; 2.205808235; 2.207575091; 2.209321833; 2.210115096; 2.211381411; 2.21291027; 2.215984693; 2.216501107; 2.218188339; 2.22184657; 2.223544289; 2.223604994; 2.227130009; 2.232824194; 2.233158785; 2.233609491; 2.23398624; 2.234309583; 2.234839115; 2.235009729; 2.236605264; 2.238674954; 2.239936683; 2.245008653; 2.246145646; 2.246500309; 2.248886059; 2.252427765; 2.253786027; 2.253945358; 2.254165989; 2.255456589; 2.256750635; 2.257155499; 2.257486805; 2.258216627; 2.258449818; 2.259088147; 2.260947833; 2.263277569; 2.263867697; 2.264410915; 2.264892643; 2.270885932; 2.270972191; 2.271429506; 2.274504094; 2.276047249; 2.276133642; 2.276689822; 2.277406503; 2.279185894; 2.287286764
2025-07-05,PH_LT,0.6235,1.778003577; 1.781949808; 1.788035454; 1.788234679; 1.7896316; 1.789830965; 1.791260173; 1.794903313; 1.795207101; 1.799157823; 1.799589002; 1.803152935; 1.807034632; 1.80944318; 1.825026429; 1.827698325; 1.830858613; 1.831782201; 1.834197909; 1.835367051; 1.835869581; 1.836003135; 1.839191071; 1.842416677; 1.845029671; 1.849353168; 1.849685623; 1.851100908; 1.853670113; 1.855136234; 1.855166025; 1.857414526; 1.858592089; 1.858853067; 1.865232748; 1.86728943; 1.874087717; 1.87593101; 1.884290954; 1.886901203; 1.888639827; 1.890859058; 1.894635981; 1.905296933; 1.907588661; 1.913498872; 1.914650247; 1.915991709; 1.916388676; 1.918485806; 1.925043797; 1.931959584; 1.934946453; 1.939020224; 1.942660389; 1.950086834; 1.951371948; 1.953235297; 1.954910319; 1.959465195; 1.96423339; 1.976254699; 1.979710179; 1.985346936; 1.987763335; 1.991518449; 1.995164594; 2.001457371; 2.002720771; 2.008056044; 2.010524201; 2.012198555; 2.012705314; 2.023079545; 2.033045038; 2.035795747; 2.037634514; 2.042177339; 2.047152624; 2.047328349; 2.048444824; 2.050865738; 2.059150189; 2.066718541; 2.076023153; 2.078421363; 2.084543461; 2.086898851; 2.089313295; 2.090230779; 2.094378128; 2.100717151; 2.102171078; 2.1023229; 2.105524011; 2.106479504; 2.108157049; 2.110744582; 2.118467772; 2.1211073; 2.139290509; 2.145365283; 2.174095797; 2.178977053; 2.184067513; 2.188955796; 2.189987321; 2.190754746; 2.194647042; 2.196935518; 2.197043865; 2.197104059; 2.199734602; 2.203952724; 2.205168437; 2.205986084; 2.206815916; 2.207338663; 2.207568199; 2.20831031; 2.208374264; 2.210288979; 2.212317426; 2.212539217; 2.213676503; 2.21439062; 2.214874897; 2.215774374; 2.217655103; 2.218595729; 2.218729067; 2.218923026; 2.220174313; 2.220227756; 2.223246079; 2.224352452; 2.224486038; 2.22486255; 2.224893504; 2.225585894; 2.225670939; 2.226595272; 2.232214769; 2.2429592
2025-07-06,PH_LT,0.6126,1.675384128; 1.679123364; 1.685865028; 1.687624445; 1.687638631; 1.688452843; 1.688814422; 1.689414527; 1.691393512; 1.693275745; 1.697019988; 1.699949924; 1.701315424; 1.702241032; 1.70326264; 1.707900243; 1.708089687; 1.709491989; 1.710007958; 1.710891813; 1.711912315; 1.713018426; 1.714158326; 1.714955217; 1.716470175; 1.720537375; 1.722246143; 1.723196342; 1.725440289; 1.72783737; 1.729323217; 1.734206554; 1.737796513; 1.743519936; 1.745067345; 1.752760272; 1.754060619; 1.754418957; 1.75453292; 1.763856352; 1.76418234; 1.773750582; 1.780783974; 1.78290222; 1.785213655; 1.790396017; 1.799589002; 1.805641577; 1.806379899; 1.80748951; 1.809060181; 1.817148018; 1.818469797; 1.825595208; 1.836107104; 1.843172475; 1.850344175; 1.855787195; 1.857777555; 1.862165504; 1.86699525; 1.867448335; 1.879472622; 1.879525351; 1.8833487; 1.888727434; 1.891468238; 1.892273282; 1.895777516; 1.904451907; 1.911227687; 1.911753484; 1.913860758; 1.920702945; 1.920977667; 1.937504837; 1.938062881; 1.939372193; 1.947353904; 1.948799996; 1.949973155; 1.950095247; 1.950332223; 1.950587527; 1.956234467; 1.957227622; 1.95796504; 1.958646888; 1.960278048; 1.961102375; 1.962658866; 1.965090172; 1.967736225; 1.96857551; 1.972725715; 1.972974208; 1.975294825; 1.975339603; 1.980979063; 1.988481272; 1.989558087; 2.004443125; 2.007333786; 2.011752817; 2.014373102; 2.016147227; 2.016645908; 2.019606498; 2.030979654; 2.034470581; 2.035447903; 2.037069432; 2.043812342; 2.044526872; 2.045581656; 2.0499931; 2.051549734; 2.055009134; 2.055319621; 2.055535456; 2.058850804; 2.060283259; 2.061034157; 2.061091766; 2.065470623; 2.065723015; 2.068951026; 2.071623585; 2.071645934; 2.072236487; 2.074309158; 2.076081051; 2.077251039; 2.078166432; 2.078896536; 2.079232698; 2.079290662; 2.07956875; 2.082884728; 2.084845389; 2.096345459
2025-07-07,PH_LT,0.6037,1.628194744; 1.628974429; 1.632269815; 1.633922729; 1.638032892; 1.640174201; 1.64089813; 1.640987394; 1.641929511; 1.642832555; 1.64290141; 1.643755067; 1.643823706; 1.645004755; 1.645661689; 1.647497511; 1.647982854; 1.648115042; 1.652041132; 1.652627469; 1.652727117; 1.653313514; 1.65339828; 1.654009613; 1.655184525; 1.658230295; 1.662165339; 1.66323423; 1.664528046; 1.664575837; 1.666531403; 1.671898851; 1.675472427; 1.675570684; 1.679621826; 1.680502761; 1.684367177; 1.687432552; 1.692790262; 1.694666071; 1.694757218; 1.697930982; 1.699714266; 1.700221436; 1.703490462; 1.704092119; 1.710556753; 1.711444485; 1.712571838; 1.713833424; 1.720414621; 1.723708546; 1.723903089; 1.726840146; 1.729391698; 1.730220537; 1.735306474; 1.735501854; 1.743374287; 1.747731289; 1.748709209; 1.750434584; 1.751485472; 1.756392354; 1.75821886; 1.760501438; 1.772507822; 1.773039371; 1.775229845; 1.77972537; 1.780295592; 1.781531922; 1.787992892; 1.792079128; 1.793088286; 1.795624458; 1.797422995; 1.799244986; 1.799550715; 1.801867951; 1.802226062; 1.803269356; 1.804787145; 1.806410663; 1.82004911; 1.821809871; 1.82645553; 1.828763985; 1.83452018; 1.83464878; 1.841790912; 1.842833377; 1.845106656; 1.848424738; 1.849286762; 1.851895274; 1.853256056; 1.855864589; 1.856579807; 1.85686982; 1.861462225; 1.866308075; 1.877135748; 1.878660296; 1.880472172; 1.883382211; 1.885109071; 1.89652871; 1.902746494; 1.906326887; 1.908548164; 1.910349343; 1.912200164; 1.915379315; 1.920215997; 1.921054596; 1.921809328; 1.921977734; 1.924418095; 1.925694533; 1.928733986; 1.930184009; 1.9303446; 1.93049893; 1.933401052; 1.935008114; 1.935560277; 1.936786542; 1.936946811; 1.93712348; 1.937808647; 1.940903686; 1.94127991; 1.941395517; 1.941915672; 1.943282273; 1.945737838; 1.946347471; 1.946480506; 1.949136895; 1.949806679; 1.955719686
2025-07-08,PH_LT,0.593,1.519229899; 1.526299774; 1.5302954; 1.533884256; 1.53429309; 1.534448992; 1.535778349; 1.538695315; 1.539028574; 1.540057736; 1.540874008; 1.54170366; 1.541804679; 1.54192752; 1.542469639; 1.542881141; 1.544904548; 1.546009972; 1.549369759; 1.549652699; 1.550238069; 1.550788537; 1.551672322; 1.553079403; 1.553114976; 1.553554408; 1.553884102; 1.553976148; 1.5557375; 1.559135698; 1.56012585; 1.562213078; 1.563377595; 1.56375261; 1.564628483; 1.565292701; 1.566609944; 1.568611919; 1.570768927; 1.577323967; 1.577430405; 1.578338695; 1.579099176; 1.579748134; 1.582164072; 1.585517455; 1.598896885; 1.60091363; 1.601485098; 1.602833376; 1.610108902; 1.618201599; 1.618479706; 1.619972843; 1.625215604; 1.629616194; 1.630359523; 1.632864824; 1.633753765; 1.63593319; 1.636230657; 1.637745941; 1.641056905; 1.642623841; 1.653009738; 1.655137157; 1.657851988; 1.659284772; 1.661924395; 1.662074329; 1.66323423; 1.663875561; 1.666938656; 1.671499649; 1.671597841; 1.672749694; 1.677650514; 1.67871647; 1.679375536; 1.681710401; 1.68218847; 1.683573227; 1.68526557; 1.690798797; 1.69136468; 1.694091923; 1.697086756; 1.697329837; 1.700117397; 1.700632097; 1.703342816; 1.704045456; 1.705130366; 1.70563388; 1.707239907; 1.708771718; 1.709739677; 1.714298664; 1.715338065; 1.716727703; 1.71752407; 1.722438639; 1.728646904; 1.735038442; 1.739879137; 1.742286303; 1.75185881; 1.753463966; 1.754244196; 1.756591823; 1.758136818; 1.761290528; 1.761897645; 1.762022194; 1.763703919; 1.772088454; 1.773234581; 1.77552897; 1.778130361; 1.783302082; 1.784926287; 1.785810173; 1.786576704; 1.787529877; 1.788275826; 1.78976979; 1.790019702; 1.791449512; 1.792575286; 1.793953152; 1.795277722; 1.795614984; 1.796477658; 1.798150941; 1.800625191; 1.801867951; 1.80332204; 1.805177156; 1.806305179; 1.806410663; 1.806969454; 1.808952717; 1.809712378; 1.80993418
2025-07-09,PH_LT,0.5877,1.471221832; 1.477146707; 1.479213873; 1.479391895; 1.480981881; 1.48142032; 1.485000228; 1.487314504; 1.490151467; 1.490356863; 1.49110391; 1.491982511; 1.492037736; 1.493281522; 1.494606725; 1.494784421; 1.494796068; 1.495553551; 1.495656523; 1.495768863; 1.497498935; 1.499230566; 1.499558721; 1.500963058; 1.501834318; 1.505188026; 1.505860781; 1.506706918; 1.507455458; 1.507690098; 1.511422847; 1.511923787; 1.513331983; 1.514727913; 1.515511137; 1.517468209; 1.518447802; 1.520997033; 1.528357402; 1.529437176; 1.536983535; 1.539965089; 1.540057736; 1.542911277; 1.543706817; 1.546602315; 1.546617026; 1.553313484; 1.559597378; 1.566004879; 1.566081638; 1.571612138; 1.573221336; 1.580756678; 1.581881007; 1.585014273; 1.585266509; 1.585676856; 1.590356637; 1.592152561; 1.592951395; 1.594502974; 1.594769478; 1.595270107; 1.595904762; 1.596706624; 1.597839787; 1.598084471; 1.598781265; 1.600006857; 1.600230844; 1.600909452; 1.601714667; 1.606588355; 1.60761558; 1.608015236; 1.611491156; 1.611778947; 1.614560663; 1.614841988; 1.614894283; 1.619828465; 1.6201405; 1.620278171; 1.621411837; 1.622122693; 1.623054624; 1.625944575; 1.625958088; 1.630422579; 1.630533689; 1.632679975; 1.635856326; 1.652083548; 1.653067904; 1.663935574; 1.668724259; 1.670210044; 1.672472797; 1.674991458; 1.675639863; 1.67637876; 1.677218274; 1.67795742; 1.681997141; 1.682667215; 1.68502799; 1.685859112; 1.687400768; 1.689726762; 1.694348165; 1.703746846; 1.703929647; 1.704086073; 1.704541097; 1.70679252; 1.712297728; 1.71598192; 1.716013076; 1.7184939; 1.719403061; 1.720946041; 1.722877872; 1.724013034; 1.724779543; 1.726232631; 1.727511396; 1.72932345; 1.732683158; 1.734968349; 1.73624912; 1.736812487; 1.737203189; 1.74099874; 1.74250747; 1.744160975; 1.748364576; 1.749813672; 1.754484063; 1.755287056
2025-07-10,PH_LT,0.5875,1.489684641; 1.495448609; 1.500688319; 1.503983744; 1.504109392; 1.505541238; 1.505644613; 1.506387217; 1.508840314; 1.509244969; 1.509694274; 1.510730011; 1.51106642; 1.511098701; 1.51149034; 1.51204726; 1.512147142; 1.515743787; 1.517681918; 1.518556931; 1.51931873; 1.520698475; 1.52225376; 1.523079162; 1.524655248; 1.528357402; 1.530243666; 1.531197127; 1.53568554; 1.538850744; 1.54116874; 1.543550754; 1.544310492; 1.545850247; 1.546090927; 1.547383944; 1.54977886; 1.550727786; 1.553208066; 1.55402909; 1.561549289; 1.563416008; 1.568285491; 1.571149787; 1.571458676; 1.571714261; 1.574438709; 1.576342138; 1.57660316; 1.578762416; 1.579352761; 1.580810422; 1.586143869; 1.587856189; 1.588613693; 1.590227328; 1.600708542; 1.601387415; 1.602251741; 1.6062202; 1.607078808; 1.607376565; 1.609442571; 1.611567298; 1.612649823; 1.612977667; 1.613520193; 1.614704667; 1.614933697; 1.615077545; 1.615274156; 1.61555857; 1.615934792; 1.616838364; 1.618586317; 1.619368354; 1.619673156; 1.61979578; 1.620300047; 1.62055836; 1.620851105; 1.621547202; 1.62162118; 1.62233922; 1.623062274; 1.623414551; 1.623465932; 1.624108125; 1.625584159; 1.627869153; 1.628571239; 1.6292847; 1.632377517; 1.632399318; 1.632804557; 1.633143441; 1.63419214; 1.636181707; 1.637053612; 1.637974689; 1.639163476; 1.642533728; 1.643278196; 1.647961057; 1.651099475; 1.654240131; 1.659606739; 1.661357417; 1.662047086; 1.662781342; 1.665250056; 1.665513443; 1.666037529; 1.666508062; 1.669188818; 1.67039188; 1.670632587; 1.673331837; 1.673476583; 1.673894081; 1.67441632; 1.674769223; 1.674839531; 1.67490418; 1.675251391; 1.67591458; 1.67648294; 1.677121711; 1.67765466; 1.678917663; 1.679561628; 1.680296348; 1.681640334; 1.683729894; 1.685900937; 1.689339073; 1.689928802; 1.691441924; 1.69250708; 1.693157814; 1.696682941
2025-07-11,PH_LT,0.5854,1.431340321; 1.434468947; 1.435973847; 1.438107619; 1.438584922; 1.439797624; 1.441408371; 1.443359643; 1.443765417; 1.444769313; 1.445086552; 1.445248077; 1.446717497; 1.447418214; 1.448036158; 1.449153001; 1.449619545; 1.44970741; 1.45030642; 1.450994766; 1.451421238; 1.452151126; 1.45233064; 1.452799313; 1.455250335; 1.455986261; 1.456602012; 1.458768719; 1.468862212; 1.471960964; 1.472076652; 1.474039458; 1.475089735; 1.475741262; 1.476597117; 1.482427489; 1.482632252; 1.483089351; 1.485448162; 1.490646346; 1.491953858; 1.493112486; 1.494523635; 1.498517162; 1.499733239; 1.501707889; 1.509101362; 1.512713371; 1.522704889; 1.527949173; 1.530239378; 1.532530843; 1.540178169; 1.541848445; 1.547072743; 1.549939707; 1.554843709; 1.555889908; 1.55591969; 1.55763862; 1.558917909; 1.559224501; 1.561271763; 1.56624442; 1.571801103; 1.573014972; 1.577375044; 1.577864731; 1.579110819; 1.579803588; 1.584216371; 1.585626805; 1.586186634; 1.590692839; 1.59154835; 1.596586725; 1.598758005; 1.598884758; 1.600065384; 1.605381367; 1.60605052; 1.606842661; 1.611843933; 1.612821396; 1.613540563; 1.619612212; 1.622713284; 1.623460373; 1.6269553; 1.629811885; 1.631925007; 1.637678001; 1.64986939; 1.65192571; 1.652309548; 1.652780636; 1.654501012; 1.656922065; 1.65697193; 1.659279986; 1.660166093; 1.661789039; 1.66557393; 1.665623962; 1.668374279; 1.668724259; 1.669659923; 1.673453947; 1.674462215; 1.676900532; 1.683009775; 1.685180516; 1.688012327; 1.690781308; 1.693923212; 1.696399342; 1.697782875; 1.699237712; 1.700571239; 1.701547567; 1.702087721; 1.702140746; 1.70457355; 1.70479702; 1.705164659; 1.705428814; 1.70595904; 1.706324912; 1.706855214; 1.707780526; 1.708034813; 1.708209273; 1.709188832; 1.709972444; 1.710706684; 1.712124544; 1.714226536; 1.714624163; 1.71598192; 1.716839491; 1.717146073; 1.717523708
2025-07-12,PH_LT,0.5765,1.384547352; 1.401005783; 1.408303668; 1.414239162; 1.414763754; 1.422331026; 1.422512836; 1.424716614; 1.424854123; 1.430277345; 1.43113976; 1.433464414; 1.433912977; 1.435950675; 1.442230952; 1.444504301; 1.445807846; 1.446930417; 1.447093856; 1.447553813; 1.450175531; 1.450838716; 1.453236564; 1.454431867; 1.454992601; 1.456900803; 1.457153559; 1.457356008; 1.461176209; 1.461238649; 1.462454524; 1.463431881; 1.463689108; 1.463832107; 1.464148312; 1.464552013; 1.464795362; 1.465204864; 1.465334127; 1.466504125; 1.467049223; 1.468629286; 1.469026889; 1.469091625; 1.470011406; 1.471144165; 1.471259539; 1.471539766; 1.472178765; 1.472454373; 1.474105658; 1.474981103; 1.476841543; 1.47841325; 1.479484026; 1.480804544; 1.482052439; 1.482685788; 1.484651416; 1.486524152; 1.490170306; 1.493669652; 1.494024637; 1.494650713; 1.494939876; 1.495173555; 1.497107028; 1.497405494; 1.498919492; 1.498966298; 1.499126584; 1.499649812; 1.499770343; 1.500005723; 1.500733818; 1.501949164; 1.50210066; 1.503560343; 1.504842191; 1.507453751; 1.511051609; 1.512667685; 1.512721274; 1.513377453; 1.513528137; 1.517106279; 1.518897763; 1.525206709; 1.531653187; 1.532891051; 1.534095279; 1.534465741; 1.536050557; 1.53687173; 1.537810561; 1.538831861; 1.539815417; 1.540056488; 1.544752168; 1.544952505; 1.547911112; 1.548073498; 1.549501071; 1.554659029; 1.559371367
2025-07-13,PH_LT,,
2025-07-14,PH_LT,,
2025-07-15,PH_LT,,
2025-07-16,PH_LT,,
2025-07-17,PH_LT,,
2025-07-18,PH_LT,,
2025-07-19,PH_LT,,
2025-07-20,PH_LT,,
2025-07-21,PH_LT,,
2025-07-22,PH_LT,,
2025-07-23,PH_LT,,
2025-07-24,PH_LT,0.4981,0.716045874; 0.717298038; 0.721472654; 0.722850818; 0.724995336; 0.727808896; 0.728115168; 0.730455529; 0.731108645; 0.732954029; 0.73377159; 0.752710977
2025-07-25,PH_LT,0.4956,0.656486416; 0.667968286; 0.670230454; 0.672034261; 0.674080054; 0.679359382; 0.691308506; 0.69166127; 0.698832921; 0.703479986; 0.705604259; 0.705855686; 0.708640541; 0.731333861; 0.740347388; 0.743748965; 0.747281582; 0.748977711; 0.750631342; 0.75970078
2025-07-26,PH_LT,0.4912,0.639457081; 0.640111808; 0.64937368; 0.65397508; 0.654564699; 0.655526236; 0.655686496; 0.657363225; 0.664521944; 0.66792169; 0.671487507; 0.673000629; 0.676572904; 0.678631058; 0.678770189; 0.684439228; 0.687651711; 0.68926547; 0.690755338; 0.705410155; 0.707343141
2025-07-27,PH_LT,0.4869,0.599582575; 0.610610929; 0.618559087; 0.619555229; 0.620637348; 0.620723453; 0.621908755; 0.624386474; 0.625010715; 0.62523523; 0.626653366; 0.630355435; 0.630819508; 0.634212676; 0.650892827; 0.654409403; 0.655221027; 0.661926501; 0.663791928; 0.666323286; 0.676356131
2025-07-28,PH_LT,0.4827,0.577195412; 0.583345739; 0.58564357; 0.585751744; 0.588404671; 0.589732718; 0.590113408; 0.590597286; 0.591604318; 0.591865767; 0.592985533; 0.593116478; 0.604278211; 0.60428329; 0.615813371; 0.616780023; 0.616966171; 0.622844433; 0.630869274; 0.643326272
2025-07-29,PH_LT,0.4814,0.578572787; 0.581635508; 0.582034352; 0.582322217; 0.582953238; 0.585053343; 0.585468945; 0.586768933; 0.587454803; 0.587900382; 0.588777557; 0.591015371; 0.592313534; 0.592486929; 0.593228762; 0.595362344; 0.597336259; 0.598347003; 0.599990985; 0.60047107; 0.601606418
2025-07-30,PH_LT,0.4795,0.536428212; 0.536816927; 0.540076877; 0.543190591; 0.54849153; 0.549711354; 0.55449437; 0.555383499; 0.557332441; 0.557719848; 0.579552058; 0.585479744; 0.589109146; 0.599461537; 0.606949738; 0.607699367; 0.611153674; 0.611411568; 0.615861534; 0.621198265
2025-07-31,PH_LT,0.4816,0.54423133; 0.546941902; 0.555395299; 0.560847443; 0.561963668; 0.56599072; 0.568621804; 0.578197761; 0.58231392; 0.584232879; 0.597279872; 0.597810109; 0.602032244; 0.602048438; 0.617875953; 0.620420455; 0.623153578; 0.626433298; 0.635492859; 0.63562072; 0.635972417
2025-08-01,PH_LT,0.4885,0.599979053; 0.608478684; 0.626024687; 0.626598538; 0.627685938; 0.628906509; 0.632715893; 0.638277895; 0.639707468; 0.642100441; 0.643770974; 0.652952098; 0.658129122; 0.660804381; 0.664410479; 0.670258761; 0.677517142; 0.681915821; 0.686302808; 0.693759597
2025-08-02,PH_LT,0.4863,0.581695228; 0.587145079; 0.590616715; 0.591242803; 0.596582985; 0.598110223; 0.599744453; 0.600028993; 0.613309389; 0.616305774; 0.617139589; 0.620692657; 0.632914735; 0.644822572; 0.659322092; 0.67064229; 0.676902602; 0.679628472; 0.682207769; 0.686077704; 0.688240485
2025-08-03,PH_LT,0.4771,0.514607206; 0.515958807; 0.534005639; 0.534023479; 0.534759757; 0.534989522; 0.537390276; 0.541771994; 0.542804451; 0.55210115; 0.553569848; 0.556284353; 0.556938252; 0.568894216; 0.572949006; 0.575030774; 0.578916066; 0.582689943; 0.594852679; 0.596781901; 0.600427367
2025-08-04,PH_LT,0.4703,0.475656419; 0.48085676; 0.483723923; 0.486315165; 0.486885544; 0.487134748; 0.487227335; 0.491694567; 0.492162041; 0.495981854; 0.49776983; 0.500226564; 0.500286764; 0.502553934; 0.522151413; 0.530636838; 0.530669012; 0.531297426; 0.538944948; 0.541473597
2025-08-05,PH_LT,0.4678,0.420350676; 0.453801378; 0.467870892; 0.476974976; 0.47797831; 0.480363208; 0.481976501; 0.482013727; 0.483674361; 0.484787393; 0.48702652; 0.488697634; 0.491390614; 0.492469926; 0.494413249; 0.495370595; 0.496748183; 0.496859552; 0.499736879; 0.50000092; 0.504081487
2025-08-06,PH_LT,0.4664,0.440161813; 0.44573394; 0.451518481; 0.452307769; 0.4597072; 0.46229995; 0.463813038; 0.465410855; 0.468389366; 0.473957333; 0.47581036; 0.482879502; 0.483767791; 0.48555001; 0.486823948; 0.489388271; 0.490004201; 0.493791582; 0.496750772; 0.499421861
2025-08-07,PH_LT,0.4657,0.437935308; 0.440912425; 0.447779995; 0.448995208; 0.450521031; 0.452800712; 0.454430202; 0.455540236; 0.456908357; 0.457211968; 0.461014938; 0.465254986; 0.473694468; 0.475719186; 0.487501787; 0.487638101; 0.488225336; 0.488518941; 0.489415492; 0.499195502; 0.503138053
2025-08-08,PH_LT,0.4619,0.417285357; 0.425539988; 0.426992039; 0.428128989; 0.428824832; 0.428997055; 0.431501376; 0.432659341; 0.433862765; 0.434138136; 0.437363999; 0.439508911; 0.442224852; 0.447050152; 0.450944233; 0.452358171; 0.455214655; 0.456995464; 0.459806836; 0.460749995
2025-08-09,PH_LT,0.46,0.391532344; 0.407417314; 0.408567367; 0.409018056; 0.410637349; 0.411310397; 0.412704449; 0.414383509; 0.415075819; 0.415450346; 0.41657933; 0.418908747; 0.422501492; 0.42626196; 0.431389964; 0.441227745; 0.442282704; 0.444997499; 0.454246607; 0.465897761; 0.470429671
2025-08-10,PH_LT,0.4545,0.366846678; 0.36912164; 0.369729235; 0.36986521; 0.36990647; 0.376054526; 0.377146482; 0.377362579; 0.378010555; 0.379540893; 0.386110229; 0.38854288; 0.389222958; 0.391622881; 0.391777327; 0.39248145; 0.39425886; 0.394504748; 0.399458715; 0.402394363; 0.40746381
2025-08-11,PH_LT,0.4542,0.360898625; 0.361534657; 0.36289273; 0.368154045; 0.368593464; 0.369724182; 0.37038329; 0.371266563; 0.379114741; 0.381443314; 0.382518823; 0.38451548; 0.387831003; 0.387982179; 0.393894272; 0.397286907; 0.398304876; 0.40280863; 0.403675057; 0.41583437
2025-08-12,PH_LT,0.452,0.322760302; 0.346508272; 0.348438331; 0.348871287; 0.348998681; 0.350805627; 0.350978145; 0.354249215; 0.366281884; 0.369111715; 0.373058159; 0.375487083; 0.377963108; 0.378312633; 0.378676656; 0.380188431; 0.382870825; 0.385239864; 0.38699854; 0.388235769; 0.388608904
2025-08-13,PH_LT,0.4512,0.334925869; 0.335022355; 0.335311731; 0.336333519; 0.346431341; 0.346785328; 0.350324157; 0.354614001; 0.354745401; 0.356286108; 0.360771954; 0.361914101; 0.365253566; 0.367249281; 0.376991029; 0.37893729; 0.385324721; 0.385499771; 0.389094119; 0.390837529
2025-08-14,PH_LT,0.4506,0.321423766; 0.328524403; 0.335937051; 0.336623623; 0.340608453; 0.346368057; 0.347860434; 0.348904015; 0.350813859; 0.352494209; 0.354104549; 0.354347396; 0.3690381; 0.370838476; 0.372829294; 0.373939384; 0.37478346; 0.376125884; 0.377264978; 0.377766639; 0.380128696
2025-08-15,PH_LT,0.4492,0.321779588; 0.322721075; 0.323693524; 0.329190442; 0.331538184; 0.333619734; 0.334813583; 0.337787533; 0.338881663; 0.339045287; 0.344700662; 0.348511272; 0.352381086; 0.35289198; 0.359415471; 0.365819274; 0.36956641; 0.372204342; 0.373656606; 0.373887696
2025-08-16,PH_LT,0.4494,0.33363466; 0.335957454; 0.336074518; 0.337899901; 0.340510286; 0.342200207; 0.3424047; 0.344727735; 0.346231145; 0.348826901; 0.349173544; 0.349364665; 0.349441053; 0.350068999; 0.350218854; 0.353745863; 0.358194911; 0.358773156; 0.358830871; 0.359080629; 0.360039385
2025-08-17,PH_LT,0.4481,0.310449826; 0.322449714; 0.324880055; 0.325860301; 0.326119403; 0.32696352; 0.327498258; 0.329107585; 0.332410645; 0.333030382; 0.335123932; 0.3377849; 0.340568045; 0.341138521; 0.344148668; 0.351780258; 0.356214176; 0.35834804; 0.362146998; 0.362588222; 0.364498093
2025-08-18,PH_LT,0.444,0.286104358; 0.288842029; 0.290840032; 0.29149196; 0.29278385; 0.293753178; 0.296492766; 0.300119538; 0.304395029; 0.305471762; 0.305805121; 0.307602629; 0.308766099; 0.310552147; 0.328626531; 0.329190442; 0.333990825; 0.342429183; 0.342741091; 0.343805514
2025-08-19,PH_LT,0.4422,0.274331499; 0.27437856; 0.275164108; 0.275878305; 0.278382967; 0.279960741; 0.283517315; 0.295455823; 0.29987952; 0.303519979; 0.304508591; 0.304523092; 0.306409195; 0.307763841; 0.309016854; 0.30962984; 0.310093738; 0.310324445; 0.317953136; 0.324138502
2025-08-20,PH_LT,0.4414,0.271164772; 0.272937267; 0.273182265; 0.281446432; 0.281607123; 0.285936805; 0.286855217; 0.287388554; 0.288281784; 0.291236904; 0.291580874; 0.294626963; 0.297607984; 0.297753452; 0.298986921; 0.301387682; 0.30313975; 0.305511602; 0.312869971; 0.314776154
2025-08-21,PH_LT,0.4387,0.24502029; 0.258870324; 0.259143004; 0.261747484; 0.261793182; 0.262123678; 0.269861023; 0.271444235; 0.271483465; 0.27552361; 0.276978381; 0.277432674; 0.277570427; 0.277724837; 0.27978566; 0.280738334; 0.280966923; 0.281680555; 0.286436972; 0.288135805; 0.296649516
2025-08-22,PH_LT,0.4383,0.246548065; 0.252503943; 0.253129265; 0.253973154; 0.254910167; 0.256438837; 0.256455706; 0.26540589; 0.269932328; 0.274037902; 0.275490263; 0.277029626; 0.278461031; 0.278610713; 0.279282224; 0.281649362; 0.284222064; 0.285446749; 0.286643916; 0.298051136
2025-08-23,PH_LT,0.4401,0.255504136; 0.256831389; 0.261153553; 0.26588063; 0.271535919; 0.273465792; 0.273845095; 0.275932109; 0.284937561; 0.286856911; 0.288793434; 0.290456318; 0.290959316; 0.291169399; 0.292172993; 0.292238367; 0.292743312; 0.293875564; 0.294368286; 0.294940065; 0.30479519
2025-08-24,PH_LT,0.4392,0.239881424; 0.245991878; 0.248993962; 0.249813106; 0.250601612; 0.252587803; 0.254537874; 0.260860335; 0.270580598; 0.280002094; 0.287967762; 0.288661782; 0.289772701; 0.289997038; 0.292208424; 0.292371605; 0.294077859; 0.299857952; 0.301673284; 0.308834012; 0.315003959
2025-08-25,PH_LT,0.4551,0.314704559; 0.318278418; 0.322476883; 0.323149195; 0.323189406; 0.329665528; 0.330779989; 0.331043895; 0.341465373; 0.35311321; 0.380604086; 0.409338236; 0.419837263; 0.432038116; 0.454368472; 0.465964078; 0.471131994; 0.48884544; 0.493984932; 0.496636093
2025-08-26,PH_LT,0.467,0.440278792; 0.446258776; 0.448343551; 0.451503683; 0.452337139; 0.456992633; 0.462796396; 0.472134611; 0.473478941; 0.473599418; 0.478201499; 0.487714753; 0.488327043; 0.489687861; 0.494332283; 0.49491076; 0.502246582; 0.502737206; 0.503714488; 0.504438419; 0.508229224
2025-08-27,PH_LT,0.4776,0.497927319; 0.500777305; 0.507567171; 0.509662576; 0.512382854; 0.530961183; 0.531930982; 0.537531617; 0.547251859; 0.556127513; 0.573880522; 0.586606691; 0.589979691; 0.594627462; 0.59935684; 0.600867207; 0.602114385; 0.604208946; 0.605790663; 0.616144536
2025-08-28,PH_LT,0.4785,0.535993878; 0.545874061; 0.550048184; 0.550060876; 0.552783296; 0.553605636; 0.555069106; 0.556243364; 0.556945067; 0.561105731; 0.564520702; 0.566600682; 0.577715732; 0.581948073; 0.58451148; 0.586963433; 0.588954254; 0.594591068; 0.595891711; 0.598377247
2025-08-29,PH_LT,0.4705,0.468035414; 0.469456455; 0.476323582; 0.478252127; 0.485159411; 0.486416302; 0.4879816; 0.489599904; 0.499878418; 0.50259169; 0.510875979; 0.51597539; 0.517709417; 0.519944311; 0.521446478; 0.521675568; 0.524625003; 0.528437434; 0.539239358; 0.542512364
2025-08-30,PH_LT,0.473,0.500959461; 0.502833726; 0.509663926; 0.510249621; 0.514430735; 0.516533281; 0.517057148; 0.518882111; 0.52247026; 0.524438751; 0.525677772; 0.526062605; 0.526698609; 0.526737602; 0.52867852; 0.53261148; 0.537820503; 0.538252047; 0.540645591; 0.541957338; 0.544468402
2025-08-31,PH_LT,0.4688,0.45677905; 0.459912412; 0.462918796; 0.467398253; 0.467806345; 0.468517388; 0.469456455; 0.469779973; 0.471959934; 0.472096901; 0.474117073; 0.47443614; 0.476044295; 0.484240981; 0.525504435; 0.529311273; 0.534639994; 0.536084894; 0.537868495; 0.53813968; 0.554566956
2025-09-01,PH_LT,0.4597,0.392961856; 0.396052025; 0.397347796; 0.400464718; 0.402082214; 0.402657912; 0.402878598; 0.404919324; 0.406116872; 0.407881413; 0.410571175; 0.412550962; 0.417474347; 0.419212232; 0.45271575; 0.453243398; 0.460910029; 0.467760038; 0.474875574; 0.475080608
2025-09-02,PH_LT,0.4524,0.332256549; 0.339449301; 0.343571327; 0.34656991; 0.347124075; 0.348211094; 0.354040311; 0.354241834; 0.36186208; 0.362874483; 0.36292567; 0.363093992; 0.365715396; 0.368347674; 0.391976304; 0.398164789; 0.399433448; 0.401006858; 0.406788212; 0.406982527; 0.407187682
2025-09-03,PH_LT,0.4485,0.309753038; 0.310155321; 0.312103663; 0.312411037; 0.313036383; 0.317422288; 0.332523175; 0.336374206; 0.337056236; 0.337310542; 0.343064529; 0.345750698; 0.347667814; 0.351007185; 0.353652347; 0.359443774; 0.366043597; 0.382095314; 0.383416754; 0.386802096
2025-09-04,PH_LT,0.4464,0.292509007; 0.294765062; 0.298499302; 0.30013548; 0.308615644; 0.311561157; 0.311716617; 0.318113259; 0.318278418; 0.321864951; 0.322040726; 0.323138002; 0.327387248; 0.331202182; 0.34747135; 0.349059145; 0.354741475; 0.356052462; 0.356390615; 0.357807509; 0.364791725
2025-09-05,PH_LT,0.4455,0.284619439; 0.284862101; 0.295288648; 0.298180703; 0.304122761; 0.311945455; 0.312119614; 0.312506491; 0.313703938; 0.316594462; 0.316800244; 0.319758641; 0.323719209; 0.324829672; 0.333011284; 0.334463391; 0.342782005; 0.346704986; 0.363705577; 0.370565723
2025-09-06,PH_LT,0.4515,0.331737015; 0.342018241; 0.344632007; 0.345585023; 0.346007346; 0.346385157; 0.346665684; 0.347709504; 0.347716559; 0.3483159; 0.350907195; 0.353982823; 0.35566381; 0.364442677; 0.383284414; 0.386186712; 0.390177191; 0.390624463; 0.39414662; 0.397646538; 0.410414182
2025-09-07,PH_LT,0.4489,0.304523092; 0.313973107; 0.314257326; 0.318363512; 0.320427939; 0.326853942; 0.328561958; 0.329163176; 0.331869334; 0.343741488; 0.346450151; 0.346634781; 0.351527755; 0.361136418; 0.365965338; 0.37303857; 0.376242175; 0.378085171; 0.378964072; 0.381534917
2025-09-08,PH_LT,0.4449,0.241323936; 0.276743584; 0.283001611; 0.286202927; 0.29356067; 0.296998008; 0.297028541; 0.299537972; 0.301322815; 0.302650717; 0.318771709; 0.320427939; 0.328584344; 0.345282606; 0.349478573; 0.354645446; 0.355566397; 0.35730514; 0.359009496; 0.359707367
2025-09-09,PH_LT,0.4424,0.246398278; 0.247819249; 0.250040324; 0.251000283; 0.273201574; 0.289950949; 0.297942099; 0.299005833; 0.304913728; 0.306054915; 0.307039693; 0.311668126; 0.316018014; 0.316665333; 0.317337263; 0.320259831; 0.321159974; 0.322971326; 0.33334639; 0.350134185
2025-09-10,PH_LT,0.4473,0.29918515; 0.303693017; 0.303964614; 0.322643719; 0.322768311; 0.322931119; 0.323643778; 0.327052969; 0.328302154; 0.328996408; 0.32974551; 0.330829857; 0.332229658; 0.33708121; 0.350484689; 0.353928275; 0.354376842; 0.35924806; 0.362325758; 0.366221729
2025-09-11,PH_LT,0.4528,0.300520616; 0.307955277; 0.312159427; 0.314144328; 0.315196815; 0.332169906; 0.333224662; 0.336790967; 0.337914806; 0.33896883; 0.343082625; 0.346007346; 0.35759692; 0.370330624; 0.395942906; 0.437093513; 0.446009163; 0.465508566; 0.472311952; 0.478606388; 0.492383968
2025-09-12,PH_LT,0.5,0.500581741; 0.502413032; 0.522817459; 0.543070691; 0.544069319; 0.566201516; 0.572291119; 0.582965185; 0.627346004; 0.673132077; 0.72588168; 0.760344828; 0.844055297; 0.908545298; 0.957665625; 1.011407294; 1.029203887; 1.047712296; 1.067016386; 1.074893148
2025-09-13,PH_LT,0.5361,1.030751707; 1.034494125; 1.035337722; 1.040556764; 1.043128855; 1.049051744; 1.049680037; 1.0521047; 1.057915356; 1.059281202; 1.059813261; 1.060271731; 1.066449876; 1.070898973; 1.072041781; 1.100407143; 1.111822295; 1.115462521; 1.119172641; 1.135776731; 1.146604227
2025-09-14,PH_LT,0.5311,0.911700617; 0.918687866; 0.921613977; 0.925096532; 0.929269964; 0.938845709; 0.943430389; 0.965318747; 0.967625522; 0.98381861; 1.001379113; 1.022709012; 1.041061852; 1.067728789; 1.099500634; 1.126851454; 1.147897032; 1.153047062; 1.155877732; 1.157328307; 1.159513988
2025-09-15,PH_LT,0.5067,0.72986396; 0.753604679; 0.753805624; 0.756938234; 0.760483378; 0.76320997; 0.764645423; 0.766466454; 0.766795468; 0.770680127; 0.785587585; 0.799838074; 0.8000083; 0.814583207; 0.86785482; 0.868930109; 0.874909681; 0.878470358; 0.890439544; 0.898524352
2025-09-16,PH_LT,0.493,0.632946646; 0.648976837; 0.649133023; 0.656270881; 0.659623784; 0.660410821; 0.6637068; 0.671290335; 0.671382008; 0.673554969; 0.686784766; 0.688048072; 0.688795238; 0.706749986; 0.707805826; 0.710099326; 0.714992808; 0.717774005; 0.724158429; 0.728776804; 0.731354117
2025-09-17,PH_LT,0.4843,0.565272691; 0.577967704; 0.578001939; 0.578848425; 0.584987014; 0.585444308; 0.58559564; 0.587428777; 0.588092287; 0.597074361; 0.599268108; 0.600818741; 0.604010222; 0.620637592; 0.649554743; 0.668682674; 0.670605094; 0.670860294; 0.684776165; 0.685086579
2025-09-18,PH_LT,0.4768,0.5265246; 0.530466974; 0.531255818; 0.533803158; 0.533940142; 0.539000195; 0.539168328; 0.539188489; 0.540296492; 0.544339299; 0.544775655; 0.545734889; 0.546050971; 0.559576954; 0.575969112; 0.578952962; 0.58067913; 0.58209395; 0.582806803; 0.584233671; 0.588145336
2025-09-19,PH_LT,0.4707,0.453521219; 0.477703535; 0.485802413; 0.487638395; 0.490246077; 0.491116678; 0.491919619; 0.496015824; 0.501219089; 0.502992542; 0.505200335; 0.510672626; 0.512752663; 0.520106734; 0.526529073; 0.527137179; 0.527380078; 0.533264462; 0.536845141; 0.545189761
2025-09-20,PH_LT,0.4663,0.42953995; 0.441836151; 0.458007178; 0.458662343; 0.462807806; 0.463611446; 0.463984309; 0.466711171; 0.467397517; 0.468372107; 0.469334444; 0.470429671; 0.471743363; 0.476238015; 0.483611279; 0.489152123; 0.492526441; 0.493228351; 0.496932912; 0.49716464; 0.49948428
2025-09-21,PH_LT,0.4635,0.405661813; 0.407338185; 0.435136785; 0.442214311; 0.442674202; 0.44342936; 0.443968797; 0.446833477; 0.447226351; 0.44806452; 0.44931421; 0.452958794; 0.453315147; 0.455144762; 0.460620369; 0.462125086; 0.47096495; 0.471812714; 0.473269347; 0.477201787; 0.483165232
2025-09-22,PH_LT,0.4615,0.396208221; 0.40019591; 0.403077624; 0.415652975; 0.416046452; 0.4197231; 0.425763108; 0.427750205; 0.428125107; 0.431711517; 0.446790157; 0.447122015; 0.450372126; 0.451906144; 0.453742066; 0.45754882; 0.458990623; 0.460895327; 0.463199209; 0.467924351
2025-09-23,PH_LT,0.4702,0.461897446; 0.479598889; 0.483183575; 0.486802271; 0.491691232; 0.494468229; 0.4974254; 0.498789348; 0.498882168; 0.499160682; 0.503379953; 0.506481313; 0.507061243; 0.507535098; 0.508897963; 0.51064869; 0.510677954; 0.519106862; 0.523940459; 0.524283292; 0.526335516
2025-09-24,PH_LT,0.4654,0.438084704; 0.442374824; 0.442697067; 0.443582715; 0.443751873; 0.449252131; 0.450914372; 0.452048126; 0.455852653; 0.456049095; 0.458487423; 0.45851861; 0.459806836; 0.473844989; 0.489288279; 0.497115031; 0.500545128; 0.501374023; 0.502947655; 0.503707518
2025-09-25,PH_LT,0.4596,0.389014322; 0.389522667; 0.395375827; 0.39803614; 0.399165273; 0.399836782; 0.402034298; 0.402206027; 0.412852605; 0.415053613; 0.416269464; 0.417511545; 0.417980772; 0.432793407; 0.449535907; 0.449599032; 0.450498839; 0.451007527; 0.458127528; 0.46252195; 0.464157278
2025-09-26,PH_LT,0.4572,0.378758393; 0.380401212; 0.381990641; 0.387314256; 0.387510783; 0.387587492; 0.388298698; 0.39353514; 0.393668616; 0.394664817; 0.411937748; 0.413587309; 0.416520952; 0.419644136; 0.419996038; 0.420350676; 0.42181353; 0.422449834; 0.429486348; 0.432160643
2025-09-27,PH_LT,0.4547,0.359581474; 0.359677612; 0.360393726; 0.360554675; 0.363117342; 0.364061143; 0.364130217; 0.366221729; 0.370110176; 0.37634216; 0.376764695; 0.379171759; 0.382167229; 0.389396213; 0.409657724; 0.417521075; 0.418302868; 0.419772414; 0.420489841; 0.42476414; 0.424901031
2025-09-28,PH_LT,0.452,0.329889777; 0.337670459; 0.34536664; 0.350564685; 0.35080938; 0.352935037; 0.355790686; 0.362575388; 0.366623528; 0.36948223; 0.374514529; 0.375192466; 0.375669907; 0.378899165; 0.379351096; 0.380545631; 0.380667096; 0.383009212; 0.383099172; 0.384378667; 0.385839147
2025-09-29,PH_LT,0.4533,0.352125564; 0.35809929; 0.36274705; 0.36473903; 0.367339066; 0.368180473; 0.371747717; 0.373157871; 0.373764449; 0.374882336; 0.375123097; 0.375733023; 0.378447329; 0.382140789; 0.384405154; 0.385253244; 0.391183901; 0.392338485; 0.39381556; 0.394045153
2025-09-30,PH_LT,0.4508,0.318344238; 0.32486993; 0.325010836; 0.344408114; 0.34512586; 0.345751005; 0.348557578; 0.352904088; 0.354136367; 0.354376842; 0.358648125; 0.365021574; 0.365605894; 0.371381836; 0.372010328; 0.372816797; 0.374897112; 0.376293589; 0.378503762; 0.381628011; 0.384762924
2015-10-19,Rustlers,0.1221,
2015-10-20,Rustlers,0.1112,
2015-10-21,Rustlers,0.1066,
2015-10-22,Rustlers,0.1065,
2015-10-23,Rustlers,0.1091,
2015-10-24,Rustlers,0.0987,
2015-10-25,Rustlers,0.0967,
2015-10-26,Rustlers,0.0983,
2015-10-27,Rustlers,0.0939,
2015-10-28,Rustlers,0.1368,
2015-10-29,Rustlers,0.0918,
2015-10-30,Rustlers,0.091,
2015-10-31,Rustlers,0.0873,
2015-11-01,Rustlers,0.0853,
2015-11-02,Rustlers,0.0843,
2015-11-03,Rustlers,0.0827,
2015-11-04,Rustlers,0.0807,
2015-11-05,Rustlers,0.0803,
2015-11-06,Rustlers,0.08,
2015-11-07,Rustlers,0.0796,
2015-11-08,Rustlers,0.0793,
2015-11-09,Rustlers,0.0789,
2015-11-10,Rustlers,0.0786,
2015-11-11,Rustlers,0.0783,
2015-11-12,Rustlers,0.0779,
2015-11-13,Rustlers,0.0776,
2015-11-14,Rustlers,0.0773,
2015-11-15,Rustlers,0.0769,
2015-11-16,Rustlers,0.0766,
2015-11-17,Rustlers,0.0763,
2015-11-18,Rustlers,0.0759,
2015-11-19,Rustlers,0.0756,
2015-11-20,Rustlers,0.0753,
2015-11-21,Rustlers,0.075,
2015-11-22,Rustlers,0.0746,
2015-11-23,Rustlers,0.0743,
2015-11-24,Rustlers,0.0728,
2015-11-25,Rustlers,0.073,
2015-11-26,Rustlers,0.0735,
2015-11-27,Rustlers,0.0722,
2015-11-28,Rustlers,0.0717,
2015-11-29,Rustlers,0.0703,
2015-11-30,Rustlers,0.0683,
2015-12-01,Rustlers,0.0662,
2015-12-02,Rustlers,0.0656,
2015-12-03,Rustlers,0.0654,
2015-12-04,Rustlers,0.0649,
2015-12-05,Rustlers,0.0658,
2015-12-06,Rustlers,0.0639,
2015-12-07,Rustlers,0.0647,
2015-12-08,Rustlers,0.0666,
2015-12-09,Rustlers,0.0652,
2015-12-10,Rustlers,0.0659,
2015-12-11,Rustlers,0.0665,
2015-12-12,Rustlers,0.0651,
2015-12-13,Rustlers,0.0624,
2015-12-14,Rustlers,0.0635,
2015-12-15,Rustlers,0.0633,
2015-12-16,Rustlers,0.0594,
2015-12-17,Rustlers,0.0603,
2015-12-18,Rustlers,0.0593,
2015-12-19,Rustlers,0.0592,
2015-12-20,Rustlers,0.0606,
2015-12-21,Rustlers,0.0596,
2015-12-22,Rustlers,0.0599,
2015-12-23,Rustlers,0.0609,
2015-12-24,Rustlers,0.0622,
2015-12-25,Rustlers,0.0652,
2015-12-26,Rustlers,0.0594,
2015-12-27,Rustlers,0.0607,
2015-12-28,Rustlers,0.0637,
2015-12-29,Rustlers,0.0622,
2015-12-30,Rustlers,0.0587,
2015-12-31,Rustlers,0.0576,
2016-01-01,Rustlers,0.0569,
2016-01-02,Rustlers,0.0568,
2016-01-03,Rustlers,0.0572,
2016-01-04,Rustlers,0.059,
2016-01-05,Rustlers,0.0602,
2016-01-06,Rustlers,0.0612,
2016-01-07,Rustlers,0.0613,
2016-01-08,Rustlers,0.0589,
2016-01-09,Rustlers,0.0554,
2016-01-10,Rustlers,0.0537,
2016-01-11,Rustlers,0.054,
2016-01-12,Rustlers,0.0543,
2016-01-13,Rustlers,0.055,
2016-01-14,Rustlers,0.0563,
2016-01-15,Rustlers,0.0564,
2016-01-16,Rustlers,0.0558,
2016-01-17,Rustlers,0.0551,
2016-01-18,Rustlers,0.0537,
2016-01-19,Rustlers,0.0537,
2016-01-20,Rustlers,0.0542,
2016-01-21,Rustlers,0.0514,
2016-01-22,Rustlers,0.0517,
2016-01-23,Rustlers,0.0528,
2016-01-24,Rustlers,0.0552,
2016-01-25,Rustlers,0.0526,
2016-01-26,Rustlers,0.0498,
2016-01-27,Rustlers,0.0503,
2016-01-28,Rustlers,0.0507,
2016-01-29,Rustlers,0.0528,
2016-01-30,Rustlers,0.0542,
2016-01-31,Rustlers,0.0526,
2016-02-01,Rustlers,0.0508,
2016-02-02,Rustlers,0.0569,
2016-02-03,Rustlers,0.0519,
2016-02-04,Rustlers,0.0501,
2016-02-05,Rustlers,0.0516,
2016-02-06,Rustlers,0.0495,
2016-02-07,Rustlers,0.0511,
2016-02-08,Rustlers,0.051,
2016-02-09,Rustlers,0.0495,
2016-02-10,Rustlers,0.05,
2016-02-11,Rustlers,0.0508,
2016-02-12,Rustlers,0.0506,
2016-02-13,Rustlers,0.0531,
2016-02-14,Rustlers,0.0543,
2016-02-15,Rustlers,0.0543,
2016-02-16,Rustlers,0.053,
2016-02-17,Rustlers,0.0526,
2016-02-18,Rustlers,0.0562,
2016-02-19,Rustlers,0.0521,
2016-02-20,Rustlers,0.0523,
2016-02-21,Rustlers,0.0519,
2016-02-22,Rustlers,0.0548,
2016-02-23,Rustlers,0.0526,
2016-02-24,Rustlers,0.0493,
2016-02-25,Rustlers,0.0492,
2016-02-26,Rustlers,0.0499,
2016-02-27,Rustlers,0.0521,
2016-02-28,Rustlers,0.053,
2016-02-29,Rustlers,0.0539,
2016-03-01,Rustlers,0.0525,
2016-03-02,Rustlers,0.0555,
2016-03-03,Rustlers,0.0529,
2016-03-04,Rustlers,0.0548,
2016-03-05,Rustlers,0.057,
2016-03-06,Rustlers,0.0604,
2016-03-07,Rustlers,0.0619,
2016-03-08,Rustlers,0.0587,
2016-03-09,Rustlers,0.0574,
2016-03-10,Rustlers,0.0567,
2016-03-11,Rustlers,0.059,
2016-03-12,Rustlers,0.0642,
2016-03-13,Rustlers,0.0636,
2016-03-14,Rustlers,0.0655,
2016-03-15,Rustlers,0.0635,
2016-03-16,Rustlers,0.0634,
2016-03-17,Rustlers,0.0638,
2016-03-18,Rustlers,0.0628,
2016-03-19,Rustlers,0.0612,
2016-03-20,Rustlers,0.0588,
2016-03-21,Rustlers,0.0638,
2016-03-22,Rustlers,0.0662,
2016-03-23,Rustlers,0.0638,
2016-03-24,Rustlers,0.0603,
2016-03-25,Rustlers,0.0619,
2016-03-26,Rustlers,0.0591,
2016-03-27,Rustlers,0.0583,
2016-03-28,Rustlers,0.0598,
2016-03-29,Rustlers,0.0619,
2016-03-30,Rustlers,0.0582,
2016-03-31,Rustlers,0.057,
2016-04-01,Rustlers,0.0548,
2016-04-02,Rustlers,0.0544,
2016-04-03,Rustlers,0.059,
2016-04-04,Rustlers,0.0622,
2016-04-05,Rustlers,0.0643,
2016-04-06,Rustlers,0.063,
2016-04-07,Rustlers,0.0737,
2016-04-08,Rustlers,0.0946,
2016-04-09,Rustlers,0.1146,
2016-04-10,Rustlers,0.1207,
2016-04-11,Rustlers,0.1301,
2016-04-12,Rustlers,0.1623,
2016-04-13,Rustlers,0.2126,
2016-04-14,Rustlers,0.2486,
2016-04-15,Rustlers,0.2431,
2016-04-16,Rustlers,0.2121,
2016-04-17,Rustlers,0.1845,
2016-04-18,Rustlers,0.1685,
2016-04-19,Rustlers,0.1568,
2016-04-20,Rustlers,0.1521,
2016-04-21,Rustlers,0.1491,
2016-04-22,Rustlers,0.1716,
2016-04-23,Rustlers,0.1936,
2016-04-24,Rustlers,0.1887,
2016-04-25,Rustlers,0.1894,
2016-04-26,Rustlers,0.1837,
2016-04-27,Rustlers,0.1774,
2016-04-28,Rustlers,0.1698,
2016-04-29,Rustlers,0.1599,
2016-04-30,Rustlers,0.1534,
2016-05-01,Rustlers,0.1439,
2016-05-02,Rustlers,0.1549,
2016-05-03,Rustlers,0.1716,
2016-05-04,Rustlers,0.2107,
2016-05-05,Rustlers,0.2949,
2016-05-06,Rustlers,0.3832,
2016-05-07,Rustlers,0.3915,
2016-05-08,Rustlers,0.3479,
2016-05-09,Rustlers,0.3263,
2016-05-10,Rustlers,0.3081,
2016-05-11,Rustlers,0.2802,
2016-05-12,Rustlers,0.2841,
2016-05-13,Rustlers,0.3584,
2016-05-14,Rustlers,0.5006,
2016-05-15,Rustlers,0.6487,
2016-05-16,Rustlers,0.6205,
2016-05-17,Rustlers,0.5303,
2016-05-18,Rustlers,0.5184,
2016-05-19,Rustlers,0.5943,
2016-05-20,Rustlers,0.708,
2016-05-21,Rustlers,0.9723,
2016-05-22,Rustlers,1.2419,
2016-05-23,Rustlers,1.2012,
2016-05-24,Rustlers,1.1988,
2016-05-25,Rustlers,1.2106,
2016-05-26,Rustlers,1.0755,
2016-05-27,Rustlers,0.8638,
2016-05-28,Rustlers,0.796,
2016-05-29,Rustlers,0.8629,
2016-05-30,Rustlers,1.0698,
2016-05-31,Rustlers,1.2896,
2016-06-01,Rustlers,1.6459,
2016-06-02,Rustlers,1.9958,
2016-06-03,Rustlers,2.4565,
2016-06-04,Rustlers,3.1695,
2016-06-05,Rustlers,3.7908,
2016-06-06,Rustlers,3.5337,
2016-06-07,Rustlers,3.8822,
2016-06-08,Rustlers,4.191,
2016-06-09,Rustlers,3.8075,
2016-06-10,Rustlers,4.0823,
2016-06-11,Rustlers,4.1578,
2016-06-12,Rustlers,3.493,
2016-06-13,Rustlers,2.4913,
2016-06-14,Rustlers,1.9268,
2016-06-15,Rustlers,2.0644,
2016-06-16,Rustlers,2.095,
2016-06-17,Rustlers,2.0172,
2016-06-18,Rustlers,1.9649,
2016-06-19,Rustlers,2.0166,
2016-06-20,Rustlers,2.5446,
2016-06-21,Rustlers,2.3048,
2016-06-22,Rustlers,1.8461,
2016-06-23,Rustlers,1.5644,
2016-06-24,Rustlers,1.3189,
2016-06-25,Rustlers,1.182,
2016-06-26,Rustlers,1.1002,
2016-06-27,Rustlers,0.9561,
2016-06-28,Rustlers,0.844,
2016-06-29,Rustlers,0.7443,
2016-06-30,Rustlers,0.7019,
2016-07-01,Rustlers,0.7018,
2016-07-02,Rustlers,0.6546,
2016-07-03,Rustlers,0.6342,
2016-07-04,Rustlers,0.5826,
2016-07-05,Rustlers,0.586,
2016-07-06,Rustlers,0.5822,
2016-07-07,Rustlers,0.5586,
2016-07-08,Rustlers,0.5381,
2016-07-09,Rustlers,0.5203,
2016-07-10,Rustlers,0.5044,
2016-07-11,Rustlers,0.4694,
2016-07-12,Rustlers,0.428,
2016-07-13,Rustlers,0.4041,
2016-07-14,Rustlers,0.3817,
2016-07-15,Rustlers,0.3592,
2016-07-16,Rustlers,0.3474,
2016-07-17,Rustlers,0.3383,
2016-07-18,Rustlers,0.3515,
2016-07-19,Rustlers,0.3938,
2016-07-20,Rustlers,0.3444,
2016-07-21,Rustlers,0.3202,
2016-07-22,Rustlers,0.2967,
2016-07-23,Rustlers,0.2803,
2016-07-24,Rustlers,0.273,
2016-07-25,Rustlers,0.2591,
2016-07-26,Rustlers,0.2372,
2016-07-27,Rustlers,0.2218,
2016-07-28,Rustlers,0.2136,
2016-07-29,Rustlers,0.2042,
2016-07-30,Rustlers,0.1952,
2016-07-31,Rustlers,0.1948,
2016-08-01,Rustlers,0.2031,
2016-08-02,Rustlers,0.1873,
2016-08-03,Rustlers,0.1776,
2016-08-04,Rustlers,0.232,
2016-08-05,Rustlers,0.3598,
2016-08-06,Rustlers,0.3206,
2016-08-07,Rustlers,0.2441,
2016-08-08,Rustlers,0.2307,
2016-08-09,Rustlers,0.2131,
2016-08-10,Rustlers,0.197,
2016-08-11,Rustlers,0.1831,
2016-08-12,Rustlers,0.1653,
2016-08-13,Rustlers,0.1529,
2016-08-14,Rustlers,0.1444,
2016-08-15,Rustlers,0.1371,
2016-08-16,Rustlers,0.1325,
2016-08-17,Rustlers,0.1403,
2016-08-18,Rustlers,0.1333,
2016-08-19,Rustlers,0.1271,
2016-08-20,Rustlers,0.1251,
2016-08-21,Rustlers,0.1209,
2016-08-22,Rustlers,0.1197,
2016-08-23,Rustlers,0.1381,
2016-08-24,Rustlers,0.173,
2016-08-25,Rustlers,0.1462,
2016-08-26,Rustlers,0.1557,
2016-08-27,Rustlers,0.1362,
2016-08-28,Rustlers,0.1367,
2016-08-29,Rustlers,0.1726,
2016-08-30,Rustlers,0.187,
2016-08-31,Rustlers,0.1562,
2016-09-01,Rustlers,0.1409,
2016-09-02,Rustlers,0.1925,
2016-09-03,Rustlers,0.1932,
2016-09-04,Rustlers,0.1882,
2016-09-05,Rustlers,0.1573,
2016-09-06,Rustlers,0.1404,
2016-09-07,Rustlers,0.1291,
2016-09-08,Rustlers,0.1201,
2016-09-09,Rustlers,0.1143,
2016-09-10,Rustlers,0.1075,
2016-09-11,Rustlers,0.1055,
2016-09-12,Rustlers,0.1054,
2016-09-13,Rustlers,0.1091,
2016-09-14,Rustlers,0.1121,
2016-09-15,Rustlers,0.1115,
2016-09-16,Rustlers,0.0991,
2016-09-17,Rustlers,0.0943,
2016-09-18,Rustlers,0.0913,
2016-09-19,Rustlers,0.0895,
2016-09-20,Rustlers,0.0881,
2016-09-21,Rustlers,0.0959,
2016-09-22,Rustlers,0.0969,
2016-09-23,Rustlers,0.1063,
2016-09-24,Rustlers,0.0988,
2016-09-25,Rustlers,0.1079,
2016-09-26,Rustlers,0.1044,
2016-09-27,Rustlers,0.105,
2016-09-28,Rustlers,0.1009,
2016-09-29,Rustlers,0.1001,
2016-09-30,Rustlers,0.1076,
2016-10-01,Rustlers,0.1051,
2016-10-02,Rustlers,0.1003,
2016-10-03,Rustlers,0.099,
2016-10-04,Rustlers,0.0894,
2016-10-05,Rustlers,0.0895,
2016-10-06,Rustlers,0.09,
2016-10-07,Rustlers,0.0885,
2016-10-08,Rustlers,0.0842,
2016-10-09,Rustlers,0.0844,
2016-10-10,Rustlers,0.0836,
2016-10-11,Rustlers,0.1069,
2016-10-12,Rustlers,0.1017,
2016-10-13,Rustlers,0.0896,
2018-10-01,Rustlers,0.0686,from 2018 rating curve with Solinst Logger
2018-10-02,Rustlers,0.1164,
2018-10-03,Rustlers,0.3133,
2018-10-04,Rustlers,0.1732,
2018-10-05,Rustlers,0.1334,
2018-10-06,Rustlers,0.0977,
2018-10-07,Rustlers,0.1062,
2018-10-08,Rustlers,0.1079,
2018-10-09,Rustlers,0.0824,
2018-10-10,Rustlers,0.1003,
2018-10-11,Rustlers,0.0871,
2018-10-12,Rustlers,0.0914,rc: rating curve shifts from 2019 to 2020.
2018-10-13,Rustlers,0.0941,
2018-10-14,Rustlers,0.111,
2018-10-15,Rustlers,0.1895,
2018-10-16,Rustlers,0.13,rc: no data smooth T and Q between sensors
2018-10-17,Rustlers,0.135,
2018-10-18,Rustlers,0.141,
2018-10-19,Rustlers,0.147,
2018-10-20,Rustlers,0.152,
2018-10-21,Rustlers,0.158,
2018-10-22,Rustlers,0.1715,rc: hobo logger
2018-10-23,Rustlers,0.176,
2018-10-24,Rustlers,0.1769,
2018-10-25,Rustlers,0.1678,
2018-10-26,Rustlers,0.1609,
2018-10-27,Rustlers,0.1559,
2018-10-28,Rustlers,0.1558,
2018-10-29,Rustlers,0.1521,
2018-10-30,Rustlers,0.1575,
2018-10-31,Rustlers,0.1547,
2018-11-01,Rustlers,0.1629,
2018-11-02,Rustlers,0.1525,
2018-11-03,Rustlers,0.1556,
2018-11-04,Rustlers,0.2061,
2018-11-05,Rustlers,0.2295,
2018-11-06,Rustlers,0.1969,
2018-11-07,Rustlers,0.1718,
2018-11-08,Rustlers,0.1887,
2018-11-09,Rustlers,0.2293,
2018-11-10,Rustlers,0.3081,
2018-11-11,Rustlers,0.2898,
2018-11-12,Rustlers,0.2591,
2018-11-13,Rustlers,0.4049,
2018-11-14,Rustlers,0.4253,
2018-11-15,Rustlers,0.3444,
2018-11-16,Rustlers,0.3005,
2018-11-17,Rustlers,0.2465,
2018-11-18,Rustlers,0.1495,
2018-11-19,Rustlers,0.1197,
2018-11-20,Rustlers,0.1178,
2018-11-21,Rustlers,0.1166,
2018-11-22,Rustlers,0.1158,
2018-11-23,Rustlers,0.118,
2018-11-24,Rustlers,0.1186,
2018-11-25,Rustlers,0.1214,
2018-11-26,Rustlers,0.121,
2018-11-27,Rustlers,0.1185,
2018-11-28,Rustlers,0.1158,
2018-11-29,Rustlers,0.1162,
2018-11-30,Rustlers,0.1165,
2018-12-01,Rustlers,0.1173,
2018-12-02,Rustlers,0.1184,
2018-12-03,Rustlers,0.1171,
2018-12-04,Rustlers,0.1157,
2018-12-05,Rustlers,0.119,
2018-12-06,Rustlers,0.116,
2018-12-07,Rustlers,0.1158,
2018-12-08,Rustlers,0.1144,
2018-12-09,Rustlers,0.1137,
2018-12-10,Rustlers,0.1144,
2018-12-11,Rustlers,0.114,
2018-12-12,Rustlers,0.1141,
2018-12-13,Rustlers,0.1127,
2018-12-14,Rustlers,0.1125,
2018-12-15,Rustlers,0.1114,
2018-12-16,Rustlers,0.11,
2018-12-17,Rustlers,0.1095,
2018-12-18,Rustlers,0.1084,
2018-12-19,Rustlers,0.1091,
2018-12-20,Rustlers,0.1087,
2018-12-21,Rustlers,0.1088,
2018-12-22,Rustlers,0.1073,
2018-12-23,Rustlers,0.1087,
2018-12-24,Rustlers,0.1082,
2018-12-25,Rustlers,0.107,
2018-12-26,Rustlers,0.1052,
2018-12-27,Rustlers,0.1054,
2018-12-28,Rustlers,0.1063,
2018-12-29,Rustlers,0.1058,
2018-12-30,Rustlers,0.1054,
2018-12-31,Rustlers,0.1053,
2019-01-01,Rustlers,0.1032,
2019-01-02,Rustlers,0.1037,
2019-01-03,Rustlers,0.1042,
2019-01-04,Rustlers,0.1023,
2019-01-05,Rustlers,0.1018,
2019-01-06,Rustlers,0.1008,
2019-01-07,Rustlers,0.0994,
2019-01-08,Rustlers,0.0995,
2019-01-09,Rustlers,0.0998,
2019-01-10,Rustlers,0.0993,
2019-01-11,Rustlers,0.0993,
2019-01-12,Rustlers,0.0983,
2019-01-13,Rustlers,0.0977,
2019-01-14,Rustlers,0.0987,
2019-01-15,Rustlers,0.1001,
2019-01-16,Rustlers,0.1001,
2019-01-17,Rustlers,0.0969,
2019-01-18,Rustlers,0.0949,
2019-01-19,Rustlers,0.0958,
2019-01-20,Rustlers,0.0972,
2019-01-21,Rustlers,0.0974,
2019-01-22,Rustlers,0.0965,
2019-01-23,Rustlers,0.0962,
2019-01-24,Rustlers,0.0943,
2019-01-25,Rustlers,0.0935,
2019-01-26,Rustlers,0.0953,
2019-01-27,Rustlers,0.095,
2019-01-28,Rustlers,0.0948,
2019-01-29,Rustlers,0.095,
2019-01-30,Rustlers,0.0953,
2019-01-31,Rustlers,0.0953,
2019-02-01,Rustlers,0.0952,
2019-02-02,Rustlers,0.0946,
2019-02-03,Rustlers,0.0939,
2019-02-04,Rustlers,0.0945,
2019-02-05,Rustlers,0.0938,
2019-02-06,Rustlers,0.0928,
2019-02-07,Rustlers,0.0917,
2019-02-08,Rustlers,0.0939,
2019-02-09,Rustlers,0.0938,
2019-02-10,Rustlers,0.0933,
2019-02-11,Rustlers,0.092,
2019-02-12,Rustlers,0.0915,
2019-02-13,Rustlers,0.091,
2019-02-14,Rustlers,0.0907,
2019-02-15,Rustlers,0.0913,
2019-02-16,Rustlers,0.0917,
2019-02-17,Rustlers,0.091,
2019-02-18,Rustlers,0.0897,
2019-02-19,Rustlers,0.0892,
2019-02-20,Rustlers,0.0892,
2019-02-21,Rustlers,0.0882,
2019-02-22,Rustlers,0.0876,
2019-02-23,Rustlers,0.087,
2019-02-24,Rustlers,0.0863,
2019-02-25,Rustlers,0.0866,
2019-02-26,Rustlers,0.0861,
2019-02-27,Rustlers,0.0857,
2019-02-28,Rustlers,0.0849,
2019-03-01,Rustlers,0.0864,
2019-03-02,Rustlers,0.0867,
2019-03-03,Rustlers,0.0827,
2019-03-04,Rustlers,0.0738,
2019-03-05,Rustlers,0.065,
2019-03-06,Rustlers,0.0893,
2019-03-07,Rustlers,0.0887,
2019-03-08,Rustlers,0.0958,
2019-03-09,Rustlers,0.0933,
2019-03-10,Rustlers,0.0867,
2019-03-11,Rustlers,0.0858,
2019-03-12,Rustlers,0.0857,
2019-03-13,Rustlers,0.0857,
2019-03-14,Rustlers,0.0831,
2019-03-15,Rustlers,0.0826,
2019-03-16,Rustlers,0.0835,
2019-03-17,Rustlers,0.0842,
2019-03-18,Rustlers,0.0837,
2019-03-19,Rustlers,0.0835,
2019-03-20,Rustlers,0.0836,
2019-03-21,Rustlers,0.0836,
2019-03-22,Rustlers,0.0845,
2019-03-23,Rustlers,0.0843,
2019-03-24,Rustlers,0.0839,
2019-03-25,Rustlers,0.084,
2019-03-26,Rustlers,0.0854,
2019-03-27,Rustlers,0.0891,
2019-03-28,Rustlers,0.0942,
2019-03-29,Rustlers,0.0949,
2019-03-30,Rustlers,0.0916,
2019-03-31,Rustlers,0.0907,
2019-04-01,Rustlers,0.0906,
2019-04-02,Rustlers,0.0927,
2019-04-03,Rustlers,0.0944,
2019-04-04,Rustlers,0.0967,
2019-04-05,Rustlers,0.1028,
2019-04-06,Rustlers,0.1069,
2019-04-07,Rustlers,0.1126,
2019-04-08,Rustlers,0.1223,
2019-04-09,Rustlers,0.1325,
2019-04-10,Rustlers,0.136,
2019-04-11,Rustlers,0.1324,
2019-04-12,Rustlers,0.1305,
2019-04-13,Rustlers,0.1279,
2019-04-14,Rustlers,0.1268,
2019-04-15,Rustlers,0.1307,
2019-04-16,Rustlers,0.1389,
2019-04-17,Rustlers,0.1535,
2019-04-18,Rustlers,0.1772,
2019-04-19,Rustlers,0.2188,
2019-04-20,Rustlers,0.2705,
2019-04-21,Rustlers,0.2785,
2019-04-22,Rustlers,0.2794,
2019-04-23,Rustlers,0.3516,
2019-04-24,Rustlers,0.419,
2019-04-25,Rustlers,0.5277,
2019-04-26,Rustlers,0.6883,
2019-04-27,Rustlers,0.8262,
2019-04-28,Rustlers,0.8125,
2019-04-29,Rustlers,0.716,
2019-04-30,Rustlers,0.605,
2019-05-01,Rustlers,0.5103,
2019-05-02,Rustlers,0.4449,
2019-05-03,Rustlers,0.4219,
2019-05-04,Rustlers,0.4414,
2019-05-05,Rustlers,0.4489,
2019-05-06,Rustlers,0.4956,
2019-05-07,Rustlers,0.5415,
2019-05-08,Rustlers,0.543,
2019-05-09,Rustlers,0.5026,
2019-05-10,Rustlers,0.4663,
2019-05-11,Rustlers,0.4615,
2019-05-12,Rustlers,0.5353,
2019-05-13,Rustlers,0.6864,
2019-05-14,Rustlers,0.8769,
2019-05-15,Rustlers,1.268,
2019-05-16,Rustlers,1.9182,
2019-05-17,Rustlers,2.5636,
2019-05-18,Rustlers,2.0721,
2019-05-19,Rustlers,1.6568,
2019-05-20,Rustlers,1.3983,
2019-05-21,Rustlers,1.2089,
2019-05-22,Rustlers,1.058,
2019-05-23,Rustlers,0.9711,
2019-05-24,Rustlers,0.941,
2019-05-25,Rustlers,1.0167,
2019-05-26,Rustlers,1.0951,
2019-05-27,Rustlers,1.0985,
2019-05-28,Rustlers,1.0768,
2019-05-29,Rustlers,1.0419,
2019-05-30,Rustlers,1.1207,
2019-05-31,Rustlers,1.4376,
2019-06-01,Rustlers,2.3376,
2019-06-02,Rustlers,3.2268,
2019-06-03,Rustlers,3.3958,
2019-06-04,Rustlers,4.1998,
2019-06-05,Rustlers,6.4181,
2019-06-06,Rustlers,9.0206,
2019-06-07,Rustlers,6.7379,
2019-06-08,Rustlers,7.3796,
2019-06-09,Rustlers,10.0673,
2019-06-10,Rustlers,9.591,
2019-06-11,Rustlers,8.3342,
2019-06-12,Rustlers,8.0401,
2019-06-13,Rustlers,8.3751,
2019-06-14,Rustlers,9.1376,
2019-06-15,Rustlers,6.4927,
2019-06-16,Rustlers,5.6814,
2019-06-17,Rustlers,5.1142,
2019-06-18,Rustlers,4.1886,
2019-06-19,Rustlers,3.487,
2019-06-20,Rustlers,3.5173,
2019-06-21,Rustlers,3.4871,rc: hobo fails
2019-06-22,Rustlers,2.4917,rc: smooth between hobo-solinst; rc: switch to solinst
2019-06-23,Rustlers,1.2796,
2019-06-24,Rustlers,0.9542,
2019-06-25,Rustlers,0.9283,
2019-06-26,Rustlers,1.203,
2019-06-27,Rustlers,1.8863,
2019-06-28,Rustlers,2.5476,
2019-06-29,Rustlers,2.9383,
2019-06-30,Rustlers,3.3769,
2019-07-01,Rustlers,3.1375,
2019-07-02,Rustlers,2.881,
2019-07-03,Rustlers,2.3705,
2019-07-04,Rustlers,1.7239,
2019-07-05,Rustlers,1.7153,
2019-07-06,Rustlers,1.7684,
2019-07-07,Rustlers,1.6163,
2019-07-08,Rustlers,1.3381,
2019-07-09,Rustlers,1.1102,
2019-07-10,Rustlers,1.1549,
2019-07-11,Rustlers,1.3185,
2019-07-12,Rustlers,1.3358,
2019-07-13,Rustlers,1.4855,
2019-07-14,Rustlers,1.5947,
2019-07-15,Rustlers,1.7381,
2019-07-16,Rustlers,1.5945,
2019-07-17,Rustlers,2.3732,
2019-07-18,Rustlers,2.3219,
2019-07-19,Rustlers,1.7444,
2019-07-20,Rustlers,1.4536,
2019-07-21,Rustlers,1.2215,
2019-07-22,Rustlers,1.4594,
2019-07-23,Rustlers,1.3414,
2019-07-24,Rustlers,1.3572,
2019-07-25,Rustlers,1.4778,
2019-07-26,Rustlers,1.2698,
2019-07-27,Rustlers,1.4901,
2019-07-28,Rustlers,1.3189,
2019-07-29,Rustlers,1.2073,
2019-07-30,Rustlers,1.2781,
2019-07-31,Rustlers,1.1732,
2019-08-01,Rustlers,0.8538,
2019-08-02,Rustlers,0.8197,
2019-08-03,Rustlers,0.751,
2019-08-04,Rustlers,0.8474,
2019-08-05,Rustlers,0.9353,
2019-08-06,Rustlers,0.7548,
2019-08-07,Rustlers,0.832,
2019-08-08,Rustlers,1.0975,
2019-08-09,Rustlers,1.0832,
2019-08-10,Rustlers,0.9133,
2019-08-11,Rustlers,0.9266,
2019-08-12,Rustlers,0.7442,
2019-08-13,Rustlers,0.6621,
2019-08-14,Rustlers,0.6391,
2019-08-15,Rustlers,0.6519,
2019-08-16,Rustlers,0.625,
2019-08-17,Rustlers,0.5307,
2019-08-18,Rustlers,0.4504,
2019-08-19,Rustlers,0.4516,
2019-08-20,Rustlers,0.4498,
2019-08-21,Rustlers,0.4499,
2019-08-22,Rustlers,0.3985,
2019-08-23,Rustlers,0.3467,
2019-08-24,Rustlers,0.3302,
2019-08-25,Rustlers,0.3644,
2019-08-26,Rustlers,0.3213,
2019-08-27,Rustlers,0.2827,
2019-08-28,Rustlers,0.2716,
2019-08-29,Rustlers,0.2466,
2019-08-30,Rustlers,0.2289,
2019-08-31,Rustlers,0.2189,
2019-09-01,Rustlers,0.2207,
2019-09-02,Rustlers,0.2327,
2019-09-03,Rustlers,0.1974,
2019-09-04,Rustlers,0.1934,
2019-09-05,Rustlers,0.199,
2019-09-06,Rustlers,0.2194,
2019-09-07,Rustlers,0.2315,
2019-09-08,Rustlers,0.2115,
2019-09-09,Rustlers,0.1611,
2019-09-10,Rustlers,0.1536,
2019-09-11,Rustlers,0.1329,
2019-09-12,Rustlers,0.1212,
2019-09-13,Rustlers,0.1178,
2019-09-14,Rustlers,0.1195,
2019-09-15,Rustlers,0.1235,
2019-09-16,Rustlers,0.1171,
2019-09-17,Rustlers,0.1263,
2019-09-18,Rustlers,0.1159,
2019-09-19,Rustlers,0.1271,
2019-09-20,Rustlers,0.0963,
2019-09-21,Rustlers,0.0837,
2019-09-22,Rustlers,0.0713,
2019-09-23,Rustlers,0.0752,rc: smooth data
2019-09-24,Rustlers,0.0636,
2019-09-25,Rustlers,0.0579,
2019-09-26,Rustlers,0.076,
2019-09-27,Rustlers,0.066,
2019-09-28,Rustlers,0.067,
2019-09-29,Rustlers,0.0497,
2019-09-30,Rustlers,0.4413,
2019-10-01,Rustlers,0.4385,
2019-10-02,Rustlers,0.4375,
2019-10-03,Rustlers,0.4371,
2019-10-04,Rustlers,0.4363,
2019-10-05,Rustlers,0.4347,
2019-10-06,Rustlers,0.4345,
2019-10-07,Rustlers,0.4419,
2019-10-08,Rustlers,0.4346,
2019-10-09,Rustlers,0.4331,
2019-10-10,Rustlers,0.4328,rc: begin smoothing of Water Levels
2019-10-11,Rustlers,0.432,
2019-10-12,Rustlers,0.4311,
2019-10-13,Rustlers,0.4305,
2019-10-14,Rustlers,0.4298,
2019-10-15,Rustlers,0.429,
2019-10-16,Rustlers,0.4282,
2019-10-17,Rustlers,0.4275,
2019-10-18,Rustlers,0.4268,
2019-10-19,Rustlers,0.426,
2019-10-20,Rustlers,0.4252,
2019-10-21,Rustlers,0.4245,
2019-10-22,Rustlers,0.4239,
2019-10-23,Rustlers,0.423,
2019-10-24,Rustlers,0.4222,
2019-10-25,Rustlers,0.4216,
2019-10-26,Rustlers,0.4209,
2019-10-27,Rustlers,0.42,
2019-10-28,Rustlers,0.4192,
2019-10-29,Rustlers,0.4186,
2019-10-30,Rustlers,0.4179,
2019-10-31,Rustlers,0.417,
2019-11-01,Rustlers,0.4163,
2019-11-02,Rustlers,0.4156,
2019-11-03,Rustlers,0.4149,
2019-11-04,Rustlers,0.414,
2019-11-05,Rustlers,0.4122,rc: end smoothing
2019-11-06,Rustlers,0.4117,
2019-11-07,Rustlers,0.4107,
2019-11-08,Rustlers,0.4099,
2019-11-09,Rustlers,0.4104,
2019-11-10,Rustlers,0.4103,
2019-11-11,Rustlers,0.4085,
2019-11-12,Rustlers,0.4234,
2019-11-13,Rustlers,0.4062,
2019-11-14,Rustlers,0.4064,
2019-11-15,Rustlers,0.4057,
2019-11-16,Rustlers,0.4056,
2019-11-17,Rustlers,0.4041,
2019-11-18,Rustlers,0.4041,
2019-11-19,Rustlers,0.4051,
2019-11-20,Rustlers,0.405,
2019-11-21,Rustlers,0.4048,
2019-11-22,Rustlers,0.4051,
2019-11-23,Rustlers,0.4131,
2019-11-24,Rustlers,0.4238,
2019-11-25,Rustlers,0.4084,
2019-11-26,Rustlers,0.4089,
2019-11-27,Rustlers,0.4089,
2019-11-28,Rustlers,0.4064,
2019-11-29,Rustlers,0.4034,
2019-11-30,Rustlers,0.4041,
2019-12-01,Rustlers,0.4037,
2019-12-02,Rustlers,0.4018,
2019-12-03,Rustlers,0.4008,
2019-12-04,Rustlers,0.4016,
2019-12-05,Rustlers,0.4006,
2019-12-06,Rustlers,0.4,
2019-12-07,Rustlers,0.3997,
2019-12-08,Rustlers,0.3998,
2019-12-09,Rustlers,0.3997,
2019-12-10,Rustlers,0.399,
2019-12-11,Rustlers,0.3993,
2019-12-12,Rustlers,0.3996,
2019-12-13,Rustlers,0.3991,
2019-12-14,Rustlers,0.3977,
2019-12-15,Rustlers,0.4045,
2019-12-16,Rustlers,0.3989,
2019-12-17,Rustlers,0.4011,
2019-12-18,Rustlers,0.3999,
2019-12-19,Rustlers,0.3983,
2019-12-20,Rustlers,0.3973,
2019-12-21,Rustlers,0.3972,
2019-12-22,Rustlers,0.3964,
2019-12-23,Rustlers,0.3955,
2019-12-24,Rustlers,0.394,
2019-12-25,Rustlers,0.3935,
2019-12-26,Rustlers,0.393,
2019-12-27,Rustlers,0.3928,
2019-12-28,Rustlers,0.3915,
2019-12-29,Rustlers,0.3886,
2019-12-30,Rustlers,0.3886,
2019-12-31,Rustlers,0.39,
2020-01-01,Rustlers,0.3922,
2020-01-02,Rustlers,0.3908,
2020-01-03,Rustlers,0.3889,
2020-01-04,Rustlers,0.3875,
2020-01-05,Rustlers,0.388,
2020-01-06,Rustlers,0.3878,
2020-01-07,Rustlers,0.3869,
2020-01-08,Rustlers,0.3871,
2020-01-09,Rustlers,0.3865,
2020-01-10,Rustlers,0.3859,
2020-01-11,Rustlers,0.3866,
2020-01-12,Rustlers,0.3867,
2020-01-13,Rustlers,0.3868,
2020-01-14,Rustlers,0.386,
2020-01-15,Rustlers,0.3852,
2020-01-16,Rustlers,0.3851,
2020-01-17,Rustlers,0.3838,
2020-01-18,Rustlers,0.3851,
2020-01-19,Rustlers,0.3836,
2020-01-20,Rustlers,0.3836,
2020-01-21,Rustlers,0.3833,
2020-01-22,Rustlers,0.3827,
2020-01-23,Rustlers,0.3821,
2020-01-24,Rustlers,0.3818,
2020-01-25,Rustlers,0.3821,
2020-01-26,Rustlers,0.3817,
2020-01-27,Rustlers,0.3818,
2020-01-28,Rustlers,0.3814,
2020-01-29,Rustlers,0.3817,
2020-01-30,Rustlers,0.3815,
2020-01-31,Rustlers,0.3815,
2020-02-01,Rustlers,0.3809,
2020-02-02,Rustlers,0.3808,
2020-02-03,Rustlers,0.3802,
2020-02-04,Rustlers,0.3794,
2020-02-05,Rustlers,0.38,
2020-02-06,Rustlers,0.3816,
2020-02-07,Rustlers,0.381,
2020-02-08,Rustlers,0.3802,
2020-02-09,Rustlers,0.3788,
2020-02-10,Rustlers,0.3786,
2020-02-11,Rustlers,0.3781,
2020-02-12,Rustlers,0.3787,
2020-02-13,Rustlers,0.3776,
2020-02-14,Rustlers,0.3775,
2020-02-15,Rustlers,0.3771,
2020-02-16,Rustlers,0.3762,
2020-02-17,Rustlers,0.3755,
2020-02-18,Rustlers,0.3755,
2020-02-19,Rustlers,0.3752,
2020-02-20,Rustlers,0.3743,
2020-02-21,Rustlers,0.3752,
2020-02-22,Rustlers,0.3748,
2020-02-23,Rustlers,0.3747,
2020-02-24,Rustlers,0.3737,
2020-02-25,Rustlers,0.3741,
2020-02-26,Rustlers,0.3746,
2020-02-27,Rustlers,0.3739,
2020-02-28,Rustlers,0.374,
2020-02-29,Rustlers,0.3739,
2020-03-01,Rustlers,0.3731,
2020-03-02,Rustlers,0.3719,
2020-03-03,Rustlers,0.3724,
2020-03-04,Rustlers,0.3728,
2020-03-05,Rustlers,0.3731,
2020-03-06,Rustlers,0.3734,
2020-03-07,Rustlers,0.3733,
2020-03-08,Rustlers,0.3712,
2020-03-09,Rustlers,0.3696,
2020-03-10,Rustlers,0.3693,
2020-03-11,Rustlers,0.3697,
2020-03-12,Rustlers,0.3698,
2020-03-13,Rustlers,0.3691,
2020-03-14,Rustlers,0.3693,
2020-03-15,Rustlers,0.3691,
2020-03-16,Rustlers,0.3697,
2020-03-17,Rustlers,0.3681,
2020-03-18,Rustlers,0.3681,
2020-03-19,Rustlers,0.3678,
2020-03-20,Rustlers,0.367,
2020-03-21,Rustlers,0.3673,
2020-03-22,Rustlers,0.3664,
2020-03-23,Rustlers,0.3656,
2020-03-24,Rustlers,0.365,
2020-03-25,Rustlers,0.3641,
2020-03-26,Rustlers,0.3641,
2020-03-27,Rustlers,0.3639,
2020-03-28,Rustlers,0.3639,
2020-03-29,Rustlers,0.3636,
2020-03-30,Rustlers,0.364,
2020-03-31,Rustlers,0.3648,
2020-04-01,Rustlers,0.3678,
2020-04-02,Rustlers,0.3676,
2020-04-03,Rustlers,0.3649,
2020-04-04,Rustlers,0.3655,
2020-04-05,Rustlers,0.3654,
2020-04-06,Rustlers,0.3707,
2020-04-07,Rustlers,0.3772,
2020-04-08,Rustlers,0.3839,
2020-04-09,Rustlers,0.3946,
2020-04-10,Rustlers,0.4022,
2020-04-11,Rustlers,0.4079,
2020-04-12,Rustlers,0.4136,
2020-04-13,Rustlers,0.4068,
2020-04-14,Rustlers,0.4027,
2020-04-15,Rustlers,0.4007,
2020-04-16,Rustlers,0.397,
2020-04-17,Rustlers,0.3942,
2020-04-18,Rustlers,0.3925,
2020-04-19,Rustlers,0.3915,
2020-04-20,Rustlers,0.3907,
2020-04-21,Rustlers,0.394,
2020-04-22,Rustlers,0.4025,
2020-04-23,Rustlers,0.4063,
2020-04-24,Rustlers,0.4072,
2020-04-25,Rustlers,0.4147,
2020-04-26,Rustlers,0.4318,
2020-04-27,Rustlers,0.4534,
2020-04-28,Rustlers,0.4924,
2020-04-29,Rustlers,0.5206,
2020-04-30,Rustlers,0.5499,
2020-05-01,Rustlers,0.5856,
2020-05-02,Rustlers,0.6097,
2020-05-03,Rustlers,0.621,
2020-05-04,Rustlers,0.628,
2020-05-05,Rustlers,0.6208,
2020-05-06,Rustlers,0.6216,
2020-05-07,Rustlers,0.6256,
2020-05-08,Rustlers,0.6245,
2020-05-09,Rustlers,0.631,
2020-05-10,Rustlers,0.6443,
2020-05-11,Rustlers,0.6509,
2020-05-12,Rustlers,0.6463,
2020-05-13,Rustlers,0.6473,
2020-05-14,Rustlers,0.6506,
2020-05-15,Rustlers,0.6503,
2020-05-16,Rustlers,0.6646,
2020-05-17,Rustlers,0.6905,
2020-05-18,Rustlers,0.7274,
2020-05-19,Rustlers,0.756,
2020-05-20,Rustlers,0.7625,
2020-05-21,Rustlers,0.7244,
2020-05-22,Rustlers,0.7263,
2020-05-23,Rustlers,0.7242,
2020-05-24,Rustlers,0.7115,
2020-05-25,Rustlers,0.7101,
2020-05-26,Rustlers,0.7148,
2020-05-27,Rustlers,0.7257,
2020-05-28,Rustlers,0.7466,
2020-05-29,Rustlers,0.7728,
2020-05-30,Rustlers,0.7709,
2020-05-31,Rustlers,0.7708,
2020-06-01,Rustlers,0.7688,
2020-06-02,Rustlers,0.7722,
2020-06-03,Rustlers,0.7739,
2020-06-04,Rustlers,0.7695,
2020-06-05,Rustlers,0.7624,
2020-06-06,Rustlers,0.7964,
2020-06-07,Rustlers,0.7709,
2020-06-08,Rustlers,0.7361,
2020-06-09,Rustlers,0.7199,
2020-06-10,Rustlers,0.6927,
2020-06-11,Rustlers,0.6834,
2020-06-12,Rustlers,0.691,
2020-06-13,Rustlers,0.7062,
2020-06-14,Rustlers,0.7196,
2020-06-15,Rustlers,0.7132,
2020-06-16,Rustlers,0.7062,
2020-06-17,Rustlers,0.6974,
2020-06-18,Rustlers,0.6896,
2020-06-19,Rustlers,0.6799,
2020-06-20,Rustlers,0.6666,
2020-06-21,Rustlers,0.6625,
2020-06-22,Rustlers,0.6667,
2020-06-23,Rustlers,0.6672,
2020-06-24,Rustlers,0.6563,
2020-06-25,Rustlers,0.6567,
2020-06-26,Rustlers,0.6481,
2020-06-27,Rustlers,0.651,
2020-06-28,Rustlers,0.6364,
2020-06-29,Rustlers,0.6279,
2020-06-30,Rustlers,0.618,
2020-07-01,Rustlers,0.6056,
2020-07-02,Rustlers,0.6034,
2020-07-03,Rustlers,0.6008,
2020-07-04,Rustlers,0.6006,
2020-07-05,Rustlers,0.5953,
2020-07-06,Rustlers,0.5939,
2020-07-07,Rustlers,0.5916,
2020-07-08,Rustlers,0.585,
2020-07-09,Rustlers,0.5775,
2020-07-10,Rustlers,0.5721,rc: adjust depth due to sudden jump in transducer by 0.101886556
2020-07-11,Rustlers,0.5673,
2020-07-12,Rustlers,0.5647,
2020-07-13,Rustlers,0.5709,
2020-07-14,Rustlers,0.5703,
2020-07-15,Rustlers,0.5627,
2020-07-16,Rustlers,0.557,
2020-07-17,Rustlers,0.5498,
2020-07-18,Rustlers,0.5446,
2020-07-19,Rustlers,0.5398,
2020-07-20,Rustlers,0.5349,
2020-07-21,Rustlers,0.5311,
2020-07-22,Rustlers,0.5291,
2020-07-23,Rustlers,0.528,
2020-07-24,Rustlers,0.5313,
2020-07-25,Rustlers,0.541,
2020-07-26,Rustlers,0.5501,
2020-07-27,Rustlers,0.552,
2020-07-28,Rustlers,0.5337,
2020-07-29,Rustlers,0.5264,
2020-07-30,Rustlers,0.5202,
2020-07-31,Rustlers,0.5148,
2020-08-01,Rustlers,0.5079,
2020-08-02,Rustlers,0.5032,
2020-08-03,Rustlers,0.4998,
2020-08-04,Rustlers,0.4969,
2020-08-05,Rustlers,0.4936,
2020-08-06,Rustlers,0.4907,
2020-08-07,Rustlers,0.4891,
2020-08-08,Rustlers,0.4853,
2020-08-09,Rustlers,0.4817,
2020-08-10,Rustlers,0.4775,
2020-08-11,Rustlers,0.4739,
2020-08-12,Rustlers,0.4716,
2020-08-13,Rustlers,0.4696,
2020-08-14,Rustlers,0.4666,
2020-08-15,Rustlers,0.4647,
2020-08-16,Rustlers,0.4629,
2020-08-17,Rustlers,0.4603,
2020-08-18,Rustlers,0.4582,
2020-08-19,Rustlers,0.4563,
2020-08-20,Rustlers,0.4556,
2020-08-21,Rustlers,0.4518,
2020-08-22,Rustlers,0.4505,
2020-08-23,Rustlers,0.4508,
2020-08-24,Rustlers,0.4528,
2020-08-25,Rustlers,0.4532,
2020-08-26,Rustlers,0.4544,
2020-08-27,Rustlers,0.4514,
2020-08-28,Rustlers,0.4575,
2020-08-29,Rustlers,0.489,
2020-08-30,Rustlers,0.4861,
2020-08-31,Rustlers,0.4744,
2020-09-01,Rustlers,0.4831,
2020-09-02,Rustlers,0.4673,
2020-09-03,Rustlers,0.4585,
2020-09-04,Rustlers,0.4514,
2020-09-05,Rustlers,0.4456,
2020-09-06,Rustlers,0.4403,
2020-09-07,Rustlers,0.4395,
2020-09-08,Rustlers,0.451,
2020-09-09,Rustlers,0.4716,
2020-09-10,Rustlers,0.4736,
2020-09-11,Rustlers,0.4713,
2020-09-12,Rustlers,0.4676,
2020-09-13,Rustlers,0.4691,
2020-09-14,Rustlers,0.461,
2020-09-15,Rustlers,0.4602,
2020-09-16,Rustlers,0.4569,
2020-09-17,Rustlers,0.4518,
2020-09-18,Rustlers,0.4472,
2020-09-19,Rustlers,0.4445,
2020-09-20,Rustlers,0.4429,
2020-09-21,Rustlers,0.4425,
2020-09-22,Rustlers,0.4452,
2020-09-23,Rustlers,0.4414,
2020-09-24,Rustlers,0.4386,
2020-09-25,Rustlers,0.4323,
2020-09-26,Rustlers,0.4296,
2020-09-27,Rustlers,0.4282,
2020-09-28,Rustlers,0.4287,
2020-09-29,Rustlers,0.4278,
2020-09-30,Rustlers,0.4257,
2020-10-01,Rustlers,0.4285,
2020-10-02,Rustlers,0.4283,
2020-10-03,Rustlers,0.4271,
2020-10-04,Rustlers,0.4263,
2020-10-05,Rustlers,0.4247,
2020-10-06,Rustlers,0.4244,
2020-10-07,Rustlers,0.4226,
2020-10-08,Rustlers,0.4218,
2020-10-09,Rustlers,0.421,
2020-10-10,Rustlers,0.4196,
2020-10-11,Rustlers,0.4221,
2020-10-12,Rustlers,0.423,
2020-10-13,Rustlers,0.4203,
2020-10-14,Rustlers,0.4168,
2020-10-15,Rustlers,0.4167,
2020-10-16,Rustlers,0.4169,
2020-10-17,Rustlers,0.4152,
2020-10-18,Rustlers,0.414,
2020-10-19,Rustlers,0.4134,
2020-10-20,Rustlers,0.4133,
2020-10-21,Rustlers,0.4125,
2020-10-22,Rustlers,0.4109,
2020-10-23,Rustlers,0.4104,
2020-10-24,Rustlers,0.409,
2020-10-25,Rustlers,0.409,
2020-10-26,Rustlers,0.4081,
2020-10-27,Rustlers,0.408,
2020-10-28,Rustlers,0.408,
2020-10-29,Rustlers,0.408,
2020-10-30,Rustlers,0.408,
2020-10-31,Rustlers,0.407,
2020-11-01,Rustlers,0.407,
2020-11-02,Rustlers,0.407,
2020-11-03,Rustlers,0.407,
2020-11-04,Rustlers,0.4069,
2020-11-05,Rustlers,0.406,
2020-11-06,Rustlers,0.406,
2020-11-07,Rustlers,0.406,
2020-11-08,Rustlers,0.406,
2020-11-09,Rustlers,0.4058,
2020-11-10,Rustlers,0.405,
2020-11-11,Rustlers,0.405,
2020-11-12,Rustlers,0.405,
2020-11-13,Rustlers,0.405,
2020-11-14,Rustlers,0.4047,
2020-11-15,Rustlers,0.404,
2020-11-16,Rustlers,0.404,
2020-11-17,Rustlers,0.404,
2020-11-18,Rustlers,0.404,
2020-11-19,Rustlers,0.4036,
2020-11-20,Rustlers,0.403,
2020-11-21,Rustlers,0.403,
2020-11-22,Rustlers,0.403,
2020-11-23,Rustlers,0.403,
2020-11-24,Rustlers,0.4025,
2020-11-25,Rustlers,0.402,
2020-11-26,Rustlers,0.402,
2020-11-27,Rustlers,0.402,
2020-11-28,Rustlers,0.402,
2020-11-29,Rustlers,0.4015,
2020-11-30,Rustlers,0.401,
2020-12-01,Rustlers,0.401,
2020-12-02,Rustlers,0.401,
2020-12-03,Rustlers,0.401,
2020-12-04,Rustlers,0.4004,
2020-12-05,Rustlers,0.4,
2020-12-06,Rustlers,0.4,
2020-12-07,Rustlers,0.4,
2020-12-08,Rustlers,0.4,
2020-12-09,Rustlers,0.3993,
2020-12-10,Rustlers,0.399,
2020-12-11,Rustlers,0.399,
2020-12-12,Rustlers,0.399,
2020-12-13,Rustlers,0.399,
2020-12-14,Rustlers,0.3982,
2020-12-15,Rustlers,0.398,
2020-12-16,Rustlers,0.3973,
2020-12-17,Rustlers,0.3954,
2020-12-18,Rustlers,0.3945,
2020-12-19,Rustlers,0.3945,
2020-12-20,Rustlers,0.3929,
2020-12-21,Rustlers,0.3933,
2020-12-22,Rustlers,0.3937,
2020-12-23,Rustlers,0.3955,
2020-12-24,Rustlers,0.3944,
2020-12-25,Rustlers,0.394,
2020-12-26,Rustlers,0.3918,
2020-12-27,Rustlers,0.3918,
2020-12-28,Rustlers,0.3918,
2020-12-29,Rustlers,0.3917,
2020-12-30,Rustlers,0.3918,
2020-12-31,Rustlers,0.3923,
2021-01-01,Rustlers,0.3919,
2021-01-02,Rustlers,0.3923,
2021-01-03,Rustlers,0.3917,
2021-01-04,Rustlers,0.3904,
2021-01-05,Rustlers,0.39,
2021-01-06,Rustlers,0.3904,
2021-01-07,Rustlers,0.3899,
2021-01-08,Rustlers,0.3896,
2021-01-09,Rustlers,0.3895,
2021-01-10,Rustlers,0.3889,
2021-01-11,Rustlers,0.389,
2021-01-12,Rustlers,0.3888,
2021-01-13,Rustlers,0.3874,
2021-01-14,Rustlers,0.3877,
2021-01-15,Rustlers,0.3865,
2021-01-16,Rustlers,0.3851,
2021-01-17,Rustlers,0.3843,
2021-01-18,Rustlers,0.3847,
2021-01-19,Rustlers,0.386,
2021-01-20,Rustlers,0.3849,
2021-01-21,Rustlers,0.3842,
2021-01-22,Rustlers,0.3844,
2021-01-23,Rustlers,0.3845,
2021-01-24,Rustlers,0.3848,
2021-01-25,Rustlers,0.3852,
2021-01-26,Rustlers,0.3857,
2021-01-27,Rustlers,0.3841,
2021-01-28,Rustlers,0.3843,
2021-01-29,Rustlers,0.3834,
2021-01-30,Rustlers,0.3838,
2021-01-31,Rustlers,0.3831,
2021-02-01,Rustlers,0.3831,
2021-02-02,Rustlers,0.3833,
2021-02-03,Rustlers,0.381,
2021-02-04,Rustlers,0.3826,
2021-02-05,Rustlers,0.3827,
2021-02-06,Rustlers,0.3808,
2021-02-07,Rustlers,0.382,
2021-02-08,Rustlers,0.3819,
2021-02-09,Rustlers,0.3811,
2021-02-10,Rustlers,0.381,
2021-02-11,Rustlers,0.3804,
2021-02-12,Rustlers,0.3802,
2021-02-13,Rustlers,0.3794,
2021-02-14,Rustlers,0.3792,
2021-02-15,Rustlers,0.3787,
2021-02-16,Rustlers,0.3798,
2021-02-17,Rustlers,0.3791,
2021-02-18,Rustlers,0.3794,
2021-02-19,Rustlers,0.3792,
2021-02-20,Rustlers,0.3798,
2021-02-21,Rustlers,0.3787,
2021-02-22,Rustlers,0.3781,
2021-02-23,Rustlers,0.3785,
2021-02-24,Rustlers,0.3772,
2021-02-25,Rustlers,0.3782,
2021-02-26,Rustlers,0.3785,
2021-02-27,Rustlers,0.3784,
2021-02-28,Rustlers,0.3767,
2021-03-01,Rustlers,0.3781,
2021-03-02,Rustlers,0.3784,
2021-03-03,Rustlers,0.3781,
2021-03-04,Rustlers,0.3773,
2021-03-05,Rustlers,0.3767,
2021-03-06,Rustlers,0.3773,
2021-03-07,Rustlers,0.3784,
2021-03-08,Rustlers,0.3784,
2021-03-09,Rustlers,0.3778,
2021-03-10,Rustlers,0.3781,
2021-03-11,Rustlers,0.3786,
2021-03-12,Rustlers,0.3784,
2021-03-13,Rustlers,0.3783,
2021-03-14,Rustlers,0.3786,
2021-03-15,Rustlers,0.378,
2021-03-16,Rustlers,0.3774,
2021-03-17,Rustlers,0.3772,
2021-03-18,Rustlers,0.3778,
2021-03-19,Rustlers,0.379,
2021-03-20,Rustlers,0.3788,
2021-03-21,Rustlers,0.3782,
2021-03-22,Rustlers,0.3777,
2021-03-23,Rustlers,0.3781,
2021-03-24,Rustlers,0.3781,
2021-03-25,Rustlers,0.3779,
2021-03-26,Rustlers,0.3779,
2021-03-27,Rustlers,0.3777,
2021-03-28,Rustlers,0.3784,
2021-03-29,Rustlers,0.3794,
2021-03-30,Rustlers,0.3791,
2021-03-31,Rustlers,0.3783,
2021-04-01,Rustlers,0.3814,
2021-04-02,Rustlers,0.3904,
2021-04-03,Rustlers,0.4029,
2021-04-04,Rustlers,0.4078,
2021-04-05,Rustlers,0.4171,
2021-04-06,Rustlers,0.4313,
2021-04-07,Rustlers,0.4341,
2021-04-08,Rustlers,0.4419,
2021-04-09,Rustlers,0.4458,
2021-04-10,Rustlers,0.4489,
2021-04-11,Rustlers,0.458,
2021-04-12,Rustlers,0.4651,
2021-04-13,Rustlers,0.4663,
2021-04-14,Rustlers,0.4616,
2021-04-15,Rustlers,0.4581,
2021-04-16,Rustlers,0.4554,
2021-04-17,Rustlers,0.4567,
2021-04-18,Rustlers,0.461,
2021-04-19,Rustlers,0.463,
2021-04-20,Rustlers,0.4649,
2021-04-21,Rustlers,0.4617,
2021-04-22,Rustlers,0.458,
2021-04-23,Rustlers,0.4551,
2021-04-24,Rustlers,0.4533,
2021-04-25,Rustlers,0.457,
2021-04-26,Rustlers,0.4654,
2021-04-27,Rustlers,0.4668,
2021-04-28,Rustlers,0.4666,
2021-04-29,Rustlers,0.4831,
2021-04-30,Rustlers,0.5239,
2021-05-01,Rustlers,0.5632,
2021-05-02,Rustlers,0.5795,
2021-05-03,Rustlers,0.578,
2021-05-04,Rustlers,0.5621,
2021-05-05,Rustlers,0.5545,
2021-05-06,Rustlers,0.5692,
2021-05-07,Rustlers,0.5984,
2021-05-08,Rustlers,0.6119,
2021-05-09,Rustlers,0.6017,
2021-05-10,Rustlers,0.5925,
2021-05-11,Rustlers,0.5804,
2021-05-12,Rustlers,0.5733,
2021-05-13,Rustlers,0.575,
2021-05-14,Rustlers,0.588,
2021-05-15,Rustlers,0.6083,
2021-05-16,Rustlers,0.6363,
2021-05-17,Rustlers,0.6483,
2021-05-18,Rustlers,0.639,
2021-05-19,Rustlers,0.6555,
2021-05-20,Rustlers,0.6926,
2021-05-21,Rustlers,0.7091,
2021-05-22,Rustlers,0.7057,
2021-05-23,Rustlers,0.7137,
2021-05-24,Rustlers,0.7052,
2021-05-25,Rustlers,0.714,
2021-05-26,Rustlers,0.7201,
2021-05-27,Rustlers,0.7183,
2021-05-28,Rustlers,0.7271,
2021-05-29,Rustlers,0.7302,
2021-05-30,Rustlers,0.7217,
2021-05-31,Rustlers,0.7091,
2021-06-01,Rustlers,0.712,
2021-06-02,Rustlers,0.7252,
2021-06-03,Rustlers,0.7408,
2021-06-04,Rustlers,0.7579,
2021-06-05,Rustlers,0.7426,
2021-06-06,Rustlers,0.7339,
2021-06-07,Rustlers,0.735,
2021-06-08,Rustlers,0.731,
2021-06-09,Rustlers,0.7198,
2021-06-10,Rustlers,0.7079,
2021-06-11,Rustlers,0.7041,
2021-06-12,Rustlers,0.6994,
2021-06-13,Rustlers,0.6961,
2021-06-14,Rustlers,0.6911,
2021-06-15,Rustlers,0.687,
2021-06-16,Rustlers,0.6934,
2021-06-17,Rustlers,0.6739,
2021-06-18,Rustlers,0.6645,
2021-06-19,Rustlers,0.6556,
2021-06-20,Rustlers,0.645,
2021-06-21,Rustlers,0.6377,
2021-06-22,Rustlers,0.6268,
2021-06-23,Rustlers,0.6113,
2021-06-24,Rustlers,0.636,
2021-06-25,Rustlers,0.6368,
2021-06-26,Rustlers,0.614,
2021-06-27,Rustlers,0.606,
2021-06-28,Rustlers,0.6032,
2021-06-29,Rustlers,0.5958,
2021-06-30,Rustlers,0.6041,
2021-07-01,Rustlers,0.6064,
2021-07-02,Rustlers,0.5998,
2021-07-03,Rustlers,0.5957,
2021-07-04,Rustlers,0.5883,
2021-07-05,Rustlers,0.5935,
2021-07-06,Rustlers,0.6024,
2021-07-07,Rustlers,0.5832,
2021-07-08,Rustlers,0.5708,
2021-07-09,Rustlers,0.5632,
2021-07-10,Rustlers,0.5565,
2021-07-11,Rustlers,0.5515,
2021-07-12,Rustlers,0.5438,
2021-07-13,Rustlers,0.546,
2021-07-14,Rustlers,0.5605,
2021-07-15,Rustlers,0.547,
2021-07-16,Rustlers,0.5369,
2021-07-17,Rustlers,0.5379,
2021-07-18,Rustlers,0.532,
2021-07-19,Rustlers,0.5252,
2021-07-20,Rustlers,0.5295,
2021-07-21,Rustlers,0.5595,
2021-07-22,Rustlers,0.5887,
2021-07-23,Rustlers,0.6008,
2021-07-24,Rustlers,0.5651,
2021-07-25,Rustlers,0.5484,
2021-07-26,Rustlers,0.5437,
2021-07-27,Rustlers,0.5362,
2021-07-28,Rustlers,0.5301,
2021-07-29,Rustlers,0.5365,
2021-07-30,Rustlers,0.5658,
2021-07-31,Rustlers,0.5912,
2021-08-01,Rustlers,0.5945,
2021-08-02,Rustlers,0.5749,
2021-08-03,Rustlers,0.5786,
2021-08-04,Rustlers,0.574,
2021-08-05,Rustlers,0.5592,
2021-08-06,Rustlers,0.55,
2021-08-07,Rustlers,0.5414,
2021-08-08,Rustlers,0.5341,
2021-08-09,Rustlers,0.527,
2021-08-10,Rustlers,0.5207,
2021-08-11,Rustlers,0.5146,
2021-08-12,Rustlers,0.5117,
2021-08-13,Rustlers,0.5066,
2021-08-14,Rustlers,0.5036,
2021-08-15,Rustlers,0.5024,
2021-08-16,Rustlers,0.5093,
2021-08-17,Rustlers,0.5032,
2021-08-18,Rustlers,0.5017,
2021-08-19,Rustlers,0.5547,
2021-08-20,Rustlers,0.5511,
2021-08-21,Rustlers,0.5258,
2021-08-22,Rustlers,0.5186,
2021-08-23,Rustlers,0.5211,
2021-08-24,Rustlers,0.523,
2021-08-25,Rustlers,0.5267,
2021-08-26,Rustlers,0.5296,
2021-08-27,Rustlers,0.527,
2021-08-28,Rustlers,0.5214,
2021-08-29,Rustlers,0.5174,
2021-08-30,Rustlers,0.5149,
2021-08-31,Rustlers,0.5123,
2021-09-01,Rustlers,0.5241,
2021-09-02,Rustlers,0.5679,
2021-09-03,Rustlers,0.5384,
2021-09-04,Rustlers,0.5262,
2021-09-05,Rustlers,0.5206,
2021-09-06,Rustlers,0.5171,
2021-09-07,Rustlers,0.5131,
2021-09-08,Rustlers,0.513,
2021-09-09,Rustlers,0.5116,
2021-09-10,Rustlers,0.5053,
2021-09-11,Rustlers,0.5006,
2021-09-12,Rustlers,0.4999,
2021-09-13,Rustlers,0.5012,
2021-09-14,Rustlers,0.5024,
2021-09-15,Rustlers,0.5015,
2021-09-16,Rustlers,0.4972,
2021-09-17,Rustlers,0.4967,
2021-09-18,Rustlers,0.4998,
2021-09-19,Rustlers,0.5141,
2021-09-20,Rustlers,0.5294,
2021-09-21,Rustlers,0.5113,
2021-09-22,Rustlers,0.5084,
2021-09-23,Rustlers,0.5095,
2021-09-24,Rustlers,0.5087,
2021-09-25,Rustlers,0.5075,
2021-09-26,Rustlers,0.5076,
2021-09-27,Rustlers,0.5067,
2021-09-28,Rustlers,0.5185,
2021-09-29,Rustlers,0.5531,
2021-09-30,Rustlers,0.5395,
2021-10-01,Rustlers,0.6251,
2021-10-02,Rustlers,0.6092,
2021-10-03,Rustlers,0.5848,
2021-10-04,Rustlers,0.5641,
2021-10-05,Rustlers,0.5512,
2021-10-06,Rustlers,0.5511,
2021-10-07,Rustlers,0.545,
2021-10-08,Rustlers,0.5506,
2021-10-09,Rustlers,0.6701,
2021-10-10,Rustlers,0.6049,
2021-10-11,Rustlers,0.5703,
2021-10-12,Rustlers,0.5694,
2021-10-13,Rustlers,0.5602,
2021-10-14,Rustlers,0.5496,
2021-10-15,Rustlers,0.6747,
2021-10-16,Rustlers,0.729,
2021-10-17,Rustlers,0.5549,
2021-10-18,Rustlers,0.5456,
2021-10-19,Rustlers,0.5516,
2021-10-20,Rustlers,0.5974,
2021-10-21,Rustlers,0.596,
2021-10-22,Rustlers,0.5517,
2021-10-23,Rustlers,0.5167,
2021-10-24,Rustlers,0.5361,
2021-10-25,Rustlers,0.5299,
2021-10-26,Rustlers,0.5399,
2021-10-27,Rustlers,0.5751,
2021-10-28,Rustlers,0.5424,
2021-10-29,Rustlers,0.5685,
2021-10-30,Rustlers,0.5378,
2021-10-31,Rustlers,0.524,
2021-11-01,Rustlers,0.5318,
2021-11-02,Rustlers,0.5353,
2021-11-03,Rustlers,0.5308,
2021-11-04,Rustlers,0.5986,
2021-11-05,Rustlers,0.5689,
2021-11-06,Rustlers,0.5965,
2021-11-07,Rustlers,0.519,
2021-11-08,Rustlers,0.5078,
2021-11-09,Rustlers,0.501,
2021-11-10,Rustlers,0.5134,
2021-11-11,Rustlers,0.5753,
2021-11-12,Rustlers,0.5394,
2021-11-13,Rustlers,0.5552,
2021-11-14,Rustlers,0.5328,
2021-11-15,Rustlers,0.508,
2021-11-16,Rustlers,0.5039,
2021-11-17,Rustlers,0.5333,
2021-11-18,Rustlers,0.9106,
2021-11-19,Rustlers,0.7742,
2021-11-20,Rustlers,0.5811,
2021-11-21,Rustlers,0.6711,
2021-11-22,Rustlers,0.5678,
2021-11-23,Rustlers,0.5493,
2021-11-24,Rustlers,0.5505,
2021-11-25,Rustlers,0.6267,
2021-11-26,Rustlers,0.8033,
2021-11-27,Rustlers,0.699,
2021-11-28,Rustlers,0.6255,
2021-11-29,Rustlers,0.572,
2021-11-30,Rustlers,0.4575,
2021-12-01,Rustlers,0.4505,
2021-12-02,Rustlers,0.4462,
2021-12-03,Rustlers,0.4451,
2021-12-04,Rustlers,0.4435,
2021-12-05,Rustlers,0.4406,
2021-12-06,Rustlers,0.598,
2021-12-07,Rustlers,0.4488,
2021-12-08,Rustlers,0.6651,
2021-12-09,Rustlers,0.4678,
2021-12-10,Rustlers,0.4707,
2021-12-11,Rustlers,0.4644,
2021-12-12,Rustlers,0.459,
2021-12-13,Rustlers,0.4443,
2021-12-14,Rustlers,0.4356,
2021-12-15,Rustlers,0.4451,
2021-12-16,Rustlers,0.4394,
2021-12-17,Rustlers,0.4413,
2021-12-18,Rustlers,0.4397,
2021-12-19,Rustlers,0.4388,
2021-12-20,Rustlers,0.4383,
2021-12-21,Rustlers,0.4354,
2021-12-22,Rustlers,0.4317,
2021-12-23,Rustlers,0.4281,
2021-12-24,Rustlers,0.4217,
2021-12-25,Rustlers,0.4441,
2021-12-26,Rustlers,0.4301,
2021-12-27,Rustlers,0.4421,
2021-12-28,Rustlers,0.4439,
2021-12-29,Rustlers,0.4422,
2021-12-30,Rustlers,0.4335,
2021-12-31,Rustlers,0.43,
2022-01-01,Rustlers,0.4486,
2022-01-02,Rustlers,0.4375,
2022-01-03,Rustlers,0.4289,
2022-01-04,Rustlers,0.4306,
2022-01-05,Rustlers,0.4297,
2022-01-06,Rustlers,0.4197,
2022-01-07,Rustlers,0.431,
2022-01-08,Rustlers,0.4311,
2022-01-09,Rustlers,0.4303,
2022-01-10,Rustlers,0.4269,
2022-01-11,Rustlers,0.4247,
2022-01-12,Rustlers,0.4237,
2022-01-13,Rustlers,0.4185,
2022-01-14,Rustlers,0.424,
2022-01-15,Rustlers,0.4209,
2022-01-16,Rustlers,0.4183,
2022-01-17,Rustlers,0.4174,
2022-01-18,Rustlers,0.4173,
2022-01-19,Rustlers,0.4187,
2022-01-20,Rustlers,0.4174,
2022-01-21,Rustlers,0.416,
2022-01-22,Rustlers,0.4183,
2022-01-23,Rustlers,0.4143,
2022-01-24,Rustlers,0.4118,
2022-01-25,Rustlers,0.4152,
2022-01-26,Rustlers,0.4146,
2022-01-27,Rustlers,0.4176,
2022-01-28,Rustlers,0.415,
2022-01-29,Rustlers,0.411,
2022-01-30,Rustlers,0.4098,
2022-01-31,Rustlers,0.4056,
2022-02-01,Rustlers,0.4068,
2022-02-02,Rustlers,0.4109,
2022-02-03,Rustlers,0.4128,
2022-02-04,Rustlers,0.4122,
2022-02-05,Rustlers,0.4074,
2022-02-06,Rustlers,0.4092,
2022-02-07,Rustlers,0.4055,
2022-02-08,Rustlers,0.4054,
2022-02-09,Rustlers,0.4024,
2022-02-10,Rustlers,0.4012,
2022-02-11,Rustlers,0.4073,
2022-02-12,Rustlers,0.4053,
2022-02-13,Rustlers,0.4,
2022-02-14,Rustlers,0.3976,
2022-02-15,Rustlers,0.3953,
2022-02-16,Rustlers,0.3965,
2022-02-17,Rustlers,0.4015,
2022-02-18,Rustlers,0.4001,
2022-02-19,Rustlers,0.3977,
2022-02-20,Rustlers,0.394,
2022-02-21,Rustlers,0.3939,
2022-02-22,Rustlers,0.3869,
2022-02-23,Rustlers,0.3928,
2022-02-24,Rustlers,0.4024,
2022-02-25,Rustlers,0.4015,
2022-02-26,Rustlers,0.3993,
2022-02-27,Rustlers,0.3967,
2022-02-28,Rustlers,0.395,
2022-03-01,Rustlers,0.394,
2022-03-02,Rustlers,0.3974,
2022-03-03,Rustlers,0.3959,
2022-03-04,Rustlers,0.3949,
2022-03-05,Rustlers,0.3974,
2022-03-06,Rustlers,0.4015,
2022-03-07,Rustlers,0.4008,
2022-03-08,Rustlers,0.3994,
2022-03-09,Rustlers,0.3998,
2022-03-10,Rustlers,0.405,
2022-03-11,Rustlers,0.405,
2022-03-12,Rustlers,0.3983,
2022-03-13,Rustlers,0.396,
2022-03-14,Rustlers,0.4015,
2022-03-15,Rustlers,0.3941,
2022-03-16,Rustlers,0.392,
2022-03-17,Rustlers,0.3982,
2022-03-18,Rustlers,0.3938,
2022-03-19,Rustlers,0.3901,
2022-03-20,Rustlers,0.3895,
2022-03-21,Rustlers,0.3942,
2022-03-22,Rustlers,0.3958,
2022-03-23,Rustlers,0.3934,
2022-03-24,Rustlers,0.3935,
2022-03-25,Rustlers,0.3997,
2022-03-26,Rustlers,0.424,
2022-03-27,Rustlers,0.4279,
2022-03-28,Rustlers,0.438,
2022-03-29,Rustlers,0.4497,
2022-03-30,Rustlers,0.4624,
2022-03-31,Rustlers,0.4524,
2022-04-01,Rustlers,0.4581,
2022-04-02,Rustlers,0.4503,
2022-04-03,Rustlers,0.4502,
2022-04-04,Rustlers,0.4505,
2022-04-05,Rustlers,0.4533,
2022-04-06,Rustlers,0.4537,
2022-04-07,Rustlers,0.449,
2022-04-08,Rustlers,0.4505,
2022-04-09,Rustlers,0.4558,
2022-04-10,Rustlers,0.4697,
2022-04-11,Rustlers,0.4588,
2022-04-12,Rustlers,0.4674,
2022-04-13,Rustlers,0.4632,
2022-04-14,Rustlers,0.4585,
2022-04-15,Rustlers,0.4546,
2022-04-16,Rustlers,0.4501,
2022-04-17,Rustlers,0.4523,
2022-04-18,Rustlers,0.4658,
2022-04-19,Rustlers,0.51,
2022-04-20,Rustlers,0.59,
2022-04-21,Rustlers,0.683,
2022-04-22,Rustlers,0.7566,
2022-04-23,Rustlers,0.7497,
2022-04-24,Rustlers,0.711,
2022-04-25,Rustlers,0.6872,
2022-04-26,Rustlers,0.6645,
2022-04-27,Rustlers,0.6625,
2022-04-28,Rustlers,0.6704,
2022-04-29,Rustlers,0.7036,
2022-04-30,Rustlers,0.7402,
2022-05-01,Rustlers,0.7928,
2022-05-02,Rustlers,0.7997,
2022-05-03,Rustlers,0.7839,
2022-05-04,Rustlers,0.7931,
2022-05-05,Rustlers,0.8347,
2022-05-06,Rustlers,0.9739,
2022-05-07,Rustlers,1.1643,
2022-05-08,Rustlers,1.3145,
2022-05-09,Rustlers,1.4262,
2022-05-10,Rustlers,1.5039,
2022-05-11,Rustlers,1.6474,
2022-05-12,Rustlers,1.6851,
2022-05-13,Rustlers,1.66,
2022-05-14,Rustlers,1.6384,
2022-05-15,Rustlers,1.683,
2022-05-16,Rustlers,1.8705,
2022-05-17,Rustlers,1.8104,
2022-05-18,Rustlers,1.9956,
2022-05-19,Rustlers,2.3662,
2022-05-20,Rustlers,2.2053,
2022-05-21,Rustlers,1.6681,
2022-05-22,Rustlers,1.2983,
2022-05-23,Rustlers,1.1138,
2022-05-24,Rustlers,1.0806,
2022-05-25,Rustlers,1.1232,
2022-05-26,Rustlers,1.3016,
2022-05-27,Rustlers,1.7289,
2022-05-28,Rustlers,1.9475,
2022-05-29,Rustlers,1.7051,
2022-05-30,Rustlers,1.4278,
2022-05-31,Rustlers,1.271,
2022-06-01,Rustlers,1.1372,
2022-06-02,Rustlers,1.2122,
2022-06-03,Rustlers,1.3435,
2022-06-04,Rustlers,1.5248,
2022-06-05,Rustlers,1.6141,
2022-06-06,Rustlers,1.7369,
2022-06-07,Rustlers,2.2426,
2022-06-08,Rustlers,1.8408,
2022-06-09,Rustlers,1.7162,
2022-06-10,Rustlers,1.591,
2022-06-11,Rustlers,1.2769,
2022-06-12,Rustlers,1.3226,
2022-06-13,Rustlers,1.2042,
2022-06-14,Rustlers,1.0528,
2022-06-15,Rustlers,0.9128,
2022-06-16,Rustlers,0.8425,
2022-06-17,Rustlers,0.8408,
2022-06-18,Rustlers,0.9185,
2022-06-19,Rustlers,0.9455,
2022-06-20,Rustlers,0.7903,
2022-06-21,Rustlers,0.7122,
2022-06-22,Rustlers,0.6459,
2022-06-23,Rustlers,0.5966,
2022-06-24,Rustlers,0.5731,
2022-06-25,Rustlers,0.5702,
2022-06-26,Rustlers,0.6438,
2022-06-27,Rustlers,0.5905,
2022-06-28,Rustlers,0.5466,
2022-06-29,Rustlers,0.5286,
2022-06-30,Rustlers,0.5556,
2022-07-01,Rustlers,0.515,
2022-07-02,Rustlers,0.4901,
2022-07-03,Rustlers,0.4661,
2022-07-04,Rustlers,0.4783,
2022-07-05,Rustlers,0.5375,
2022-07-06,Rustlers,0.4945,
2022-07-07,Rustlers,0.46,
2022-07-08,Rustlers,0.4319,
2022-07-09,Rustlers,0.4116,
2022-07-10,Rustlers,0.3899,
2022-07-11,Rustlers,0.3694,
2022-07-12,Rustlers,0.3638,
2022-07-13,Rustlers,0.3559,
2022-07-14,Rustlers,0.3703,
2022-07-15,Rustlers,0.3719,
2022-07-16,Rustlers,0.3376,
2022-07-17,Rustlers,0.3294,
2022-07-18,Rustlers,0.3233,
2022-07-19,Rustlers,0.3212,
2022-07-20,Rustlers,0.3109,
2022-07-21,Rustlers,0.2933,
2022-07-22,Rustlers,0.2767,
2022-07-23,Rustlers,0.2744,
2022-07-24,Rustlers,0.2933,
2022-07-25,Rustlers,0.2976,
2022-07-26,Rustlers,0.2781,
2022-07-27,Rustlers,0.2581,
2022-07-28,Rustlers,0.2547,
2022-07-29,Rustlers,0.2716,
2022-07-30,Rustlers,0.3042,
2022-07-31,Rustlers,0.2835,
2022-08-01,Rustlers,0.3073,
2022-08-02,Rustlers,0.3484,
2022-08-03,Rustlers,0.3022,
2022-08-04,Rustlers,0.2709,
2022-08-05,Rustlers,0.2558,
2022-08-06,Rustlers,0.2585,
2022-08-07,Rustlers,0.2431,
2022-08-08,Rustlers,0.2327,
2022-08-09,Rustlers,0.2233,
2022-08-10,Rustlers,0.2238,
2022-08-11,Rustlers,0.2218,
2022-08-12,Rustlers,0.2151,
2022-08-13,Rustlers,0.2124,
2022-08-14,Rustlers,0.2078,
2022-08-15,Rustlers,0.2097,
2022-08-16,Rustlers,0.2128,
2022-08-17,Rustlers,0.2183,
2022-08-18,Rustlers,0.2022,
2022-08-19,Rustlers,0.287,
2022-08-20,Rustlers,0.2642,
2022-08-21,Rustlers,0.3502,
2022-08-22,Rustlers,0.2763,
2022-08-23,Rustlers,0.2507,
2022-08-24,Rustlers,0.2339,
2022-08-25,Rustlers,0.2434,
2022-08-26,Rustlers,0.2965,
2022-08-27,Rustlers,0.3077,
2022-08-28,Rustlers,0.2751,
2022-08-29,Rustlers,0.2553,
2022-08-30,Rustlers,0.2383,
2022-08-31,Rustlers,0.2245,
2022-09-01,Rustlers,0.2149,
2022-09-02,Rustlers,0.2102,
2022-09-03,Rustlers,0.2029,
2022-09-04,Rustlers,0.1953,
2022-09-05,Rustlers,0.193,
2022-09-06,Rustlers,0.189,
2022-09-07,Rustlers,0.1834,
2022-09-08,Rustlers,0.1763,
2022-09-09,Rustlers,0.1775,
2022-09-10,Rustlers,0.1778,
2022-09-11,Rustlers,0.1712,
2022-09-12,Rustlers,0.1657,
2022-09-13,Rustlers,0.1691,
2022-09-14,Rustlers,0.1874,
2022-09-15,Rustlers,0.2357,
2022-09-16,Rustlers,0.2037,
2022-09-17,Rustlers,0.1892,
2022-09-18,Rustlers,0.1812,
2022-09-19,Rustlers,0.1751,
2022-09-20,Rustlers,0.1705,
2022-09-21,Rustlers,0.1864,
2022-09-22,Rustlers,0.2526,
2022-09-23,Rustlers,0.2165,
2022-09-24,Rustlers,0.1927,
2022-09-25,Rustlers,0.1831,
2022-09-26,Rustlers,0.1762,
2022-09-27,Rustlers,0.1726,
2022-09-28,Rustlers,0.1703,
2022-09-29,Rustlers,0.1703,
2022-09-30,Rustlers,0.1816,
2022-10-01,Rustlers,0.2187,
2022-10-02,Rustlers,0.231,
2022-10-03,Rustlers,0.2347,
2022-10-04,Rustlers,0.2149,
2022-10-05,Rustlers,0.2084,
2022-10-06,Rustlers,0.1974,
2022-10-07,Rustlers,0.1908,
2022-10-08,Rustlers,0.1881,
2022-10-09,Rustlers,0.1806,
2022-10-10,Rustlers,0.177,
2022-10-11,Rustlers,0.1722,
2022-10-12,Rustlers,0.1694,
2022-10-13,Rustlers,0.1633,
2022-10-14,Rustlers,0.1607,
2022-10-15,Rustlers,0.1585,
2022-10-16,Rustlers,0.1559,
2022-10-17,Rustlers,0.1575,
