date,Rustlers,Copper,EAQ,Gothic_ME,PH_LT
2014-05-01,,,,,4.5682
2014-05-02,,,,,4.5438
2014-05-03,,,,,4.9778
2014-05-04,,,,,6.0783
2014-05-05,,,,,7.2093
2014-05-06,,,,,7.8207
2014-05-07,,,,,8.1263
2014-05-08,,,,,7.3927
2014-05-09,,,,,6.2617
2014-05-10,,,,,5.6565
2014-05-11,,,,,5.5892
2014-05-12,,,,,5.3202
2014-05-13,,,,,4.8495
2014-05-14,,,,,4.556
2014-05-15,,,,,4.1831
2014-05-16,,,,,4.1464
2014-05-17,,,,,4.4398
2014-05-18,,,,,5.687
2014-05-19,,,,,6.6346
2014-05-20,,,,,7.9429
2014-05-21,,,,,9.5325
2014-05-22,,,,,9.2268
2014-05-23,,,,,9.5325
2014-05-24,,,,,9.777
2014-05-25,,,,,10.4495
2014-05-26,,,,,8.9823
2014-05-27,,,,,9.6547
2014-05-28,,,,,11.7334
2014-05-29,,,,,13.9954
2014-05-30,,,,,15.157
2014-05-31,,,,,15.2793
2014-06-01,,,,,15.8295
2014-06-02,,,,,16.9911
2014-06-03,,,,,16.6854
2014-06-04,,,,,16.1352
2014-06-05,,,,,16.1352
2014-06-06,,,,,15.8295
2014-06-07,,,,,15.6461
2014-06-08,,,,,15.4015
2014-06-09,,,,,13.0784
2014-06-10,,,,,11.6722
2014-06-11,,,,,11.4888
2014-06-12,,,,,12.0391
2014-06-13,,,,,12.2836
2014-06-14,,,,,12.8338
2014-06-15,,,,,11.3054
2014-06-16,,,,,10.4495
2014-06-17,,,,,10.0827
2014-06-18,,,,,10.3272
2014-06-19,,,,,9.5936
2014-06-20,,,,,9.5325
2014-06-21,,,,,9.6547
2014-06-22,,,,,8.9823
2014-06-23,,,,,8.9823
2014-06-24,,,,,8.6154
2014-06-25,,,,,8.6154
2014-06-26,,,,,8.7988
2014-06-27,,,,,8.6154
2014-06-28,,,,,7.8818
2014-06-29,,,,,7.8207
2014-06-30,,,,,7.8207
2014-07-01,,,,,7.5761
2014-07-02,,,,,7.0504
2014-07-03,,,,,6.6346
2014-07-04,,,,,6.3717
2014-07-05,,,,,6.4207
2014-07-06,,,,,6.115
2014-07-07,,,,,5.791
2014-07-08,,,,,5.5158
2014-07-09,,,,,5.253
2014-07-10,,,,,4.9228
2014-07-11,,,,,4.9228
2014-07-12,,,,,4.8067
2014-07-13,,,,,4.7944
2014-07-14,,,,,4.3726
2014-07-15,,,,,4.0363
2014-07-16,,,,,3.8896
2014-07-17,,,,,3.8957
2014-07-18,,,,,3.5656
2014-07-19,,,,,3.3027
2014-07-20,,,,,3.1499
2014-07-21,,,,,3.1132
2014-07-22,,,,,2.8931
2014-07-23,,,,,2.7892
2014-07-24,,,,,2.7586
2014-07-25,,,,,2.6914
2014-07-26,,,,,2.5813
2014-07-27,,,,,2.5385
2014-07-28,,,,,2.9176
2014-07-29,,,,,3.1071
2014-07-30,,,,,2.997
2014-07-31,,,,,2.7831
2014-08-01,,,,,2.8136
2014-08-02,,,,,2.7586
2014-08-03,,,,,2.5691
2014-08-04,,,,,2.5752
2014-08-05,,,,,2.5997
2014-08-06,,,,,2.7892
2014-08-07,,,,,2.5752
2014-08-08,,,,,2.4407
2014-08-09,,,,,2.3429
2014-08-10,,,,,2.3001
2014-08-11,,,,,2.3184
2014-08-12,,,,,2.2634
2014-08-13,,,,,2.2206
2014-08-14,,,,,2.1656
2014-08-15,,,,,2.1228
2014-08-16,,,,,2.0066
2014-08-17,,,,,1.9149
2014-08-18,,,,,1.8599
2014-08-19,,,,,1.8477
2014-08-20,,,,,1.8844
2014-08-21,,,,,1.8905
2014-08-22,,,,,1.8599
2014-08-23,,,,,1.97
2014-08-24,,,,,2.3979
2014-08-25,,,,,2.1289
2014-08-26,,,,,2.0617
2014-08-27,,,,,2.1656
2014-08-28,,,,,2.294
2014-08-29,,,,,2.3245
2014-08-30,,,,,2.1839
2014-08-31,,,,0.1073,2.1045
2014-09-01,,,0.3854,0.0982,2.0311
2014-09-02,,,0.3827,0.081,1.902
2014-09-03,,,0.3778,0.0675,1.7508
2014-09-04,,,0.3737,0.0649,1.7736
2014-09-05,,,0.3773,0.0601,1.9376
2014-09-06,,,0.3733,0.0497,1.7259
2014-09-07,,,0.3701,0.0485,1.6434
2014-09-08,,,0.3688,0.0495,1.6243
2014-09-09,,,0.3967,0.1233,3.5195
2014-09-10,,,0.4872,0.103,3.9084
2014-09-11,,,0.4309,0.0877,2.6622
2014-09-12,,,0.4097,0.0709,2.1823
2014-09-13,,,0.3994,0.0597,1.9089
2014-09-14,,,0.3917,0.0522,1.7138
2014-09-15,,,0.3868,0.0477,1.5909
2014-09-16,,,0.3809,0.0454,1.4965
2014-09-17,,,0.3769,0.0396,1.3689
2014-09-18,,,0.3746,0.0353,1.2916
2014-09-19,,,0.3724,0.0313,1.2
2014-09-20,,,0.3697,0.0305,1.1429
2014-09-21,,,0.38,0.0417,1.43
2014-09-22,,,0.4057,0.0522,2.0057
2014-09-23,,,0.4016,0.0342,1.5376
2014-09-24,,,0.3872,0.0292,1.277
2014-09-25,,,0.3791,0.0259,1.115
2014-09-26,,,0.3746,0.0231,1.0191
2014-09-27,,,0.3715,0.0205,0.9667
2014-09-28,,,0.3719,0.0245,1.0269
2014-09-29,,,0.3863,0.0252,1.4571
2014-09-30,,,0.3994,0.0214,1.3577
2014-10-01,,,0.3935,0.0182,1.2545
2014-10-02,,,0.4272,0.0154,1.2041
2014-10-03,,,0.4494,0.0129,1.0785
2014-10-04,,,0.4317,0.0109,1.0095
2014-10-05,,,0.3535,0.0091,0.9657
2014-10-06,,,0.3167,0.0075,0.8985
2014-10-07,,,0.2934,0.0057,0.8698
2014-10-08,,,0.2613,0.0052,0.831
2014-10-09,,,0.2746,0.0075,0.9047
2014-10-10,,,0.2935,0.0078,0.9762
2014-10-11,,,0.3025,0.0081,0.9455
2014-10-12,,,0.3307,0.0085,0.9684
2014-10-13,,,0.3516,0.0077,0.9875
2014-10-14,,,0.3282,0.0063,0.8997
2014-10-15,,,0.3169,0.006,0.8693
2014-10-16,,,0.3046,0.0057,0.816
2014-10-17,,,0.303,0.0054,0.8092
2014-10-18,,,0.3057,0.0056,0.8099
2014-10-19,,,0.3018,0.0056,0.7896
2014-10-20,,,0.3078,0.0055,0.7844
2014-10-21,,,0.3099,0.0062,0.8035
2014-10-22,,,0.3194,0.0068,0.9145
2014-10-23,,,0.309,0.0051,0.8133
2014-10-24,,,0.2998,0.0046,0.7301
2014-10-25,,,0.3021,0.0047,0.6941
2014-10-26,,,0.2951,0.0049,0.6711
2014-10-27,,,0.3065,0.0052,0.6922
2014-10-28,,,0.3079,0.0041,0.6654
2014-10-29,,,0.3021,0.0038,0.6365
2014-10-30,,,0.2918,0.0036,0.6067
2014-10-31,,,0.2911,0.0038,0.5807
2014-11-01,,,0.2801,0.0038,0.5746
2014-11-02,,,0.3029,0.0044,0.5807
2014-11-03,,,0.3165,0.004,0.6418
2014-11-04,,,0.3201,0.0053,0.5195
2014-11-05,,,0.3028,0.0043,0.5379
2014-11-06,,,0.3119,0.0036,0.599
2014-11-07,,,0.3044,0.0037,0.5685
2014-11-08,,,0.3043,0.0036,0.544
2014-11-09,,,0.3148,0.0042,0.5012
2014-11-10,,,0.2928,0.0032,0.489
2014-11-11,,,0.2956,0.0036,0.4217
2014-11-12,,,0.3022,0.0031,0.5501
2014-11-13,,,0.3147,0.0038,0.4401
2014-11-14,,,0.3208,0.0037,0.5623
2014-11-15,,,0.3216,0.004,0.5807
2014-11-16,,,0.3253,0.0043,0.4645
2014-11-17,,,0.3494,0.0052,0.3667
2014-11-18,,,0.3286,0.0044,0.4156
2014-11-19,,,0.3199,0.004,0.5012
2014-11-20,,,0.3103,0.0037,0.5012
2014-11-21,,,0.2986,0.0033,0.4645
2014-11-22,,,0.3196,0.0041,0.434
2014-11-23,,,0.3146,0.0036,0.4951
2014-11-24,,,0.3235,0.0042,0.4217
2014-11-25,,,0.3334,0.0046,0.3912
2014-11-26,,,0.2906,0.0029,0.4278
2014-11-27,,,0.3012,0.0035,0.4095
2014-11-28,,,0.2962,0.0032,0.4156
2014-11-29,,,0.2842,0.0027,0.385
2014-11-30,,,0.2693,0.0025,0.3912
2014-12-01,,,0.2853,0.003,0.4278
2014-12-02,,,0.2966,0.0033,0.3361
2014-12-03,,,0.2846,0.003,0.3973
2014-12-04,,,0.2785,0.0028,0.4156
2014-12-05,,,0.2678,0.0026,0.4034
2014-12-06,,,0.2885,0.0032,0.3484
2014-12-07,,,0.2828,0.0031,0.385
2014-12-08,,,0.2844,0.0031,0.2872
2014-12-09,,,0.2828,0.003,0.2261
2014-12-10,,,0.2757,0.0028,0.2322
2014-12-11,,,0.2689,0.0026,0.275
2014-12-12,,,0.2714,0.0027,0.2995
2014-12-13,,,0.2848,0.003,0.3484
2014-12-14,,,0.2745,0.0027,0.3545
2014-12-15,,,0.2794,0.0033,0.2811
2014-12-16,,,0.2915,0.004,0.1772
2014-12-17,,,0.2802,0.0035,0.3117
2014-12-18,,,0.2772,0.0034,0.3117
2014-12-19,,,0.29,0.0039,0.1833
2014-12-20,,,0.29,0.004,0.2139
2014-12-21,,,0.2806,0.0034,0.2933
2014-12-22,,,0.2891,0.0033,0.2505
2014-12-23,,,0.3149,0.0043,0.1466
2014-12-24,,,0.3172,0.0046,0.1405
2014-12-25,,,0.2719,0.0029,0.3117
2014-12-26,,,0.2668,0.0029,0.2933
2014-12-27,,,0.2979,0.0044,0.3056
2014-12-28,,,0.3094,0.0046,0.2261
2014-12-29,,,0.2822,0.0035,0.2872
2014-12-30,,,0.285,0.0037,0.2689
2014-12-31,,,0.2853,0.0037,0.1955
2015-01-01,,,0.2693,0.0031,0.1955
2015-01-02,,,0.2811,0.0036,0.2016
2015-01-03,,,0.2594,0.0027,0.1955
2015-01-04,,,0.2557,0.0028,0.2016
2015-01-05,,,0.2476,0.0023,0.2139
2015-01-06,,,0.2449,0.0025,0.2139
2015-01-07,,,0.2537,0.0027,0.2078
2015-01-08,,,0.2488,0.0024,0.2078
2015-01-09,,,0.2471,0.0024,0.1894
2015-01-10,,,0.2511,0.0026,0.1955
2015-01-11,,,0.2371,0.0022,0.1955
2015-01-12,,,0.256,0.0029,0.1894
2015-01-13,,,0.2441,0.0024,0.1894
2015-01-14,,,0.2422,0.0024,0.1772
2015-01-15,,,0.2472,0.0027,0.1588
2015-01-16,,,0.2564,0.0028,0.1283
2015-01-17,,,0.2385,0.0023,0.1833
2015-01-18,,,0.2373,0.0022,0.1466
2015-01-19,,,0.2478,0.0025,0.1711
2015-01-20,,,0.2493,0.0026,0.1772
2015-01-21,,,0.2556,0.0028,0.1405
2015-01-22,,,0.2613,0.0031,0.0366
2015-01-23,,,0.2499,0.0025,0.0671
2015-01-24,,,0.2471,0.0025,0.1099
2015-01-25,,,0.2283,0.0019,0.165
2015-01-26,,,0.2112,0.0016,0.1283
2015-01-27,,,0.225,0.0018,0.1283
2015-01-28,,,0.2271,0.0019,0.1466
2015-01-29,,,0.2327,0.0021,0.1405
2015-01-30,,,0.2488,0.0024,0.1405
2015-01-31,,,0.2251,0.0018,0.1466
2015-02-01,,,0.2485,0.0023,0.1038
2015-02-02,,,0.2325,0.002,0.1222
2015-02-03,,,0.2229,0.0018,0.1344
2015-02-04,,,0.2152,0.0016,0.1344
2015-02-05,,,0.2157,0.0016,0.116
2015-02-06,,,0.2188,0.0017,0.0855
2015-02-07,,,0.2136,0.0015,0.1038
2015-02-08,,,0.212,0.0015,0.1466
2015-02-09,,,0.229,0.0018,0.1099
2015-02-10,,,0.2273,0.0016,0.1344
2015-02-11,,,0.2225,0.0017,0.1527
2015-02-12,,,0.2384,0.002,0.0977
2015-02-13,,,0.221,0.0016,0.1222
2015-02-14,,,0.2329,0.0017,0.1466
2015-02-15,,,0.2501,0.002,0.165
2015-02-16,,,0.2556,0.0023,0.1772
2015-02-17,,,0.263,0.0023,0.0916
2015-02-18,,,0.2323,0.0015,0.116
2015-02-19,,,0.2375,0.0017,0.1588
2015-02-20,,,0.2374,0.0017,0.165
2015-02-21,,,0.2414,0.0018,0.1711
2015-02-22,,,0.2387,0.0017,0.1527
2015-02-23,,,0.2268,0.0015,0.1344
2015-02-24,,,0.2411,0.0018,0.1344
2015-02-25,,,0.2407,0.0018,0.1222
2015-02-26,,,0.2555,0.0022,0.1283
2015-02-27,,,0.237,0.0017,0.1405
2015-02-28,,,0.2243,0.0015,0.0794
2015-03-01,,,0.2697,0.0014,0.1344
2015-03-02,,,0.2724,0.0016,0.1711
2015-03-03,,,0.2679,0.0017,0.1099
2015-03-04,,,0.267,0.0019,0.0977
2015-03-05,,,0.263,0.0022,0.0427
2015-03-06,,,0.2679,0.0019,0.1099
2015-03-07,,,0.2684,0.0018,0.116
2015-03-08,,,0.2679,0.0015,0.1099
2015-03-09,,,0.2679,0.0014,0.1099
2015-03-10,,,0.2679,0.0014,0.1099
2015-03-11,,,0.2688,0.0016,0.1222
2015-03-12,,,0.272,0.0014,0.165
2015-03-13,,,0.2733,0.0014,0.1833
2015-03-14,,,0.2706,0.0015,0.1466
2015-03-15,,,0.2738,0.0015,0.1894
2015-03-16,,,0.2796,0.0015,0.2689
2015-03-17,,,0.2877,0.0017,0.3789
2015-03-18,,,0.2999,0.002,0.544
2015-03-19,,,0.3084,0.0023,0.6602
2015-03-20,,,0.3134,0.0023,0.7274
2015-03-21,,,0.3206,0.0023,0.8252
2015-03-22,,,0.3251,0.0022,0.8864
2015-03-23,,,0.3296,0.0024,0.9475
2015-03-24,,,0.3314,0.0027,0.972
2015-03-25,,,0.3256,0.0028,0.8925
2015-03-26,,,0.3138,0.0028,0.7335
2015-03-27,,,0.3192,0.0022,0.8069
2015-03-28,,,0.3328,0.0022,0.9903
2015-03-29,,,0.3562,0.0025,1.3082
2015-03-30,,,0.3733,0.0029,1.5405
2015-03-31,,,0.3881,0.003,1.7423
2015-04-01,,,0.4466,0.0032,1.5059
2015-04-02,,,0.4271,0.0032,1.3348
2015-04-03,,,0.4394,0.0041,1.3428
2015-04-04,,,0.4113,0.0035,1.2187
2015-04-05,,,0.3818,0.0026,1.1294
2015-04-06,,,0.3872,0.0026,1.2176
2015-04-07,,,0.4161,0.0031,1.3591
2015-04-08,,,0.441,0.0037,1.4667
2015-04-09,,,0.4451,0.0038,1.5162
2015-04-10,,,0.4465,0.0037,1.5106
2015-04-11,,,0.4573,0.0037,1.5765
2015-04-12,,,0.454,0.0035,1.646
2015-04-13,,,0.4767,0.004,1.7984
2015-04-14,,,0.5225,0.0049,2.0879
2015-04-15,,,0.5478,0.0059,2.3081
2015-04-16,,,0.5347,0.0053,2.1038
2015-04-17,,,0.5362,0.0055,2.0716
2015-04-18,,,0.5291,0.0052,1.9168
2015-04-19,,,0.4816,0.0044,1.5241
2015-04-20,,,0.462,0.004,1.4663
2015-04-21,,,0.4483,0.0036,1.4401
2015-04-22,,,0.4427,0.0037,1.3938
2015-04-23,,,0.4537,0.0042,1.4429
2015-04-24,,,0.4451,0.0042,1.4244
2015-04-25,,,0.4377,0.004,1.4062
2015-04-26,,,0.4174,0.0035,1.2992
2015-04-27,,,0.4214,0.0037,1.2895
2015-04-28,,,0.4495,0.0045,1.5141
2015-04-29,,,0.4638,0.0051,1.849
2015-04-30,,,0.4938,0.0071,2.2919
2015-05-01,,,0.5592,0.0111,2.8511
2015-05-02,,,0.6277,0.0144,3.2751
2015-05-03,,,0.6965,0.018,3.7193
2015-05-04,,,0.6917,0.0181,3.7063
2015-05-05,,,0.671,0.0167,3.6335
2015-05-06,,,0.6722,0.0161,3.9551
2015-05-07,,,0.6538,0.0162,3.7236
2015-05-08,,,0.6215,0.0166,3.4467
2015-05-09,,,0.625,0.0171,3.3843
2015-05-10,,,0.6052,0.0143,3.0143
2015-05-11,,,0.5832,0.0128,2.7992
2015-05-12,,,0.5579,0.0117,2.6183
2015-05-13,,,0.5914,0.0154,2.8472
2015-05-14,,,0.6071,0.0177,2.9928
2015-05-15,,,0.631,0.0181,3.0606
2015-05-16,,,0.5984,0.0145,2.7408
2015-05-17,,,0.5932,0.0131,2.7154
2015-05-18,,,0.5908,0.0135,2.5787
2015-05-19,,,0.6267,0.0153,3.0001
2015-05-20,,,0.5919,0.0144,2.7005
2015-05-21,,,0.5819,0.0147,2.5942
2015-05-22,,,0.5993,0.0163,2.8528
2015-05-23,,,0.6245,0.0178,3.0297
2015-05-24,,,0.6101,0.0158,2.8028
2015-05-25,,,0.5943,0.0151,2.8517
2015-05-26,,,0.5977,0.0174,2.8632
2015-05-27,,,0.6156,0.0203,3.0035
2015-05-28,,,0.6745,0.0288,3.6145
2015-05-29,,,0.6983,0.0304,3.8887
2015-05-30,,,0.6946,0.0341,3.8891
2015-05-31,,,0.7941,0.0576,4.775
2015-06-01,,,0.9398,0.1027,6.2255
2015-06-02,,,1.1107,0.1994,7.4346
2015-06-03,,,1.1927,0.1852,8.2812
2015-06-04,,,1.196,0.1733,8.5434
2015-06-05,,,1.3331,0.1447,8.7599
2015-06-06,,,1.3005,0.1407,8.16
2015-06-07,,,2.3085,0.1378,8.0985
2015-06-08,,,1.4342,0.1998,9.4057
2015-06-09,,,0.9873,0.2895,9.7912
2015-06-10,,,1.0881,0.315,10.4275
2015-06-11,,,1.3348,0.4902,14.4226
2015-06-12,,,1.4338,0.1572,14.1763
2015-06-13,,,1.2285,0.1202,12.3402
2015-06-14,,,1.0931,0.0921,11.1956
2015-06-15,,,0.9842,0.0918,10.3102
2015-06-16,,,0.9844,0.1931,11.4271
2015-06-17,,,0.9519,0.1769,13.5283
2015-06-18,,,0.8992,0.1343,12.1384
2015-06-19,,,0.8228,0.1207,11.0582
2015-06-20,,,0.7255,0.1021,10.4476
2015-06-21,,,0.671,0.0864,9.6756
2015-06-22,,,0.6069,0.0761,9.114
2015-06-23,,,0.5626,0.0732,8.3065
2015-06-24,,,0.5307,0.0725,7.9592
2015-06-25,,,0.5011,0.0647,7.063
2015-06-26,,,0.4398,0.0563,6.3905
2015-06-27,,,0.4017,0.0501,6.25
2015-06-28,,,0.3647,0.0437,5.542
2015-06-29,,,0.3411,0.0445,5.4871
2015-06-30,,,0.3273,0.0396,5.0972
2015-07-01,,,0.3202,0.0368,4.7937
2015-07-02,,,0.2788,0.0288,4.1094
2015-07-03,,,0.2508,0.0246,3.9936
2015-07-04,,,0.2508,0.0243,3.8641
2015-07-05,,,0.2319,0.0209,3.4562
2015-07-06,,,0.227,0.0229,3.4487
2015-07-07,,,0.1674,0.017,3.0795
2015-07-08,,,0.13,0.0137,3.1193
2015-07-09,,,0.1481,0.0161,3.3605
2015-07-10,,,0.1412,0.0144,3.0251
2015-07-11,,,0.1732,0.0187,2.7699
2015-07-12,,,0.1645,0.0186,2.6502
2015-07-13,,,0.1573,0.0166,2.5298
2015-07-14,,,0.1769,0.0188,2.5328
2015-07-15,,,0.157,0.0157,2.6679
2015-07-16,,,0.1315,0.013,2.1966
2015-07-17,,,0.1096,0.0112,2.3312
2015-07-18,,,0.1105,0.0115,2.7168
2015-07-19,,,0.1296,0.015,2.7875
2015-07-20,,,0.1299,0.0159,2.7126
2015-07-21,,,0.1058,0.0125,2.8924
2015-07-22,,,0.0829,0.0089,2.4938
2015-07-23,,,0.0823,0.0092,2.3025
2015-07-24,,,0.0925,0.0117,2.4506
2015-07-25,,,0.086,0.0091,2.5378
2015-07-26,,,0.0785,0.0079,2.1592
2015-07-27,,,0.0717,0.0066,1.9656
2015-07-28,,,0.0659,0.0055,1.9171
2015-07-29,,,0.0576,0.0046,1.8056
2015-07-30,,,0.0547,0.0042,1.7459
2015-07-31,,,0.0551,0.0053,1.7115
2015-08-01,,,0.0585,0.0052,1.6992
2015-08-02,,,0.056,0.0051,1.7214
2015-08-03,,,0.0581,0.0054,2.0758
2015-08-04,,,0.0532,0.0049,1.866
2015-08-05,,,0.0504,0.0034,1.6355
2015-08-06,,,0.0462,0.0029,1.5165
2015-08-07,,,0.0485,0.0036,1.4831
2015-08-08,,,0.0474,0.0036,1.5848
2015-08-09,,,0.0431,0.0028,1.4175
2015-08-10,,,0.0419,0.0024,1.3336
2015-08-11,,,0.0434,0.0032,1.4085
2015-08-12,,,0.0449,0.0038,1.5841
2015-08-13,,,0.0394,0.0026,1.393
2015-08-14,,,0.0367,0.0029,1.2961
2015-08-15,,,0.0348,0.0027,1.2249
2015-08-16,,,0.0349,0.0027,1.2203
2015-08-17,,,0.0362,0.0033,1.2653
2015-08-18,,,,0.0034,1.3757
2015-08-19,,,,0.0023,1.1959
2015-08-20,,,,0.0019,1.125
2015-08-21,,,,0.0021,1.0679
2015-08-22,,,,0.0019,1.0479
2015-08-23,,,,0.002,1.0578
2015-08-24,,,,0.0016,0.9755
2015-08-25,,,,0.0017,0.973
2015-08-26,,,,0.0028,1.1769
2015-08-27,,,,0.0101,2.0032
2015-08-28,,,,0.0048,1.7287
2015-08-29,,,,0.0038,1.3554
2015-08-30,,,,0.004,1.2046
2015-08-31,,,,0.0044,1.2134
2015-09-01,,,,0.0039,1.1379
2015-09-02,,,,0.0045,1.1847
2015-09-03,,,,0.0072,1.3147
2015-09-04,,,,0.0073,1.4177
2015-09-05,,,,0.0086,2.1357
2015-09-06,,0.6145,,0.014,1.8976
2015-09-07,,0.619,,0.0211,1.7802
2015-09-08,,0.5317,,0.0161,1.6692
2015-09-09,,0.4477,0.0439,0.0132,1.5191
2015-09-10,,0.4015,0.0415,0.0065,1.3861
2015-09-11,,0.362,0.0397,0.0025,1.4362
2015-09-12,,0.3408,0.0383,0.0022,1.3198
2015-09-13,,0.3328,0.0408,0.0023,0.9472
2015-09-14,,0.3273,0.0404,0.0022,0.8023
2015-09-15,,0.5744,0.0644,0.0054,1.3045
2015-09-16,,0.5183,0.0535,0.0035,1.231
2015-09-17,,0.4259,0.0465,0.0027,1.0469
2015-09-18,,0.3773,0.0448,0.0023,1.0245
2015-09-19,,0.3561,0.0433,0.002,1.0598
2015-09-20,,0.3288,0.0424,0.0018,1.1421
2015-09-21,,0.309,0.04,0.0018,1.0329
2015-09-22,,0.3011,0.0409,0.0019,0.8896
2015-09-23,,0.2826,0.039,0.0018,0.9479
2015-09-24,,0.2644,0.0396,0.0017,1.1813
2015-09-25,,0.2549,0.0369,0.0014,1.2091
2015-09-26,,0.2487,0.0369,0.0013,1.0386
2015-09-27,,0.2429,0.0361,0.0013,0.8908
2015-09-28,,0.2375,0.0353,0.0012,0.8659
2015-09-29,,0.2292,0.035,0.0012,0.9037
2015-09-30,,0.2236,0.0345,0.0012,0.9478
2015-10-01,,0.2173,0.034,0.0012,0.9482
2015-10-02,,0.2161,0.0349,0.0012,0.6459
2015-10-03,,0.2119,0.0342,0.0012,0.4583
2015-10-04,,0.2032,0.0331,0.001,0.5944
2015-10-05,,0.2096,0.0339,0.0014,0.7559
2015-10-06,,0.234,0.0355,0.0018,0.945
2015-10-07,,0.2223,0.0321,0.0011,0.8901
2015-10-08,,0.2009,0.0337,0.001,0.9422
2015-10-09,,0.1915,0.0316,0.0009,1.0718
2015-10-10,,0.1863,0.0314,0.0009,0.9996
2015-10-11,,0.1846,0.0321,0.001,0.8186
2015-10-12,,0.1761,0.0302,0.001,0.8865
2015-10-13,,0.1714,0.029,0.0008,0.9528
2015-10-14,,0.1669,0.0285,0.0008,0.9207
2015-10-15,,0.1637,0.0278,0.0007,0.8778
2015-10-16,,0.1593,0.0269,0.0007,0.9377
2015-10-17,,0.1586,0.027,0.0007,0.842
2015-10-18,,0.1698,0.0281,0.0011,0.7751
2015-10-19,0.1221,0.2001,0.0273,0.0016,0.7207
2015-10-20,0.1112,0.1826,0.0257,0.001,0.6453
2015-10-21,0.1066,0.1559,0.0238,0.0009,0.4873
2015-10-22,0.1065,0.1728,0.0239,0.0008,0.5131
2015-10-23,0.1091,0.1562,0.0259,0.0007,0.5247
2015-10-24,0.0987,0.1503,0.0244,0.0006,0.4903
2015-10-25,0.0967,0.1807,0.0255,0.0007,0.4663
2015-10-26,0.0983,0.2061,0.0243,0.0007,0.478
2015-10-27,0.0939,0.2043,0.0255,0.0006,0.4717
2015-10-28,0.1368,0.2024,0.0246,0.0006,0.4595
2015-10-29,0.0918,0.2006,0.0253,0.0006,0.4677
2015-10-30,0.091,0.1988,0.0247,0.0006,0.4617
2015-10-31,0.0873,0.1971,0.0242,0.0005,0.434
2015-11-01,0.0853,0.1953,0.0233,0.0005,0.4259
2015-11-02,0.0843,0.1935,0.0233,0.0005,0.4207
2015-11-03,0.0827,0.1918,0.0235,0.0005,0.4194
2015-11-04,0.0807,0.19,0.0233,0.0005,0.4377
2015-11-05,0.0803,0.1883,0.0216,0.0004,0.3653
2015-11-06,0.08,0.1865,0.0196,0.0004,0.3778
2015-11-07,0.0796,0.1848,0.0186,0.0005,0.3944
2015-11-08,0.0793,0.1831,0.022,0.0006,0.5099
2015-11-09,0.0789,0.1814,0.0221,0.0006,0.5548
2015-11-10,0.0786,0.1797,0.0231,0.0006,0.574
2015-11-11,0.0783,0.178,0.0218,0.0004,0.6382
2015-11-12,0.0779,0.1763,0.0188,0.0004,0.4842
2015-11-13,0.0776,0.1747,0.0188,0.0004,0.5227
2015-11-14,0.0773,0.173,0.0192,0.0004,0.5291
2015-11-15,0.0769,0.1714,0.0197,0.0005,0.5676
2015-11-16,0.0766,0.1697,0.0209,0.0005,0.6639
2015-11-17,0.0763,0.1681,0.0215,0.0004,0.651
2015-11-18,0.0759,0.1665,0.0183,0.0003,0.5804
2015-11-19,0.0756,0.1648,0.0174,0.0004,0.5997
2015-11-20,0.0753,0.1632,0.0173,0.0004,0.6125
2015-11-21,0.075,0.1616,0.0159,0.0003,0.4457
2015-11-22,0.0746,0.1601,0.0163,0.0003,0.4842
2015-11-23,0.0743,0.1585,0.0168,0.0004,0.5484
2015-11-24,0.0728,0.1569,0.0169,0.0003,0.5419
2015-11-25,0.073,0.1553,0.0172,0.0003,0.5676
2015-11-26,0.0735,0.1538,0.0157,0.0003,0.6254
2015-11-27,0.0722,0.1522,0.0161,0.0003,0.5548
2015-11-28,0.0717,0.1507,0.0152,0.0003,0.5676
2015-11-29,0.0703,0.1492,0.0153,0.0003,0.4842
2015-11-30,0.0683,0.1477,0.0138,0.0003,0.4906
2015-12-01,0.0662,0.1462,0.0136,0.0002,0.4393
2015-12-02,0.0656,0.1447,0.0129,0.0002,0.4393
2015-12-03,0.0654,0.1432,0.0136,0.0003,0.4842
2015-12-04,0.0649,0.1417,0.0141,0.0003,0.4842
2015-12-05,0.0658,0.1402,0.0123,0.0002,0.5099
2015-12-06,0.0639,0.1387,0.0129,0.0002,0.3751
2015-12-07,0.0647,0.1373,0.0137,0.0003,0.4649
2015-12-08,0.0666,0.1358,0.0139,0.0002,0.497
2015-12-09,0.0652,0.1344,0.0139,0.0002,0.4649
2015-12-10,0.0659,0.133,0.0148,0.0003,0.4778
2015-12-11,0.0665,0.1316,0.0149,0.0002,0.4906
2015-12-12,0.0651,0.1301,0.0137,0.0002,0.497
2015-12-13,0.0624,0.1287,0.0132,0.0002,0.4264
2015-12-14,0.0635,0.1273,0.015,0.0003,0.3815
2015-12-15,0.0633,0.126,0.0129,0.0002,0.4136
2015-12-16,0.0594,0.1246,0.0119,0.0002,0.3494
2015-12-17,0.0603,0.1232,0.0111,0.0001,0.3494
2015-12-18,0.0593,0.1219,0.011,0.0001,0.3751
2015-12-19,0.0592,0.1205,0.0124,0.0002,0.3944
2015-12-20,0.0606,0.1192,0.0131,0.0001,0.4329
2015-12-21,0.0596,0.1178,0.0129,0.0001,0.42
2015-12-22,0.0599,0.1165,0.0167,0.0002,0.4329
2015-12-23,0.0609,0.1152,0.0147,0.0002,0.3944
2015-12-24,0.0622,0.1139,0.0127,0.0001,0.2981
2015-12-25,0.0652,0.1126,0.0159,0.0001,0.3687
2015-12-26,0.0594,0.1113,0.0113,0.0001,0.3559
2015-12-27,0.0607,0.11,0.0118,0.0001,0.2404
2015-12-28,0.0637,0.1087,0.0129,0.0001,0.2981
2015-12-29,0.0622,0.1074,0.0114,0.0001,0.3751
2015-12-30,0.0587,0.1062,0.0104,0.0001,0.3623
2015-12-31,0.0576,0.1049,0.0104,0.0001,0.3302
2016-01-01,0.0569,0.1037,0.0105,0.0001,0.2853
2016-01-02,0.0568,0.1025,0.0111,0.0001,0.2917
2016-01-03,0.0572,0.1012,0.011,0.0001,0.3494
2016-01-04,0.059,0.1,0.0119,0.0001,0.3623
2016-01-05,0.0602,0.0988,0.0116,0.0001,0.3687
2016-01-06,0.0612,0.0976,0.0121,0.0001,0.3751
2016-01-07,0.0613,0.0964,0.012,0.0001,0.3815
2016-01-08,0.0589,0.0952,0.0113,0.0001,0.343
2016-01-09,0.0554,0.0941,0.0105,0.0001,0.3559
2016-01-10,0.0537,0.0929,0.0098,0.0001,0.3238
2016-01-11,0.054,0.0917,0.0102,0.0001,0.2724
2016-01-12,0.0543,0.0906,0.0101,0.0001,0.266
2016-01-13,0.055,0.0894,0.0104,0.0001,0.3045
2016-01-14,0.0563,0.0883,0.0109,0.0001,0.3238
2016-01-15,0.0564,0.0872,0.0105,0.0001,0.343
2016-01-16,0.0558,0.0861,0.0105,0.0001,0.3366
2016-01-17,0.0551,0.085,0.0114,0.0001,0.3366
2016-01-18,0.0537,0.0839,0.0102,0.0001,0.3238
2016-01-19,0.0537,0.0828,0.0109,0.0001,0.3302
2016-01-20,0.0542,0.0817,0.0113,0.0001,0.3238
2016-01-21,0.0514,0.0806,0.0096,0.0001,0.2981
2016-01-22,0.0517,0.0795,0.0097,0.0001,0.2724
2016-01-23,0.0528,0.0785,0.011,0.0001,0.3174
2016-01-24,0.0552,0.0774,0.0113,0.0001,0.3302
2016-01-25,0.0526,0.0764,0.0096,0.0,0.3174
2016-01-26,0.0498,0.0753,0.0087,0.0,0.2532
2016-01-27,0.0503,0.0743,0.0089,0.0,0.266
2016-01-28,0.0507,0.0733,0.0098,0.0001,0.3045
2016-01-29,0.0528,0.0723,0.0109,0.0001,0.3302
2016-01-30,0.0542,0.0713,0.0115,0.0001,0.3174
2016-01-31,0.0526,0.0703,0.0134,0.0001,0.3238
2016-02-01,0.0508,0.0693,0.0166,0.0001,0.3109
2016-02-02,0.0569,0.0683,0.0101,0.0001,0.3109
2016-02-03,0.0519,0.0673,0.0089,0.0,0.2853
2016-02-04,0.0501,0.0664,0.009,0.0001,0.2404
2016-02-05,0.0516,0.0654,0.0092,0.0,0.3238
2016-02-06,0.0495,0.0645,0.0091,0.0,0.2917
2016-02-07,0.0511,0.0635,0.0098,0.0,0.3174
2016-02-08,0.051,0.0626,0.0106,0.0,0.3045
2016-02-09,0.0495,0.0617,0.0093,0.0,0.3045
2016-02-10,0.05,0.0608,0.0097,0.0,0.3109
2016-02-11,0.0508,0.0598,0.0097,0.0,0.3174
2016-02-12,0.0506,0.0589,0.0099,0.0,0.3238
2016-02-13,0.0531,0.0581,0.0111,0.0,0.3302
2016-02-14,0.0543,0.0572,0.0106,0.0,0.3238
2016-02-15,0.0543,0.0563,0.0107,0.0,0.3238
2016-02-16,0.053,0.0554,0.0102,0.0,0.3238
2016-02-17,0.0526,0.0546,0.0105,0.0,0.3174
2016-02-18,0.0562,0.0537,0.0112,0.0,0.3238
2016-02-19,0.0521,0.0529,0.0098,0.0,0.3302
2016-02-20,0.0523,0.052,0.0103,0.0,0.3366
2016-02-21,0.0519,0.0512,0.0106,0.0,0.3366
2016-02-22,0.0548,0.0504,0.0116,0.0,0.343
2016-02-23,0.0526,0.0495,0.01,0.0,0.3494
2016-02-24,0.0493,0.0487,0.0097,0.0,0.3238
2016-02-25,0.0492,0.0479,0.0095,0.0,0.3366
2016-02-26,0.0499,0.0471,0.0108,0.0,0.3366
2016-02-27,0.0521,0.0463,0.0125,0.0,0.3366
2016-02-28,0.053,0.0456,0.0125,0.0,0.3494
2016-02-29,0.0539,0.0448,0.0136,0.0,0.3494
2016-03-01,0.0525,0.047,0.0125,0.0,0.3879
2016-03-02,0.0555,0.0471,0.0134,0.0,0.3944
2016-03-03,0.0529,0.0474,0.0127,0.0,0.3623
2016-03-04,0.0548,0.048,0.0136,0.0,0.3815
2016-03-05,0.057,0.0531,0.0156,0.0,0.4136
2016-03-06,0.0604,0.0609,0.0179,0.0,0.4842
2016-03-07,0.0619,0.0542,0.0168,0.0,0.4585
2016-03-08,0.0587,0.0532,0.0146,0.0,0.4072
2016-03-09,0.0574,0.0497,0.0132,0.0,0.3879
2016-03-10,0.0567,0.0516,0.013,0.0,0.42
2016-03-11,0.059,0.0568,0.0157,0.0,0.4842
2016-03-12,0.0642,0.0578,0.018,0.0,0.5355
2016-03-13,0.0636,0.0606,0.0178,0.0,0.5227
2016-03-14,0.0655,0.0653,0.0189,0.0,0.5484
2016-03-15,0.0635,0.0653,0.0174,0.0,0.5034
2016-03-16,0.0634,0.0698,0.016,0.0,0.4649
2016-03-17,0.0638,0.0618,0.0164,0.0,0.5291
2016-03-18,0.0628,0.0546,0.0144,0.0,0.4714
2016-03-19,0.0612,0.0526,0.015,0.0,0.42
2016-03-20,0.0588,0.0538,0.0136,0.0,0.42
2016-03-21,0.0638,0.0583,0.0167,0.0001,0.4906
2016-03-22,0.0662,0.0596,0.0182,0.0001,0.5227
2016-03-23,0.0638,0.047,0.0145,0.0,0.4842
2016-03-24,0.0603,0.0557,0.0148,0.0,0.4714
2016-03-25,0.0619,0.0553,0.0148,0.0,0.4842
2016-03-26,0.0591,0.0502,0.0127,0.0,0.4585
2016-03-27,0.0583,0.0592,0.0122,0.0,0.4072
2016-03-28,0.0598,0.0559,0.0147,0.0,0.4649
2016-03-29,0.0619,0.0512,0.0141,0.0,0.4906
2016-03-30,0.0582,0.0468,0.0122,0.0,0.4521
2016-03-31,0.057,0.0462,0.0115,0.0,0.4264
2016-04-01,0.0548,0.052,0.0103,0.0,0.4072
2016-04-02,0.0544,0.0473,0.0109,0.0,0.4329
2016-04-03,0.059,0.0476,0.0131,0.0001,0.4778
2016-04-04,0.0622,0.0593,0.0163,0.0001,0.5548
2016-04-05,0.0643,0.0687,0.0189,0.0001,0.5687
2016-04-06,0.063,0.0707,0.0182,0.0001,0.5826
2016-04-07,0.0737,0.0871,0.0221,0.0002,0.5965
2016-04-08,0.0946,0.1216,0.0346,0.0003,0.6105
2016-04-09,0.1146,0.1347,0.0423,0.0003,0.6244
2016-04-10,0.1207,0.1269,0.0358,0.0003,0.6383
2016-04-11,0.1301,0.1293,0.0365,0.0003,1.0969
2016-04-12,0.1623,0.1597,0.0461,0.0004,1.6564
2016-04-13,0.2126,0.201,0.0692,0.0006,2.1828
2016-04-14,0.2486,0.2321,0.0875,0.0008,2.4623
2016-04-15,0.2431,0.1875,0.0677,0.0007,2.0226
2016-04-16,0.2121,0.1446,0.0468,0.0005,1.6324
2016-04-17,0.1845,0.1251,0.0369,0.0004,1.372
2016-04-18,0.1685,0.1158,0.0349,0.0004,1.2328
2016-04-19,0.1568,0.1066,0.0311,0.0004,1.1484
2016-04-20,0.1521,0.0969,0.0296,0.0003,1.1213
2016-04-21,0.1491,0.0981,0.0292,0.0004,1.2453
2016-04-22,0.1716,0.1243,0.0379,0.0005,1.4593
2016-04-23,0.1936,0.1678,0.0482,0.0007,1.8621
2016-04-24,0.1887,0.1532,0.0431,0.0006,1.7345
2016-04-25,0.1894,0.1502,0.0402,0.0006,1.686
2016-04-26,0.1837,0.1359,0.0379,0.0005,1.6513
2016-04-27,0.1774,0.1304,0.0375,0.0006,1.5597
2016-04-28,0.1698,0.1254,0.0371,0.0005,1.5146
2016-04-29,0.1599,0.1243,0.0347,0.0005,1.4194
2016-04-30,0.1534,0.1078,0.0319,0.0004,1.3284
2016-05-01,0.1439,0.1022,0.0273,0.0004,1.2476
2016-05-02,0.1549,0.1024,0.0289,0.0004,1.2654
2016-05-03,0.1716,0.1095,0.0332,0.0005,1.462
2016-05-04,0.2107,0.1517,0.0505,0.0008,1.944
2016-05-05,0.2949,0.2713,0.0915,0.0014,2.8792
2016-05-06,0.3832,0.4459,0.1398,0.0026,3.5275
2016-05-07,0.3915,0.393,0.1344,0.0023,3.4186
2016-05-08,0.3479,0.3215,0.1093,0.0017,3.0235
2016-05-09,0.3263,0.2712,0.0959,0.0013,2.9575
2016-05-10,0.3081,0.2727,0.0838,0.0013,3.2763
2016-05-11,0.2802,0.2434,0.0698,0.0011,2.9001
2016-05-12,0.2841,0.2478,0.0699,0.0012,2.8845
2016-05-13,0.3584,0.3398,0.0963,0.002,3.3654
2016-05-14,0.5006,0.6002,0.1578,0.004,4.2393
2016-05-15,0.6487,0.8432,0.2298,0.0062,5.3547
2016-05-16,0.6205,0.6999,0.2079,0.0052,5.022
2016-05-17,0.5303,0.5816,0.1617,0.0041,4.3039
2016-05-18,0.5184,0.5463,0.1584,0.0041,3.9604
2016-05-19,0.5943,0.6882,0.208,0.006,4.3369
2016-05-20,0.708,0.8614,0.2577,0.0099,4.831
2016-05-21,0.9723,1.172,0.3414,0.0149,5.6394
2016-05-22,1.2419,1.3321,0.3895,0.0174,6.3237
2016-05-23,1.2012,1.2095,0.3721,0.0141,6.0515
2016-05-24,1.1988,1.0957,0.3508,0.0157,5.681
2016-05-25,1.2106,1.1201,0.3416,0.0184,5.5965
2016-05-26,1.0755,1.0594,0.3322,0.0163,5.3072
2016-05-27,0.8638,0.7841,0.2829,0.0102,4.6384
2016-05-28,0.796,0.7052,0.2415,0.0091,4.2025
2016-05-29,0.8629,0.886,0.2609,0.0128,4.3738
2016-05-30,1.0698,1.1569,0.3365,0.0188,5.003
2016-05-31,1.2896,1.322,0.4133,0.0284,5.6041
2016-06-01,1.6459,1.6281,0.5035,0.0489,6.544
2016-06-02,1.9958,2.0357,0.6142,0.0591,7.6281
2016-06-03,2.4565,2.2563,1.2734,0.0741,9.0152
2016-06-04,3.1695,2.8319,1.3319,0.1202,10.6538
2016-06-05,3.7908,3.34,1.2757,0.1701,12.1783
2016-06-06,3.5337,3.4503,1.5928,0.1641,12.1982
2016-06-07,3.8822,3.2962,1.6381,0.1431,11.9207
2016-06-08,4.191,2.9886,1.5152,0.1164,11.8736
2016-06-09,3.8075,3.2112,1.5939,0.16,11.6085
2016-06-10,4.0823,3.4653,1.685,0.2425,11.8681
2016-06-11,4.1578,3.2667,1.5255,0.2596,12.0108
2016-06-12,3.493,2.8175,1.4836,0.1999,11.288
2016-06-13,2.4913,2.661,1.4216,0.1212,9.5666
2016-06-14,1.9268,2.5076,1.2372,0.0797,8.2179
2016-06-15,2.0644,2.6331,1.1044,0.0979,8.2099
2016-06-16,2.095,2.5942,1.0186,0.0928,8.339
2016-06-17,2.0172,2.5432,0.9245,0.0967,8.0903
2016-06-18,1.9649,2.5045,0.8514,0.0984,7.9727
2016-06-19,2.0166,2.4526,0.7873,0.1032,8.0714
2016-06-20,2.5446,2.6063,0.7575,0.1519,8.5559
2016-06-21,2.3048,2.8055,0.741,0.138,8.7165
2016-06-22,1.8461,2.4671,0.6655,0.0787,7.8653
2016-06-23,1.5644,2.2057,0.5632,0.0642,6.8887
2016-06-24,1.3189,2.0678,0.484,0.0494,6.2613
2016-06-25,1.182,1.9464,0.4141,0.0398,5.7564
2016-06-26,1.1002,1.8365,0.3503,0.0324,5.3352
2016-06-27,0.9561,1.6602,0.3029,0.026,4.7477
2016-06-28,0.844,1.492,0.2614,0.0227,4.3497
2016-06-29,0.7443,1.3615,0.2345,0.0201,3.9565
2016-06-30,0.7019,1.2222,0.2105,0.0172,3.6612
2016-07-01,0.7018,1.3001,0.1947,0.0182,3.7847
2016-07-02,0.6546,1.1644,0.1769,0.0144,3.5093
2016-07-03,0.6342,1.1505,0.1588,0.0138,3.3882
2016-07-04,0.5826,0.9762,0.1436,0.0132,3.0428
2016-07-05,0.586,0.9796,0.1375,0.0124,2.9433
2016-07-06,0.5822,0.9424,0.1188,0.0097,2.8576
2016-07-07,0.5586,0.8347,0.1379,0.0073,2.7692
2016-07-08,0.5381,0.8462,0.1789,0.0067,2.6153
2016-07-09,0.5203,0.9196,0.1941,0.0061,2.4871
2016-07-10,0.5044,0.91,0.0735,0.0055,2.3415
2016-07-11,0.4694,0.7617,0.0555,0.0041,2.0639
2016-07-12,0.428,0.6838,0.0749,0.0033,1.7675
2016-07-13,0.4041,0.6299,0.1226,0.0028,1.6733
2016-07-14,0.3817,0.6027,0.1434,0.0026,1.5824
2016-07-15,0.3592,0.5608,0.1036,0.0025,1.4943
2016-07-16,0.3474,0.534,0.0619,0.0023,1.3988
2016-07-17,0.3383,0.5053,0.0973,0.002,1.2931
2016-07-18,0.3515,0.4925,0.185,0.0027,1.312
2016-07-19,0.3938,0.619,0.2111,0.0033,1.5126
2016-07-20,0.3444,0.5253,0.1846,0.0025,1.3235
2016-07-21,0.3202,0.4739,0.2133,0.0025,1.2586
2016-07-22,0.2967,0.4892,0.1762,0.0022,1.2079
2016-07-23,0.2803,0.4424,0.1011,0.0019,1.1272
2016-07-24,0.273,0.3916,0.0992,0.0016,1.0464
2016-07-25,0.2591,0.3528,0.122,0.0015,1.017
2016-07-26,0.2372,0.3165,0.1119,0.0015,0.9574
2016-07-27,0.2218,0.3075,0.1009,0.0013,0.8792
2016-07-28,0.2136,0.2921,0.0853,0.0012,0.8483
2016-07-29,0.2042,0.2758,0.0588,0.001,0.81
2016-07-30,0.1952,0.2527,0.0459,0.0009,0.7845
2016-07-31,0.1948,0.2383,0.0474,0.0009,0.767
2016-08-01,0.2031,0.2496,0.0615,0.001,0.7916
2016-08-02,0.1873,0.2241,0.0874,0.0008,0.7384
2016-08-03,0.1776,0.232,0.0611,0.0008,0.7161
2016-08-04,0.232,0.3765,0.0519,0.0022,0.8986
2016-08-05,0.3598,0.7041,0.0508,0.0032,1.5416
2016-08-06,0.3206,0.5159,0.0525,0.0025,1.2802
2016-08-07,0.2441,0.3702,0.0433,0.0017,1.0096
2016-08-08,0.2307,0.327,0.0406,0.0016,0.9472
2016-08-09,0.2131,0.284,0.0426,0.0022,0.8823
2016-08-10,0.197,0.2675,0.0454,0.002,0.8578
2016-08-11,0.1831,0.272,0.0535,0.0018,0.8266
2016-08-12,0.1653,0.227,0.0625,0.0012,0.7296
2016-08-13,0.1529,0.2058,0.0604,0.001,0.6863
2016-08-14,0.1444,0.1983,0.0581,0.0008,0.6457
2016-08-15,0.1371,0.1794,0.0589,0.0007,0.6234
2016-08-16,0.1325,0.1681,0.0728,0.0007,0.5997
2016-08-17,0.1403,0.1728,0.066,0.0007,0.6057
2016-08-18,0.1333,0.1737,0.0415,0.0007,0.6157
2016-08-19,0.1271,0.1732,0.0231,0.0007,0.6147
2016-08-20,0.1251,0.1553,0.0207,0.0006,0.5776
2016-08-21,0.1209,0.1438,0.0257,0.0006,0.5536
2016-08-22,0.1197,0.1429,0.0218,0.0005,0.5518
2016-08-23,0.1381,0.1641,0.0346,0.0009,0.5958
2016-08-24,0.173,0.2755,0.0324,0.0012,0.8274
2016-08-25,0.1462,0.193,0.0382,0.0009,0.6559
2016-08-26,0.1557,0.2201,0.0266,0.0012,0.7122
2016-08-27,0.1362,0.1878,0.0292,0.0007,0.645
2016-08-28,0.1367,0.2366,0.047,0.0007,0.7465
2016-08-29,0.1726,0.3295,0.1028,0.0009,0.9397
2016-08-30,0.187,0.3869,0.0784,0.0009,1.0592
2016-08-31,0.1562,0.3009,0.0573,0.0006,0.8804
2016-09-01,0.1409,0.2436,0.0515,0.0006,0.7611
2016-09-02,0.1925,0.346,0.0366,0.0015,0.9742
2016-09-03,0.1932,0.342,0.0218,0.0019,0.9657
2016-09-04,0.1882,0.3478,0.0078,0.0017,0.9777
2016-09-05,0.1573,0.268,0.0091,0.001,0.8119
2016-09-06,0.1404,0.2245,0.0178,0.0008,0.7213
2016-09-07,0.1291,0.1925,0.0302,0.0007,0.6549
2016-09-08,0.1201,0.1793,0.033,0.0008,0.6274
2016-09-09,0.1143,0.1608,0.0383,0.0007,0.5889
2016-09-10,0.1075,0.1574,0.0636,0.0007,0.5819
2016-09-11,0.1055,0.1543,0.0411,0.0007,0.5754
2016-09-12,0.1054,0.1498,0.0135,0.0009,0.566
2016-09-13,0.1091,0.1384,0.0212,0.0009,0.5424
2016-09-14,0.1121,0.144,0.0212,0.0012,0.5539
2016-09-15,0.1115,0.1449,0.0175,0.0013,0.5559
2016-09-16,0.0991,0.1297,0.0186,0.0007,0.5244
2016-09-17,0.0943,0.1166,0.0255,0.0006,0.4971
2016-09-18,0.0913,0.109,0.0396,0.0005,0.4812
2016-09-19,0.0895,0.1052,0.0545,0.0004,0.4734
2016-09-20,0.0881,0.1021,0.0483,0.0004,0.4668
2016-09-21,0.0959,0.1107,0.0268,0.0007,0.4847
2016-09-22,0.0969,0.1239,0.0082,0.001,0.5123
2016-09-23,0.1063,0.1394,0.0033,0.0013,0.5445
2016-09-24,0.0988,0.1239,0.0138,0.0011,0.5122
2016-09-25,0.1079,0.1273,0.0632,0.0014,0.5192
2016-09-26,0.1044,0.1414,0.07,0.0013,0.5486
2016-09-27,0.105,0.1412,0.038,0.001,0.5481
2016-09-28,0.1009,0.1242,0.0514,0.0007,0.5128
2016-09-29,0.1001,0.124,0.0704,0.0007,0.5124
2016-09-30,0.1076,0.1429,0.0352,0.001,0.5517
2016-10-01,0.1051,0.1411,0.0196,0.0008,0.548
2016-10-02,0.1003,0.1405,0.012,0.0007,0.5468
2016-10-03,0.099,0.1478,0.0003,0.0007,0.5619
2016-10-04,0.0894,0.1094,0.0004,0.0005,0.4821
2016-10-05,0.0895,0.105,0.0012,0.0006,0.473
2016-10-06,0.09,0.0969,0.0067,0.0006,0.4562
2016-10-07,0.0885,0.0996,0.0261,0.0006,0.4617
2016-10-08,0.0842,0.1009,0.0342,0.0007,0.4644
2016-10-09,0.0844,0.1039,0.026,0.0008,0.4707
2016-10-10,0.0836,0.1062,0.0199,0.001,0.4755
2016-10-11,0.1069,0.1436,0.0159,0.0021,0.5532
2016-10-12,0.1017,0.1363,0.0225,0.0022,0.538
2016-10-13,0.0896,0.1179,0.0194,0.0016,0.4998
2016-10-14,,0.1137,,0.0014,0.491
2017-10-01,,,,,0.9412
2017-10-02,,,,,1.0148
2017-10-03,,,,,0.9629
2017-10-04,,,,,0.8334
2017-10-05,,,,,0.7814
2017-10-06,,,,,0.8364
2017-10-07,,,,,0.7609
2017-10-08,,,,,0.6937
2017-10-09,,,,,0.9272
2017-10-10,,,,,0.7882
2017-10-11,,,,,0.7738
2017-10-12,,,,,0.78
2017-10-13,,,,,0.7259
2017-10-14,,,,,0.8003
2017-10-15,,,,,0.6992
2017-10-16,,,,,0.6501
2017-10-17,,,,,0.6196
2017-10-18,,,,,0.6337
2017-10-19,,,,,0.5824
2017-10-20,,,,,0.5669
2017-10-21,,,,,0.8301
2017-10-22,,,,,0.6955
2017-10-23,,,,,0.6752
2017-10-24,,,,,0.6283
2017-10-25,,,,,0.5263
2017-10-26,,,,,0.5995
2017-10-27,,,,,0.5876
2017-10-28,,,,,0.6093
2017-10-29,,,,,0.5316
2017-10-30,,,,,0.5463
2017-10-31,,,,,0.6374
2017-11-01,,,,,0.7372
2017-11-02,,,,,0.6443
2017-11-03,,,,,0.5574
2017-11-04,,,,,0.567
2017-11-05,,,,,0.6207
2017-11-06,,,,,0.6356
2017-11-07,,,,,0.5883
2017-11-08,,,,,0.5152
2017-11-09,,,,,0.5251
2017-11-10,,,,,0.6829
2017-11-11,,,,,0.7527
2017-11-12,,,,,0.5736
2017-11-13,,,,,0.6802
2017-11-14,,,,,0.5542
2017-11-15,,,,,0.539
2017-11-16,,,,,0.6769
2017-11-17,,,,,0.5287
2017-11-18,,,,,0.518
2017-11-19,,,,,0.4488
2017-11-20,,,,,0.6523
2017-11-21,,,,,0.8307
2017-11-22,,,,,0.7623
2017-11-23,,,,,0.6177
2017-11-24,,,,,0.6267
2017-11-25,,,,,0.6147
2017-11-26,,,,,0.5609
2017-11-27,,,,,0.5757
2017-11-28,,,,,0.6287
2017-11-29,,,,,0.6425
2017-11-30,,,,,0.474
2017-12-01,,,,,0.6434
2017-12-02,,,,,0.5261
2017-12-03,,,,,0.5069
2017-12-04,,,,,0.6923
2017-12-05,,,,,0.4252
2017-12-06,,,,,0.4155
2017-12-07,,,,,0.3796
2017-12-08,,,,,0.4085
2017-12-09,,,,,0.3944
2017-12-10,,,,,0.3828
2017-12-11,,,,,0.3777
2017-12-12,,,,,0.3899
2017-12-13,,,,,0.3841
2017-12-14,,,,,0.4181
2017-12-15,,,,,0.379
2017-12-16,,,,,0.3385
2017-12-17,,,,,0.3604
2017-12-18,,,,,0.3308
2017-12-19,,,,,0.3392
2017-12-20,,,,,0.3417
2017-12-21,,,,,0.386
2017-12-22,,,,,0.336
2017-12-23,,,,,0.3751
2017-12-24,,,,,0.3456
2017-12-25,,,,,0.3719
2017-12-26,,,,,0.3777
2017-12-27,,,,,0.3578
2017-12-28,,,,,0.3732
2017-12-29,,,,,0.3533
2017-12-30,,,,,0.3674
2017-12-31,,,,,0.3732
2018-01-01,,,,,0.3276
2018-01-02,,,,,0.3668
2018-01-03,,,,,0.3097
2018-01-04,,,,,0.3328
2018-01-05,,,,,0.302
2018-01-06,,,,,0.3321
2018-01-07,,,,,0.3122
2018-01-08,,,,,0.3097
2018-01-09,,,,,0.3514
2018-01-10,,,,,0.3661
2018-01-11,,,,,0.3366
2018-01-12,,,,,0.3584
2018-01-13,,,,,0.3674
2018-01-14,,,,,0.3385
2018-01-15,,,,,0.3257
2018-01-16,,,,,0.3122
2018-01-17,,,,,0.2853
2018-01-18,,,,,0.3263
2018-01-19,,,,,0.3411
2018-01-20,,,,,0.3328
2018-01-21,,,,,0.327
2018-01-22,,,,,0.3289
2018-01-23,,,,,0.3417
2018-01-24,,,,,0.3219
2018-01-25,,,,,0.3353
2018-01-26,,,,,0.3462
2018-01-27,,,,,0.3045
2018-01-28,,,,,0.3219
2018-01-29,,,,,0.3353
2018-01-30,,,,,0.3482
2018-01-31,,,,,0.3411
2018-02-01,,,,,0.3353
2018-02-02,,,,,0.3379
2018-02-03,,,,,0.3385
2018-02-04,,,,,0.3411
2018-02-05,,,,,0.3475
2018-02-06,,,,,0.3443
2018-02-07,,,,,0.3097
2018-02-08,,,,,0.3289
2018-02-09,,,,,0.3437
2018-02-10,,,,,0.3533
2018-02-11,,,,,0.2898
2018-02-12,,,,,0.352
2018-02-13,,,,,0.3571
2018-02-14,,,,,0.3462
2018-02-15,,,,,0.3411
2018-02-16,,,,,0.3231
2018-02-17,,,,,0.3263
2018-02-18,,,,,0.3109
2018-02-19,,,,,0.3559
2018-02-20,,,,,0.2943
2018-02-21,,,,,0.2917
2018-02-22,,,,,0.3559
2018-02-23,,,,,0.3077
2018-02-24,,,,,0.3148
2018-02-25,,,,,0.3045
2018-02-26,,,,,0.2949
2018-02-27,,,,,0.3077
2018-02-28,,,,,0.3103
2018-03-01,,,,,0.2923
2018-03-02,,,,,0.3097
2018-03-03,,,,,0.302
2018-03-04,,,,,0.3154
2018-03-05,,,,,0.2962
2018-03-06,,,,,0.2923
2018-03-07,,,,,0.293
2018-03-08,,,,,0.3026
2018-03-09,,,,,0.3052
2018-03-10,,,,,0.3199
2018-03-11,,,,,0.2904
2018-03-12,,,,,0.309
2018-03-13,,,,,0.3225
2018-03-14,,,,,0.3475
2018-03-15,,,,,0.3732
2018-03-16,,,,,0.3539
2018-03-17,,,,,0.3148
2018-03-18,,,,,0.3353
2018-03-19,,,,,0.3065
2018-03-20,,,,,0.3135
2018-03-21,,,,,0.3212
2018-03-22,,,,,0.3328
2018-03-23,,,,,0.4046
2018-03-24,,,,,0.3892
2018-03-25,,,,,0.3661
2018-03-26,,,,,0.3604
2018-03-27,,,,,0.3629
2018-03-28,,,,,0.3745
2018-03-29,,,,,0.3758
2018-03-30,,,,,0.37
2018-03-31,,,,,0.4162
2018-04-01,,,,,0.5272
2018-04-02,,,,,0.6318
2018-04-03,,,,,0.6703
2018-04-04,,,,,0.5689
2018-04-05,,,,,0.5997
2018-04-06,,,,,0.651
2018-04-07,,,,,0.7344
2018-04-08,,,,,1.5365
2018-04-09,,,,,1.1836
2018-04-10,,,,,0.7413
2018-04-11,,,,,0.8649
2018-04-12,,,,,0.9623
2018-04-13,,,,,1.2439
2018-04-14,,,,,1.0242
2018-04-15,,,,,1.031
2018-04-16,,,,,1.0878
2018-04-17,,,,,1.14
2018-04-18,,,,,1.1927
2018-04-19,,,,,1.0886
2018-04-20,,,,,1.2113
2018-04-21,,,,,1.1469
2018-04-22,,,,,1.129
2018-04-23,,,,,1.514
2018-04-24,,,,,1.7443
2018-04-25,,,,,1.6919
2018-04-26,,,,,2.021
2018-04-27,,,,,2.3087
2018-04-28,,,,,2.695
2018-04-29,,,,,2.966
2018-04-30,,,,,2.9951
2018-05-01,,,,,2.7477
2018-05-02,,,,,2.3437
2018-05-03,,,,,2.2577
2018-05-04,,,,,2.0884
2018-05-05,,,,,2.4132
2018-05-06,,,,,3.0055
2018-05-07,,,,,3.414
2018-05-08,,,,,4.1414
2018-05-09,,,,,4.6364
2018-05-10,,,,,4.8293
2018-05-11,,,,,5.2762
2018-05-12,,,,,4.8773
2018-05-13,,,,,4.542
2018-05-14,,,,,4.7151
2018-05-15,,,,,4.9122
2018-05-16,,,,,5.2167
2018-05-17,,,,,5.6537
2018-05-18,,,,,5.6381
2018-05-19,,,,,5.2782
2018-05-20,,,,,4.7073
2018-05-21,,,,,4.2457
2018-05-22,,,,,4.3898
2018-05-23,,,,,4.5087
2018-05-24,,,,,4.8714
2018-05-25,,,,,5.3913
2018-05-26,,,,,5.3265
2018-05-27,,,,,4.9296
2018-05-28,,,,,5.0013
2018-05-29,,,,,4.2848
2018-05-30,,,,,4.4724
2018-05-31,,,,,4.7275
2018-06-01,,,,,4.8529
2018-06-02,,,,,4.3963
2018-06-03,,,,,4.1175
2018-06-04,,,,,3.8204
2018-06-05,,,,,3.9418
2018-06-06,,,,,3.9027
2018-06-07,,,,,3.7867
2018-06-08,,,,,3.6301
2018-06-09,,,,,3.3596
2018-06-10,,,,,3.2122
2018-06-11,,,,,3.0461
2018-06-12,,,,,2.8787
2018-06-13,,,,,2.7341
2018-06-14,,,,,2.7206
2018-06-15,,,,,2.6243
2018-06-16,,,,,2.6045
2018-06-17,,,,,3.692
2018-06-18,,,,,2.9973
2018-06-19,,,,,2.5076
2018-06-20,,,,,2.2894
2018-06-21,,,,,2.07
2018-06-22,,,,,1.9243
2018-06-23,,,,,1.7251
2018-06-24,,,,,1.7624
2018-06-25,,,,,1.5927
2018-06-26,,,,,1.5573
2018-06-27,,,,,1.4943
2018-06-28,,,,,1.4129
2018-06-29,,,,,1.4131
2018-06-30,,,,,1.3707
2018-07-01,,,,,1.2976
2018-07-02,,,,,1.1837
2018-07-03,,,,,1.19
2018-07-04,,,,,1.1749
2018-07-05,,,,,1.14
2018-07-06,,,,,1.008
2018-07-07,,,,,1.0526
2018-07-08,,,,,1.1374
2018-07-09,,,,,1.0375
2018-07-10,,,,,1.0025
2018-07-11,,,,,1.087
2018-07-12,,,,,1.0938
2018-07-13,,,,,1.0374
2018-07-14,,,,,0.9096
2018-07-15,,,,,0.9463
2018-07-16,,,,,0.9557
2018-07-17,,,,,0.8844
2018-07-18,,,,,0.8541
2018-07-19,,,,,0.7979
2018-07-20,,,,,0.828
2018-07-21,,,,,0.8078
2018-07-22,,,,,0.77
2018-07-23,,,,,0.7738
2018-07-24,,,,,0.7571
2018-07-25,,,,,0.7711
2018-07-26,,,,,0.7156
2018-07-27,,,,,0.7279
2018-07-28,,,,,0.766
2018-07-29,,,,,0.754
2018-07-30,,,,,0.7055
2018-07-31,,,,,0.6433
2018-08-01,,,,,0.6491
2018-08-02,,,,,0.6049
2018-08-03,,,,,0.6631
2018-08-04,,,,,0.7098
2018-08-05,,,,,0.6853
2018-08-06,,,,,0.6172
2018-08-07,,,,,0.5606
2018-08-08,,,,,0.5676
2018-08-09,,,,,0.5503
2018-08-10,,,,,0.5292
2018-08-11,,,,,0.5179
2018-08-12,,,,,0.4943
2018-08-13,,,,,0.4704
2018-08-14,,,,,0.4607
2018-08-15,,,,,0.4802
2018-08-16,,,,,0.5172
2018-08-17,,,,,0.5331
2018-08-18,,,,,0.5579
2018-08-19,,,,,0.5472
2018-08-20,,,,,0.4711
2018-08-21,,,,,0.52
2018-08-22,,,,,0.6957
2018-08-23,,,,,0.6647
2018-08-24,,,,,0.571
2018-08-25,,,,,0.5406
2018-08-26,,,,,0.4993
2018-08-27,,,,,0.5636
2018-08-28,,,,,0.5177
2018-08-29,,,,,0.4682
2018-08-30,,,,,0.4261
2018-08-31,,,,,0.4275
2018-09-01,,,,,0.451
2018-09-02,,,,,0.4679
2018-09-03,,,,,0.4719
2018-09-04,,,,,0.486
2018-09-05,,,,,0.6219
2018-09-06,,,,,0.6648
2018-09-07,,,,,0.5079
2018-09-08,,,,,0.4487
2018-09-09,,,,,0.4776
2018-09-10,,,,,0.4384
2018-09-11,,,,,0.4196
2018-09-12,,,,,0.4188
2018-09-13,,,,,0.4198
2018-09-14,,,,,0.3859
2018-09-15,,,,,0.3658
2018-09-16,,,,,0.3891
2018-09-17,,,,,0.367
2018-09-18,,,,,0.3477
2018-09-19,,,,,0.4334
2018-09-20,,,,,0.6439
2018-09-21,,,,,0.4977
2018-09-22,,,,,0.4139
2018-09-23,,,,,0.3879
2018-09-24,,,,,0.437
2018-09-25,,,,,0.4747
2018-09-26,,,,,0.429
2018-09-27,,,,,0.3911
2018-09-28,,,,,0.4216
2018-09-29,,,,,0.3691
2018-09-30,,,,,0.3729
2018-10-01,0.0686,0.183,,,0.4124
2018-10-02,0.1164,0.19,,,0.6369
2018-10-03,0.3133,0.197,,,1.5024
2018-10-04,0.1732,0.204,,,1.1244
2018-10-05,0.1334,0.183,,,0.9097
2018-10-06,0.0977,0.185,,,0.7577
2018-10-07,0.1062,0.175,,,0.7405
2018-10-08,0.1079,0.176,,,0.7614
2018-10-09,0.0824,0.175,,,0.6849
2018-10-10,0.1003,0.203,,,0.7882
2018-10-11,0.0871,0.216,,,0.7727
2018-10-12,0.0914,0.233,,,0.7302
2018-10-13,0.0941,0.232,,,0.6651
2018-10-14,0.111,0.252,,,0.798
2018-10-15,0.1895,0.24,,,0.6846
2018-10-16,0.13,0.244,,,0.7411
2018-10-17,0.135,0.239,,,
2018-10-18,0.141,0.23,,,
2018-10-19,0.147,0.239,,,
2018-10-20,0.152,0.255,,,
2018-10-21,0.158,0.255,,,
2018-10-22,0.1715,0.253,0.0436,,
2018-10-23,0.176,0.257,0.0457,0.2217,
2018-10-24,0.1769,0.274,0.0471,0.2312,
2018-10-25,0.1678,0.278,0.0454,0.203,
2018-10-26,0.1609,0.267,0.0438,0.1758,
2018-10-27,0.1559,0.26,0.0424,0.1632,
2018-10-28,0.1558,0.255,0.0421,0.1603,
2018-10-29,0.1521,0.255,0.0419,0.1537,
2018-10-30,0.1575,0.263,0.0421,0.16,
2018-10-31,0.1547,0.265,0.0415,0.1402,
2018-11-01,0.1629,0.243,0.04,0.138,
2018-11-02,0.1525,0.242,0.039,0.1425,
2018-11-03,0.1556,0.264,0.0396,0.1522,
2018-11-04,0.2061,0.246,0.0385,0.1487,
2018-11-05,0.2295,0.253,0.0393,0.1464,
2018-11-06,0.1969,0.232,0.0376,0.1397,
2018-11-07,0.1718,0.211,0.0358,0.1333,
2018-11-08,0.1887,0.196,0.036,0.1271,
2018-11-09,0.2293,0.217,0.035,0.1212,
2018-11-10,0.3081,0.22,0.0357,0.1154,
2018-11-11,0.2898,0.239,0.0358,0.1099,
2018-11-12,0.2591,0.232,0.0341,0.1045,
2018-11-13,0.4049,0.213,0.0334,0.0994,
2018-11-14,0.4253,0.223,0.034,0.0944,
2018-11-15,0.3444,0.224,0.034,0.0897,
2018-11-16,0.3005,0.221,0.0335,0.0851,
2018-11-17,0.2465,0.212,0.0331,0.0807,
2018-11-18,0.1495,0.222,0.0331,0.0764,
2018-11-19,0.1197,0.193,0.0331,0.0724,
2018-11-20,0.1178,0.194,0.0328,0.0685,
2018-11-21,0.1166,0.193,0.0326,0.0647,
2018-11-22,0.1158,0.19,0.033,0.0611,
2018-11-23,0.118,0.201,0.0332,0.0577,
2018-11-24,0.1186,0.201,0.0333,0.0544,
2018-11-25,0.1214,0.172,0.0343,0.099,
2018-11-26,0.121,0.165,0.0321,0.0913,
2018-11-27,0.1185,0.214,0.0322,0.0916,
2018-11-28,0.1158,0.22,0.032,0.0911,
2018-11-29,0.1162,0.207,0.0324,0.0938,
2018-11-30,0.1165,0.209,0.0328,0.0923,
2018-12-01,0.1173,0.205,0.0325,0.0924,
2018-12-02,0.1184,0.193,0.0314,0.0655,
2018-12-03,0.1171,0.206,0.0316,0.0673,
2018-12-04,0.1157,0.182,0.0305,0.0691,
2018-12-05,0.119,0.166,0.0312,0.0709,
2018-12-06,0.116,0.219,0.0317,0.0728,
2018-12-07,0.1158,0.193,0.0315,0.0747,
2018-12-08,0.1144,0.166,0.0314,0.0767,
2018-12-09,0.1137,0.156,0.0309,0.0787,
2018-12-10,0.1144,0.159,0.0302,0.0807,
2018-12-11,0.114,0.202,0.0314,0.0594,
2018-12-12,0.1141,0.185,0.0316,0.0393,
2018-12-13,0.1127,0.171,0.0312,0.0289,
2018-12-14,0.1125,0.153,0.0302,0.0363,
2018-12-15,0.1114,0.185,0.031,0.0451,
2018-12-16,0.11,0.177,0.0302,0.0547,
2018-12-17,0.1095,0.175,0.0308,0.0561,
2018-12-18,0.1084,0.193,0.0311,0.053,
2018-12-19,0.1091,0.199,0.0312,0.0517,
2018-12-20,0.1087,0.182,0.0306,0.0463,
2018-12-21,0.1088,0.186,0.0311,0.0492,
2018-12-22,0.1073,0.191,0.0308,0.0487,
2018-12-23,0.1087,0.171,0.0298,0.0514,
2018-12-24,0.1082,0.203,0.0311,0.052,
2018-12-25,0.107,0.194,0.0309,0.0559,
2018-12-26,0.1052,0.192,0.0312,0.0525,
2018-12-27,0.1054,0.183,0.0309,0.0546,
2018-12-28,0.1063,0.169,0.0301,0.0652,
2018-12-29,0.1058,0.164,0.0292,0.0623,
2018-12-30,0.1054,0.156,0.03,0.0625,
2018-12-31,0.1053,0.182,0.0311,0.0493,
2019-01-01,0.1032,0.168,0.0299,0.0453,
2019-01-02,0.1037,0.144,0.0286,0.0419,
2019-01-03,0.1042,0.149,0.0287,0.0408,
2019-01-04,0.1023,0.171,0.0286,0.0382,
2019-01-05,0.1018,0.18,0.029,0.0384,
2019-01-06,0.1008,0.187,0.0303,0.0359,
2019-01-07,0.0994,0.183,0.03,0.032,
2019-01-08,0.0995,0.186,0.0287,0.0435,
2019-01-09,0.0998,0.188,0.0283,0.0454,
2019-01-10,0.0993,0.189,0.0284,0.0393,
2019-01-11,0.0993,0.19,0.029,0.0384,
2019-01-12,0.0983,0.184,0.0287,0.0362,
2019-01-13,0.0977,0.157,0.0283,0.0339,
2019-01-14,0.0987,0.136,0.028,0.051,
2019-01-15,0.1001,0.168,0.0287,0.0496,
2019-01-16,0.1001,0.2,0.0303,0.0381,
2019-01-17,0.0969,0.19,0.03,0.0377,
2019-01-18,0.0949,0.19,0.0311,0.0296,
2019-01-19,0.0958,0.18,0.0294,0.0396,
2019-01-20,0.0972,0.187,0.029,0.0432,
2019-01-21,0.0974,0.182,0.0301,0.038,
2019-01-22,0.0965,0.174,0.0295,0.0366,
2019-01-23,0.0962,0.148,0.0288,0.0438,
2019-01-24,0.0943,0.194,0.029,0.0351,
2019-01-25,0.0935,0.194,0.0288,0.0347,
2019-01-26,0.0953,0.179,0.0284,0.03,
2019-01-27,0.095,0.181,0.0288,0.0302,
2019-01-28,0.0948,0.179,0.0291,0.028,
2019-01-29,0.095,0.134,0.0287,0.0301,
2019-01-30,0.0953,0.14,0.0289,0.0304,
2019-01-31,0.0953,0.155,0.0288,0.0293,
2019-02-01,0.0952,0.159,0.0287,0.029,
2019-02-02,0.0946,0.165,0.029,0.0287,
2019-02-03,0.0939,0.179,0.0307,0.0299,
2019-02-04,0.0945,0.176,0.0305,0.0312,
2019-02-05,0.0938,0.171,0.0305,0.0322,
2019-02-06,0.0928,0.163,0.0306,0.0319,
2019-02-07,0.0917,0.146,0.0289,0.0282,
2019-02-08,0.0939,0.127,0.0291,0.027,
2019-02-09,0.0938,0.157,0.0291,0.0275,
2019-02-10,0.0933,0.184,0.0294,0.0279,
2019-02-11,0.092,0.164,0.0293,0.0268,
2019-02-12,0.0915,0.148,0.028,0.024,
2019-02-13,0.091,0.165,0.0291,0.0235,
2019-02-14,0.0907,0.164,0.0308,0.0239,
2019-02-15,0.0913,0.173,0.0527,0.0254,
2019-02-16,0.0917,0.16,0.0314,0.0259,
2019-02-17,0.091,0.15,0.0292,0.0257,
2019-02-18,0.0897,0.162,0.0292,0.0265,
2019-02-19,0.0892,0.164,0.0298,0.0271,
2019-02-20,0.0892,0.158,0.0296,0.0258,
2019-02-21,0.0882,0.164,0.0296,0.0247,
2019-02-22,0.0876,0.161,0.0296,0.0236,
2019-02-23,0.087,0.152,0.0288,0.0225,
2019-02-24,0.0863,0.142,0.0282,0.0215,
2019-02-25,0.0866,0.139,0.0285,0.0205,
2019-02-26,0.0861,0.149,0.0289,0.0217,
2019-02-27,0.0857,0.158,0.0293,0.0212,
2019-02-28,0.0849,0.162,0.0297,0.0234,
2019-03-01,0.0864,0.164,0.0303,0.0225,
2019-03-02,0.0867,0.17,0.033,0.0215,
2019-03-03,0.0827,0.166,0.0455,0.0171,
2019-03-04,0.0738,0.159,0.0317,0.008,
2019-03-05,0.065,0.146,0.0293,0.0082,
2019-03-06,0.0893,0.158,0.1019,0.009,
2019-03-07,0.0887,0.159,0.1695,0.009,
2019-03-08,0.0958,0.15,0.0347,0.0097,
2019-03-09,0.0933,0.147,0.0337,0.01,
2019-03-10,0.0867,0.145,0.0305,0.0104,
2019-03-11,0.0858,0.145,0.0303,0.011,
2019-03-12,0.0857,0.145,0.0353,0.0112,
2019-03-13,0.0857,0.156,0.0377,0.012,
2019-03-14,0.0831,0.15,0.0368,0.0122,
2019-03-15,0.0826,0.151,0.0368,0.013,
2019-03-16,0.0835,0.158,0.037,0.0133,
2019-03-17,0.0842,0.166,0.0375,0.014,
2019-03-18,0.0837,0.162,0.0378,0.0145,
2019-03-19,0.0835,0.165,0.0373,0.015,
2019-03-20,0.0836,0.162,0.0372,0.0159,
2019-03-21,0.0836,0.166,0.0372,0.0162,
2019-03-22,0.0845,0.171,0.0374,0.017,
2019-03-23,0.0843,0.172,0.037,0.0177,
2019-03-24,0.0839,0.177,0.0365,0.0182,
2019-03-25,0.084,0.173,0.0362,0.019,
2019-03-26,0.0854,0.171,0.0363,0.011,
2019-03-27,0.0891,0.18,0.0368,0.0303,
2019-03-28,0.0942,0.196,0.0378,0.0389,
2019-03-29,0.0949,0.211,0.039,0.0471,
2019-03-30,0.0916,0.206,0.0376,0.0444,
2019-03-31,0.0907,0.201,0.0372,0.0379,
2019-04-01,0.0906,0.2,0.0371,0.0339,
2019-04-02,0.0927,0.208,0.0372,0.0353,
2019-04-03,0.0944,0.217,0.0371,0.036,
2019-04-04,0.0967,0.214,0.0371,0.0369,
2019-04-05,0.1028,0.228,0.0393,0.0546,
2019-04-06,0.1069,0.254,0.0417,0.087,
2019-04-07,0.1126,0.278,0.0431,0.1047,
2019-04-08,0.1223,0.308,0.0472,0.1395,
2019-04-09,0.1325,0.361,0.0545,0.1782,
2019-04-10,0.136,0.374,0.056,0.1916,
2019-04-11,0.1324,0.338,0.0522,0.186,
2019-04-12,0.1305,0.327,0.0492,0.189,
2019-04-13,0.1279,0.333,0.0464,0.1617,
2019-04-14,0.1268,0.329,0.0441,0.1399,
2019-04-15,0.1307,0.354,0.0438,0.1517,
2019-04-16,0.1389,0.405,0.0457,0.191,
2019-04-17,0.1535,0.438,0.0491,0.2255,
2019-04-18,0.1772,0.533,0.0539,0.2943,
2019-04-19,0.2188,0.66,0.0622,0.393,
2019-04-20,0.2705,0.826,0.0769,0.5256,
2019-04-21,0.2785,0.876,0.0751,0.6152,
2019-04-22,0.2794,0.862,0.0686,0.76,
2019-04-23,0.3516,1.041,0.0813,1.0548,
2019-04-24,0.419,1.282,0.0941,1.1843,
2019-04-25,0.5277,1.447,0.1061,1.44,
2019-04-26,0.6883,1.67,0.1184,2.0606,
2019-04-27,0.8262,2.092,0.1259,2.7774,
2019-04-28,0.8125,2.265,0.1171,2.3552,
2019-04-29,0.716,2.282,0.1039,2.0517,
2019-04-30,0.605,2.127,0.0926,1.5108,
2019-05-01,0.5103,1.747,0.0832,1.1445,
2019-05-02,0.4449,1.417,0.0766,0.9459,
2019-05-03,0.4219,1.293,0.073,0.8541,
2019-05-04,0.4414,1.314,0.0751,0.883,
2019-05-05,0.4489,1.343,0.0763,0.9471,
2019-05-06,0.4956,1.523,0.0829,1.1801,
2019-05-07,0.5415,1.666,0.0905,1.4128,
2019-05-08,0.543,1.668,0.0917,1.4381,
2019-05-09,0.5026,1.567,0.0874,1.2408,
2019-05-10,0.4663,1.382,0.0813,1.1211,
2019-05-11,0.4615,1.356,0.0786,1.1106,
2019-05-12,0.5353,1.481,0.0885,1.5156,
2019-05-13,0.6864,1.781,0.1097,2.2557,4.5964
2019-05-14,0.8769,2.109,0.1388,3.1755,4.6433
2019-05-15,1.268,2.419,0.1913,4.8456,5.8573
2019-05-16,1.9182,2.656,0.2425,5.5171,6.9819
2019-05-17,2.5636,2.955,0.2598,5.2854,7.3718
2019-05-18,2.0721,2.504,0.2083,4.889,5.5862
2019-05-19,1.6568,2.092,0.17,3.7646,4.1689
2019-05-20,1.3983,1.875,0.1496,3.119,3.5667
2019-05-21,1.2089,1.679,0.1334,2.6101,3.101
2019-05-22,1.058,1.478,0.1213,2.2709,2.8833
2019-05-23,0.9711,1.36,0.1146,2.035,2.6329
2019-05-24,0.941,1.265,0.1093,1.9313,2.4891
2019-05-25,1.0167,1.171,0.1117,2.2437,2.6447
2019-05-26,1.0951,1.173,0.1161,2.7009,2.9947
2019-05-27,1.0985,1.171,0.1185,2.7424,3.0408
2019-05-28,1.0768,1.148,0.1165,2.6668,3.0969
2019-05-29,1.0419,1.103,0.1137,2.6532,3.0665
2019-05-30,1.1207,1.091,0.1283,3.0348,3.3117
2019-05-31,1.4376,1.226,0.1638,3.9858,4.0412
2019-06-01,2.3376,1.458,0.2334,4.7746,5.2598
2019-06-02,3.2268,2.001,0.2965,5.1982,6.9839
2019-06-03,3.3958,2.351,0.3375,4.6562,7.691
2019-06-04,4.1998,2.504,0.409,4.6276,8.427
2019-06-05,6.4181,2.672,0.5819,5.5347,10.3157
2019-06-06,9.0206,3.283,0.855,6.1635,13.576
2019-06-07,6.7379,3.815,0.9269,7.3137,14.9688
2019-06-08,7.3796,3.942,1.136,7.982,15.8765
2019-06-09,10.0673,4.241,1.3975,8.0428,16.5661
2019-06-10,9.591,3.989,2.0335,6.2665,14.9895
2019-06-11,8.3342,3.894,1.8228,7.68,14.4594
2019-06-12,8.0401,3.91,1.7056,9.3508,14.3944
2019-06-13,8.3751,4.273,2.214,7.8928,16.3862
2019-06-14,9.1376,4.816,2.8144,8.0682,18.1874
2019-06-15,6.4927,4.954,2.8317,6.595,17.994
2019-06-16,5.6814,4.801,1.9617,7.7746,16.899
2019-06-17,5.1142,4.646,1.7026,7.2618,16.7138
2019-06-18,4.1886,4.366,1.4407,7.74,15.1642
2019-06-19,3.487,4.335,1.4834,6.2333,14.6612
2019-06-20,3.5173,4.476,1.6707,7.6125,15.6925
2019-06-21,3.4871,4.429,1.4485,7.5649,15.6747
2019-06-22,2.4917,4.131,1.2269,8.0355,14.6444
2019-06-23,1.2796,3.478,0.8309,5.7235,10.3745
2019-06-24,0.9542,2.889,0.6405,5.0434,8.1563
2019-06-25,0.9283,2.806,0.6236,5.3468,8.2558
2019-06-26,1.203,2.922,0.6945,5.7911,9.6727
2019-06-27,1.8863,3.3,0.853,7.3816,11.9488
2019-06-28,2.5476,3.671,1.0401,8.2054,14.1456
2019-06-29,2.9383,4.131,1.1634,11.6378,15.8516
2019-06-30,3.3769,4.304,1.1441,10.0455,16.0729
2019-07-01,3.1375,4.491,1.2337,11.895,17.0623
2019-07-02,2.881,4.335,1.2958,8.594,16.0414
2019-07-03,2.3705,4.005,1.1264,8.9658,15.0426
2019-07-04,1.7239,3.767,1.0135,8.382,14.2882
2019-07-05,1.7153,3.478,0.8744,7.9928,13.1373
2019-07-06,1.7684,3.3,0.7966,7.0612,11.9746
2019-07-07,1.6163,3.054,0.7338,6.7096,10.7871
2019-07-08,1.3381,2.955,0.7263,6.591,10.414
2019-07-09,1.1102,2.889,0.6987,6.6901,10.2902
2019-07-10,1.1549,2.706,0.6333,6.3108,9.4105
2019-07-11,1.3185,2.656,0.5953,6.496,9.3029
2019-07-12,1.3358,2.656,0.6137,6.3889,9.0373
2019-07-13,1.4855,2.571,0.5944,6.3538,8.9044
2019-07-14,1.5947,2.47,0.552,6.3021,8.604
2019-07-15,1.7381,2.504,0.5161,6.4372,8.7277
2019-07-16,1.5945,2.487,0.5239,6.4077,8.6613
2019-07-17,2.3732,2.402,0.5001,6.3817,7.9898
2019-07-18,2.3219,2.265,0.4553,5.8136,6.3945
2019-07-19,1.7444,1.991,0.3744,5.5145,5.5008
2019-07-20,1.4536,1.926,0.3087,,5.3081
2019-07-21,1.2215,1.832,0.2848,,4.9167
2019-07-22,1.4594,1.718,0.2628,,4.6917
2019-07-23,1.3414,1.638,0.2485,,4.3365
2019-07-24,1.3572,1.677,0.2439,,4.251
2019-07-25,1.4778,1.816,0.2348,,4.4399
2019-07-26,1.2698,1.754,0.2152,5.1103,4.2069
2019-07-27,1.4901,1.65,0.1994,4.9214,3.9508
2019-07-28,1.3189,1.573,0.1928,4.7956,3.8803
2019-07-29,1.2073,1.443,0.1856,4.4802,3.589
2019-07-30,1.2781,1.323,0.1773,4.6039,3.7372
2019-07-31,1.1732,1.436,0.1637,4.6008,3.7631
2019-08-01,0.8538,1.256,0.1523,3.8666,3.2475
2019-08-02,0.8197,1.209,0.1408,3.6789,3.1096
2019-08-03,0.751,1.129,0.1356,3.4389,2.9547
2019-08-04,0.8474,1.066,0.1287,3.6747,3.0488
2019-08-05,0.9353,1.181,0.1262,3.8778,3.2487
2019-08-06,0.7548,1.053,0.1225,3.1263,2.7151
2019-08-07,0.832,0.976,0.1137,2.7934,2.5179
2019-08-08,1.0975,0.96,0.1079,2.6855,2.4943
2019-08-09,1.0832,0.933,0.1055,2.7235,2.4749
2019-08-10,0.9133,0.972,0.1015,2.5043,2.3076
2019-08-11,0.9266,0.997,0.0974,2.5593,2.341
2019-08-12,0.7442,0.923,0.0907,2.3888,2.2198
2019-08-13,0.6621,0.838,0.0871,2.0694,2.0238
2019-08-14,0.6391,0.776,0.0844,1.8672,1.861
2019-08-15,0.6519,0.73,0.0819,1.7502,1.7203
2019-08-16,0.625,0.707,0.0786,1.6967,1.6544
2019-08-17,0.5307,0.683,0.0777,1.6369,1.6399
2019-08-18,0.4504,0.644,0.076,1.5275,1.6361
2019-08-19,0.4516,0.608,0.0748,1.4396,1.5419
2019-08-20,0.4498,0.577,0.0734,1.3686,1.4831
2019-08-21,0.4499,0.562,0.0712,1.4419,1.43
2019-08-22,0.3985,0.541,0.0704,2.4964,1.3724
2019-08-23,0.3467,0.535,0.069,2.2893,1.4451
2019-08-24,0.3302,0.522,0.0686,1.7577,1.491
2019-08-25,0.3644,0.516,0.069,1.6877,1.4465
2019-08-26,0.3213,0.522,0.0686,1.5763,1.4592
2019-08-27,0.2827,0.492,0.0667,1.4204,1.4287
2019-08-28,0.2716,0.464,0.0642,1.2812,1.3469
2019-08-29,0.2466,0.449,0.0613,1.1813,1.2904
2019-08-30,0.2289,0.449,0.0583,1.1541,1.2343
2019-08-31,0.2189,0.44,0.0572,1.1756,1.2271
2019-09-01,0.2207,0.44,0.056,1.1437,1.2139
2019-09-02,0.2327,0.436,0.0557,1.1398,1.1855
2019-09-03,0.1974,0.423,0.0553,1.1496,1.1825
2019-09-04,0.1934,0.401,0.054,1.111,1.1305
2019-09-05,0.199,0.399,0.0538,1.1101,1.1375
2019-09-06,0.2194,0.403,0.0539,1.1219,1.0928
2019-09-07,0.2315,0.407,0.0538,1.211,1.0826
2019-09-08,0.2115,0.405,0.0525,1.1552,1.0628
2019-09-09,0.1611,0.401,0.0511,1.1069,1.0922
2019-09-10,0.1536,0.376,0.05,1.0413,1.0339
2019-09-11,0.1329,0.349,0.0489,1.0335,1.0403
2019-09-12,0.1212,0.347,0.0465,0.9641,1.0351
2019-09-13,0.1178,0.345,0.0456,0.8888,0.9303
2019-09-14,0.1195,0.338,0.0455,0.8539,0.8922
2019-09-15,0.1235,0.338,0.0445,0.8458,0.8535
2019-09-16,0.1171,0.338,0.0439,0.893,0.8765
2019-09-17,0.1263,0.324,0.0449,0.9212,0.9502
2019-09-18,0.1159,0.32,0.0433,0.8789,0.9281
2019-09-19,0.1271,0.315,0.0429,0.8421,0.8442
2019-09-20,0.0963,0.306,0.0425,0.8343,0.8614
2019-09-21,0.0837,0.271,0.0415,0.7772,0.8548
2019-09-22,0.0713,0.246,0.0404,0.7181,0.8543
2019-09-23,0.0752,0.249,0.0392,0.6938,0.7812
2019-09-24,0.0636,0.252,0.0387,0.6875,0.6256
2019-09-25,0.0579,0.246,0.0392,0.6995,0.5147
2019-09-26,0.076,0.244,0.039,0.7198,0.4844
2019-09-27,0.066,0.251,0.0388,0.8101,0.4856
2019-09-28,0.067,0.243,0.0385,0.9158,0.5037
2019-09-29,0.0497,0.22,0.038,0.7694,0.5207
2019-09-30,0.4413,0.219,0.0373,0.379,0.5074
2019-10-01,0.4385,0.22,0.0366,0.377,0.4859
2019-10-02,0.4375,0.218,0.035,0.3739,0.5255
2019-10-03,0.4371,0.217,0.034,0.3709,0.45
2019-10-04,0.4363,0.224,0.0337,0.3679,0.4346
2019-10-05,0.4347,0.225,0.0329,0.3649,0.4629
2019-10-06,0.4345,0.23,0.0323,0.3619,0.4769
2019-10-07,0.4419,0.226,0.032,0.3589,0.3983
2019-10-08,0.4346,0.219,0.0324,0.3559,0.3952
2019-10-09,0.4331,0.21,0.0321,0.353,0.3902
2019-10-10,0.4328,0.211,0.0322,0.35,0.4898
2019-10-11,0.432,0.208,0.0301,0.3471,0.4097
2019-10-12,0.4311,0.207,0.0298,0.3442,0.3705
2019-10-13,0.4305,0.208,0.0294,0.3413,0.4162
2019-10-14,0.4298,0.211,0.0292,0.3385,0.4188
2019-10-15,0.429,0.211,0.029,0.3357,0.4326
2019-10-16,0.4282,0.21,0.0293,0.3328,0.3281
2019-10-17,0.4275,0.211,0.0292,0.33,0.431
2019-10-18,0.4268,0.216,0.032,0.3272,0.444
2019-10-19,0.426,0.217,0.0293,0.3244,0.448
2019-10-20,0.4252,0.219,0.0294,0.3217,0.453
2019-10-21,0.4245,0.224,0.0292,0.3189,0.466
2019-10-22,0.4239,0.244,0.0279,0.3162,0.52
2019-10-23,0.423,0.249,0.0278,0.3135,0.534
2019-10-24,0.4222,0.241,0.0276,0.3108,0.512
2019-10-25,0.4216,0.234,0.0274,0.3081,0.494
2019-10-26,0.4209,0.244,0.0282,0.3054,0.519
2019-10-27,0.42,0.251,0.0286,0.3028,0.539
2019-10-28,0.4192,0.267,0.0264,0.3001,0.583
2019-10-29,0.4186,0.258,0.0252,0.2975,0.557
2019-10-30,0.4179,0.249,0.0255,0.2949,0.532
2019-10-31,0.417,0.255,0.0252,0.2923,0.55
2019-11-01,0.4163,0.285,0.0258,0.2898,0.632
2019-11-02,0.4156,0.283,0.0244,0.2871,0.625
2019-11-03,0.4149,0.281,0.025,0.2847,0.619
2019-11-04,0.414,0.288,0.0247,0.2821,0.638
2019-11-05,0.4122,0.283,0.0247,0.2796,0.625
2019-11-06,0.4117,0.29,0.0241,0.2771,0.645
2019-11-07,0.4107,0.278,0.0242,0.2746,0.613
2019-11-08,0.4099,0.254,0.0242,0.2721,0.546
2019-11-09,0.4104,0.262,0.0239,0.2697,0.568
2019-11-10,0.4103,0.266,0.024,0.2672,0.58
2019-11-11,0.4085,0.276,0.0235,0.2649,0.606
2019-11-12,0.4234,0.255,0.0227,0.2624,0.55
2019-11-13,0.4062,0.258,0.0229,0.26,0.558
2019-11-14,0.4064,0.257,0.0226,0.2577,0.555
2019-11-15,0.4057,0.256,0.0232,0.2552,0.551
2019-11-16,0.4056,0.258,0.024,0.2529,0.557
2019-11-17,0.4041,0.248,0.0233,0.2506,0.531
2019-11-18,0.4041,0.255,0.0233,0.2482,0.55
2019-11-19,0.4051,0.25,0.0235,0.246,0.536
2019-11-20,0.405,0.265,0.0242,0.2437,0.577
2019-11-21,0.4048,0.276,0.0237,0.2414,0.606
2019-11-22,0.4051,0.281,0.0243,0.2391,0.619
2019-11-23,0.4131,0.243,0.0224,0.2369,0.516
2019-11-24,0.4238,0.235,0.0223,0.2347,0.495
2019-11-25,0.4084,0.236,0.0235,0.2324,0.497
2019-11-26,0.4089,0.254,0.0227,0.2302,0.547
2019-11-27,0.4089,0.222,0.0221,0.228,0.46
2019-11-28,0.4064,0.268,0.0222,0.2259,0.585
2019-11-29,0.4034,0.29,0.0229,0.2237,0.645
2019-11-30,0.4041,0.254,0.0234,0.2216,0.546
2019-12-01,0.4037,0.23,0.0215,0.2194,0.482
2019-12-02,0.4018,0.29,0.0217,0.2173,0.645
2019-12-03,0.4008,0.263,0.0218,0.2152,0.57
2019-12-04,0.4016,0.237,0.0218,0.2131,0.5
2019-12-05,0.4006,0.24,0.0228,0.211,0.507
2019-12-06,0.4,0.225,0.0217,0.209,0.469
2019-12-07,0.3997,0.221,0.0225,0.2069,0.458
2019-12-08,0.3998,0.226,0.0237,0.2049,0.472
2019-12-09,0.3997,0.235,0.0234,0.2029,0.496
2019-12-10,0.399,0.214,0.0223,0.2009,0.44
2019-12-11,0.3993,0.23,0.0226,0.1989,0.483
2019-12-12,0.3996,0.249,0.023,0.1969,0.532
2019-12-13,0.3991,0.238,0.024,0.1949,0.502
2019-12-14,0.3977,0.228,0.0428,0.193,0.477
2019-12-15,0.4045,0.232,0.0258,0.191,0.487
2019-12-16,0.3989,0.215,0.023,0.1891,0.442
2019-12-17,0.4011,0.179,0.0244,0.1872,0.349
2019-12-18,0.3999,0.19,0.0239,0.1853,0.376
2019-12-19,0.3983,0.197,0.0228,0.1834,0.394
2019-12-20,0.3973,0.198,0.0225,0.1815,0.398
2019-12-21,0.3972,0.199,0.0227,0.1796,0.401
2019-12-22,0.3964,0.202,0.0234,0.1778,0.408
2019-12-23,0.3955,0.21,0.0225,0.1759,0.428
2019-12-24,0.394,0.216,0.0225,0.1741,0.444
2019-12-25,0.3935,0.217,0.0231,0.1723,0.448
2019-12-26,0.393,0.217,0.0226,0.1705,0.448
2019-12-27,0.3928,0.209,0.0234,0.1687,0.425
2019-12-28,0.3915,0.216,0.0227,0.1669,0.444
2019-12-29,0.3886,0.196,0.0217,0.1652,0.392
2019-12-30,0.3886,0.179,0.0245,0.1635,0.349
2019-12-31,0.39,0.179,0.0245,0.1617,0.347
2020-01-01,0.3922,0.191,0.0231,0.16,0.378
2020-01-02,0.3908,0.201,0.0218,0.1583,0.404
2020-01-03,0.3889,0.198,0.0206,0.1565,0.398
2020-01-04,0.3875,0.198,0.0203,0.1549,0.397
2020-01-05,0.388,0.196,0.02,0.1533,0.392
2020-01-06,0.3878,0.194,0.0198,0.1515,0.388
2020-01-07,0.3869,0.193,0.0201,0.1499,0.383
2020-01-08,0.3871,0.193,0.0207,0.1483,0.385
2020-01-09,0.3865,0.193,0.0209,0.1466,0.385
2020-01-10,0.3859,0.187,0.0199,0.145,0.368
2020-01-11,0.3866,0.177,0.021,0.1435,0.344
2020-01-12,0.3867,0.184,0.0206,0.1418,0.36
2020-01-13,0.3868,0.186,0.0353,0.1403,0.367
2020-01-14,0.386,0.179,0.0211,0.1386,0.348
2020-01-15,0.3852,0.18,0.02,0.1372,0.349
2020-01-16,0.3851,0.177,0.02,0.1356,0.344
2020-01-17,0.3838,0.182,0.0208,0.1341,0.355
2020-01-18,0.3851,0.167,0.0199,0.1325,0.317
2020-01-19,0.3836,0.165,0.0193,0.1311,0.311
2020-01-20,0.3836,0.171,0.0199,0.1295,0.328
2020-01-21,0.3833,0.188,0.0203,0.1281,0.371
2020-01-22,0.3827,0.188,0.0206,0.1266,0.37
2020-01-23,0.3821,0.185,0.0202,0.1252,0.364
2020-01-24,0.3818,0.183,0.0197,0.1237,0.358
2020-01-25,0.3821,0.181,0.0197,0.1223,0.354
2020-01-26,0.3817,0.179,0.0191,0.1208,0.349
2020-01-27,0.3818,0.178,0.0194,0.1195,0.346
2020-01-28,0.3814,0.175,0.0193,0.1181,0.337
2020-01-29,0.3817,0.174,0.0191,0.1166,0.336
2020-01-30,0.3815,0.171,0.0191,0.1153,0.327
2020-01-31,0.3815,0.171,0.0188,0.1139,0.327
2020-02-01,0.3809,0.178,0.0183,0.1125,0.346
2020-02-02,0.3808,0.174,0.0186,0.1113,0.336
2020-02-03,0.3802,0.175,0.0194,0.1098,0.339
2020-02-04,0.3794,0.16,0.0187,0.1085,0.299
2020-02-05,0.38,0.156,0.0217,0.1073,0.29
2020-02-06,0.3816,0.171,0.0201,0.1059,0.326
2020-02-07,0.381,0.174,0.0202,0.1046,0.334
2020-02-08,0.3802,0.176,0.019,0.1034,0.34
2020-02-09,0.3788,0.18,0.0192,0.1021,0.35
2020-02-10,0.3786,0.177,0.0186,0.1008,0.342
2020-02-11,0.3781,0.174,0.0185,0.0996,0.334
2020-02-12,0.3787,0.185,0.0185,0.0984,0.363
2020-02-13,0.3776,0.19,0.0181,0.0972,0.377
2020-02-14,0.3775,0.177,0.0181,0.0958,0.343
2020-02-15,0.3771,0.182,0.0181,0.0946,0.357
2020-02-16,0.3762,0.179,0.018,0.0935,0.347
2020-02-17,0.3755,0.177,0.0182,0.0923,0.344
2020-02-18,0.3755,0.172,0.0179,0.0912,0.33
2020-02-19,0.3752,0.169,0.018,0.0899,0.321
2020-02-20,0.3743,0.167,0.0176,0.0888,0.316
2020-02-21,0.3752,0.158,0.0188,0.0876,0.294
2020-02-22,0.3748,0.184,0.0181,0.0865,0.362
2020-02-23,0.3747,0.177,0.0185,0.0854,0.343
2020-02-24,0.3737,0.162,0.0188,0.0843,0.305
2020-02-25,0.3741,0.161,0.0177,0.0832,0.302
2020-02-26,0.3746,0.146,0.0189,0.0821,0.263
2020-02-27,0.3739,0.182,0.0176,0.081,0.355
2020-02-28,0.374,0.163,0.0175,0.0799,0.308
2020-02-29,0.3739,0.155,0.019,0.0788,0.287
2020-03-01,0.3731,0.159,0.0188,0.0778,0.297
2020-03-02,0.3719,0.168,0.0196,0.0767,0.321
2020-03-03,0.3724,0.15,0.0178,0.0757,0.273
2020-03-04,0.3728,0.154,0.0177,0.0747,0.285
2020-03-05,0.3731,0.155,0.018,0.0736,0.286
2020-03-06,0.3734,0.156,0.0184,0.0726,0.288
2020-03-07,0.3733,0.172,0.0191,0.0716,0.33
2020-03-08,0.3712,0.18,0.0193,0.0706,0.351
2020-03-09,0.3696,0.182,0.0192,0.0697,0.356
2020-03-10,0.3693,0.18,0.0186,0.0687,0.35
2020-03-11,0.3697,0.184,0.0184,0.0677,0.362
2020-03-12,0.3698,0.189,0.0188,0.0668,0.374
2020-03-13,0.3691,0.188,0.0184,0.0658,0.372
2020-03-14,0.3693,0.193,0.0182,0.0649,0.383
2020-03-15,0.3691,0.188,0.0184,0.064,0.372
2020-03-16,0.3697,0.191,0.0195,0.063,0.38
2020-03-17,0.3681,0.199,0.0196,0.0621,0.4
2020-03-18,0.3681,0.193,0.0195,0.0612,0.385
2020-03-19,0.3678,0.204,0.0195,0.0603,0.412
2020-03-20,0.367,0.197,0.0188,0.0595,0.395
2020-03-21,0.3673,0.186,0.0187,0.0586,0.367
2020-03-22,0.3664,0.193,0.0182,0.0578,0.383
2020-03-23,0.3656,0.186,0.0183,0.0569,0.367
2020-03-24,0.365,0.19,0.018,0.056,0.376
2020-03-25,0.3641,0.193,0.0176,0.0551,0.383
2020-03-26,0.3641,0.189,0.0171,0.0543,0.374
2020-03-27,0.3639,0.197,0.0174,0.0535,0.396
2020-03-28,0.3639,0.185,0.017,0.0528,0.363
2020-03-29,0.3636,0.181,0.0164,0.052,0.352
2020-03-30,0.364,0.193,0.0162,0.051,0.385
2020-03-31,0.3648,0.191,0.0164,0.0503,0.378
2020-04-01,0.3678,0.198,0.0177,0.0497,0.397
2020-04-02,0.3676,0.206,0.0186,0.0822,0.417
2020-04-03,0.3649,0.195,0.0181,0.1241,0.39
2020-04-04,0.3655,0.201,0.018,0.1361,0.405
2020-04-05,0.3654,0.207,0.018,0.1746,0.421
2020-04-06,0.3707,0.221,0.0201,0.2791,0.458
2020-04-07,0.3772,0.246,0.0252,0.4793,0.524
2020-04-08,0.3839,0.264,0.0324,0.6449,0.575
2020-04-09,0.3946,0.292,0.0415,0.6597,0.651
2020-04-10,0.4022,0.372,0.0487,0.7946,0.876
2020-04-11,0.4079,0.385,0.0536,0.6301,0.914
2020-04-12,0.4136,0.436,0.0536,0.5454,1.062
2020-04-13,0.4068,0.37,0.0442,0.6969,0.8525
2020-04-14,0.4027,0.322,0.0387,0.8281,0.777
2020-04-15,0.4007,0.311,0.0349,0.5453,0.7566
2020-04-16,0.397,0.315,0.0337,0.4268,0.628
2020-04-17,0.3942,0.278,0.0313,0.4191,0.6534
2020-04-18,0.3925,0.283,0.03,0.4317,0.5805
2020-04-19,0.3915,0.301,0.0303,0.441,0.6202
2020-04-20,0.3907,0.301,0.031,0.4511,0.6436
2020-04-21,0.394,0.322,0.0349,0.498,0.7325
2020-04-22,0.4025,0.367,0.0463,0.5495,0.8796
2020-04-23,0.4063,0.449,0.0531,0.5793,0.9425
2020-04-24,0.4072,0.46,0.0492,0.577,0.9276
2020-04-25,0.4147,0.488,0.0591,0.6632,1.0369
2020-04-26,0.4318,0.598,0.0835,0.7944,1.283
2020-04-27,0.4534,0.746,0.1116,0.9845,1.5486
2020-04-28,0.4924,0.989,0.1681,1.3561,2.016
2020-04-29,0.5206,1.226,0.2066,1.6917,2.3938
2020-04-30,0.5499,1.349,0.2358,1.9953,2.7686
2020-05-01,0.5856,1.461,0.286,2.5286,3.3904
2020-05-02,0.6097,1.648,0.2868,2.8491,3.7724
2020-05-03,0.621,1.634,0.3055,3.0472,4.0465
2020-05-04,0.628,1.736,0.2911,3.0577,4.1762
2020-05-05,0.6208,1.571,0.2757,2.8709,3.7662
2020-05-06,0.6216,1.481,0.2786,2.9138,3.6799
2020-05-07,0.6256,1.404,0.2781,3.0151,3.7522
2020-05-08,0.6245,1.274,0.2763,2.9671,3.6234
2020-05-09,0.631,1.224,0.2873,2.9714,3.6532
2020-05-10,0.6443,1.203,0.3125,3.1255,3.7915
2020-05-11,0.6509,1.395,0.319,3.1032,4.0885
2020-05-12,0.6463,1.408,0.3235,3.1545,4.0079
2020-05-13,0.6473,1.319,0.3133,3.1718,3.8139
2020-05-14,0.6506,1.252,0.3286,3.1423,3.7868
2020-05-15,0.6503,1.222,0.3384,3.1055,3.7487
2020-05-16,0.6646,1.163,0.3502,3.2398,3.8161
2020-05-17,0.6905,1.261,0.4069,3.6505,4.349
2020-05-18,0.7274,1.598,0.499,3.9942,5.5418
2020-05-19,0.756,1.959,0.5943,3.9076,6.277
2020-05-20,0.7625,2.022,0.6669,3.6798,6.3
2020-05-21,0.7244,1.878,0.611,4.0614,5.3455
2020-05-22,0.7263,1.729,0.5557,4.0521,4.9229
2020-05-23,0.7242,1.691,0.5743,3.9617,4.7624
2020-05-24,0.7115,1.5,0.556,3.6991,4.2491
2020-05-25,0.7101,1.349,0.5121,3.537,3.9875
2020-05-26,0.7148,1.336,0.5074,3.717,4.1846
2020-05-27,0.7257,1.461,0.5663,3.9091,4.6601
2020-05-28,0.7466,1.77,0.7093,4.046,5.7906
2020-05-29,0.7728,2.179,0.9579,4.204,7.2014
2020-05-30,0.7709,2.605,1.1618,4.6924,8.2603
2020-05-31,0.7708,2.773,1.1378,4.9421,8.6515
2020-06-01,0.7688,2.689,1.0964,4.6775,8.5713
2020-06-02,0.7722,2.672,1.0448,4.6468,8.54
2020-06-03,0.7739,2.555,0.9647,4.4903,8.1351
2020-06-04,0.7695,2.47,0.9384,4.5371,7.8062
2020-06-05,0.7624,2.402,0.8805,4.3278,7.4376
2020-06-06,0.7964,2.706,0.9022,5.0659,10.1897
2020-06-07,0.7709,2.706,0.8989,4.5902,8.2438
2020-06-08,0.7361,2.109,0.7993,4.0543,6.0397
2020-06-09,0.7199,1.898,0.6904,3.6628,5.285
2020-06-10,0.6927,1.549,0.5463,4.0277,4.1278
2020-06-11,0.6834,1.371,0.4428,3.9189,3.8126
2020-06-12,0.691,1.314,0.4042,4.0714,3.9572
2020-06-13,0.7062,1.382,0.4155,4.3593,4.4096
2020-06-14,0.7196,1.576,0.4389,4.5711,5.1302
2020-06-15,0.7132,1.551,0.4511,3.8783,4.555
2020-06-16,0.7062,1.369,0.4242,4.0322,4.1002
2020-06-17,0.6974,1.308,0.394,4.5054,3.9163
2020-06-18,0.6896,1.25,0.3692,3.5754,3.6939
2020-06-19,0.6799,1.186,0.3498,3.3721,3.4109
2020-06-20,0.6666,1.028,0.3226,3.1384,3.0746
2020-06-21,0.6625,0.966,0.3059,3.1796,3.0308
2020-06-22,0.6667,0.952,0.2979,3.3269,3.0758
2020-06-23,0.6672,0.948,0.2867,3.1422,3.1073
2020-06-24,0.6563,0.935,0.2778,2.9957,2.9155
2020-06-25,0.6567,0.913,0.27,2.9709,2.8398
2020-06-26,0.6481,0.862,0.2539,2.9349,2.6991
2020-06-27,0.651,0.814,0.2388,2.919,2.6933
2020-06-28,0.6364,0.774,0.2226,2.5991,2.3965
2020-06-29,0.6279,0.732,0.2039,2.439,2.2657
2020-06-30,0.618,0.67,0.1897,2.2223,2.0944
2020-07-01,0.6056,0.602,0.1731,2.1862,1.8852
2020-07-02,0.6034,0.558,0.159,2.6669,1.8572
2020-07-03,0.6008,0.548,0.1501,2.1632,1.8172
2020-07-04,0.6006,0.552,0.145,2.1513,1.844
2020-07-05,0.5953,0.571,0.1355,2.0239,1.7716
2020-07-06,0.5939,0.55,0.1307,2.0193,1.7072
2020-07-07,0.5916,0.52,0.1246,2.016,1.6772
2020-07-08,0.585,0.501,0.1219,1.9445,1.5731
2020-07-09,0.5775,0.475,0.1151,1.7172,1.4658
2020-07-10,0.5721,0.46,0.1032,1.6059,1.3974
2020-07-11,0.5673,0.449,0.0958,1.5955,1.3159
2020-07-12,0.5647,0.445,0.0894,1.532,1.2875
2020-07-13,0.5709,0.451,0.0879,1.5308,1.3608
2020-07-14,0.5703,0.434,0.0838,1.7418,1.3576
2020-07-15,0.5627,0.416,0.0787,2.1511,1.2837
2020-07-16,0.557,0.39,0.0771,1.7191,1.1795
2020-07-17,0.5498,0.399,0.074,1.5172,1.1375
2020-07-18,0.5446,0.396,0.0691,1.2659,1.0793
2020-07-19,0.5398,0.396,0.0661,1.164,1.0248
2020-07-20,0.5349,0.361,0.0637,1.1515,0.9723
2020-07-21,0.5311,0.347,0.0601,1.143,0.9395
2020-07-22,0.5291,0.345,0.0583,1.0332,0.9093
2020-07-23,0.528,0.338,0.0574,1.0762,0.9232
2020-07-24,0.5313,0.338,0.0572,1.1513,0.9539
2020-07-25,0.541,0.37,0.0566,1.2429,0.9905
2020-07-26,0.5501,0.394,0.0602,1.5952,1.116
2020-07-27,0.552,0.372,0.0586,1.5354,1.1835
2020-07-28,0.5337,0.367,0.0529,1.0719,1.0068
2020-07-29,0.5264,0.361,0.0497,0.987,0.9205
2020-07-30,0.5202,0.352,0.0471,0.9108,0.8602
2020-07-31,0.5148,0.338,0.0453,0.8642,0.8245
2020-08-01,0.5079,0.308,0.0434,0.8951,0.7979
2020-08-02,0.5032,0.311,0.0422,1.0624,0.7668
2020-08-03,0.4998,0.311,0.0414,0.8861,0.7368
2020-08-04,0.4969,0.301,0.0399,0.8766,0.7106
2020-08-05,0.4936,0.29,0.0384,0.8047,0.6777
2020-08-06,0.4907,0.324,0.0366,0.7842,0.6622
2020-08-07,0.4891,0.352,0.0355,0.7874,0.6395
2020-08-08,0.4853,0.343,0.0349,0.8144,0.6138
2020-08-09,0.4817,0.336,0.0333,0.7664,0.6013
2020-08-10,0.4775,0.322,0.0322,0.699,0.5712
2020-08-11,0.4739,0.308,0.031,0.7467,0.5706
2020-08-12,0.4716,0.292,0.03,0.7646,0.55
2020-08-13,0.4696,0.278,0.0294,0.7591,0.546
2020-08-14,0.4666,0.265,0.0283,0.7148,0.5251
2020-08-15,0.4647,0.256,0.0276,0.7356,0.5128
2020-08-16,0.4629,0.248,0.0274,0.7433,0.503
2020-08-17,0.4603,0.259,0.0266,0.757,0.498
2020-08-18,0.4582,0.258,0.0256,0.7808,0.4979
2020-08-19,0.4563,0.246,0.0244,0.6475,0.4738
2020-08-20,0.4556,0.235,0.0238,0.66,0.4661
2020-08-21,0.4518,0.227,0.0238,0.686,0.454
2020-08-22,0.4505,0.223,0.0232,0.6465,0.4473
2020-08-23,0.4508,0.221,0.0229,0.6842,0.4483
2020-08-24,0.4528,0.218,0.023,0.7238,0.4428
2020-08-25,0.4532,0.222,0.0228,0.7987,0.5057
2020-08-26,0.4544,0.227,0.023,0.8313,0.495
2020-08-27,0.4514,0.226,0.0218,0.7195,0.4736
2020-08-28,0.4575,0.221,0.0223,0.6401,0.4757
2020-08-29,0.489,0.229,0.0272,0.7484,0.6437
2020-08-30,0.4861,0.231,0.0247,0.7792,0.6733
2020-08-31,0.4744,0.234,0.0234,0.7699,0.582
2020-09-01,0.4831,0.236,0.0244,0.8189,0.5856
2020-09-02,0.4673,0.221,0.0219,0.7703,0.5281
2020-09-03,0.4585,0.216,0.0209,0.7228,0.4853
2020-09-04,0.4514,0.207,0.0202,0.6893,0.4505
2020-09-05,0.4456,0.205,0.0198,0.6154,0.4342
2020-09-06,0.4403,0.202,0.0189,0.5594,0.4053
2020-09-07,0.4395,0.199,0.0188,0.5667,0.4006
2020-09-08,0.451,0.212,0.0213,0.5534,0.4747
2020-09-09,0.4716,0.222,0.0229,0.6096,0.5491
2020-09-10,0.4736,0.243,0.0228,0.643,0.5794
2020-09-11,0.4713,0.253,0.0233,0.6686,0.5724
2020-09-12,0.4676,0.255,0.0222,0.7002,0.5597
2020-09-13,0.4691,0.252,0.021,0.7161,0.5642
2020-09-14,0.461,0.246,0.0195,0.7779,0.5275
2020-09-15,0.4602,0.243,0.0189,0.7344,0.5124
2020-09-16,0.4569,0.232,0.0188,0.7418,0.5047
2020-09-17,0.4518,0.226,0.0187,0.738,0.4753
2020-09-18,0.4472,0.226,0.0178,0.7416,0.464
2020-09-19,0.4445,0.224,0.0176,0.7612,0.455
2020-09-20,0.4429,0.223,0.0172,0.7297,0.4488
2020-09-21,0.4425,0.218,0.0171,0.6672,0.4436
2020-09-22,0.4452,0.2,0.0173,0.6443,0.4291
2020-09-23,0.4414,0.197,0.0172,0.6581,0.4291
2020-09-24,0.4386,0.191,0.017,0.6691,0.4182
2020-09-25,0.4323,0.192,0.0167,0.6241,0.402
2020-09-26,0.4296,0.197,0.0165,0.5626,0.3874
2020-09-27,0.4282,0.198,0.0162,0.5721,0.3751
2020-09-28,0.4287,0.198,0.0166,0.5512,0.359
2020-09-29,0.4278,0.196,0.0164,0.5614,0.37
2020-09-30,0.4257,0.16,0.0162,0.5707,0.3624
2020-10-01,0.4285,,0.0245,0.5473,0.3594
2020-10-02,0.4283,,0.0167,,0.3487
2020-10-03,0.4271,,0.0168,,0.345
2020-10-04,0.4263,,0.0166,,0.3396
2020-10-05,0.4247,,0.0161,,0.3415
2020-10-06,0.4244,,0.0158,,0.336
2020-10-07,0.4226,,0.0158,,0.3293
2020-10-08,0.4218,,0.0157,,0.3319
2020-10-09,0.421,,0.0153,,0.3429
2020-10-10,0.4196,,0.0152,,0.3081
2020-10-11,0.4221,,0.016,,0.3138
2020-10-12,0.423,,0.0158,,0.3262
2020-10-13,0.4203,,0.0151,,0.3293
2020-10-14,0.4168,,0.0146,,0.3169
2020-10-15,0.4167,,0.0147,,0.2978
2020-10-16,0.4169,,0.0143,,0.2967
2020-10-17,0.4152,,0.0144,,0.2998
2020-10-18,0.414,,0.0143,,0.2963
2020-10-19,0.4134,,0.0139,,0.2969
2020-10-20,0.4133,,0.0136,,0.2942
2020-10-21,0.4125,,0.0139,,0.2866
2020-10-22,0.4109,,0.0136,,0.2867
2020-10-23,0.4104,,0.0134,,0.2828
2020-10-24,0.409,,0.0134,,0.2864
2020-10-25,0.409,,0.0144,,0.297
2020-10-26,0.4081,,0.0144,,0.2041
2020-10-27,0.408,,0.0137,,0.0823
2020-10-28,0.408,,0.0138,,0.2484
2020-10-29,0.408,,0.0132,,0.3199
2020-10-30,0.408,,0.0131,,0.2969
2020-10-31,0.407,,0.0129,,0.2767
2020-11-01,0.407,,0.0127,,0.396
2020-11-02,0.407,,0.0125,,0.38
2020-11-03,0.407,,0.0125,,0.376
2020-11-04,0.4069,,0.0125,,0.379
2020-11-05,0.406,,0.0123,,0.373
2020-11-06,0.406,,0.0121,,0.397
2020-11-07,0.406,,0.0127,,0.473
2020-11-08,0.406,,0.0145,,0.537
2020-11-09,0.4058,,0.0139,,0.587
2020-11-10,0.405,,0.0131,,0.53
2020-11-11,0.405,,0.012,,0.485
2020-11-12,0.405,,0.0131,,0.472
2020-11-13,0.405,,0.0122,,0.442
2020-11-14,0.4047,,0.0131,,0.485
2020-11-15,0.404,,0.013,,0.462
2020-11-16,0.404,,0.0129,,0.485
2020-11-17,0.404,,0.0135,,0.48
2020-11-18,0.404,,0.0136,,0.476
2020-11-19,0.4036,,0.0143,,0.497
2020-11-20,0.403,,0.0145,,0.471
2020-11-21,0.403,,0.0149,,0.492
2020-11-22,0.403,,0.0148,,0.447
2020-11-23,0.403,,0.0147,,0.482
2020-11-24,0.4025,,0.0152,,0.514
2020-11-25,0.402,,0.0144,,0.384
2020-11-26,0.402,,0.0147,,0.398
2020-11-27,0.402,,0.0143,,0.41
2020-11-28,0.402,,0.0137,,0.334
2020-11-29,0.4015,,0.0137,,0.333
2020-11-30,0.401,,0.0124,,0.321
2020-12-01,0.401,,0.0124,,0.351
2020-12-02,0.401,,0.0121,,0.383
2020-12-03,0.401,,0.0117,,0.286
2020-12-04,0.4004,,0.0119,,0.274
2020-12-05,0.4,,0.0119,,0.335
2020-12-06,0.4,,0.012,,0.345
2020-12-07,0.4,,0.0117,,0.324
2020-12-08,0.4,,0.0118,,0.314
2020-12-09,0.3993,,0.0114,,0.301
2020-12-10,0.399,,0.0114,,0.333
2020-12-11,0.399,,0.0119,,0.407
2020-12-12,0.399,,0.0121,,0.399
2020-12-13,0.399,,0.011,,0.347
2020-12-14,0.3982,,0.0118,,0.34
2020-12-15,0.398,,0.0115,,0.403
2020-12-16,0.3973,0.115,0.0113,,0.403
2020-12-17,0.3954,0.1149,0.0112,,0.366
2020-12-18,0.3945,0.1168,0.0116,,0.44
2020-12-19,0.3945,0.111,0.0112,,0.387
2020-12-20,0.3929,0.1103,0.0111,,0.344
2020-12-21,0.3933,0.1099,0.011,,0.38
2020-12-22,0.3937,0.1141,0.0112,0.2878,0.367
2020-12-23,0.3955,0.1099,0.0111,0.2801,0.346
2020-12-24,0.3944,0.1062,0.0108,0.2711,0.231
2020-12-25,0.394,0.1092,0.0107,0.2703,0.228
2020-12-26,0.3918,0.1117,0.011,0.2714,0.308
2020-12-27,0.3918,0.1105,0.011,0.2718,0.392
2020-12-28,0.3918,0.1135,0.0111,0.2725,0.393
2020-12-29,0.3917,0.1131,0.0117,0.2766,0.387
2020-12-30,0.3918,0.1065,0.0108,0.2624,0.287
2020-12-31,0.3923,0.1112,0.011,0.2732,0.296
2021-01-01,0.3919,0.1089,0.0108,0.2659,0.353
2021-01-02,0.3923,0.1068,0.0108,0.2509,0.315
2021-01-03,0.3917,0.1061,0.0106,0.2586,0.32
2021-01-04,0.3904,0.1055,0.0106,0.2612,0.366
2021-01-05,0.39,0.1076,0.0109,0.2657,0.365
2021-01-06,0.3904,0.1035,0.0106,0.2596,0.31
2021-01-07,0.3899,0.1034,0.0105,0.2574,0.256
2021-01-08,0.3896,0.1028,0.01,0.2466,0.267
2021-01-09,0.3895,0.1045,0.0101,0.2513,0.304
2021-01-10,0.3889,0.1007,0.0098,0.2333,0.261
2021-01-11,0.389,0.0966,0.0097,0.2296,0.213
2021-01-12,0.3888,0.098,0.0097,0.2245,0.211
2021-01-13,0.3874,0.1016,0.0099,0.2295,0.277
2021-01-14,0.3877,0.1002,0.01,0.2258,0.337
2021-01-15,0.3865,0.0972,0.0099,0.2286,0.277
2021-01-16,0.3851,0.098,0.0097,0.2441,0.309
2021-01-17,0.3843,0.0981,0.0096,0.2447,0.318
2021-01-18,0.3847,0.0997,0.0099,0.2461,0.305
2021-01-19,0.386,0.0964,0.0098,0.2402,0.289
2021-01-20,0.3849,0.097,0.0099,0.2406,0.277
2021-01-21,0.3842,0.0993,0.0099,0.2423,0.281
2021-01-22,0.3844,0.0997,0.01,0.2442,0.277
2021-01-23,0.3845,0.1019,0.0103,0.2493,0.268
2021-01-24,0.3848,0.1024,0.01,0.2495,0.234
2021-01-25,0.3852,0.1017,0.0097,0.2468,0.247
2021-01-26,0.3857,0.1032,0.01,0.2332,0.248
2021-01-27,0.3841,0.0962,0.0095,0.2114,0.294
2021-01-28,0.3843,0.0977,0.0096,0.2386,0.297
2021-01-29,0.3834,0.0999,0.0094,0.2406,0.244
2021-01-30,0.3838,0.0977,0.0093,0.2358,0.273
2021-01-31,0.3831,0.0904,0.0094,0.2213,0.19
2021-02-01,0.3831,0.0938,0.0091,0.2328,0.195
2021-02-02,0.3833,0.095,0.0091,0.2395,0.247
2021-02-03,0.381,0.0968,0.0128,0.2378,0.27
2021-02-04,0.3826,0.0973,0.0094,0.227,0.235
2021-02-05,0.3827,0.0994,0.0098,0.2375,0.224
2021-02-06,0.3808,0.0973,0.0098,0.2395,0.272
2021-02-07,0.382,0.0978,0.0097,0.2301,0.233
2021-02-08,0.3819,0.0952,0.0097,0.239,0.23
2021-02-09,0.3811,0.0943,0.0096,0.2393,0.262
2021-02-10,0.381,0.0947,0.0098,0.2418,0.265
2021-02-11,0.3804,0.0933,0.0097,0.2416,0.261
2021-02-12,0.3802,0.0966,0.0106,0.2466,0.263
2021-02-13,0.3794,0.0788,0.0153,0.2088,0.268
2021-02-14,0.3792,0.0955,0.0153,0.2345,0.255
2021-02-15,0.3787,0.1028,0.015,0.2382,0.245
2021-02-16,0.3798,0.1033,0.014,0.2412,0.255
2021-02-17,0.3791,0.0956,0.013,0.2436,0.253
2021-02-18,0.3794,0.0904,0.0117,0.2417,0.244
2021-02-19,0.3792,0.0895,0.0111,0.2378,0.233
2021-02-20,0.3798,0.093,0.0118,0.2461,0.255
2021-02-21,0.3787,0.0883,0.0105,0.2447,0.254
2021-02-22,0.3781,0.087,0.01,0.2363,0.246
2021-02-23,0.3785,0.0895,0.0097,0.2404,0.248
2021-02-24,0.3772,0.0886,0.0097,0.2538,0.25
2021-02-25,0.3782,0.088,0.0095,0.2262,0.25
2021-02-26,0.3785,0.0889,0.0093,0.2252,0.245
2021-02-27,0.3784,0.0892,0.0094,0.2264,0.24
2021-02-28,0.3767,0.0808,0.0091,0.2209,0.208
2021-03-01,0.3781,0.0817,0.0099,0.2401,0.204
2021-03-02,0.3784,0.0846,0.0093,0.2753,0.217
2021-03-03,0.3781,0.0848,0.0093,0.2857,0.217
2021-03-04,0.3773,0.0847,0.0095,0.2798,0.229
2021-03-05,0.3767,0.0813,0.009,0.2398,0.235
2021-03-06,0.3773,0.0834,0.0094,0.2364,0.224
2021-03-07,0.3784,0.0827,0.0094,0.2339,0.237
2021-03-08,0.3784,0.0838,0.01,0.2403,0.254
2021-03-09,0.3778,0.0851,0.0099,0.2413,0.238
2021-03-10,0.3781,0.0859,0.0098,0.2415,0.251
2021-03-11,0.3786,0.0831,0.01,0.2359,0.225
2021-03-12,0.3784,0.0827,0.0124,0.23,0.233
2021-03-13,0.3783,0.0843,0.0116,0.2325,0.244
2021-03-14,0.3786,0.0851,0.0102,0.2515,0.253
2021-03-15,0.378,0.0837,0.0099,0.2485,0.249
2021-03-16,0.3774,0.0829,0.0098,0.2484,0.25
2021-03-17,0.3772,0.0814,0.0095,0.2382,0.231
2021-03-18,0.3778,0.0808,0.009,0.2325,0.237
2021-03-19,0.379,0.0855,0.0098,0.2512,0.263
2021-03-20,0.3788,0.089,0.0111,0.2757,0.274
2021-03-21,0.3782,0.0878,0.011,0.263,0.295
2021-03-22,0.3777,0.0876,0.0108,0.261,0.287
2021-03-23,0.3781,0.0873,0.0108,0.2585,0.294
2021-03-24,0.3781,0.0865,0.0103,0.2562,0.302
2021-03-25,0.3779,0.0864,0.0103,0.2557,0.31
2021-03-26,0.3779,0.0853,0.0102,0.2545,0.317
2021-03-27,0.3777,0.0819,0.0102,0.2485,0.325
2021-03-28,0.3784,0.0817,0.01,0.2482,0.333
2021-03-29,0.3794,0.0895,0.0107,0.2712,0.34
2021-03-30,0.3791,0.0888,0.0117,0.2758,0.348
2021-03-31,0.3783,0.0829,0.0111,0.2532,0.356
2021-04-01,0.3814,0.0878,0.0112,0.2633,0.364
2021-04-02,0.3904,0.0997,0.0138,0.3151,0.371
2021-04-03,0.4029,0.1207,0.0229,0.3841,0.468
2021-04-04,0.4078,0.1525,0.036,0.4598,0.593
2021-04-05,0.4171,0.1829,0.0432,0.5335,0.664
2021-04-06,0.4313,0.1905,0.047,0.6089,0.972
2021-04-07,0.4341,0.1665,0.0392,0.6335,1.01
2021-04-08,0.4419,0.1795,0.0471,0.63,1.107
2021-04-09,0.4458,0.1902,0.0588,0.6475,1.184
2021-04-10,0.4489,0.1927,0.0638,0.6697,1.158
2021-04-11,0.458,0.2129,0.0782,0.7348,1.344
2021-04-12,0.4651,0.2257,0.0877,0.7831,1.4955
2021-04-13,0.4663,0.2199,0.0814,0.7636,1.23
2021-04-14,0.4616,0.2021,0.0631,0.6978,1.1215
2021-04-15,0.4581,0.1897,0.0552,0.6704,1.0498
2021-04-16,0.4554,0.1812,0.0504,0.6498,0.9893
2021-04-17,0.4567,0.1842,0.0511,0.6685,1.0398
2021-04-18,0.461,0.1824,0.0506,0.6674,1.014
2021-04-19,0.463,0.1857,0.0539,0.6987,1.0504
2021-04-20,0.4649,0.1849,0.0553,0.6936,1.0353
2021-04-21,0.4617,0.1822,0.0525,0.673,0.982
2021-04-22,0.458,0.1762,0.0482,0.6563,0.9227
2021-04-23,0.4551,0.1662,0.0441,0.6179,0.8903
2021-04-24,0.4533,0.161,0.0405,0.5981,0.8694
2021-04-25,0.457,0.1857,0.0464,0.7227,1.0178
2021-04-26,0.4654,0.2101,0.0585,0.8154,1.1528
2021-04-27,0.4668,0.2017,0.0558,0.7753,1.103
2021-04-28,0.4666,0.1896,0.0522,0.7603,1.0573
2021-04-29,0.4831,0.214,0.0764,1.025,1.2906
2021-04-30,0.5239,0.3281,0.1372,1.6941,1.9123
2021-05-01,0.5632,0.5379,0.1675,2.3517,2.6185
2021-05-02,0.5795,0.6639,0.1718,2.6776,2.9124
2021-05-03,0.578,0.6079,0.1568,2.3916,2.753
2021-05-04,0.5621,0.4676,0.1249,1.8354,2.1973
2021-05-05,0.5545,0.4009,0.1106,1.6949,1.9746
2021-05-06,0.5692,0.4459,0.1282,1.9854,1.92
2021-05-07,0.5984,0.6205,0.1605,2.4807,2.0276
2021-05-08,0.6119,0.7035,0.1669,2.6241,2.2154
2021-05-09,0.6017,0.5455,0.1501,2.2807,2.706
2021-05-10,0.5925,0.4811,0.1402,2.055,2.9133
2021-05-11,0.5804,0.4245,0.1273,1.7923,2.5472
2021-05-12,0.5733,0.3983,0.1142,1.662,2.3253
2021-05-13,0.575,0.427,0.1163,1.7728,2.0644
2021-05-14,0.588,0.5236,0.1349,2.1105,1.8808
2021-05-15,0.6083,0.6888,0.1648,2.5179,1.9274
2021-05-16,0.6363,0.8542,0.1986,2.8734,2.1787
2021-05-17,0.6483,0.8668,0.221,3.0442,2.5831
2021-05-18,0.639,0.7122,0.2098,,2.9793
2021-05-19,0.6555,0.8973,0.2276,,3.2099
2021-05-20,0.6926,1.1783,0.2804,,2.8689
2021-05-21,0.7091,1.0705,0.2816,,3.0272
2021-05-22,0.7057,0.8792,0.2852,,3.79
2021-05-23,0.7137,0.9676,0.3036,,3.7444
2021-05-24,0.7052,0.9486,0.2835,,3.364
2021-05-25,0.714,1.1213,0.2911,,3.6394
2021-05-26,0.7201,1.1464,0.2982,,3.3504
2021-05-27,0.7183,1.0849,0.3027,,3.7078
2021-05-28,0.7271,1.3286,0.3308,4.5412,3.8733
2021-05-29,0.7302,1.4355,0.3533,4.5882,3.6335
2021-05-30,0.7217,1.3724,0.3664,4.6441,4.3817
2021-05-31,0.7091,1.307,0.348,4.2214,4.7101
2021-06-01,0.712,1.3516,0.3398,4.315,4.511
2021-06-02,0.7252,1.4216,0.3808,4.5644,3.9123
2021-06-03,0.7408,1.4614,0.4344,4.731,3.9623
2021-06-04,0.7579,1.5482,0.5218,4.5963,4.4378
2021-06-05,0.7426,1.4955,0.5908,4.5512,5.1902
2021-06-06,0.7339,1.4735,0.5928,4.3465,6.4098
2021-06-07,0.735,1.4545,0.5827,4.2022,7.3015
2021-06-08,0.731,1.4302,0.5395,4.1227,6.6488
2021-06-09,0.7198,1.4164,0.489,4.1917,6.3337
2021-06-10,0.7079,1.3795,0.4334,4.1965,5.899
2021-06-11,0.7041,1.4072,0.3989,4.3871,5.2621
2021-06-12,0.6994,1.4656,0.3753,4.4267,4.6792
2021-06-13,0.6961,1.4419,0.3582,4.3428,4.3963
2021-06-14,0.6911,1.4358,0.3411,4.1839,4.1417
2021-06-15,0.687,1.4216,0.3253,4.0243,3.9754
2021-06-16,0.6934,1.4083,0.3099,4.0034,3.7867
2021-06-17,0.6739,1.3925,0.3021,3.7098,3.5935
2021-06-18,0.6645,1.3661,0.2941,3.4523,3.5525
2021-06-19,0.6556,1.3388,0.2746,3.2097,3.2711
2021-06-20,0.645,1.263,0.255,2.974,3.0447
2021-06-21,0.6377,1.2291,0.236,2.8024,2.8676
2021-06-22,0.6268,1.1608,0.2195,2.6241,2.571
2021-06-23,0.6113,1.0288,0.1996,2.3802,2.4009
2021-06-24,0.636,1.1721,0.2017,2.6937,2.2365
2021-06-25,0.6368,1.2637,0.1847,2.5874,2.035
2021-06-26,0.614,1.0587,0.1693,2.1541,2.3378
2021-06-27,0.606,1.0118,0.155,2.0277,2.4721
2021-06-28,0.6032,0.9267,0.1487,1.9177,1.9485
2021-06-29,0.5958,0.8567,0.1417,1.8198,1.8113
2021-06-30,0.6041,1.0438,0.1367,2.0059,1.716
2021-07-01,0.6064,1.0636,0.1289,1.9772,1.5812
2021-07-02,0.5998,0.9128,0.1245,1.769,1.7378
2021-07-03,0.5957,0.8875,0.1152,1.6484,1.7827
2021-07-04,0.5883,0.8337,0.1065,1.5428,1.5902
2021-07-05,0.5935,0.8732,0.1131,1.5897,1.5108
2021-07-06,0.6024,1.0375,0.1031,1.7737,1.428
2021-07-07,0.5832,0.8304,0.0919,1.4581,1.4068
2021-07-08,0.5708,0.7455,0.085,1.304,1.6941
2021-07-09,0.5632,0.6978,0.0803,1.1793,1.3841
2021-07-10,0.5565,0.6532,0.0751,1.0896,1.2415
2021-07-11,0.5515,0.6086,0.0721,1.0186,1.1462
2021-07-12,0.5438,0.5847,0.0674,0.9459,1.06
2021-07-13,0.546,0.5883,0.0699,0.9553,0.9805
2021-07-14,0.5605,0.6846,0.0733,1.1753,0.9151
2021-07-15,0.547,0.6231,0.0664,1.016,0.8927
2021-07-16,0.5369,0.5666,0.0626,0.8948,1.1148
2021-07-17,0.5379,0.5437,0.0633,0.8824,1.0502
2021-07-18,0.532,0.5236,0.0597,0.8508,0.936
2021-07-19,0.5252,0.5067,0.0566,0.7991,0.8963
2021-07-20,0.5295,0.6553,0.0592,0.9559,0.8792
2021-07-21,0.5595,1.0028,0.0574,1.3772,0.7926
2021-07-22,0.5887,1.1033,0.0582,1.8459,0.7778
2021-07-23,0.6008,1.2324,0.0569,0.9065,1.3317
2021-07-24,0.5651,0.8458,0.0517,0.0,1.6554
2021-07-25,0.5484,0.6859,0.0535,0.0,1.9829
2021-07-26,0.5437,0.658,0.054,0.0,1.372
2021-07-27,0.5362,0.6136,0.0511,0.0,1.1721
2021-07-28,0.5301,0.59,0.049,0.0,1.1577
2021-07-29,0.5365,0.5648,0.0503,0.0,1.0863
2021-07-30,0.5658,0.5356,0.0597,0.0,1.0016
2021-07-31,0.5912,0.6096,0.0667,0.7572,0.9965
2021-08-01,0.5945,0.736,0.0631,1.645,1.0126
2021-08-02,0.5749,0.6917,0.0577,1.4452,1.2655
2021-08-03,0.5786,0.7163,0.0558,1.3957,1.5151
2021-08-04,0.574,0.7532,0.0518,1.395,1.344
2021-08-05,0.5592,0.6256,0.0493,1.1385,1.2156
2021-08-06,0.55,0.5641,0.0471,1.0129,1.2789
2021-08-07,0.5414,0.5267,0.0454,0.9253,1.0567
2021-08-08,0.5341,0.497,0.0443,0.8784,0.9313
2021-08-09,0.527,0.4737,0.0421,0.8333,0.8421
2021-08-10,0.5207,0.447,0.041,0.7946,0.7562
2021-08-11,0.5146,0.429,0.0401,0.7694,0.6839
2021-08-12,0.5117,0.4135,0.0395,0.7408,0.6258
2021-08-13,0.5066,0.401,0.0378,0.7219,0.5769
2021-08-14,0.5036,0.3867,0.037,0.7122,0.5385
2021-08-15,0.5024,0.3755,0.0365,0.7096,0.5099
2021-08-16,0.5093,0.379,0.0375,0.7202,0.4899
2021-08-17,0.5032,0.3661,0.0367,0.7111,0.4589
2021-08-18,0.5017,0.3597,0.0355,0.7007,0.475
2021-08-19,0.5547,0.4566,0.0546,0.8709,0.4685
2021-08-20,0.5511,0.4745,0.0489,0.8587,0.4464
2021-08-21,0.5258,0.4071,0.0411,0.7045,0.7133
2021-08-22,0.5186,0.3806,0.0374,0.6656,0.8332
2021-08-23,0.5211,0.3569,0.0356,0.6495,0.6642
2021-08-24,0.523,0.3377,0.0342,0.627,0.5764
2021-08-25,0.5267,0.3218,0.0335,0.6123,0.5226
2021-08-26,0.5296,0.3193,0.0349,0.6216,0.4746
2021-08-27,0.527,0.32,0.0332,0.6249,0.4428
2021-08-28,0.5214,0.3028,0.0331,0.5959,0.4312
2021-08-29,0.5174,0.2946,0.0301,0.5723,0.4291
2021-08-30,0.5149,0.2921,0.0292,0.5649,0.3751
2021-08-31,0.5123,0.2844,0.0286,0.5603,0.3472
2021-09-01,0.5241,0.3041,0.0289,0.586,0.3937
2021-09-02,0.5679,0.4095,,0.7528,0.722
2021-09-03,0.5384,0.365,,0.6527,0.6525
2021-09-04,0.5262,0.3323,,0.6086,0.5856
2021-09-05,0.5206,0.3168,,0.5863,0.5491
2021-09-06,0.5171,0.3033,,0.5684,0.5276
2021-09-07,0.5131,0.293,,0.5525,0.5128
2021-09-08,0.513,0.2844,,0.5363,0.4971
2021-09-09,0.5116,0.2796,,0.5284,0.4805
2021-09-10,0.5053,0.2726,,0.5157,0.4713
2021-09-11,0.5006,0.2674,,0.5153,0.4705
2021-09-12,0.4999,0.2612,,0.5082,0.4599
2021-09-13,0.5012,0.2563,,0.504,0.4612
2021-09-14,0.5024,0.2524,,0.5038,0.4624
2021-09-15,0.5015,0.2523,,0.5018,0.4738
2021-09-16,0.4972,0.2493,,0.4993,0.4685
2021-09-17,0.4967,0.2452,,0.4932,0.4659
2021-09-18,0.4998,0.2429,,0.4925,0.4658
2021-09-19,0.5141,0.2597,,0.5253,0.5366
2021-09-20,0.5294,0.271,,0.5642,0.6055
2021-09-21,0.5113,0.2489,0.0222,0.5237,0.531
2021-09-22,0.5084,0.2416,0.0223,0.5083,0.5045
2021-09-23,0.5095,0.2418,0.0216,0.4983,0.4986
2021-09-24,0.5087,0.2358,0.0212,0.488,0.4779
2021-09-25,0.5075,0.2299,0.0203,0.4822,0.462
2021-09-26,0.5076,0.2268,0.0199,0.4839,0.4528
2021-09-27,0.5067,0.2264,0.0202,0.4785,0.4512
2021-09-28,0.5185,0.2464,,0.5082,0.4693
2021-09-29,0.5531,0.2749,,0.6361,0.721
2021-09-30,0.5395,0.259,0.0244,0.5854,0.2831
2021-10-01,0.6251,0.2544,0.0241,0.5917,0.2494
2021-10-02,0.6092,0.2664,,0.5744,0.2682
2021-10-03,0.5848,0.2654,,0.5424,0.2328
2021-10-04,0.5641,0.2644,,0.5295,0.2181
2021-10-05,0.5512,0.2634,,0.5224,0.2145
2021-10-06,0.5511,0.2624,,0.5147,0.2077
2021-10-07,0.545,0.2614,,0.514,0.2123
2021-10-08,0.5506,0.2604,,0.5132,0.2137
2021-10-09,0.6701,0.2594,,0.6603,0.4517
2021-10-10,0.6049,0.2584,,0.5863,0.3472
2021-10-11,0.5703,0.2575,,0.547,0.292
2021-10-12,0.5694,0.2565,,0.5323,0.2867
2021-10-13,0.5602,0.2555,,0.5244,0.2905
2021-10-14,0.5496,0.2545,,0.5201,0.2826
2021-10-15,0.6747,0.2536,,0.5174,0.2783
2021-10-16,0.729,0.2526,,0.5321,0.2771
2021-10-17,0.5549,0.2516,,0.5306,0.3001
2021-10-18,0.5456,0.2507,,0.5312,0.2963
2021-10-19,0.5516,0.2497,,0.5326,0.2919
2021-10-20,0.5974,0.2488,,0.502,0.2638
2021-10-21,0.596,0.2478,,0.4901,0.2654
2021-10-22,0.5517,0.2469,,0.4827,0.2605
2021-10-23,0.5167,0.246,,0.4882,0.254
2021-10-24,0.5361,0.245,,0.5083,0.2943
2021-10-25,0.5299,0.2441,,0.5049,0.2887
2021-10-26,0.5399,0.2432,,0.5171,0.3322
2021-10-27,0.5751,0.2422,,0.5106,0.2967
2021-10-28,0.5424,0.2413,,0.5069,0.651
2021-10-29,0.5685,0.2404,,0.5032,0.645
2021-10-30,0.5378,0.2395,,0.4978,0.632
2021-10-31,0.524,0.2386,,0.4982,0.613
2021-11-01,0.5318,0.2377,,0.5117,0.613
2021-11-02,0.5353,0.2368,,0.5153,0.619
2021-11-03,0.5308,0.2359,,0.5112,0.651
2021-11-04,0.5986,0.235,,0.4962,0.593
2021-11-05,0.5689,0.2341,,0.491,0.579
2021-11-06,0.5965,0.2332,,0.479,0.563
2021-11-07,0.519,0.2323,,0.4746,0.562
2021-11-08,0.5078,0.2314,,0.4758,0.553
2021-11-09,0.501,0.2305,,0.4722,0.539
2021-11-10,0.5134,0.2278,,0.4881,0.582
2021-11-11,0.5753,0.2153,,0.4835,0.557
2021-11-12,0.5394,0.211,,0.48,0.53
2021-11-13,0.5552,0.2111,,0.4776,0.584
2021-11-14,0.5328,0.2091,,0.4764,0.575
2021-11-15,0.508,0.2105,,0.472,0.585
2021-11-16,0.5039,0.2096,,0.4651,0.577
2021-11-17,0.5333,0.2078,,0.4613,0.539
2021-11-18,0.9106,0.661,,,0.443
2021-11-19,0.7742,0.5067,,,0.417
2021-11-20,0.5811,0.2048,,,0.534
2021-11-21,0.6711,0.3885,,,0.455
2021-11-22,0.5678,1.8336,,,0.371
2021-11-23,0.5493,2.928,,,0.366
2021-11-24,0.5505,0.211,,,0.484
2021-11-25,0.6267,1.5565,,,0.31
2021-11-26,0.8033,3.0297,,,0.346
2021-11-27,0.699,1.7346,,,0.376
2021-11-28,0.6255,0.2037,,,0.379
2021-11-29,0.572,0.1896,,,0.381
2021-11-30,0.4575,0.1883,,,0.376
2021-12-01,0.4505,0.1871,,,0.367
2021-12-02,0.4462,0.1869,,,0.358
2021-12-03,0.4451,0.1862,,,0.348
2021-12-04,0.4435,0.186,,,0.346
2021-12-05,0.4406,0.1851,,,0.329
2021-12-06,0.598,0.1929,,,0.315
2021-12-07,0.4488,0.1858,,,0.389
2021-12-08,0.6651,0.2093,,,0.307
2021-12-09,0.4678,0.198,,,0.383
2021-12-10,0.4707,0.2071,,,0.345
2021-12-11,0.4644,0.2143,,,0.263
2021-12-12,0.459,0.2329,,,0.288
2021-12-13,0.4443,0.2251,,,0.331
2021-12-14,0.4356,0.2048,,,0.373
2021-12-15,0.4451,0.1804,,,0.368
2021-12-16,0.4394,0.1764,,,0.343
2021-12-17,0.4413,0.1754,,,0.357
2021-12-18,0.4397,0.1685,,,0.255
2021-12-19,0.4388,0.1689,,,0.25
2021-12-20,0.4383,0.1692,,,0.299
2021-12-21,0.4354,0.1678,,,0.334
2021-12-22,0.4317,0.1686,,,0.315
2021-12-23,0.4281,0.1743,,,0.371
2021-12-24,0.4217,0.2239,,,0.545
2021-12-25,0.4441,0.2187,,,0.476
2021-12-26,0.4301,0.1858,,,0.402
2021-12-27,0.4421,0.1831,,,0.371
2021-12-28,0.4439,0.1731,,,0.348
2021-12-29,0.4422,0.179,,,0.338
2021-12-30,0.4335,0.1767,,,0.354
2021-12-31,0.43,0.1833,,,0.348
2022-01-01,0.4486,0.1727,,,0.315
2022-01-02,0.4375,0.1676,,,0.253
2022-01-03,0.4289,0.168,,,0.288
2022-01-04,0.4306,0.1671,,,0.369
2022-01-05,0.4297,0.1692,,,0.379
2022-01-06,0.4197,0.1677,,,0.394
2022-01-07,0.431,0.1645,,,0.391
2022-01-08,0.4311,0.1639,,,0.402
2022-01-09,0.4303,0.1612,,,0.342
2022-01-10,0.4269,0.1611,,,0.281
2022-01-11,0.4247,0.1594,,,0.308
2022-01-12,0.4237,0.1583,,,0.327
2022-01-13,0.4185,0.1584,,,0.351
2022-01-14,0.424,0.159,,0.4135,0.391
2022-01-15,0.4209,0.1571,,0.4219,0.373
2022-01-16,0.4183,0.1571,,0.4151,0.328
2022-01-17,0.4174,0.1564,,0.409,0.35
2022-01-18,0.4173,0.1565,,0.4088,0.363
2022-01-19,0.4187,0.1554,,0.4126,0.372
2022-01-20,0.4174,0.1541,,0.412,0.362
2022-01-21,0.416,0.1543,,0.4081,0.369
2022-01-22,0.4183,0.1525,,0.411,0.36
2022-01-23,0.4143,0.1528,,0.4058,0.323
2022-01-24,0.4118,0.1523,,0.4035,0.317
2022-01-25,0.4152,0.1505,,0.4064,0.373
2022-01-26,0.4146,0.1497,,0.4106,0.323
2022-01-27,0.4176,0.1497,,0.4142,0.312
2022-01-28,0.415,0.1484,,0.4153,0.262
2022-01-29,0.411,0.1497,,0.4044,0.262
2022-01-30,0.4098,0.1482,,0.3994,0.294
2022-01-31,0.4056,0.1474,,0.3973,0.31
2022-02-01,0.4068,0.1484,,0.3969,0.331
2022-02-02,0.4109,0.1469,,0.4025,0.339
2022-02-03,0.4128,0.1443,,0.4136,0.27
2022-02-04,0.4122,0.1445,,0.4123,0.251
2022-02-05,0.4074,0.1464,,0.3983,0.283
2022-02-06,0.4092,0.1437,,0.3998,0.321
2022-02-07,0.4055,0.1429,,0.4043,0.304
2022-02-08,0.4054,0.1418,,0.399,0.3
2022-02-09,0.4024,0.1405,,0.3929,0.314
2022-02-10,0.4012,0.1407,,0.4036,0.305
2022-02-11,0.4073,0.1412,,0.4042,0.285
2022-02-12,0.4053,0.1386,,0.4133,0.273
2022-02-13,0.4,0.1386,,0.4083,0.265
2022-02-14,0.3976,0.1397,,0.4012,0.272
2022-02-15,0.3953,0.1409,,0.3929,0.281
2022-02-16,0.3965,0.1399,,0.3986,0.273
2022-02-17,0.4015,0.1393,,0.4117,0.271
2022-02-18,0.4001,0.1383,,0.4117,0.262
2022-02-19,0.3977,0.1381,,0.4027,0.258
2022-02-20,0.394,0.1376,,0.3944,0.265
2022-02-21,0.3939,0.1384,,0.3933,0.271
2022-02-22,0.3869,0.138,,0.4041,0.264
2022-02-23,0.3928,0.139,,0.4005,0.266
2022-02-24,0.4024,0.1492,,0.4135,0.265
2022-02-25,0.4015,0.1442,,0.4153,0.252
2022-02-26,0.3993,0.1425,,0.4183,0.24
2022-02-27,0.3967,0.1438,,0.4124,0.245
2022-02-28,0.395,0.1402,,0.4059,0.249
2022-03-01,0.394,0.1397,,0.4002,0.253
2022-03-02,0.3974,0.1426,,0.399,0.262
2022-03-03,0.3959,0.1454,,0.3939,0.245
2022-03-04,0.3949,0.1467,,0.3922,0.277
2022-03-05,0.3974,0.1453,,0.4,0.292
2022-03-06,0.4015,0.1442,,0.4049,0.31
2022-03-07,0.4008,0.1424,,0.41,0.278
2022-03-08,0.3994,0.1578,,0.4038,0.24
2022-03-09,0.3998,0.1464,,0.3989,0.278
2022-03-10,0.405,0.141,,0.4094,0.271
2022-03-11,0.405,0.1422,,0.4156,0.242
2022-03-12,0.3983,0.1475,,0.4035,0.254
2022-03-13,0.396,0.1452,,0.3955,0.27
2022-03-14,0.4015,0.1435,,0.407,0.288
2022-03-15,0.3941,0.144,,0.3988,0.249
2022-03-16,0.392,0.1438,,0.3935,0.281
2022-03-17,0.3982,0.1426,,0.404,0.317
2022-03-18,0.3938,0.1414,,0.3865,0.249
2022-03-19,0.3901,0.142,,0.3929,0.267
2022-03-20,0.3895,0.1416,,0.3926,0.31
2022-03-21,0.3942,0.1411,,0.3989,0.325
2022-03-22,0.3958,0.1395,,0.4035,0.254
2022-03-23,0.3934,0.1391,,0.4036,0.278
2022-03-24,0.3935,0.1416,,0.3994,0.296
2022-03-25,0.3997,0.1469,,0.3965,0.354
2022-03-26,0.424,0.1583,,0.3921,0.423
2022-03-27,0.4279,0.1775,,0.4088,0.507
2022-03-28,0.438,0.2,,0.4458,0.6
2022-03-29,0.4497,0.2076,,0.5025,0.773
2022-03-30,0.4624,0.2663,,0.5057,0.792
2022-03-31,0.4524,0.3021,,0.4844,0.677
2022-04-01,0.4581,0.4036,,0.4658,0.76
2022-04-02,0.4503,0.5851,,0.4562,0.722
2022-04-03,0.4502,0.4238,,0.4613,0.811
2022-04-04,0.4505,0.2978,,0.4565,0.773
2022-04-05,0.4533,0.2371,,0.4572,0.85
2022-04-06,0.4537,0.5899,,0.4486,0.702
2022-04-07,0.449,0.954,,0.4475,0.67
2022-04-08,0.4505,0.7366,,0.4649,0.728
2022-04-09,0.4558,0.3144,,0.5104,0.921
2022-04-10,0.4697,0.212,,0.5441,1.107
2022-04-11,0.4588,0.2091,,0.5256,1.062
2022-04-12,0.4674,0.2092,,0.5201,1.049
2022-04-13,0.4632,0.2002,,0.4894,0.888
2022-04-14,0.4585,0.1947,,0.4806,0.811
2022-04-15,0.4546,0.1915,,0.4786,0.811
2022-04-16,0.4501,0.1856,,0.469,0.799
2022-04-17,0.4523,0.1833,,0.4678,0.856
2022-04-18,0.4658,0.1958,,0.4806,0.991
2022-04-19,0.51,0.2501,,0.5562,1.524
2022-04-20,0.59,0.3417,,0.8847,2.48
2022-04-21,0.683,0.4853,,1.0213,4.1318
2022-04-22,0.7566,0.6021,,1.2579,2.6875
2022-04-23,0.7497,0.5244,,1.0915,1.6372
2022-04-24,0.711,0.435,,0.9268,1.2382
2022-04-25,0.6872,0.3845,,0.8405,1.0046
2022-04-26,0.6645,0.3689,,0.8156,1.0038
2022-04-27,0.6625,0.3702,,0.8326,1.0354
2022-04-28,0.6704,0.3758,,0.8947,1.1806
2022-04-29,0.7036,0.4,,0.9891,1.3815
2022-04-30,0.7402,0.4203,,1.1112,1.6093
2022-05-01,0.7928,0.4731,,1.2802,1.9215
2022-05-02,0.7997,0.4788,,1.2867,1.9255
2022-05-03,0.7839,0.4723,,1.2372,1.8509
2022-05-04,0.7931,0.4632,,1.2682,1.8627
2022-05-05,0.8347,0.5135,,1.4424,2.2309
2022-05-06,0.9739,0.7772,,1.9296,3.3455
2022-05-07,1.1643,1.2302,,2.5404,4.7758
2022-05-08,1.3145,1.4335,,2.9194,6.0537
2022-05-09,1.4262,1.5063,,3.0418,6.5048
2022-05-10,1.5039,1.5434,,3.1622,6.6652
2022-05-11,1.6474,1.6035,,3.4608,7.6069
2022-05-12,1.6851,1.5782,,3.5025,7.8195
2022-05-13,1.66,1.5562,,3.1919,7.1681
2022-05-14,1.6384,1.6744,,3.2331,7.4996
2022-05-15,1.683,1.8213,,3.8653,9.3487
2022-05-16,1.8705,1.9642,,4.1417,9.9784
2022-05-17,1.8104,1.8591,,4.1488,9.516
2022-05-18,1.9956,1.9318,,4.4662,10.726
2022-05-19,2.3662,1.9248,,4.657,11.6298
2022-05-20,2.2053,1.8254,,4.3125,10.6119
2022-05-21,1.6681,1.6556,,3.4447,7.22
2022-05-22,1.2983,1.5122,,2.7567,5.2345
2022-05-23,1.1138,1.3836,,2.5003,4.4611
2022-05-24,1.0806,1.3641,,2.5995,4.6569
2022-05-25,1.1232,1.4149,,2.4684,4.2528
2022-05-26,1.3016,1.621,,2.816,4.9716
2022-05-27,1.7289,1.6683,,3.5226,6.8996
2022-05-28,1.9475,1.771,,3.7712,8.0963
2022-05-29,1.7051,1.6631,,3.4591,7.0729
2022-05-30,1.4278,1.6487,,3.0117,5.5906
2022-05-31,1.271,1.3746,,2.5659,4.275
2022-06-01,1.1372,1.3483,,2.4511,3.8118
2022-06-02,1.2122,1.5542,,2.6733,4.3087
2022-06-03,1.3435,1.7505,,3.0233,5.1613
2022-06-04,1.5248,1.6561,,3.3176,5.9666
2022-06-05,1.6141,1.6706,,3.448,6.4887
2022-06-06,1.7369,1.7274,,3.6692,6.9673
2022-06-07,2.2426,2.0341,,4.0153,8.1968
2022-06-08,1.8408,1.8391,,4.0009,8.2863
2022-06-09,1.7162,1.8281,,3.8469,7.986
2022-06-10,1.591,2.0638,1.0835,3.8324,8.0649
2022-06-11,1.2769,1.9885,1.0034,3.8867,8.2851
2022-06-12,1.3226,1.8417,1.0103,3.8624,8.1865
2022-06-13,1.2042,1.8087,0.9209,3.5387,7.2691
2022-06-14,1.0528,1.7634,0.8461,3.2008,6.1024
2022-06-15,0.9128,1.6909,0.7849,2.8614,4.9954
2022-06-16,0.8425,1.6827,0.6566,2.6963,4.4868
2022-06-17,0.8408,1.6804,0.5859,2.7088,4.3961
2022-06-18,0.9185,1.7081,0.5877,2.831,4.7253
2022-06-19,0.9455,1.8255,0.6226,3.1072,5.6952
2022-06-20,0.7903,1.6732,0.5757,2.6266,4.2657
2022-06-21,0.7122,1.5786,0.5085,2.3948,3.6336
2022-06-22,0.6459,1.4004,0.4328,2.1854,3.215
2022-06-23,0.5966,1.3494,0.3915,2.0659,2.8713
2022-06-24,0.5731,1.2908,0.3567,1.986,2.7386
2022-06-25,0.5702,1.2633,0.3401,1.9321,2.5796
2022-06-26,0.6438,1.4004,0.3376,2.1024,2.8827
2022-06-27,0.5905,1.4166,0.3156,2.0094,2.7817
2022-06-28,0.5466,1.2351,0.3026,1.8406,2.4825
2022-06-29,0.5286,1.2372,0.2901,1.7749,2.3036
2022-06-30,0.5556,1.263,0.2732,1.8192,2.4397
2022-07-01,0.515,1.1701,0.2567,1.7064,2.2136
2022-07-02,0.4901,1.063,0.2394,1.6115,2.0642
2022-07-03,0.4661,1.0047,0.2199,1.5575,1.9423
2022-07-04,0.4783,1.0359,0.2033,1.5548,1.8967
2022-07-05,0.5375,1.1548,0.2215,1.7484,2.1528
2022-07-06,0.4945,1.092,0.2042,1.6638,2.0879
2022-07-07,0.46,1.0572,0.1921,1.5928,2.0669
2022-07-08,0.4319,0.9346,0.1794,1.4797,1.8616
2022-07-09,0.4116,0.876,0.1628,1.4126,1.7162
2022-07-10,0.3899,0.7879,0.1531,1.3718,1.6196
2022-07-11,0.3694,0.7197,0.1469,1.2947,1.4753
2022-07-12,0.3638,0.6876,0.1388,1.2627,1.4166
2022-07-13,0.3559,0.6288,0.1343,1.212,1.3254
2022-07-14,0.3703,0.7964,0.1262,1.2796,1.3549
2022-07-15,0.3719,0.8644,0.1191,1.3185,1.5404
2022-07-16,0.3376,0.7226,0.1144,1.2006,1.3022
2022-07-17,0.3294,0.6621,0.1117,1.1476,1.2137
2022-07-18,0.3233,0.6222,0.1073,1.1122,1.1587
2022-07-19,0.3212,0.6179,0.1032,1.102,1.1726
2022-07-20,0.3109,0.5569,0.0969,1.0519,1.1087
2022-07-21,0.2933,0.5153,0.0906,1.0005,1.0315
2022-07-22,0.2767,0.4732,0.0853,0.9447,0.9546
2022-07-23,0.2744,0.4498,0.0834,0.9293,0.9207
2022-07-24,0.2933,0.5761,0.0815,1.0105,1.0195
2022-07-25,0.2976,0.5636,0.0783,1.0201,1.122
2022-07-26,0.2781,0.5004,0.073,0.9496,1.032
2022-07-27,0.2581,0.4585,0.0697,0.8939,0.9333
2022-07-28,0.2547,0.4231,0.0672,0.8853,0.8977
2022-07-29,0.2716,0.4611,0.0671,0.9167,0.9234
2022-07-30,0.3042,0.5717,0.0654,1.0005,1.1022
2022-07-31,0.2835,0.4903,0.0632,0.9362,1.0247
2022-08-01,0.3073,0.4765,0.0672,0.9526,0.9857
2022-08-02,0.3484,0.6085,0.0685,1.0799,1.2646
2022-08-03,0.3022,0.5036,0.0626,0.9593,1.1042
2022-08-04,0.2709,0.4395,0.0593,0.8892,0.9718
2022-08-05,0.2558,0.4211,0.0579,0.8596,0.8948
2022-08-06,0.2585,0.4251,0.0561,0.8606,0.8804
2022-08-07,0.2431,0.3912,0.0543,0.8208,0.7969
2022-08-08,0.2327,0.3741,0.0528,0.7969,0.7428
2022-08-09,0.2233,0.3598,0.0511,0.7745,0.7174
2022-08-10,0.2238,0.3478,0.0494,0.7649,0.7023
2022-08-11,0.2218,0.3496,0.0497,0.7712,0.7168
2022-08-12,0.2151,0.3462,0.0475,0.7622,0.7514
2022-08-13,0.2124,0.3313,0.0459,0.7419,0.7242
2022-08-14,0.2078,0.3319,0.0449,0.7324,0.7292
2022-08-15,0.2097,0.3254,0.0449,0.7306,0.7125
2022-08-16,0.2128,0.3337,0.0445,0.7491,0.7468
2022-08-17,0.2183,0.3588,0.0436,0.7814,0.832
2022-08-18,0.2022,0.3357,0.0421,0.7382,0.8055
2022-08-19,0.287,0.3411,0.0516,0.8319,0.8601
2022-08-20,0.2642,0.3448,0.0462,0.816,0.971
2022-08-21,0.3502,0.4461,0.0479,0.9614,1.1215
2022-08-22,0.2763,0.3758,0.0434,0.8442,0.9725
2022-08-23,0.2507,0.3646,0.0412,0.8066,0.9253
2022-08-24,0.2339,0.3389,0.0398,0.7669,0.8655
2022-08-25,0.2434,0.3404,0.0405,0.7685,0.8418
2022-08-26,0.2965,0.4154,0.0497,0.8769,0.9819
2022-08-27,0.3077,0.4878,0.0443,0.9358,1.2133
2022-08-28,0.2751,0.3978,0.0414,0.8391,1.0216
2022-08-29,0.2553,0.3702,0.0391,0.8018,0.9499
2022-08-30,0.2383,0.3419,0.0382,0.7642,0.8664
2022-08-31,0.2245,0.3258,0.0375,0.7381,0.8187
2022-09-01,0.2149,0.3167,0.0362,0.7165,0.7728
2022-09-02,0.2102,0.3072,0.0333,0.7002,0.7334
2022-09-03,0.2029,0.2988,0.0339,0.6899,0.6993
2022-09-04,0.1953,0.2929,0.0326,0.6742,0.6742
2022-09-05,0.193,0.2829,0.0316,0.6597,0.6509
2022-09-06,0.189,0.2772,0.0319,0.6517,0.625
2022-09-07,0.1834,0.2718,0.031,0.6453,0.626
2022-09-08,0.1763,0.27,0.0302,0.6352,0.6211
2022-09-09,0.1775,0.2702,0.0296,0.6336,0.612
2022-09-10,0.1778,0.262,0.0293,0.6314,0.6067
2022-09-11,0.1712,0.2565,0.0282,0.6211,0.586
2022-09-12,0.1657,0.2546,0.0275,0.6143,0.5768
2022-09-13,0.1691,0.2571,0.0275,0.6169,0.5673
2022-09-14,0.1874,0.2725,0.0288,0.6519,0.6263
2022-09-15,0.2357,0.3116,0.0346,0.7433,0.7941
2022-09-16,0.2037,0.2921,0.0299,0.6861,0.7422
2022-09-17,0.1892,0.2786,0.0284,0.6564,0.6765
2022-09-18,0.1812,0.2644,0.0256,0.6378,0.6321
2022-09-19,0.1751,0.2534,0.0251,0.6278,0.6106
2022-09-20,0.1705,0.2494,0.026,0.6172,0.5937
2022-09-21,0.1864,0.2515,0.0273,0.6298,0.5915
2022-09-22,0.2526,0.305,0.0349,0.7544,0.809
2022-09-23,0.2165,0.2995,0.0308,0.7217,0.8251
2022-09-24,0.1927,0.2762,0.0278,0.6658,0.7247
2022-09-25,0.1831,0.2662,0.0265,0.6419,0.6826
2022-09-26,0.1762,0.2595,0.026,0.6295,0.6604
2022-09-27,0.1726,0.2547,0.0254,0.6216,0.6373
2022-09-28,0.1703,0.2473,0.0251,0.6181,0.6249
2022-09-29,0.1703,0.2482,0.0253,0.6169,0.6196
2022-09-30,0.1816,0.2543,0.0266,0.627,
2022-10-01,0.2187,0.2892,0.031,,0.5409
2022-10-02,0.231,0.3227,0.0352,,0.6634
2022-10-03,0.2347,0.3469,0.0359,,0.8558
2022-10-04,0.2149,0.3269,0.0321,,0.8238
2022-10-05,0.2084,0.3116,0.0299,,0.8173
2022-10-06,0.1974,0.3046,0.0287,,0.7404
2022-10-07,0.1908,0.2988,0.0306,,0.6891
2022-10-08,0.1881,0.2893,,,0.6314
2022-10-09,0.1806,0.2796,,,0.6057
2022-10-10,0.177,0.2752,,,0.5769
2022-10-11,0.1722,0.2692,,,0.5563
2022-10-12,0.1694,0.2575,,,0.5422
2022-10-13,0.1633,0.2532,,,0.5371
2022-10-14,0.1607,0.2477,,,0.5179
2022-10-15,0.1585,0.244,,,0.4935
2022-10-16,0.1559,0.2379,,,0.4852
2022-10-17,0.1575,0.2342,,,0.4807
2022-10-18,,0.2283,,,0.4653
2022-10-19,,0.2251,,,0.4531
2022-10-20,,0.2232,,,0.446
2022-10-21,,0.2212,,,0.4415
2022-10-22,,0.2195,,,0.4473
2022-10-23,,0.2301,,,0.505
2022-10-24,,0.2376,,,0.5082
2022-10-25,,0.3595,,,0.4512
2022-10-26,,0.2264,,,0.5717
2022-10-27,,0.2239,,,0.5461
2022-10-28,,0.5651,,,0.5082
2022-10-29,,0.3373,,,0.5461
2022-10-30,,0.2267,,,0.5756
2022-10-31,,0.2564,,,0.5179
2022-11-01,,,,,0.5525
2022-11-02,,,,,0.5551
2022-11-03,,,,,0.6121
2022-11-04,,,,,0.573
2022-11-05,,,,,0.5429
2022-11-06,,,,,0.5865
2022-11-07,,,,,0.6185
2022-11-08,,,,,0.6378
2022-11-09,,,,,0.6121
2022-11-10,,,,,0.5313
2022-11-11,,,,,0.4685
2022-11-12,,,,,0.4191
2022-11-13,,,,,0.4531
2022-11-14,,,,,0.4723
2022-11-15,,,,,0.4242
2022-11-16,,,,,0.3614
2022-11-17,,,,,0.4492
2022-11-18,,,,,0.4069
2022-11-19,,,,,0.3575
2022-11-20,,,,,0.3537
2022-11-21,,,,,0.3607
2022-11-22,,,,,0.3684
2022-11-23,,,,,0.3755
2022-11-24,,,,,0.3909
2022-11-25,,,,,0.38
2022-11-26,,,,,0.3941
2022-11-27,,,,,0.4255
2022-11-28,,,,,0.4082
2022-11-29,,,,,0.3877
2022-11-30,,,,,0.4133
2022-12-01,,,,,0.4569
2022-12-02,,,,,0.4569
2022-12-03,,,,,0.4704
2022-12-04,,,,,0.4877
2022-12-05,,,,,0.4922
2022-12-06,,,,,0.4973
2022-12-07,,,,,0.4807
2022-12-08,,,,,0.4383
2022-12-09,,,,,0.3614
2022-12-10,,,,,0.3627
2022-12-11,,,,,0.4262
2022-12-12,,,,,0.4326
2022-12-13,,,,,0.4204
2022-12-14,,,,,0.3832
2022-12-15,,,,,0.3364
2022-12-16,,,,,0.2825
2022-12-17,,,,,0.2735
2022-12-18,,,,,0.3268
2022-12-19,,,,,0.3383
2022-12-20,,,,,0.3505
2022-12-21,,,,,0.3793
2022-12-22,,,,,0.371
2022-12-23,,,,,0.3832
2022-12-24,,,,,0.3928
2022-12-25,,,,,0.3806
2022-12-26,,,,,0.3787
2022-12-27,,,,,0.3793
2022-12-28,,,,,0.3909
2022-12-29,,,,,0.3813
2022-12-30,,,,,0.3755
2022-12-31,,,,,0.3922
2023-01-01,,,,,0.3947
2023-01-02,,,,,0.3883
2023-01-03,,,,,0.3967
2023-01-04,,,,,0.3787
2023-01-05,,,,,0.3588
2023-01-06,,,,,0.3909
2023-01-07,,,,,0.3781
2023-01-08,,,,,0.3511
2023-01-09,,,,,0.3672
2023-01-10,,,,,0.3704
2023-01-11,,,,,0.3575
2023-01-12,,,,,0.3383
2023-01-13,,,,,0.3486
2023-01-14,,,,,0.3883
2023-01-15,,,,,0.3793
2023-01-16,,,,,0.3716
2023-01-17,,,,,0.3646
2023-01-18,,,,,0.355
2023-01-19,,,,,0.3216
2023-01-20,,,,,0.3325
2023-01-21,,,,,0.3415
2023-01-22,,,,,0.3139
2023-01-23,,,,,0.328
2023-01-24,,,,,0.3011
2023-01-25,,,,,0.3223
2023-01-26,,,,,0.3075
2023-01-27,,,,,0.3454
2023-01-28,,,,,0.3633
2023-01-29,,,,,0.3537
2023-01-30,,,,,0.3575
2023-01-31,,,,,0.3364
2023-02-01,,,,,0.2864
2023-02-02,,,,,0.3107
2023-02-03,,,,,0.3261
2023-02-04,,,,,0.33
2023-02-05,,,,,0.3268
2023-02-06,,,,,0.3184
2023-02-07,,,,,0.3088
2023-02-08,,,,,0.3018
2023-02-09,,,,,0.3229
2023-02-10,,,,,0.2889
2023-02-11,,,,,0.3216
2023-02-12,,,,,0.3236
2023-02-13,,,,,0.3223
2023-02-14,,,,,0.3268
2023-02-15,,,,,0.3127
2023-02-16,,,,,0.2729
2023-02-17,,,,,0.278
2023-02-18,,,,,0.321
2023-02-19,,,,,0.3171
2023-02-20,,,,,0.3114
2023-02-21,,,,,0.3133
2023-02-22,,,,,0.3101
2023-02-23,,,,,0.296
2023-02-24,,,,,0.3069
2023-02-25,,,,,0.3197
2023-02-26,,,,,0.2941
2023-02-27,,,,,0.296
2023-02-28,,,,,0.2742
2023-03-01,,,,,0.2774
2023-03-02,,,,,0.2985
2023-03-03,,,,,0.2742
2023-03-04,,,,,0.278
2023-03-05,,,,,0.2832
2023-03-06,,,,,0.2857
2023-03-07,,,,,0.2761
2023-03-08,,,,,0.2575
2023-03-09,,,,,0.2607
2023-03-10,,,,,0.2864
2023-03-11,,,,,0.2973
2023-03-12,,,,,0.2941
2023-03-13,,,,,0.2864
2023-03-14,,,,,0.271
2023-03-15,,,,,0.3082
2023-03-16,,,,,0.296
2023-03-17,,,,,0.2787
2023-03-18,,,,,0.2684
2023-03-19,,,,,0.2697
2023-03-20,,,,,0.3062
2023-03-21,,,,,0.2953
2023-03-22,,,,,0.3018
2023-03-23,,,,,0.2819
2023-03-24,,,,,0.2864
2023-03-25,,,,,0.2748
2023-03-26,,,,,0.2729
2023-03-27,,,,,0.2787
2023-03-28,,,,,0.2581
2023-03-29,,,,,0.2825
2023-03-30,,,,,0.2812
2023-03-31,,,,,0.2697
2023-04-01,,,,,0.2735
2023-04-02,,,,,0.2806
2023-04-03,,,,,0.3069
2023-04-04,,,,,0.3043
2023-04-05,,,,,0.2889
2023-04-06,,,,,0.2844
2023-04-07,,,,,0.2953
2023-04-08,,,,,0.3364
2023-04-09,,,,,0.3729
2023-04-10,,,,,0.4537
2023-04-11,,,,,0.6314
2023-04-12,,,,,0.8751
2023-04-13,,,,,1.4522
2023-04-14,,,,,1.7921
2023-04-15,,,,,1.6574
2023-04-16,,,,,1.8498
2023-04-17,,,,,1.9845
2023-04-18,,,,,2.2666
2023-04-19,,,,,2.241
2023-04-20,,,,,1.8947
2023-04-21,,,,,1.6446
2023-04-22,,,,,1.5292
2023-04-23,,,,,1.4714
2023-04-24,,,,,1.6061
2023-04-25,,,,,1.8626
2023-04-26,,,,,1.7985
2023-04-27,,,,,2.2923
2023-04-28,,,,,
2023-04-29,,,,,
2023-04-30,,,,,
2023-05-01,,,,,
2023-05-02,,,,,
2023-05-03,,,,,
2023-05-04,,,,,
2023-05-05,,,,,
2023-05-06,,,,,
2023-05-07,,,,,
2023-05-08,,,,,3.4188
2023-05-09,,1.5188,,4.3105,4.5076
2023-05-10,,1.6895,,4.4678,5.4004
2023-05-11,,1.4249,,4.2462,4.7424
2023-05-12,,1.2506,,4.2203,4.6642
2023-05-13,,1.2721,,4.2688,4.835
2023-05-14,,1.4364,,4.2899,5.215
2023-05-15,,1.9305,,4.3746,6.826
2023-05-16,,2.3266,,4.5561,8.3709
2023-05-17,,1.9861,,4.976,9.4157
2023-05-18,,1.9045,,5.5177,9.8802
2023-05-19,,1.9095,,5.6456,10.2143
2023-05-20,,1.9084,,5.4079,10.8342
2023-05-21,,1.9367,,6.3064,11.0381
2023-05-22,,1.8432,,6.3386,11.1044
2023-05-23,,1.9082,,7.4728,11.5526
2023-05-24,,1.8584,,6.2156,11.6313
2023-05-25,,1.7903,,4.7701,10.2478
2023-05-26,,1.7904,,4.9725,10.7221
2023-05-27,,1.7759,,5.0481,10.7037
2023-05-28,,1.8231,,5.3796,11.0268
2023-05-29,,1.7506,,4.3982,11.3029
2023-05-30,,1.6996,,5.1421,11.6614
2023-05-31,,1.8313,,4.988,10.6522
2023-06-01,,1.8597,,5.2101,9.7237
2023-06-02,,1.7084,,4.8367,8.2261
2023-06-03,,1.8381,,4.6656,6.6811
2023-06-04,,1.8488,,4.5721,6.3479
2023-06-05,,1.902,,4.958,7.7128
2023-06-06,,1.589,,5.4346,9.5022
2023-06-07,,1.5299,,6.8897,10.3777
2023-06-08,,1.5705,,7.2305,10.3805
2023-06-09,,1.3508,,8.4128,10.6947
2023-06-10,,1.3361,,7.6407,9.7687
2023-06-11,,1.3175,,7.4554,9.7005
2023-06-12,,1.3695,,7.0498,9.2581
2023-06-13,,1.3909,,6.6232,8.5526
2023-06-14,,1.3682,,6.5491,8.251
2023-06-15,,1.3778,,7.1887,8.7013
2023-06-16,,1.4305,,6.3872,8.8987
2023-06-17,,1.5045,,6.3735,8.4939
2023-06-18,,1.4446,,5.6804,7.4463
2023-06-19,,1.5178,,6.3505,7.2278
2023-06-20,,1.5003,,6.8634,8.4411
2023-06-21,,1.4529,,6.9369,9.5161
2023-06-22,,1.4296,,7.3287,10.3415
2023-06-23,,1.3718,,6.9934,10.1299
2023-06-24,,1.3604,,6.4762,9.5516
2023-06-25,,1.3635,,5.8987,8.528
2023-06-26,,1.3425,,6.0782,8.3189
2023-06-27,,1.3695,,6.4187,8.6496
2023-06-28,,1.3341,,6.4031,8.6127
2023-06-29,,1.388,,6.1457,7.9354
2023-06-30,,1.3932,,5.7133,6.9973
2023-07-01,,1.3954,,5.6043,6.4934
2023-07-02,,1.4227,,5.7274,6.4947
2023-07-03,,1.4758,,5.7115,6.3717
2023-07-04,,1.6352,,5.5247,6.4945
2023-07-05,,1.7827,,5.5761,6.6065
2023-07-06,,1.7822,,5.4275,6.2101
2023-07-07,,1.7567,,5.0211,5.6624
2023-07-08,,1.7435,,4.3554,5.2365
2023-07-09,,1.6957,,4.3426,4.9003
2023-07-10,,1.6761,,4.3438,4.6865
2023-07-11,,1.6719,,4.3429,4.6562
2023-07-12,,1.6931,,4.1651,4.5612
2023-07-13,,1.6726,,4.1177,4.4481
2023-07-14,,1.6221,,4.0075,4.1272
2023-07-15,,1.6109,,3.8599,3.8215
2023-07-16,,1.5877,,3.7569,3.5497
2023-07-17,,1.5575,,3.7464,3.3438
2023-07-18,,1.5442,,3.6956,3.2771
2023-07-19,,1.5827,,3.7426,3.2151
2023-07-20,,1.5525,,3.7302,3.1859
2023-07-21,,1.5206,,3.6312,3.0271
2023-07-22,,1.374,,3.4759,2.7913
2023-07-23,,1.274,,3.4312,2.5869
2023-07-24,,1.2788,,3.3555,2.4633
2023-07-25,,1.2533,,3.3174,2.4006
2023-07-26,,1.217,,3.2659,2.3466
2023-07-27,,1.1102,,3.1983,2.2573
2023-07-28,,1.0004,,3.0597,2.1184
2023-07-29,,0.9272,,2.9679,2.0246
2023-07-30,,0.893,,2.8958,1.925
2023-07-31,,0.8533,,2.7947,1.863
2023-08-01,,0.8563,,2.8431,1.8571
2023-08-02,,0.8159,,2.7434,1.8193
2023-08-03,,0.9609,,2.9776,1.9416
2023-08-04,,0.7515,,2.642,1.7858
2023-08-05,,0.6824,,2.5011,1.6067
2023-08-06,,0.6446,,2.4353,1.5261
2023-08-07,,0.6049,,2.3495,1.4544
2023-08-08,,0.5563,,2.2859,1.3884
2023-08-09,,0.5069,,2.2104,1.3218
2023-08-10,,0.4842,,2.1787,1.2761
2023-08-11,,0.4705,,2.1302,1.2602
2023-08-12,,0.4487,,,1.2164
2023-08-13,,0.4326,,,1.2073
2023-08-14,,0.4208,,,1.1857
2023-08-15,,0.4077,,,1.138
2023-08-16,,0.3992,,,1.1014
2023-08-17,,0.3888,,,1.0836
2023-08-18,,0.3978,,,1.0712
2023-08-19,,0.3756,,,1.0653
2023-08-20,,0.3686,,,1.0174
2023-08-21,,0.3501,,,0.9857
2023-08-22,,0.3449,,,0.9602
2023-08-23,,0.3333,,,0.955
2023-08-24,,0.3321,,,0.9248
2023-08-25,,0.3316,,,0.9106
2023-08-26,,0.3231,,,0.9168
2023-08-27,,0.3518,,,0.9503
2023-08-28,,0.3739,,,0.9821
2023-08-29,,0.3355,,,0.9847
2023-08-30,,0.3133,,,0.9424
2023-08-31,,0.3022,,,0.8926
2023-09-01,,0.2903,,,0.8433
2023-09-02,,0.2858,,,0.8178
2023-09-03,,0.2795,,,0.7961
2023-09-04,,0.2733,,,0.7936
2023-09-05,,0.266,,,0.7845
2023-09-06,,0.2574,,,0.7521
2023-09-07,,0.253,,,0.7079
2023-09-08,,0.2461,,,0.6223
2023-09-09,,0.239,,,0.5554
2023-09-10,,0.2391,,,0.4698
2023-09-11,,0.2595,,,0.4354
2023-09-12,,0.2434,,,0.4003
2023-09-13,,0.2371,,,0.3681
2023-09-14,,0.2416,,,0.3507
2023-09-15,,0.2524,,,0.3344
2023-09-16,,0.2514,,,0.3149
2023-09-17,,0.2365,,,0.2876
2023-09-18,,0.2408,,,0.2802
2023-09-19,,0.2395,,0.526,0.3048
2023-09-20,,0.2298,,0.5297,0.3003
2023-09-21,,0.2216,,0.5027,0.2864
2023-09-22,,0.2176,,0.4802,0.2984
2023-09-23,,0.2142,,0.4781,0.3089
2023-09-24,,0.2142,,0.4706,0.3213
2023-09-25,,0.2096,,0.4666,0.3377
2023-09-26,,0.2082,,0.462,0.3485
2023-09-27,,0.2042,,0.4495,0.3507
2023-09-28,,0.2017,,0.4439,0.371
2023-09-29,,0.2013,,0.438,0.3834
2023-09-30,,0.199,,0.434,0.3986
2023-10-01,,0.196,,,0.4492
2023-10-02,,0.2162,,,0.4659
2023-10-03,,0.2223,,,0.53
2023-10-04,,0.2172,,,0.4781
2023-10-05,,0.2167,,,0.4666
2023-10-06,,0.2123,,,0.4467
2023-10-07,,0.2071,,,0.4101
2023-10-08,,0.2033,,,0.4063
2023-10-09,,0.1989,,,0.4031
2023-10-10,,0.2008,,,0.4108
2023-10-11,,0.2082,,,0.4146
2023-10-12,,0.2204,,,0.5082
2023-10-13,,0.215,,,0.5589
2023-10-14,,0.2117,,,0.5467
2023-10-15,,0.2101,,,0.5191
2023-10-16,,0.2141,,,0.5461
2023-10-17,,0.2203,,,0.5621
2023-10-18,,0.2184,,,0.564
2023-10-19,,0.2146,,,0.5493
2023-10-20,,0.2103,,,0.5345
2023-10-21,,0.2092,,,0.5442
2023-10-22,,0.2035,,,0.5429
2023-10-23,,0.201,,,0.5345
2023-10-24,,0.1981,,,0.5307
2023-10-25,,0.1976,,,0.5236
2023-10-26,,,,,0.5159
2023-10-27,,,,,0.5422
2023-10-28,,,,,0.7532
2023-10-29,,,,,0.7404
2023-10-30,,,,,0.5563
2023-10-31,,,,,0.5268
2023-11-01,,,,,0.5756
2023-11-02,,,,,0.5813
2023-11-03,,,,,0.5788
2023-11-04,,,,,0.5993
2023-11-05,,,,,0.5993
2023-11-06,,,,,0.6827
2023-11-07,,,,,0.8173
2023-11-08,,,,,0.7981
2023-11-09,,,,,0.7276
2023-11-10,,,,,0.5865
2023-11-11,,,,,0.5865
2023-11-12,,,,,0.5865
2023-11-13,,,,,0.6057
2023-11-14,,,,,0.5993
2023-11-15,,,,,0.5929
2023-11-16,,,,,0.625
2023-11-17,,,,,0.625
2023-11-18,,,,,0.5576
2023-11-19,,,,,0.6185
2023-11-20,,,,,0.5563
2023-11-21,,,,,0.4877
2023-11-22,,,,,0.4749
2023-11-23,,,,,0.5095
2023-11-24,,,,,0.5769
2023-11-25,,,,,0.4954
2023-11-26,,,,,0.3492
2023-11-27,,,,,0.3941
2023-11-28,,,,,0.4499
2023-11-29,,,,,0.4441
2023-11-30,,,,,0.4377
2023-12-01,,,,,0.4736
2023-12-02,,,,,0.3627
2023-12-03,,,,,0.4242
2023-12-04,,,,,0.4845
2023-12-05,,,,,0.4364
2023-12-06,,,,,0.4332
2023-12-07,,,,,0.4306
2023-12-08,,,,,0.4492
2023-12-09,,,,,0.3819
2023-12-10,,,,,0.3986
2023-12-11,,,,,0.4345
2023-12-12,,,,,0.4191
2023-12-13,,,,,0.4294
2023-12-14,,,,,0.4281
2023-12-15,,,,,0.3774
2023-12-16,,,,,0.3716
2023-12-17,,,,,0.3819
2023-12-18,,,,,0.371
2023-12-19,,,,,0.38
2023-12-20,,,,,0.3851
2023-12-21,,,,,0.3902
2023-12-22,,,,,0.3627
2023-12-23,,,,,0.3999
2023-12-24,,,,,0.3761
2023-12-25,,,,,0.303
2023-12-26,,,,,0.2633
2023-12-27,,,,,0.2915
2023-12-28,,,,,0.2857
2023-12-29,,,,,0.2812
2023-12-30,,,,,0.2947
2023-12-31,,,,,0.3146
2024-01-01,,,,,0.3024
2024-01-02,,,,,0.2883
2024-01-03,,,,,0.2819
2024-01-04,,,,,0.2947
2024-01-05,,,,,0.2915
2024-01-06,,,,,0.2825
2024-01-07,,,,,0.2851
2024-01-08,,,,,0.2851
2024-01-09,,,,,0.2678
2024-01-10,,,,,0.2748
2024-01-11,,,,,0.2799
2024-01-12,,,,,0.2761
2024-01-13,,,,,0.2767
2024-01-14,,,,,0.2851
2024-01-15,,,,,0.278
2024-01-16,,,,,0.278
2024-01-17,,,,,0.2774
2024-01-18,,,,,0.3101
2024-01-19,,,,,0.303
2024-01-20,,,,,0.3133
2024-01-21,,,,,0.3178
2024-01-22,,,,,0.3127
2024-01-23,,,,,0.3094
2024-01-24,,,,,0.3075
2024-01-25,,,,,0.3062
2024-01-26,,,,,0.2998
2024-01-27,,,,,0.287
2024-01-28,,,,,0.2806
2024-01-29,,,,,0.2941
2024-01-30,,,,,0.3018
2024-01-31,,,,,0.3069
2024-02-01,,,,,0.3152
2024-02-02,,,,,0.3114
2024-02-03,,,,,0.303
2024-02-04,,,,,0.2735
2024-02-05,,,,,0.2319
2024-02-06,,,,,0.3018
2024-02-07,,,,,0.296
2024-02-08,,,,,0.2844
2024-02-09,,,,,0.2742
2024-02-10,,,,,0.2812
2024-02-11,,,,,0.2184
2024-02-12,,,,,0.2306
2024-02-13,,,,,0.2549
2024-02-14,,,,,0.2524
2024-02-15,,,,,0.271
2024-02-16,,,,,0.2806
2024-02-17,,,,,0.2665
2024-02-18,,,,,0.2331
2024-02-19,,,,,0.2806
2024-02-20,,,,,0.2755
2024-02-21,,,,,0.2774
2024-02-22,,,,,0.2678
2024-02-23,,,,,0.2094
2024-02-24,,,,,0.2062
2024-02-25,,,,,0.2254
2024-02-26,,,,,0.2934
2024-02-27,,,,,0.2511
2024-02-28,,,,,0.1773
2024-02-29,,,,,0.2235
2024-03-01,,,,,0.2511
2024-03-02,,,,,0.2415
2024-03-03,,,,,0.2748
2024-03-04,,,,,0.2678
2024-03-05,,,,,0.2601
2024-03-06,,,,,0.2684
2024-03-07,,,,,0.2761
2024-03-08,,,,,0.2665
2024-03-09,,,,,0.2389
2024-03-10,,,,,0.2447
2024-03-11,,,,,0.262
2024-03-12,,,,,0.2941
2024-03-13,,,,,0.3011
2024-03-14,,,,,0.2832
2024-03-15,,,,,0.2793
2024-03-16,,,,,0.2652
2024-03-17,,,,,0.2851
2024-03-18,,,,,0.2889
2024-03-19,,,,,0.3107
2024-03-20,,,,,0.3505
2024-03-21,,,,,0.3999
2024-03-22,,,,,0.5224
2024-03-23,,,,,0.5737
2024-03-24,,,,,0.5518
2024-03-25,,,,,0.4993
2024-03-26,,,,,0.4351
2024-03-27,,,,,0.4691
2024-03-28,,,,,0.4236
2024-03-29,,,,,0.4653
2024-03-30,,,,,0.4339
2024-03-31,,,,,0.4371
2024-04-01,,,,0.3842,0.421
2024-04-02,,,,0.3738,0.421
2024-04-03,,,,0.4125,0.4569
2024-04-04,,,,0.5029,0.5794
2024-04-05,,,,0.5808,0.7596
2024-04-06,,,,0.6182,0.952
2024-04-07,,,,0.656,0.7724
2024-04-08,,,,0.5554,0.7147
2024-04-09,,,,0.5313,0.7019
2024-04-10,,,,0.5662,0.7276
2024-04-11,,,,0.6038,0.8366
2024-04-12,,,,0.7353,1.1187
2024-04-13,,,,0.8845,
2024-04-14,,,,1.5039,
2024-04-15,,,,1.9776,
2024-04-16,,,,1.2212,
2024-04-17,,,,1.1732,
2024-04-18,,,,1.3653,
2024-04-19,,0.5299,,1.3363,
2024-04-20,,0.5647,,1.4478,1.3823
2024-04-21,,0.5973,,1.8146,1.5421
2024-04-22,,0.8744,,2.4273,1.7878
2024-04-23,,1.1767,,3.0357,1.9896
2024-04-24,,1.6918,,3.8782,2.3318
2024-04-25,,2.1722,,3.9784,2.726
2024-04-26,,1.6637,,3.2509,2.8497
2024-04-27,,1.1065,,2.5809,2.7574
2024-04-28,,0.881,,1.8388,2.4049
2024-04-29,,0.7741,,1.5087,2.1194
2024-04-30,,0.7541,,1.6664,1.7932
2024-05-01,,0.8506,,2.0283,1.9738
2024-05-02,,0.7119,,1.7505,1.9118
2024-05-03,,0.5154,,1.8179,1.8687
2024-05-04,,0.7644,,2.1055,1.9788
2024-05-05,,1.009,,2.5464,2.3298
2024-05-06,,1.4419,,2.5086,2.5626
2024-05-07,,0.6383,,1.791,2.373
2024-05-08,,0.9747,,1.4264,2.0881
2024-05-09,,0.8114,,1.184,1.8354
2024-05-10,,0.6002,,1.0281,1.5943
2024-05-11,,0.7269,,0.95,1.5479
2024-05-12,,0.4467,,0.9572,1.4247
2024-05-13,,0.6398,,1.1561,1.3765
2024-05-14,,0.8278,,1.7218,1.6411
2024-05-15,,1.1117,,2.4656,2.0792
2024-05-16,,1.4838,,2.9988,2.5906
2024-05-17,,1.9469,,3.528,3.3742
2024-05-18,,2.8337,,4.136,3.877
2024-05-19,,3.3835,,4.504,4.3943
2024-05-20,,3.3505,,4.9977,4.8674
2024-05-21,,3.2628,,4.8057,4.9931
2024-05-22,,2.4177,,3.7017,3.9989
2024-05-23,,2.1229,,3.2574,3.2688
2024-05-24,,1.8835,,3.2171,2.8882
2024-05-25,,1.7332,,3.3084,2.6851
2024-05-26,,1.8326,,3.2388,2.6201
2024-05-27,,1.9171,,3.6305,2.6071
2024-05-28,,2.883,,4.7261,3.357
2024-05-29,,3.404,,5.4928,4.2387
2024-05-30,,3.3187,,5.552,4.7648
2024-05-31,,2.9941,,5.4195,5.8336
2024-06-01,,2.9246,,5.7597,6.1567
2024-06-02,,3.1703,,6.1585,6.9875
2024-06-03,,2.9182,,5.5736,7.3934
2024-06-04,,2.6306,,5.7259,7.7814
2024-06-05,,4.163,,9.1435,10.1889
2024-06-06,,3.6077,,8.8703,10.8464
2024-06-07,,4.6053,,,11.826
2024-06-08,,,,,12.3434
2024-06-09,,,,,12.6365
2024-06-10,,,,,11.6215
2024-06-11,,,,,10.7622
2024-06-12,,,,,10.5465
2024-06-13,,,,,10.4214
2024-06-14,,,,,10.0203
2024-06-15,,,,,8.5279
2024-06-16,,,,,8.6121
2024-06-17,,,,,8.3643
2024-06-18,,,,,7.6441
2024-06-19,,,,,6.5914
2024-06-20,,,,13.8502,5.9394
2024-06-21,,,,,7.8853
2024-06-22,,,,,7.972
2024-06-23,,,,,6.4894
2024-06-24,,,,11.1125,5.8041
2024-06-25,,3.1914,,9.9666,5.7395
2024-06-26,,3.1706,,9.3003,5.3389
2024-06-27,,3.125,,9.5643,5.0422
2024-06-28,,3.1995,,8.9642,5.9398
2024-06-29,,3.2447,,9.0274,5.0578
2024-06-30,,,,9.1857,4.9345
2024-07-01,,,,8.4397,5.8628
2024-07-02,,3.6976,,8.8576,7.6147
2024-07-03,,3.4299,,7.2877,5.4496
2024-07-04,,3.3739,,6.9557,4.1399
2024-07-05,,3.1873,,6.1804,3.2995
2024-07-06,,3.0228,,5.6856,2.9266
2024-07-07,,2.8695,,5.2857,2.7083
2024-07-08,,2.7118,,4.9386,2.477
2024-07-09,,2.5772,,4.589,2.2689
2024-07-10,,2.4852,,4.2359,2.1395
2024-07-11,,2.3679,,3.9939,2.009
2024-07-12,,2.3102,,3.8082,1.8305
2024-07-13,,2.0979,,3.554,1.7564
2024-07-14,,2.109,,3.3498,1.5628
2024-07-15,,2.0363,,3.2026,1.5151
2024-07-16,,1.9522,,3.0669,1.4874
2024-07-17,,1.7128,,2.7162,1.3829
2024-07-18,,1.5865,,2.4679,1.2556
2024-07-19,,1.5358,,2.3658,1.2458
2024-07-20,,1.4939,,2.1915,1.1542
2024-07-21,,1.4897,,2.0493,1.2143
2024-07-22,,1.3575,,1.8746,1.4533
2024-07-23,,1.2404,,1.7107,1.2737
2024-07-24,,1.1603,,1.5829,1.1583
2024-07-25,,1.1289,,1.4898,1.1006
2024-07-26,,1.111,,1.4375,1.107
2024-07-27,,1.2288,,1.4635,1.0493
2024-07-28,,1.0905,,1.312,0.9852
2024-07-29,,1.0105,,1.1786,0.9274
2024-07-30,,0.9473,,1.1027,0.9852
2024-07-31,,0.914,,1.0391,0.921
2024-08-01,,0.8604,,0.9671,0.8569
2024-08-02,,0.8109,,0.9127,0.8248
2024-08-03,,0.7996,,0.8711,0.7607
2024-08-04,,0.809,,0.8856,0.7222
2024-08-05,,0.8157,,1.0184,0.9339
2024-08-06,,0.9382,,1.1255,1.2096
2024-08-07,,0.928,,1.0845,1.184
2024-08-08,,0.8269,,0.9505,1.0878
2024-08-09,,0.7703,,0.8663,1.0493
2024-08-10,,0.7794,,0.9205,1.1262
2024-08-11,,0.9271,,1.1657,1.1775
2024-08-12,,0.7743,,0.922,1.0493
2024-08-13,,0.7798,,0.9579,0.9339
2024-08-14,,0.9363,,1.2281,1.0878
2024-08-15,,0.7627,,0.9196,0.9595
2024-08-16,,0.7057,,0.8119,0.8826
2024-08-17,,0.6643,,0.7734,0.8248
2024-08-18,,0.6466,,0.7626,0.8184
2024-08-19,,0.6307,,0.7806,0.8056
2024-08-20,,0.5872,,0.7563,0.7735
2024-08-21,,0.7691,,1.0694,0.8505
2024-08-22,,1.2905,,1.9128,1.3096
2024-08-23,,1.0253,,1.3585,1.071
2024-08-24,,0.9794,,1.3352,0.9801
2024-08-25,,1.065,,1.4162,1.0494
2024-08-26,,1.284,,1.6973,1.3057
2024-08-27,,1.0413,,1.333,1.1301
2024-08-28,,0.8783,,1.0329,0.8931
2024-08-29,,0.7743,,0.8949,0.7965
2024-08-30,,0.6978,,0.8198,0.766
2024-08-31,,0.6421,,0.7707,0.7306
2024-09-01,,0.608,,0.7414,0.6759
2024-09-02,,0.5792,,0.7307,0.718
2024-09-03,,0.552,,0.7252,0.7026
2024-09-04,,0.4997,,0.7392,0.6543
2024-09-05,,0.4861,,0.7186,0.6374
2024-09-06,,0.4599,,0.7177,0.6071
2024-09-07,,0.4413,,0.7066,0.5242
2024-09-08,,0.4277,,0.696,0.5284
2024-09-09,,0.4163,,0.6907,0.5373
2024-09-10,,0.4617,,0.7156,0.5271
2024-09-11,,0.6562,,0.8295,0.8074
2024-09-12,,0.4961,,0.7278,0.7065
2024-09-13,,0.4393,,0.7036,0.5923
2024-09-14,,0.4197,,0.6918,0.587
2024-09-15,,0.4152,,0.6906,0.6391
2024-09-16,,0.4313,,0.7084,0.7212
2024-09-17,,0.4764,,0.7378,0.7219
2024-09-18,,0.4797,,0.7411,0.8022
2024-09-19,,0.4371,,0.6994,0.7181
2024-09-20,,0.4121,,0.6628,0.5998
2024-09-21,,0.4681,,0.8005,0.7847
2024-09-22,,0.587,,0.8735,1.1619
2024-09-23,,0.5951,,0.8137,1.0413
2024-09-24,,0.5375,,0.7444,0.877
2024-09-25,,0.4958,,0.716,0.7537
2024-09-26,,0.4632,,0.699,0.678
2024-09-27,,0.4397,,0.6913,0.6172
2024-09-28,,0.4219,,0.6897,0.5633
2024-09-29,,0.4105,,0.6717,0.5197
2024-09-30,,0.3973,,0.6646,0.5646
2025-04-11,,0.2736,,0.0135,0.6288
2025-04-12,,0.3611,,0.0129,0.6345
2025-04-13,,0.4202,,0.0105,0.6484
2025-04-14,,0.4263,,0.0116,0.6434
2025-04-15,,0.5053,,0.0192,0.66
2025-04-16,,0.5111,,0.0113,0.6635
2025-04-17,,0.4749,,0.0068,0.6658
2025-04-18,,0.4444,,0.0183,0.6572
2025-04-19,,0.3664,,0.0188,0.6305
2025-04-20,,0.3072,,0.0196,0.6164
2025-04-21,,0.285,,0.0323,0.6173
2025-04-22,,0.2995,,0.0249,0.6272
2025-04-23,,0.3747,,0.0195,0.6464
2025-04-24,,0.4808,,0.0195,0.6729
2025-04-25,,0.5984,,0.0236,0.6878
2025-04-26,,0.6183,,0.0149,0.7009
2025-04-27,,0.7056,,0.0182,0.725
2025-04-28,,0.6067,,0.0159,0.7034
2025-04-29,,0.5352,,0.0293,0.6862
2025-04-30,,0.4748,,0.0295,0.6757
2025-05-01,,0.4783,,0.0109,0.6818
2025-05-02,,0.5164,,0.0278,0.6837
2025-05-03,,0.6474,,0.0274,0.7039
2025-05-04,,0.7621,,0.0139,0.7232
2025-05-05,,0.6253,,0.0069,0.7171
2025-05-06,,0.556,,0.0158,0.6953
2025-05-07,,0.4836,,0.0151,0.6759
2025-05-08,,0.4525,,0.0207,0.6654
2025-05-09,,0.4854,,0.0152,0.6778
2025-05-10,,0.7117,,0.0143,0.7107
2025-05-11,,1.1711,,0.01,0.7606
2025-05-12,,1.5942,,0.0114,0.8059
2025-05-13,,1.7581,,0.006,0.8328
2025-05-14,,1.584,,0.0129,0.8158
2025-05-15,,1.0942,,0.0141,0.7569
2025-05-16,,0.8601,,2.7741,0.7178
2025-05-17,,0.7066,,5.5498,0.6938
2025-05-18,,0.6819,,5.1269,0.6839
2025-05-19,,0.6395,,5.0745,0.6812
2025-05-20,,0.5675,,4.3158,0.6625
2025-05-21,,0.6662,,4.1673,0.6611
2025-05-22,,1.0036,,5.2642,0.6886
2025-05-23,,1.5386,,6.8163,0.7371
2025-05-24,,1.9048,,8.1334,0.7832
2025-05-25,,1.8872,,8.5219,0.7978
2025-05-26,,1.6036,,8.1223,0.7804
2025-05-27,,1.6752,,7.9917,0.7765
2025-05-28,,1.855,,8.1884,0.7943
2025-05-29,,1.8891,,8.3207,0.802
2025-05-30,,2.1487,,8.3022,0.8336
2025-05-31,,2.4548,,8.2858,0.8895
2025-06-01,,2.5151,,8.2702,0.9105
2025-06-02,,2.4917,,8.3915,0.9115
2025-06-03,,2.5151,,8.8122,0.9542
2025-06-04,,2.3347,,8.5417,0.8944
2025-06-05,,2.2779,,9.1588,0.8659
2025-06-06,,2.176,,9.3872,0.839
2025-06-07,,2.1094,,8.677,0.8172
2025-06-08,,2.3243,,8.7868,0.829
2025-06-09,,2.5099,,8.5628,0.8476
2025-06-10,,2.6401,,8.513,0.8648
2025-06-11,,2.6567,,8.7549,0.8529
2025-06-12,,2.5655,,8.69,0.8298
2025-06-13,,2.633,,8.5111,0.8389
2025-06-14,,2.6365,,8.5799,0.8347
2025-06-15,,2.5233,,8.6144,0.8145
2025-06-16,,2.4889,,8.3226,0.7996
2025-06-17,,2.3145,,7.7676,0.7772
2025-06-18,,2.1671,,7.1026,0.7474
2025-06-19,,2.2526,,6.9839,0.748
2025-06-20,,2.3074,,7.0211,0.7488
2025-06-21,,2.2209,,6.7656,0.745
2025-06-22,,2.0704,,6.3118,0.727
2025-06-23,,1.8937,,5.8114,0.7064
2025-06-24,,1.7943,,5.4168,0.6935
2025-06-25,,1.6366,,5.0556,0.6808
2025-06-26,,1.518,,4.5987,0.666
2025-06-27,,1.4549,,4.2943,0.6591
2025-06-28,,1.414,,4.0556,0.6532
2025-06-29,,1.295,,3.8926,0.6474
2025-06-30,,1.1909,,3.522,0.6361
2025-07-01,,1.1269,,3.4447,0.6331
2025-07-02,,1.1413,,3.0646,0.6243
2025-07-03,,1.2087,,3.1455,0.6279
2025-07-04,,1.3105,,3.4373,0.6372
2025-07-05,,1.0614,,2.9292,0.6235
2025-07-06,,0.9563,,2.6528,0.6126
2025-07-07,,0.8522,,2.4159,0.6037
2025-07-08,,0.7741,,2.1451,0.593
2025-07-09,,0.7539,,1.9302,0.5877
2025-07-10,,0.7674,,1.8267,0.5875
2025-07-11,,0.6952,,1.8011,0.5854
2025-07-12,,0.6167,,1.5212,0.5765
2025-07-13,,0.5864,,1.4724,
2025-07-14,,0.5782,,1.3607,
2025-07-15,,0.5503,,1.2574,
2025-07-16,,0.5253,,1.1627,
2025-07-17,,0.5019,,1.137,
2025-07-18,,0.4831,,1.1118,
2025-07-19,,0.487,,0.9263,
2025-07-20,,0.4618,,0.8473,
2025-07-21,,0.4481,,0.839,
2025-07-22,,0.4356,,0.8323,
2025-07-23,,0.4343,,0.8092,
2025-07-24,,0.3889,,0.7909,0.4981
2025-07-25,,0.3651,,0.7414,0.4956
2025-07-26,,0.3505,,0.6927,0.4912
2025-07-27,,0.3222,,0.6757,0.4869
2025-07-28,,0.3002,,0.6655,0.4827
2025-07-29,,0.2813,,0.6118,0.4814
2025-07-30,,0.2718,,0.6544,0.4795
2025-07-31,,0.2694,,0.6675,0.4816
2025-08-01,,0.2882,,0.7337,0.4885
2025-08-02,,0.2685,,0.6781,0.4863
2025-08-03,,0.25,,0.5797,0.4771
2025-08-04,,0.2305,,0.5763,0.4703
2025-08-05,,0.2221,,0.5544,0.4678
2025-08-06,,0.2139,,0.5393,0.4664
2025-08-07,,0.2091,,0.4764,0.4657
2025-08-08,,0.2,,0.4306,0.4619
2025-08-09,,0.1919,,0.4669,0.46
2025-08-10,,0.1868,,0.4376,0.4545
2025-08-11,,0.1839,,0.515,0.4542
2025-08-12,,0.1749,,0.4666,0.452
2025-08-13,,0.1729,,0.4417,0.4512
2025-08-14,,0.166,,0.4522,0.4506
2025-08-15,,0.1646,,0.4539,0.4492
2025-08-16,,0.1666,,0.396,0.4494
2025-08-17,,0.1567,,0.3858,0.4481
2025-08-18,,0.1524,,0.3677,0.444
2025-08-19,,0.151,,0.3547,0.4422
2025-08-20,,0.1477,,0.3302,0.4414
2025-08-21,,0.1688,,0.2813,0.4387
2025-08-22,,0.1883,,0.2811,0.4383
2025-08-23,,0.1847,,0.295,0.4401
2025-08-24,,0.1824,,0.3388,0.4392
2025-08-25,,0.2677,,0.4809,0.4551
2025-08-26,,0.2465,,0.4899,0.467
2025-08-27,,0.3672,,0.5556,0.4776
2025-08-28,,0.319,,0.5154,0.4785
2025-08-29,,0.2794,,0.5068,0.4705
2025-08-30,,0.2885,,0.5317,0.473
2025-08-31,,0.2628,,0.5362,0.4688
2025-09-01,,0.2333,,0.5196,0.4597
2025-09-02,,0.2143,,0.4743,0.4524
2025-09-03,,0.202,,0.4599,0.4485
2025-09-04,,0.1944,,0.4471,0.4464
2025-09-05,,0.1991,,0.4614,0.4455
2025-09-06,,0.1998,,0.4989,0.4515
2025-09-07,,0.1891,,0.4702,0.4489
2025-09-08,,0.1807,,0.4268,0.4449
2025-09-09,,0.1864,,0.4446,0.4424
2025-09-10,,0.1893,,0.4339,0.4473
2025-09-11,,0.2284,,0.4973,0.4528
2025-09-12,,0.6771,,1.3569,0.5
2025-09-13,,0.8233,,1.6773,0.5361
2025-09-14,,0.7159,,1.3363,0.5311
2025-09-15,,0.5438,,0.9521,0.5067
2025-09-16,,0.4446,,0.8449,0.493
2025-09-17,,0.3793,,0.7817,0.4843
2025-09-18,,0.33,,0.7093,0.4768
2025-09-19,,0.3011,,0.7038,0.4707
2025-09-20,,0.2772,,0.6204,0.4663
2025-09-21,,0.2593,,0.5713,0.4635
2025-09-22,,0.2492,,0.5939,0.4615
2025-09-23,,0.2568,,0.697,0.4702
2025-09-24,,0.2406,,0.6494,0.4654
2025-09-25,,0.2255,,0.6126,0.4596
2025-09-26,,0.2095,,0.5756,0.4572
2025-09-27,,0.2026,,0.5573,0.4547
2025-09-28,,0.1961,,0.5298,0.452
2025-09-29,,0.1904,,0.5663,0.4533
2025-09-30,,0.1864,,0.5441,0.4508
2025-10-01,,0.1795,,0.5104,
2025-10-02,,0.1751,,0.5064,
2025-10-03,,0.1692,,0.5018,
2025-10-04,,0.1891,,0.583,
2025-10-05,,0.1776,,0.6805,
2025-10-06,,0.1689,,0.6102,
2025-10-07,,0.1534,,0.6002,
2025-10-08,,0.1463,,0.5687,
2025-10-09,,0.1387,,0.5164,
2025-10-10,,0.1547,,0.5482,
2025-10-11,,0.3352,,0.9328,
2025-10-12,,0.5944,,1.6844,
2025-10-13,,0.4401,,1.1948,
2025-10-14,,0.6109,,1.9097,
2025-10-15,,0.579,,1.307,
2025-10-16,,0.5915,,1.4536,
2025-10-17,,0.4495,,1.2636,
2025-10-18,,0.3739,,1.1709,
2025-10-19,,0.3239,,1.1064,
2025-10-20,,0.2953,,1.03,
2025-10-21,,0.2705,,1.0356,
2025-10-22,,0.2655,,0.9585,
2025-10-23,,0.2614,,0.9388,
2025-10-24,,0.271,,1.0932,
2025-10-25,,0.259,,1.0387,
2025-10-26,,0.2481,,0.9806,
2025-10-27,,0.2374,,0.9131,
2025-10-28,,0.2166,,1.0134,
2025-10-29,,0.2038,,1.0169,
2025-10-30,,0.202,,0.9879,
2025-10-31,,0.1888,,0.9511,
2025-11-01,,0.1775,,0.9225,
2025-11-02,,0.1747,,0.9033,
2025-11-03,,0.1678,,0.8626,
2025-11-04,,0.1617,,0.8553,
2025-11-05,,0.1548,,0.8657,
2025-11-06,,0.1512,,0.8226,
2025-11-07,,0.1448,,0.8612,
2025-11-08,,0.1421,,0.8474,
2025-11-09,,0.1388,,0.8272,
2025-11-10,,0.1382,,0.8632,
2025-11-11,,0.1361,,0.8351,
2025-11-12,,0.1336,,0.8294,
2025-11-13,,0.1316,,0.8279,
2025-11-14,,0.1257,,0.8358,
