date,sub_basin,nearest_station,distance_km,precip_mm_day,ET_mm_day,runoff_mm_day
2013-12-25,Copper,castnet_gothic,0.23,0.811939,0.391933,0.622905
2013-12-26,Copper,castnet_gothic,0.23,0.0,0.29547,0.617407
2013-12-27,Copper,castnet_gothic,0.23,0.0,0.159626,0.611956
2013-12-28,Copper,castnet_gothic,0.23,0.0,0.295411,0.606554
2013-12-29,Copper,castnet_gothic,0.23,0.0,0.089257,0.601201
2013-12-30,Copper,castnet_gothic,0.23,0.0,0.072655,0.595899
2013-12-31,Copper,castnet_gothic,0.23,0.0,0.105481,0.590649
2014-01-01,Copper,castnet_gothic,0.23,2.522417,0.185636,0.585453
2014-01-02,Copper,castnet_gothic,0.23,1.072895,0.277714,0.580311
2014-01-03,Copper,castnet_gothic,0.23,0.733766,0.331138,0.575223
2014-01-04,Copper,castnet_gothic,0.23,3.072765,0.256272,0.570191
2014-01-05,Copper,castnet_gothic,0.23,2.715287,0.355276,0.565214
2014-01-06,Copper,castnet_gothic,0.23,0.546986,0.12231,0.560294
2014-01-07,Copper,castnet_gothic,0.23,1.411563,0.10678,0.555429
2014-01-08,Copper,castnet_gothic,0.23,3.164879,0.227866,0.550622
2014-01-09,Copper,castnet_gothic,0.23,10.249654,0.469706,0.545871
2014-01-10,Copper,castnet_gothic,0.23,11.067148,0.467519,0.541176
2014-01-11,Copper,castnet_gothic,0.23,3.086665,0.438198,0.536538
2014-01-12,Copper,castnet_gothic,0.23,2.401539,0.314106,0.531956
2014-01-13,Copper,castnet_gothic,0.23,2.530187,0.40969,0.52743
2014-01-14,Copper,castnet_gothic,0.23,1.146056,0.433806,0.52296
2014-01-15,Copper,castnet_gothic,0.23,0.582658,0.374938,0.518546
2014-01-16,Copper,castnet_gothic,0.23,0.0,0.374205,0.514187
2014-01-17,Copper,castnet_gothic,0.23,0.0,0.389522,0.509883
2014-01-18,Copper,castnet_gothic,0.23,0.0,0.097119,0.505633
2014-01-19,Copper,castnet_gothic,0.23,0.0,0.094223,0.501437
2014-01-20,Copper,castnet_gothic,0.23,0.0,0.271008,0.497294
2014-01-21,Copper,castnet_gothic,0.23,0.0,0.20557,0.493205
2014-01-22,Copper,castnet_gothic,0.23,0.0,0.167096,0.489168
2014-01-23,Copper,castnet_gothic,0.23,0.0,0.389366,0.485183
2014-01-24,Copper,castnet_gothic,0.23,0.0,0.332928,0.481249
2014-01-25,Copper,castnet_gothic,0.23,0.0,0.189079,0.477366
2014-01-26,Copper,castnet_gothic,0.23,0.0,0.056746,0.473533
2014-01-27,Copper,castnet_gothic,0.23,0.574294,-0.008191,0.46975
2014-01-28,Copper,castnet_gothic,0.23,0.598732,0.087761,0.466016
2014-01-29,Copper,castnet_gothic,0.23,6.594742,0.12491,0.46233
2014-01-30,Copper,castnet_gothic,0.23,26.487118,0.019386,0.458692
2014-01-31,Copper,castnet_gothic,0.23,40.058037,0.157828,0.455102
2014-02-01,Copper,castnet_gothic,0.23,9.122277,0.621446,0.451558
2014-02-02,Copper,castnet_gothic,0.23,1.243104,0.370518,0.448059
2014-02-03,Copper,castnet_gothic,0.23,2.84149,0.356024,0.444606
2014-02-04,Copper,castnet_gothic,0.23,6.527216,0.523399,0.441198
2014-02-05,Copper,castnet_gothic,0.23,5.767723,0.213228,0.437834
2014-02-06,Copper,castnet_gothic,0.23,5.669625,0.342069,0.434513
2014-02-07,Copper,castnet_gothic,0.23,13.887032,0.430717,0.431235
2014-02-08,Copper,castnet_gothic,0.23,22.376387,0.660211,0.428
2014-02-09,Copper,castnet_gothic,0.23,24.022341,0.378178,0.424805
2014-02-10,Copper,castnet_gothic,0.23,15.631198,0.444048,0.421652
2014-02-11,Copper,castnet_gothic,0.23,4.219638,0.54447,0.418539
2014-02-12,Copper,castnet_gothic,0.23,0.54741,0.503126,0.415466
2014-02-13,Copper,castnet_gothic,0.23,3.705912,0.303295,0.412432
2014-02-14,Copper,castnet_gothic,0.23,3.732612,0.109452,0.409437
2014-02-15,Copper,castnet_gothic,0.23,0.483735,-0.048138,0.40648
2014-02-16,Copper,castnet_gothic,0.23,0.0,0.037018,0.40356
2014-02-17,Copper,castnet_gothic,0.23,0.0,0.238515,0.400677
2014-02-18,Copper,castnet_gothic,0.23,0.0,0.411785,0.39783
2014-02-19,Copper,castnet_gothic,0.23,3.642938,0.290466,0.395019
2014-02-20,Copper,castnet_gothic,0.23,5.637236,0.359859,0.392243
2014-02-21,Copper,castnet_gothic,0.23,1.917547,0.488712,0.389502
2014-02-22,Copper,castnet_gothic,0.23,0.191639,0.81453,0.386795
2014-02-23,Copper,castnet_gothic,0.23,0.199793,0.265289,0.384121
2014-02-24,Copper,castnet_gothic,0.23,0.0,0.062464,0.381481
2014-02-25,Copper,castnet_gothic,0.23,0.0,-0.020714,0.378873
2014-02-26,Copper,castnet_gothic,0.23,0.0,0.035444,0.376297
2014-02-27,Copper,castnet_gothic,0.23,6.7556,0.155178,0.373752
2014-02-28,Copper,castnet_gothic,0.23,13.798672,0.252828,0.371239
2014-03-01,Copper,castnet_gothic,0.23,20.767658,-0.048611,0.368756
2014-03-02,Copper,castnet_gothic,0.23,14.055086,-0.005614,0.366303
2014-03-03,Copper,castnet_gothic,0.23,0.0,0.069427,0.36388
2014-03-04,Copper,castnet_gothic,0.23,0.0,0.188945,0.361486
2014-03-05,Copper,castnet_gothic,0.23,0.80807,0.23284,0.35912
2014-03-06,Copper,castnet_gothic,0.23,0.99389,0.211696,0.356783
2014-03-07,Copper,castnet_gothic,0.23,1.514417,0.166276,0.354474
2014-03-08,Copper,castnet_gothic,0.23,1.414265,0.249742,0.352191
2014-03-09,Copper,castnet_gothic,0.23,0.830128,0.322026,0.349936
2014-03-10,Copper,castnet_gothic,0.23,1.873313,0.09291,0.347708
2014-03-11,Copper,castnet_gothic,0.23,2.679614,0.476895,0.345505
2014-03-12,Copper,castnet_gothic,0.23,1.698179,0.569075,0.343328
2014-03-13,Copper,castnet_gothic,0.23,0.163735,0.645428,0.341177
2014-03-14,Copper,castnet_gothic,0.23,0.541015,0.687244,0.33905
2014-03-15,Copper,castnet_gothic,0.23,0.85649,0.428482,0.336948
2014-03-16,Copper,castnet_gothic,0.23,0.490438,0.465262,0.33487
2014-03-17,Copper,castnet_gothic,0.23,0.169249,0.442326,0.332815
2014-03-18,Copper,castnet_gothic,0.23,0.383877,0.539512,0.330785
2014-03-19,Copper,castnet_gothic,0.23,0.216252,0.66483,0.328777
2014-03-20,Copper,castnet_gothic,0.23,0.0,0.603407,0.326792
2014-03-21,Copper,castnet_gothic,0.23,0.160766,0.538446,0.324829
2014-03-22,Copper,castnet_gothic,0.23,4.373389,0.708621,0.322888
2014-03-23,Copper,castnet_gothic,0.23,4.384752,0.711364,0.320969
2014-03-24,Copper,castnet_gothic,0.23,0.0,0.813963,0.319071
2014-03-25,Copper,castnet_gothic,0.23,1.75909,0.387257,0.317194
2014-03-26,Copper,castnet_gothic,0.23,11.837048,0.390037,0.315338
2014-03-27,Copper,castnet_gothic,0.23,15.2581,0.395098,0.313502
2014-03-28,Copper,castnet_gothic,0.23,5.585427,0.684192,0.311686
2014-03-29,Copper,castnet_gothic,0.23,0.57402,0.837755,0.309891
2014-03-30,Copper,castnet_gothic,0.23,1.788359,0.473732,0.308114
2014-03-31,Copper,castnet_gothic,0.23,3.652818,0.238786,0.306357
2014-04-01,Copper,castnet_gothic,0.23,2.587573,0.68786,0.304618
2014-04-02,Copper,castnet_gothic,0.23,4.670683,0.541716,0.302899
2014-04-03,Copper,castnet_gothic,0.23,5.205626,0.526331,0.301197
2014-04-04,Copper,castnet_gothic,0.23,0.689365,0.646173,0.299514
2014-04-05,Copper,castnet_gothic,0.23,0.0,0.437047,0.297848
2014-04-06,Copper,castnet_gothic,0.23,3.471077,0.48988,0.2962
2014-04-07,Copper,castnet_gothic,0.23,5.208468,0.613659,0.29457
2014-04-08,Copper,castnet_gothic,0.23,1.657333,0.286009,0.292956
2014-04-09,Copper,castnet_gothic,0.23,0.0,0.161367,0.291359
2014-04-10,Copper,castnet_gothic,0.23,0.0,-0.003726,0.289779
2014-04-11,Copper,castnet_gothic,0.23,0.0,-0.032868,0.288215
2014-04-12,Copper,castnet_gothic,0.23,1.394402,0.01419,0.286667
2014-04-13,Copper,castnet_gothic,0.23,8.169772,0.750601,0.285134
2014-04-14,Copper,castnet_gothic,0.23,7.001823,0.732739,0.283618
2014-04-15,Copper,castnet_gothic,0.23,0.0,0.654145,0.282117
2014-04-16,Copper,castnet_gothic,0.23,0.0,0.651561,0.280631
2014-04-17,Copper,castnet_gothic,0.23,0.0,0.442589,0.27916
2014-04-18,Copper,castnet_gothic,0.23,0.0,0.076744,0.277703
2014-04-19,Copper,castnet_gothic,0.23,0.0,0.016915,0.67682
2014-04-20,Copper,castnet_gothic,0.23,0.0,-0.097195,0.549814
2014-04-21,Copper,castnet_gothic,0.23,0.0,-0.16048,0.877141
2014-04-22,Copper,castnet_gothic,0.23,0.261359,-0.076378,0.676939
2014-04-23,Copper,castnet_gothic,0.23,0.543627,0.102375,0.828433
2014-04-24,Copper,castnet_gothic,0.23,0.282685,0.193258,0.775698
2014-04-25,Copper,castnet_gothic,0.23,0.0,-0.108976,0.974544
2014-04-26,Copper,castnet_gothic,0.23,2.518635,-0.116401,0.800203
2014-04-27,Copper,castnet_gothic,0.23,6.71015,0.265409,0.806281
2014-04-28,Copper,castnet_gothic,0.23,8.933719,0.632624,0.298544
2014-04-29,Copper,castnet_gothic,0.23,6.416749,0.604014,0.2626
2014-04-30,Copper,castnet_gothic,0.23,3.150048,0.786694,0.28559
2014-05-01,Copper,castnet_gothic,0.23,0.588555,0.964688,0.304844
2014-05-02,Copper,castnet_gothic,0.23,0.0,0.082705,0.258753
2014-05-03,Copper,castnet_gothic,0.23,0.0,-0.073857,0.96713
2014-05-04,Copper,castnet_gothic,0.23,0.0,-0.108762,0.975955
2014-05-05,Copper,castnet_gothic,0.23,0.0,-0.119208,1.167107
2014-05-06,Copper,castnet_gothic,0.23,0.0,-0.0996,0.891374
2014-05-07,Copper,castnet_gothic,0.23,0.43049,-0.077539,1.370539
2014-05-08,Copper,castnet_gothic,0.23,2.044503,0.087883,0.806593
2014-05-09,Copper,castnet_gothic,0.23,7.221079,0.08601,1.309094
2014-05-10,Copper,castnet_gothic,0.23,8.334364,-0.017092,1.676082
2014-05-11,Copper,castnet_gothic,0.23,19.607325,0.29553,2.084535
2014-05-12,Copper,castnet_gothic,0.23,20.814686,0.969739,0.31566
2014-05-13,Copper,castnet_gothic,0.23,3.446907,1.105559,0.566033
2014-05-14,Copper,castnet_gothic,0.23,0.186964,1.102346,1.137243
2014-05-15,Copper,castnet_gothic,0.23,0.23789,0.157521,2.984127
2014-05-16,Copper,castnet_gothic,0.23,1.794757,0.07249,3.956387
2014-05-17,Copper,castnet_gothic,0.23,1.612563,-0.200599,4.032444
2014-05-18,Copper,castnet_gothic,0.23,0.0,-0.422054,4.873691
2014-05-19,Copper,castnet_gothic,0.23,0.0,-0.477699,5.211149
2014-05-20,Copper,castnet_gothic,0.23,0.0,-0.314404,5.466578
2014-05-21,Copper,castnet_gothic,0.23,0.0,-0.262079,6.732601
2014-05-22,Copper,castnet_gothic,0.23,0.172013,-0.335778,10.629643
2014-05-23,Copper,castnet_gothic,0.23,0.91176,-0.169059,11.617226
2014-05-24,Copper,castnet_gothic,0.23,2.617766,-0.07842,11.590653
2014-05-25,Copper,castnet_gothic,0.23,3.992196,0.055048,12.240008
2014-05-26,Copper,castnet_gothic,0.23,2.146745,-0.033762,13.059967
2014-05-27,Copper,castnet_gothic,0.23,0.158746,-0.266308,20.721605
2014-05-28,Copper,castnet_gothic,0.23,0.165501,-0.314206,28.775347
2014-05-29,Copper,castnet_gothic,0.23,0.409903,-0.353966,26.306583
2014-05-30,Copper,castnet_gothic,0.23,1.7362,-0.250491,22.014599
2014-05-31,Copper,castnet_gothic,0.23,2.673404,-0.152708,19.005068
2014-06-01,Copper,castnet_gothic,0.23,0.36644,-0.368231,18.042356
2014-06-02,Copper,castnet_gothic,0.23,0.0,-0.520625,18.664581
2014-06-03,Copper,castnet_gothic,0.23,0.0,-0.311946,19.789045
2014-06-04,Copper,castnet_gothic,0.23,0.0,-0.251363,22.804045
2014-06-05,Copper,castnet_gothic,0.23,0.0,-0.338325,23.869585
2014-06-06,Copper,castnet_gothic,0.23,0.0,-0.360611,26.271357
2014-06-07,Copper,castnet_gothic,0.23,0.0,-0.055968,29.441711
2014-06-08,Copper,castnet_gothic,0.23,2.897871,1.502985,27.567442
2014-06-09,Copper,castnet_gothic,0.23,3.021185,1.779032,25.493856
2014-06-10,Copper,castnet_gothic,0.23,0.0,2.385395,19.394318
2014-06-11,Copper,castnet_gothic,0.23,3.075215,2.269808,14.397677
2014-06-12,Copper,castnet_gothic,0.23,3.206075,2.328294,10.584152
2014-06-13,Copper,castnet_gothic,0.23,0.0,2.28407,7.757956
2014-06-14,Copper,castnet_gothic,0.23,0.679998,2.317521,6.783321
2014-06-15,Copper,castnet_gothic,0.23,0.708934,2.514808,5.962865
2014-06-16,Copper,castnet_gothic,0.23,0.0,2.576401,5.232507
2014-06-17,Copper,castnet_gothic,0.23,0.0,2.000038,4.677186
2014-06-18,Copper,castnet_gothic,0.23,0.0,2.750823,4.206763
2014-06-19,Copper,castnet_gothic,0.23,0.0,2.615269,3.804683
2014-06-20,Copper,castnet_gothic,0.23,0.0,2.802315,3.458646
2014-06-21,Copper,castnet_gothic,0.23,0.0,2.452966,3.148483
2014-06-22,Copper,castnet_gothic,0.23,0.0,2.493613,2.673057
2014-06-23,Copper,castnet_gothic,0.23,0.0,2.777137,2.378524
2014-06-24,Copper,castnet_gothic,0.23,0.0,2.748326,2.182299
2014-06-25,Copper,castnet_gothic,0.23,0.0,2.562176,2.025905
2014-06-26,Copper,castnet_gothic,0.23,0.0,2.388582,1.894459
2014-06-27,Copper,castnet_gothic,0.23,0.233432,2.405661,1.814297
2014-06-28,Copper,castnet_gothic,0.23,0.243365,2.477481,1.708067
2014-06-29,Copper,castnet_gothic,0.23,0.0,2.646723,1.59481
2014-06-30,Copper,castnet_gothic,0.23,0.0,2.341593,1.5167
2014-07-01,Copper,castnet_gothic,0.23,0.0,2.286013,1.446421
2014-07-02,Copper,castnet_gothic,0.23,0.0,0.718277,1.382752
2014-07-03,Copper,castnet_gothic,0.23,0.0,1.348801,1.32474
2014-07-04,Copper,castnet_gothic,0.23,0.0,1.462677,1.27161
2014-07-05,Copper,castnet_gothic,0.23,0.0,1.946079,1.222722
2014-07-06,Copper,castnet_gothic,0.23,0.0,0.728592,1.177551
2014-07-07,Copper,castnet_gothic,0.23,0.0,0.883025,1.135666
2014-07-08,Copper,castnet_gothic,0.23,0.694711,0.995149,1.18545
2014-07-09,Copper,castnet_gothic,0.23,0.724274,1.899673,1.14895
2014-07-10,Copper,castnet_gothic,0.23,2.248833,2.330865,1.199514
2014-07-11,Copper,castnet_gothic,0.23,3.175206,0.667394,1.25791
2014-07-12,Copper,castnet_gothic,0.23,3.751592,0.110699,1.276534
2014-07-13,Copper,castnet_gothic,0.23,3.008356,0.236743,1.213687
2014-07-14,Copper,castnet_gothic,0.23,0.0,0.315545,0.909495
2014-07-15,Copper,castnet_gothic,0.23,0.928676,1.895294,1.005496
2014-07-16,Copper,castnet_gothic,0.23,5.094903,1.472123,1.251557
2014-07-17,Copper,castnet_gothic,0.23,4.302314,1.434078,1.184416
2014-07-18,Copper,castnet_gothic,0.23,0.627498,1.371503,0.883414
2014-07-19,Copper,castnet_gothic,0.23,0.6542,0.623948,0.876937
2014-07-20,Copper,castnet_gothic,0.23,0.800406,1.398691,0.858052
2014-07-21,Copper,castnet_gothic,0.23,0.834466,1.444886,0.815471
2014-07-22,Copper,castnet_gothic,0.23,0.0,0.208439,0.679981
2014-07-23,Copper,castnet_gothic,0.23,1.041041,0.795516,0.786124
2014-07-24,Copper,castnet_gothic,0.23,2.015043,1.020951,0.84
2014-07-25,Copper,castnet_gothic,0.23,1.439246,0.155476,0.766354
2014-07-26,Copper,castnet_gothic,0.23,0.489981,0.99771,0.689839
2014-07-27,Copper,castnet_gothic,0.23,3.415579,2.190569,0.87754
2014-07-28,Copper,castnet_gothic,0.23,9.056018,0.342791,1.28604
2014-07-29,Copper,castnet_gothic,0.23,9.430807,0.578458,1.301121
2014-07-30,Copper,castnet_gothic,0.23,4.334518,2.054513,0.92713
2014-07-31,Copper,castnet_gothic,0.23,0.970443,1.781021,0.673073
2014-08-01,Copper,castnet_gothic,0.23,5.985798,2.232415,1.028217
2014-08-02,Copper,castnet_gothic,0.23,2.647388,1.76909,0.783013
2014-08-03,Copper,castnet_gothic,0.23,1.398381,1.09551,0.694412
2014-08-04,Copper,castnet_gothic,0.23,3.281271,1.8704,0.829255
2014-08-05,Copper,castnet_gothic,0.23,2.534836,2.064964,0.764116
2014-08-06,Copper,castnet_gothic,0.23,0.794407,1.542609,0.633273
2014-08-07,Copper,castnet_gothic,0.23,0.139256,0.450468,0.583868
2014-08-08,Copper,castnet_gothic,0.23,0.0,0.953359,0.552136
2014-08-09,Copper,castnet_gothic,0.23,0.0,2.160397,0.547433
2014-08-10,Copper,castnet_gothic,0.23,0.0,1.993131,0.542747
2014-08-11,Copper,castnet_gothic,0.23,0.0,1.150384,0.53808
2014-08-12,Copper,castnet_gothic,0.23,0.808234,1.149394,0.615886
2014-08-13,Copper,castnet_gothic,0.23,1.153972,1.296786,0.635951
2014-08-14,Copper,castnet_gothic,0.23,1.587459,0.840687,0.658175
2014-08-15,Copper,castnet_gothic,0.23,1.316605,0.84178,0.64039
2014-08-16,Copper,castnet_gothic,0.23,0.0,1.481972,0.515151
2014-08-17,Copper,castnet_gothic,0.23,0.0,0.922032,0.510661
2014-08-18,Copper,castnet_gothic,0.23,0.807748,1.598404,0.594238
2014-08-19,Copper,castnet_gothic,0.23,6.33413,1.944267,0.95839
2014-08-20,Copper,castnet_gothic,0.23,6.503345,1.600665,0.98311
2014-08-21,Copper,castnet_gothic,0.23,2.423307,1.145697,0.668047
2014-08-22,Copper,castnet_gothic,0.23,7.726445,1.209551,1.036057
2014-08-23,Copper,castnet_gothic,0.23,15.454377,1.970833,1.561862
2014-08-24,Copper,castnet_gothic,0.23,9.541333,0.857305,1.167808
2014-08-25,Copper,castnet_gothic,0.23,2.948306,1.009887,0.693639
2014-08-26,Copper,castnet_gothic,0.23,9.373038,1.867906,1.136577
2014-08-27,Copper,castnet_gothic,0.23,11.543504,1.888231,1.282574
2014-08-28,Copper,castnet_gothic,0.23,6.069021,1.981109,0.895894
2014-08-29,Copper,castnet_gothic,0.23,0.918585,1.635107,0.523815
2014-08-30,Copper,castnet_gothic,0.23,0.40266,1.234013,0.488975
2014-08-31,Copper,castnet_gothic,0.23,0.822454,1.358078,0.518107
2014-09-01,Copper,castnet_gothic,0.23,0.0,1.613747,0.448106
2014-09-02,Copper,castnet_gothic,0.23,0.0,1.969767,0.444281
2014-09-03,Copper,castnet_gothic,0.23,0.0,1.626099,0.4405
2014-09-04,Copper,castnet_gothic,0.23,3.318526,1.916488,0.66307
2014-09-05,Copper,castnet_gothic,0.23,3.459739,1.65322,0.682338
2014-09-06,Copper,castnet_gothic,0.23,0.0,1.586989,0.429418
2014-09-07,Copper,castnet_gothic,0.23,0.297551,1.520961,0.453997
2014-09-08,Copper,castnet_gothic,0.23,7.726041,1.555538,0.947164
2014-09-09,Copper,castnet_gothic,0.23,21.089527,1.553181,1.874172
2014-09-10,Copper,castnet_gothic,0.23,13.926564,1.280432,1.400468
2014-09-11,Copper,castnet_gothic,0.23,0.0,0.899633,0.412025
2014-09-12,Copper,castnet_gothic,0.23,0.0,1.460312,0.40887
2014-09-13,Copper,castnet_gothic,0.23,0.0,1.742432,0.40596
2014-09-14,Copper,castnet_gothic,0.23,0.0,0.71138,0.403418
2014-09-15,Copper,castnet_gothic,0.23,0.0,0.928242,0.401425
2014-09-16,Copper,castnet_gothic,0.23,0.0,0.465726,0.400275
2014-09-17,Copper,castnet_gothic,0.23,0.0,-0.375127,0.400644
2014-09-18,Copper,castnet_gothic,0.23,0.0,0.353834,0.404288
2014-09-19,Copper,castnet_gothic,0.23,0.0,1.59628,0.4146
2014-09-20,Copper,castnet_gothic,0.23,0.595103,1.337305,0.472683
2014-09-21,Copper,castnet_gothic,0.23,10.259624,0.969327,1.187485
2014-09-22,Copper,castnet_gothic,0.23,11.955452,0.641346,1.34302
2014-09-23,Copper,castnet_gothic,0.23,2.128613,-0.115713,0.684661
2014-09-24,Copper,castnet_gothic,0.23,0.147447,0.930807,0.582427
2014-09-25,Copper,castnet_gothic,0.23,0.0,0.534387,0.566951
2014-09-26,Copper,castnet_gothic,0.23,0.0,0.348579,0.588176
2014-09-27,Copper,castnet_gothic,0.23,0.128572,-0.181575,0.632136
2014-09-28,Copper,castnet_gothic,0.23,6.168644,0.024176,1.095184
2014-09-29,Copper,castnet_gothic,0.23,11.577523,0.863452,1.480773
2014-09-30,Copper,castnet_gothic,0.23,10.657123,0.640447,1.422975
2014-10-01,Copper,castnet_gothic,0.23,7.635147,1.354599,1.200898
2014-10-02,Copper,castnet_gothic,0.23,5.79246,1.067143,1.09274
2014-10-03,Copper,castnet_gothic,0.23,0.0,0.611671,0.690551
2014-10-04,Copper,castnet_gothic,0.23,0.0,0.826736,0.702488
2014-10-05,Copper,castnet_gothic,0.23,0.0,0.414866,0.715242
2014-10-06,Copper,castnet_gothic,0.23,0.0,0.601329,0.731504
2014-10-07,Copper,castnet_gothic,0.23,0.0,0.624116,0.76064
2014-10-08,Copper,castnet_gothic,0.23,0.0,0.583356,0.818018
2014-10-09,Copper,castnet_gothic,0.23,2.331274,0.245293,1.145608
2014-10-10,Copper,castnet_gothic,0.23,3.344234,0.601628,1.491223
2014-10-11,Copper,castnet_gothic,0.23,1.242023,0.241096,1.557763
2014-10-12,Copper,castnet_gothic,0.23,4.91559,0.816514,2.012961
2014-10-13,Copper,castnet_gothic,0.23,4.81023,2.523917,2.131478
2014-10-14,Copper,castnet_gothic,0.23,0.0,0.567806,1.797794
2014-10-15,Copper,castnet_gothic,0.23,0.360334,0.709742,1.844755
2014-10-16,Copper,castnet_gothic,0.23,0.375667,0.925576,1.842928
2014-10-17,Copper,castnet_gothic,0.23,0.0,1.151263,1.795356
2014-10-18,Copper,castnet_gothic,0.23,0.0,0.383849,1.769643
2014-10-19,Copper,castnet_gothic,0.23,0.0,0.616423,1.740448
2014-10-20,Copper,castnet_gothic,0.23,0.0,0.526004,1.71024
2014-10-21,Copper,castnet_gothic,0.23,3.141644,0.696854,1.921154
2014-10-22,Copper,castnet_gothic,0.23,4.205307,0.742674,1.991871
2014-10-23,Copper,castnet_gothic,0.23,0.969549,0.527713,1.701259
2014-10-24,Copper,castnet_gothic,0.23,0.0,0.224492,1.598099
2014-10-25,Copper,castnet_gothic,0.23,0.0,0.037894,1.57255
2014-10-26,Copper,castnet_gothic,0.23,0.340062,0.301302,1.591889
2014-10-27,Copper,castnet_gothic,0.23,0.63834,0.650537,1.57616
2014-10-28,Copper,castnet_gothic,0.23,0.295884,0.615682,1.518996
2014-10-29,Copper,castnet_gothic,0.23,0.0,0.609424,1.471726
2014-10-30,Copper,castnet_gothic,0.23,0.0,0.225161,1.446116
2014-10-31,Copper,castnet_gothic,0.23,0.0,0.470596,1.420391
2014-11-01,Copper,castnet_gothic,0.23,0.291,0.394264,1.420403
2014-11-02,Copper,castnet_gothic,0.23,7.928285,0.791571,1.980531
2014-11-03,Copper,castnet_gothic,0.23,9.14156,1.751503,1.488034
2014-11-04,Copper,castnet_gothic,0.23,1.242925,1.396179,1.318714
2014-11-05,Copper,castnet_gothic,0.23,0.0,0.349213,1.614171
2014-11-06,Copper,castnet_gothic,0.23,0.0,0.152987,1.55423
2014-11-07,Copper,castnet_gothic,0.23,0.0,0.312161,1.246532
2014-11-08,Copper,castnet_gothic,0.23,0.0,0.308376,1.223489
2014-11-09,Copper,castnet_gothic,0.23,0.0,0.312272,1.200959
2014-11-10,Copper,castnet_gothic,0.23,0.843295,1.677894,1.219095
2014-11-11,Copper,castnet_gothic,0.23,0.87918,1.04507,1.157394
2014-11-12,Copper,castnet_gothic,0.23,1.917679,0.59916,1.136336
2014-11-13,Copper,castnet_gothic,0.23,8.611223,0.411896,1.115752
2014-11-14,Copper,castnet_gothic,0.23,15.658036,0.295857,1.095649
2014-11-15,Copper,castnet_gothic,0.23,14.293637,0.165773,1.076036
2014-11-16,Copper,castnet_gothic,0.23,5.375336,0.0,1.056929
2014-11-17,Copper,castnet_gothic,0.23,0.0,0.0,1.03835
2014-11-18,Copper,castnet_gothic,0.23,0.0,-0.000556,1.020318
2014-11-19,Copper,castnet_gothic,0.23,0.0,-0.000985,1.002846
2014-11-20,Copper,castnet_gothic,0.23,0.0,0.000278,0.985938
2014-11-21,Copper,castnet_gothic,0.23,0.0,0.0,0.969589
2014-11-22,Copper,castnet_gothic,0.23,7.123959,0.074133,0.95378
2014-11-23,Copper,castnet_gothic,0.23,9.671532,-0.018761,0.938482
2014-11-24,Copper,castnet_gothic,0.23,5.442253,-5e-05,0.923658
2014-11-25,Copper,castnet_gothic,0.23,6.711733,-0.001269,0.909265
2014-11-26,Copper,castnet_gothic,0.23,3.625373,-0.01678,0.895258
2014-11-27,Copper,castnet_gothic,0.23,0.0,-0.004667,0.881593
2014-11-28,Copper,castnet_gothic,0.23,0.0,-0.054622,0.868229
2014-11-29,Copper,castnet_gothic,0.23,0.0,-0.122274,0.855129
2014-11-30,Copper,castnet_gothic,0.23,0.0,-0.136357,0.842262
2014-12-01,Copper,castnet_gothic,0.23,1.779097,-0.006471,0.829601
2014-12-02,Copper,castnet_gothic,0.23,0.0,0.072172,0.817126
2014-12-03,Copper,castnet_gothic,0.23,0.257175,0.065268,0.804821
2014-12-04,Copper,castnet_gothic,0.23,0.268119,-0.059338,0.792675
2014-12-05,Copper,castnet_gothic,0.23,0.0,0.16286,0.775861
2014-12-06,Copper,castnet_gothic,0.23,0.0,-0.015836,0.763
2014-12-07,Copper,castnet_gothic,0.23,0.0,-0.007738,0.756902
2014-12-08,Copper,castnet_gothic,0.23,0.0,-0.02464,0.752035
2014-12-09,Copper,castnet_gothic,0.23,0.0,0.07027,0.747346
2014-12-10,Copper,castnet_gothic,0.23,0.0,0.197353,0.742638
2014-12-11,Copper,castnet_gothic,0.23,0.0,0.367499,0.737869
2014-12-12,Copper,castnet_gothic,0.23,0.0,0.230791,0.733029
2014-12-13,Copper,castnet_gothic,0.23,2.77629,0.171645,0.728136
2014-12-14,Copper,castnet_gothic,0.23,3.660442,0.252766,0.723142
2014-12-15,Copper,castnet_gothic,0.23,1.143012,0.54491,0.718091
2014-12-16,Copper,castnet_gothic,0.23,1.917652,0.507274,0.71299
2014-12-17,Copper,castnet_gothic,0.23,3.613638,0.286349,0.707839
2014-12-18,Copper,castnet_gothic,0.23,2.82783,-0.009146,0.702645
2014-12-19,Copper,castnet_gothic,0.23,0.950016,0.038364,0.697415
2014-12-20,Copper,castnet_gothic,0.23,2.411769,0.094089,0.692157
2014-12-21,Copper,castnet_gothic,0.23,8.978204,0.117953,0.686876
2014-12-22,Copper,castnet_gothic,0.23,10.849863,0.352885,0.681578
2014-12-23,Copper,castnet_gothic,0.23,4.657347,0.364108,0.676271
2014-12-24,Copper,castnet_gothic,0.23,4.829639,0.26574,0.67096
2014-12-25,Copper,castnet_gothic,0.23,9.584167,0.377466,0.665649
2014-12-26,Copper,castnet_gothic,0.23,5.692554,0.284996,0.660344
2014-12-27,Copper,castnet_gothic,0.23,0.548611,0.197281,0.65505
2014-12-28,Copper,castnet_gothic,0.23,4.984141,0.278726,0.64977
2014-12-29,Copper,castnet_gothic,0.23,7.265654,0.141251,0.644509
2014-12-30,Copper,castnet_gothic,0.23,2.993073,0.1256,0.639271
2014-12-31,Copper,castnet_gothic,0.23,1.185752,0.161611,0.634058
2015-01-01,Copper,castnet_gothic,0.23,1.468209,0.240335,0.628875
2015-01-02,Copper,castnet_gothic,0.23,1.919558,0.287751,0.623723
2015-01-03,Copper,castnet_gothic,0.23,1.733676,0.36146,0.618605
2015-01-04,Copper,castnet_gothic,0.23,2.173367,0.293745,0.613525
2015-01-05,Copper,castnet_gothic,0.23,1.155242,0.337593,0.608483
2015-01-06,Copper,castnet_gothic,0.23,0.347271,-0.06819,0.603482
2015-01-07,Copper,castnet_gothic,0.23,0.0,-0.094287,0.598524
2015-01-08,Copper,castnet_gothic,0.23,0.0,0.01887,0.593609
2015-01-09,Copper,castnet_gothic,0.23,0.0,0.355437,0.588741
2015-01-10,Copper,castnet_gothic,0.23,0.705959,0.400699,0.583918
2015-01-11,Copper,castnet_gothic,0.23,2.868855,0.370319,0.579144
2015-01-12,Copper,castnet_gothic,0.23,4.998908,0.220489,0.574417
2015-01-13,Copper,castnet_gothic,0.23,4.080662,0.320519,0.569741
2015-01-14,Copper,castnet_gothic,0.23,1.237794,0.421729,0.565113
2015-01-15,Copper,castnet_gothic,0.23,0.0,0.429634,0.560537
2015-01-16,Copper,castnet_gothic,0.23,0.267511,0.412652,0.556011
2015-01-17,Copper,castnet_gothic,0.23,0.278894,0.369898,0.551535
2015-01-18,Copper,castnet_gothic,0.23,0.251501,0.096484,0.547111
2015-01-19,Copper,castnet_gothic,0.23,1.522808,0.017874,0.542739
2015-01-20,Copper,castnet_gothic,0.23,1.314247,0.213388,0.538417
2015-01-21,Copper,castnet_gothic,0.23,0.0,0.303189,0.534147
2015-01-22,Copper,castnet_gothic,0.23,0.0,0.263153,0.529927
2015-01-23,Copper,castnet_gothic,0.23,0.0,0.392208,0.525759
2015-01-24,Copper,castnet_gothic,0.23,0.0,0.309679,0.521641
2015-01-25,Copper,castnet_gothic,0.23,0.0,0.136997,0.517574
2015-01-26,Copper,castnet_gothic,0.23,0.0,-0.079907,0.513556
2015-01-27,Copper,castnet_gothic,0.23,0.669293,-0.16953,0.509588
2015-01-28,Copper,castnet_gothic,0.23,0.916739,-0.109391,0.505669
2015-01-29,Copper,castnet_gothic,0.23,0.714761,0.023198,0.501799
2015-01-30,Copper,castnet_gothic,0.23,3.366132,-0.010928,0.497978
2015-01-31,Copper,castnet_gothic,0.23,5.839566,0.124301,0.494204
2015-02-01,Copper,castnet_gothic,0.23,1.67144,0.609783,0.490477
2015-02-02,Copper,castnet_gothic,0.23,1.107343,0.395752,0.486797
2015-02-03,Copper,castnet_gothic,0.23,1.37827,0.169624,0.483164
2015-02-04,Copper,castnet_gothic,0.23,2.926684,0.364535,0.479576
2015-02-05,Copper,castnet_gothic,0.23,2.280623,-0.029741,0.476033
2015-02-06,Copper,castnet_gothic,0.23,0.0,0.014291,0.472534
2015-02-07,Copper,castnet_gothic,0.23,0.169978,-0.056405,0.46908
2015-02-08,Copper,castnet_gothic,0.23,0.177211,0.320101,0.465668
2015-02-09,Copper,castnet_gothic,0.23,0.0,0.28539,0.4623
2015-02-10,Copper,castnet_gothic,0.23,0.0,0.438382,0.458973
2015-02-11,Copper,castnet_gothic,0.23,0.0,0.38029,0.455688
2015-02-12,Copper,castnet_gothic,0.23,0.0,0.44105,0.452444
2015-02-13,Copper,castnet_gothic,0.23,0.0,0.317938,0.44924
2015-02-14,Copper,castnet_gothic,0.23,0.0,0.103596,0.446076
2015-02-15,Copper,castnet_gothic,0.23,0.308916,0.103297,0.442951
2015-02-16,Copper,castnet_gothic,0.23,1.042864,0.268022,0.439865
2015-02-17,Copper,castnet_gothic,0.23,0.751476,0.372259,0.436816
2015-02-18,Copper,castnet_gothic,0.23,0.0,0.588128,0.433805
2015-02-19,Copper,castnet_gothic,0.23,0.0,0.335375,0.430831
2015-02-20,Copper,castnet_gothic,0.23,1.36721,0.325293,0.427892
2015-02-21,Copper,castnet_gothic,0.23,3.205966,0.451989,0.42499
2015-02-22,Copper,castnet_gothic,0.23,11.672175,0.809461,0.422122
2015-02-23,Copper,castnet_gothic,0.23,13.198032,0.386017,0.41929
2015-02-24,Copper,castnet_gothic,0.23,3.090655,0.197361,0.416491
2015-02-25,Copper,castnet_gothic,0.23,1.445055,0.220325,0.413725
2015-02-26,Copper,castnet_gothic,0.23,3.501935,0.272197,0.410993
2015-02-27,Copper,castnet_gothic,0.23,3.152881,0.392871,0.408293
2015-02-28,Copper,castnet_gothic,0.23,2.190807,0.478396,0.405625
2015-03-01,Copper,castnet_gothic,0.23,15.844759,0.118277,0.402988
2015-03-02,Copper,castnet_gothic,0.23,16.067163,0.005141,0.400383
2015-03-03,Copper,castnet_gothic,0.23,12.414003,0.106466,0.397807
2015-03-04,Copper,castnet_gothic,0.23,4.924848,0.237486,0.395262
2015-03-05,Copper,castnet_gothic,0.23,0.892029,0.353917,0.392746
2015-03-06,Copper,castnet_gothic,0.23,0.366898,0.42928,0.390259
2015-03-07,Copper,castnet_gothic,0.23,0.790972,0.225662,0.387801
2015-03-08,Copper,castnet_gothic,0.23,0.824631,0.180665,0.385371
2015-03-09,Copper,castnet_gothic,0.23,0.0,0.307005,0.382969
2015-03-10,Copper,castnet_gothic,0.23,0.0,0.293526,0.380594
2015-03-11,Copper,castnet_gothic,0.23,0.0,0.325539,0.378245
2015-03-12,Copper,castnet_gothic,0.23,0.0,0.351991,0.375923
2015-03-13,Copper,castnet_gothic,0.23,0.0,0.60743,0.373627
2015-03-14,Copper,castnet_gothic,0.23,0.0,0.626954,0.371357
2015-03-15,Copper,castnet_gothic,0.23,0.0,-0.04289,0.369112
2015-03-16,Copper,castnet_gothic,0.23,0.0,-0.064353,0.366891
2015-03-17,Copper,castnet_gothic,0.23,0.0,-0.104867,0.364695
2015-03-18,Copper,castnet_gothic,0.23,1.014768,-0.087455,0.362523
2015-03-19,Copper,castnet_gothic,0.23,1.057949,0.083511,0.583741
2015-03-20,Copper,castnet_gothic,0.23,0.0,0.034536,0.699029
2015-03-21,Copper,castnet_gothic,0.23,0.0,0.042984,0.667033
2015-03-22,Copper,castnet_gothic,0.23,0.0,-0.006875,0.973318
2015-03-23,Copper,castnet_gothic,0.23,2.336186,0.086472,0.939074
2015-03-24,Copper,castnet_gothic,0.23,3.520409,0.839135,0.769461
2015-03-25,Copper,castnet_gothic,0.23,1.978321,0.647404,0.430399
2015-03-26,Copper,castnet_gothic,0.23,0.883406,0.740843,0.422329
2015-03-27,Copper,castnet_gothic,0.23,0.0,-0.003941,0.397684
2015-03-28,Copper,castnet_gothic,0.23,0.0,-0.156402,1.106739
2015-03-29,Copper,castnet_gothic,0.23,0.0,-0.038662,1.046195
2015-03-30,Copper,castnet_gothic,0.23,0.0,-0.085574,0.713222
2015-03-31,Copper,castnet_gothic,0.23,0.0,-0.127334,0.796442
2015-04-01,Copper,castnet_gothic,0.23,0.749316,-0.088918,1.021294
2015-04-02,Copper,castnet_gothic,0.23,1.004604,0.193237,0.742302
2015-04-03,Copper,castnet_gothic,0.23,0.232908,0.650511,0.387901
2015-04-04,Copper,castnet_gothic,0.23,0.0,0.628473,0.32914
2015-04-05,Copper,castnet_gothic,0.23,0.0,0.012364,0.327155
2015-04-06,Copper,castnet_gothic,0.23,0.0,-0.049989,0.758977
2015-04-07,Copper,castnet_gothic,0.23,0.0,-0.040972,0.865714
2015-04-08,Copper,castnet_gothic,0.23,0.643835,0.222513,0.810945
2015-04-09,Copper,castnet_gothic,0.23,0.671232,0.770424,0.412799
2015-04-10,Copper,castnet_gothic,0.23,0.0,0.095856,0.413759
2015-04-11,Copper,castnet_gothic,0.23,0.0,0.021723,0.55212
2015-04-12,Copper,castnet_gothic,0.23,0.0,0.046316,1.017222
2015-04-13,Copper,castnet_gothic,0.23,0.0,0.018114,0.990853
2015-04-14,Copper,castnet_gothic,0.23,0.330873,0.066149,1.019305
2015-04-15,Copper,castnet_gothic,0.23,0.708665,0.464767,0.767294
2015-04-16,Copper,castnet_gothic,0.23,4.509883,0.840889,0.481232
2015-04-17,Copper,castnet_gothic,0.23,14.54862,0.72158,0.519148
2015-04-18,Copper,castnet_gothic,0.23,14.577816,0.754064,0.58168
2015-04-19,Copper,castnet_gothic,0.23,4.835496,1.084642,0.673229
2015-04-20,Copper,castnet_gothic,0.23,1.313956,0.087585,0.783854
2015-04-21,Copper,castnet_gothic,0.23,0.739238,0.040457,0.978773
2015-04-22,Copper,castnet_gothic,0.23,0.214753,-0.021339,1.741323
2015-04-23,Copper,castnet_gothic,0.23,0.155237,0.046339,2.42032
2015-04-24,Copper,castnet_gothic,0.23,1.460459,0.039215,2.799476
2015-04-25,Copper,castnet_gothic,0.23,4.365571,-0.057625,3.250639
2015-04-26,Copper,castnet_gothic,0.23,5.522639,0.017408,2.874408
2015-04-27,Copper,castnet_gothic,0.23,3.300668,-0.017801,2.974582
2015-04-28,Copper,castnet_gothic,0.23,0.85123,-0.041236,2.881032
2015-04-29,Copper,castnet_gothic,0.23,0.0,-0.088929,2.804057
2015-04-30,Copper,castnet_gothic,0.23,0.0,-0.068678,3.519197
2015-05-01,Copper,castnet_gothic,0.23,0.518958,-0.219198,4.510372
2015-05-02,Copper,castnet_gothic,0.23,0.541042,-0.289593,4.673063
2015-05-03,Copper,castnet_gothic,0.23,2.388677,-0.182451,7.230508
2015-05-04,Copper,castnet_gothic,0.23,3.396542,-0.041071,11.513411
2015-05-05,Copper,castnet_gothic,0.23,8.932334,0.043608,13.524254
2015-05-06,Copper,castnet_gothic,0.23,17.165407,0.308868,19.689915
2015-05-07,Copper,castnet_gothic,0.23,9.748667,0.791811,29.477289
2015-05-08,Copper,castnet_gothic,0.23,4.895573,0.794773,27.907402
2015-05-09,Copper,castnet_gothic,0.23,8.91926,0.873209,27.853731
2015-05-10,Copper,castnet_gothic,0.23,6.678469,2.67407,23.563234
2015-05-11,Copper,castnet_gothic,0.23,2.184073,1.289744,17.443821
2015-05-12,Copper,castnet_gothic,0.23,0.663875,1.450217,12.884483
2015-05-13,Copper,castnet_gothic,0.23,0.692125,1.878678,9.487923
2015-05-14,Copper,castnet_gothic,0.23,0.360823,1.584592,7.726599
2015-05-15,Copper,castnet_gothic,0.23,4.26298,1.615821,7.230242
2015-05-16,Copper,castnet_gothic,0.23,9.734303,1.789731,7.00162
2015-05-17,Copper,castnet_gothic,0.23,7.699615,0.91362,6.238241
2015-05-18,Copper,castnet_gothic,0.23,5.841386,1.073647,5.548608
2015-05-19,Copper,castnet_gothic,0.23,8.291,1.271645,5.290907
2015-05-20,Copper,castnet_gothic,0.23,4.306896,1.482005,4.529706
2015-05-21,Copper,castnet_gothic,0.23,3.633198,1.490774,4.089905
2015-05-22,Copper,castnet_gothic,0.23,7.829313,1.674253,4.126107
2015-05-23,Copper,castnet_gothic,0.23,6.136084,2.028566,3.703426
2015-05-24,Copper,castnet_gothic,0.23,6.727417,1.874822,3.285347
2015-05-25,Copper,castnet_gothic,0.23,5.928125,1.91004,2.911983
2015-05-26,Copper,castnet_gothic,0.23,2.405948,2.021176,2.510061
2015-05-27,Copper,castnet_gothic,0.23,2.158635,1.072424,2.421153
2015-05-28,Copper,castnet_gothic,0.23,3.191334,1.880505,2.494157
2015-05-29,Copper,castnet_gothic,0.23,2.520948,1.920975,2.454134
2015-05-30,Copper,castnet_gothic,0.23,0.0,1.923834,2.264993
2015-05-31,Copper,castnet_gothic,0.23,0.0,1.792188,2.281605
2015-06-01,Copper,castnet_gothic,0.23,0.650167,0.954988,2.344365
2015-06-02,Copper,castnet_gothic,0.23,0.677833,1.468481,2.338962
2015-06-03,Copper,castnet_gothic,0.23,0.0,2.217694,2.242558
2015-06-04,Copper,castnet_gothic,0.23,0.0,2.522431,2.212437
2015-06-05,Copper,castnet_gothic,0.23,2.6085,2.270252,2.3873
2015-06-06,Copper,castnet_gothic,0.23,5.24624,2.270261,2.55238
2015-06-07,Copper,castnet_gothic,0.23,2.634261,2.047156,2.312632
2015-06-08,Copper,castnet_gothic,0.23,0.0,2.264126,2.05667
2015-06-09,Copper,castnet_gothic,0.23,0.0,1.940261,2.010689
2015-06-10,Copper,castnet_gothic,0.23,5.407448,2.786694,2.375261
2015-06-11,Copper,castnet_gothic,0.23,13.319604,2.682014,2.953992
2015-06-12,Copper,castnet_gothic,0.23,8.008948,2.592027,2.519744
2015-06-13,Copper,castnet_gothic,0.23,0.863136,2.512852,1.877599
2015-06-14,Copper,castnet_gothic,0.23,1.135354,2.45072,1.86836
2015-06-15,Copper,castnet_gothic,0.23,0.59899,2.664481,1.769139
2015-06-16,Copper,castnet_gothic,0.23,5.594823,2.648384,2.096911
2015-06-17,Copper,castnet_gothic,0.23,5.448698,2.074535,2.067631
2015-06-18,Copper,castnet_gothic,0.23,0.0,2.605012,1.570647
2015-06-19,Copper,castnet_gothic,0.23,0.0,2.123541,1.52584
2015-06-20,Copper,castnet_gothic,0.23,0.0,2.48499,1.482679
2015-06-21,Copper,castnet_gothic,0.23,0.0,1.979731,1.441236
2015-06-22,Copper,castnet_gothic,0.23,0.0,1.952645,1.401647
2015-06-23,Copper,castnet_gothic,0.23,0.0,2.226998,1.363939
2015-06-24,Copper,castnet_gothic,0.23,1.164229,2.591519,1.441146
2015-06-25,Copper,castnet_gothic,0.23,1.213771,2.519529,1.410967
2015-06-26,Copper,castnet_gothic,0.23,0.0,2.337882,1.261657
2015-06-27,Copper,castnet_gothic,0.23,0.0,2.003546,1.231001
2015-06-28,Copper,castnet_gothic,0.23,0.794594,1.841191,1.285788
2015-06-29,Copper,castnet_gothic,0.23,0.828406,2.572597,1.25622
2015-06-30,Copper,castnet_gothic,0.23,0.0,2.460168,1.147895
2015-07-01,Copper,castnet_gothic,0.23,0.238427,2.090441,1.177378
2015-07-02,Copper,castnet_gothic,0.23,0.511969,0.468237,1.160435
2015-07-03,Copper,castnet_gothic,0.23,3.235604,1.461858,1.361449
2015-07-04,Copper,castnet_gothic,0.23,3.602531,1.74558,1.346162
2015-07-05,Copper,castnet_gothic,0.23,2.607427,2.459525,1.238514
2015-07-06,Copper,castnet_gothic,0.23,3.185188,1.369474,1.255605
2015-07-07,Copper,castnet_gothic,0.23,10.863501,1.977174,1.790177
2015-07-08,Copper,castnet_gothic,0.23,17.149199,2.230678,2.258172
2015-07-09,Copper,castnet_gothic,0.23,10.92074,2.450846,1.769999
2015-07-10,Copper,castnet_gothic,0.23,3.842417,2.693434,1.220594
2015-07-11,Copper,castnet_gothic,0.23,0.823479,1.218604,0.975658
2015-07-12,Copper,castnet_gothic,0.23,1.497917,0.465163,1.017762
2015-07-13,Copper,castnet_gothic,0.23,1.640386,0.479009,1.034789
2015-07-14,Copper,castnet_gothic,0.23,4.805573,0.825301,1.247448
2015-07-15,Copper,castnet_gothic,0.23,4.481865,2.372487,1.205214
2015-07-16,Copper,castnet_gothic,0.23,0.552781,1.676154,0.880605
2015-07-17,Copper,castnet_gothic,0.23,0.506229,1.416492,0.863681
2015-07-18,Copper,castnet_gothic,0.23,2.437146,1.5286,0.989787
2015-07-19,Copper,castnet_gothic,0.23,1.990625,1.309831,0.94311
2015-07-20,Copper,castnet_gothic,0.23,6.165813,1.971986,1.201721
2015-07-21,Copper,castnet_gothic,0.23,9.346106,2.024505,1.453302
2015-07-22,Copper,castnet_gothic,0.23,3.042084,1.095688,0.975411
2015-07-23,Copper,castnet_gothic,0.23,0.0,1.753301,0.733445
2015-07-24,Copper,castnet_gothic,0.23,4.927657,2.001856,1.097281
2015-07-25,Copper,castnet_gothic,0.23,5.137344,0.830506,1.110443
2015-07-26,Copper,castnet_gothic,0.23,0.162052,1.420414,0.745555
2015-07-27,Copper,castnet_gothic,0.23,0.324635,2.503166,0.745661
2015-07-28,Copper,castnet_gothic,0.23,0.162313,0.50911,0.733797
2015-07-29,Copper,castnet_gothic,0.23,0.0,0.214813,0.69413
2015-07-30,Copper,castnet_gothic,0.23,0.0,1.522927,0.688207
2015-07-31,Copper,castnet_gothic,0.23,0.0,1.164457,0.682632
2015-08-01,Copper,castnet_gothic,0.23,1.412781,1.897411,0.807558
2015-08-02,Copper,castnet_gothic,0.23,3.221792,1.539993,0.923554
2015-08-03,Copper,castnet_gothic,0.23,6.245958,1.466253,1.140911
2015-08-04,Copper,castnet_gothic,0.23,5.661042,2.097627,1.090433
2015-08-05,Copper,castnet_gothic,0.23,2.238177,1.930616,0.848795
2015-08-06,Copper,castnet_gothic,0.23,0.0,1.495798,0.667118
2015-08-07,Copper,castnet_gothic,0.23,3.179844,0.576353,0.905924
2015-08-08,Copper,castnet_gothic,0.23,3.315156,1.0431,0.942908
2015-08-09,Copper,castnet_gothic,0.23,0.0,2.207902,0.679843
2015-08-10,Copper,castnet_gothic,0.23,0.71724,1.713795,0.751972
2015-08-11,Copper,castnet_gothic,0.23,7.013448,0.979018,1.211584
2015-08-12,Copper,castnet_gothic,0.23,6.740386,1.269787,1.23129
2015-08-13,Copper,castnet_gothic,0.23,0.216927,1.37209,0.743925
2015-08-14,Copper,castnet_gothic,0.23,0.0,0.357299,0.711841
2015-08-15,Copper,castnet_gothic,0.23,0.291302,0.179904,0.784381
2015-08-16,Copper,castnet_gothic,0.23,1.180542,1.105193,0.834701
2015-08-17,Copper,castnet_gothic,0.23,5.305719,1.151558,1.137668
2015-08-18,Copper,castnet_gothic,0.23,4.578438,2.068043,1.091876
2015-08-19,Copper,castnet_gothic,0.23,0.0,2.358783,0.731374
2015-08-20,Copper,castnet_gothic,0.23,0.0,1.840266,0.733695
2015-08-21,Copper,castnet_gothic,0.23,0.30599,1.079001,0.763765
2015-08-22,Copper,castnet_gothic,0.23,0.31901,0.627214,0.786961
2015-08-23,Copper,castnet_gothic,0.23,0.0,1.317465,0.73872
2015-08-24,Copper,castnet_gothic,0.23,0.0,0.082425,0.739999
2015-08-25,Copper,castnet_gothic,0.23,1.477073,0.425889,0.888535
2015-08-26,Copper,castnet_gothic,0.23,9.943625,1.710419,1.487569
2015-08-27,Copper,castnet_gothic,0.23,15.536646,1.969442,1.891725
2015-08-28,Copper,castnet_gothic,0.23,7.063657,1.957476,1.281075
2015-08-29,Copper,castnet_gothic,0.23,0.0,1.516051,0.746512
2015-08-30,Copper,castnet_gothic,0.23,1.211229,0.876511,0.848318
2015-08-31,Copper,castnet_gothic,0.23,2.474,1.02567,0.951737
2015-09-01,Copper,castnet_gothic,0.23,2.255479,1.561003,0.929375
2015-09-02,Copper,castnet_gothic,0.23,2.230604,1.953128,0.937195
2015-09-03,Copper,castnet_gothic,0.23,4.484792,1.981647,1.081377
2015-09-04,Copper,castnet_gothic,0.23,10.611115,2.11785,1.520215
2015-09-05,Copper,castnet_gothic,0.23,8.466157,1.740616,1.38242
2015-09-06,Copper,castnet_gothic,0.23,4.206823,1.630991,1.069719
2015-09-07,Copper,castnet_gothic,0.23,2.911188,1.630146,0.984514
2015-09-08,Copper,castnet_gothic,0.23,0.830958,1.657889,0.831553
2015-09-09,Copper,castnet_gothic,0.23,0.0,1.161386,0.774504
2015-09-10,Copper,castnet_gothic,0.23,0.0,1.022805,0.782769
2015-09-11,Copper,castnet_gothic,0.23,0.0,0.644128,0.793891
2015-09-12,Copper,castnet_gothic,0.23,0.0,1.268018,0.813522
2015-09-13,Copper,castnet_gothic,0.23,0.0,1.712706,0.848035
2015-09-14,Copper,castnet_gothic,0.23,5.021657,0.781167,1.275422
2015-09-15,Copper,castnet_gothic,0.23,11.075583,1.216993,1.83559
2015-09-16,Copper,castnet_gothic,0.23,6.770751,0.79183,1.631368
2015-09-17,Copper,castnet_gothic,0.23,0.71101,-0.037954,1.271909
2015-09-18,Copper,castnet_gothic,0.23,0.0,0.965276,1.288354
2015-09-19,Copper,castnet_gothic,0.23,0.0,1.718236,1.359079
2015-09-20,Copper,castnet_gothic,0.23,0.0,1.740355,1.408528
2015-09-21,Copper,castnet_gothic,0.23,0.0,1.156181,1.439135
2015-09-22,Copper,castnet_gothic,0.23,0.0,0.424008,1.455103
2015-09-23,Copper,castnet_gothic,0.23,0.0,-0.320776,1.46127
2015-09-24,Copper,castnet_gothic,0.23,0.0,1.064738,1.462143
2015-09-25,Copper,castnet_gothic,0.23,0.0,0.653352,1.46112
2015-09-26,Copper,castnet_gothic,0.23,0.0,0.538501,1.460152
2015-09-27,Copper,castnet_gothic,0.23,0.0,-0.035873,1.459618
2015-09-28,Copper,castnet_gothic,0.23,0.0,-0.30304,1.458777
2015-09-29,Copper,castnet_gothic,0.23,0.0,-0.223426,1.456416
2015-09-30,Copper,castnet_gothic,0.23,0.0,-0.476367,1.451509
2015-10-01,Copper,castnet_gothic,0.23,0.0,0.746973,1.443491
2015-10-02,Copper,castnet_gothic,0.23,0.660938,0.594489,1.540204
2015-10-03,Copper,castnet_gothic,0.23,0.689063,0.473346,1.475103
2015-10-04,Copper,castnet_gothic,0.23,0.0,0.991322,1.400953
2015-10-05,Copper,castnet_gothic,0.23,3.245938,0.49348,1.632835
2015-10-06,Copper,castnet_gothic,0.23,3.655292,0.679948,1.659828
2015-10-07,Copper,castnet_gothic,0.23,0.282771,0.67764,1.374381
2015-10-08,Copper,castnet_gothic,0.23,0.0,0.713288,1.315413
2015-10-09,Copper,castnet_gothic,0.23,0.0,0.09643,1.291636
2015-10-10,Copper,castnet_gothic,0.23,0.0,0.285135,1.267549
2015-10-11,Copper,castnet_gothic,0.23,0.0,-0.113838,1.243359
2015-10-12,Copper,castnet_gothic,0.23,0.0,0.463739,1.219245
2015-10-13,Copper,castnet_gothic,0.23,0.0,0.425945,1.195325
2015-10-14,Copper,castnet_gothic,0.23,0.0,0.529404,1.171694
2015-10-15,Copper,castnet_gothic,0.23,0.0,0.797932,1.148424
2015-10-16,Copper,castnet_gothic,0.23,0.0,1.048999,1.125557
2015-10-17,Copper,castnet_gothic,0.23,0.256052,1.285986,1.121523
2015-10-18,Copper,castnet_gothic,0.23,2.00399,0.44606,1.234673
2015-10-19,Copper,castnet_gothic,0.23,7.658542,0.906253,1.627413
2015-10-20,Copper,castnet_gothic,0.23,7.462843,0.66991,1.622952
2015-10-21,Copper,castnet_gothic,0.23,2.171188,0.752803,1.179438
2015-10-22,Copper,castnet_gothic,0.23,7.155698,1.081594,1.522073
2015-10-23,Copper,castnet_gothic,0.23,6.914532,2.132933,1.524012
2015-10-24,Copper,castnet_gothic,0.23,0.277156,0.499656,0.98243
2015-10-25,Copper,castnet_gothic,0.23,0.0,0.301288,0.940978
2015-10-26,Copper,castnet_gothic,0.23,0.944406,0.588937,0.991746
2015-10-27,Copper,castnet_gothic,0.23,2.431802,2.562993,0.963196
2015-10-28,Copper,castnet_gothic,0.23,1.721271,1.452441,0.888001
2015-10-29,Copper,castnet_gothic,0.23,1.035698,0.847662,0.980834
2015-10-30,Copper,castnet_gothic,0.23,0.848823,1.281356,0.915723
2015-10-31,Copper,castnet_gothic,0.23,0.0,1.313836,0.839083
2015-11-01,Copper,castnet_gothic,0.23,0.0,0.425051,0.823404
2015-11-02,Copper,castnet_gothic,0.23,0.0,0.334238,0.808285
2015-11-03,Copper,castnet_gothic,0.23,0.625688,0.358961,0.843789
2015-11-04,Copper,castnet_gothic,0.23,8.863605,1.826001,1.202181
2015-11-05,Copper,castnet_gothic,0.23,13.88248,0.805425,0.756472
2015-11-06,Copper,castnet_gothic,0.23,7.798355,0.733166,0.748602
2015-11-07,Copper,castnet_gothic,0.23,2.345875,0.42279,0.74268
2015-11-08,Copper,castnet_gothic,0.23,0.0,0.3715,0.737364
2015-11-09,Copper,castnet_gothic,0.23,0.0,0.336865,0.732421
2015-11-10,Copper,castnet_gothic,0.23,4.298542,0.293592,0.72783
2015-11-11,Copper,castnet_gothic,0.23,4.925511,0.397004,0.723612
2015-11-12,Copper,castnet_gothic,0.23,0.462948,0.479952,0.719788
2015-11-13,Copper,castnet_gothic,0.23,0.0,0.335356,0.716373
2015-11-14,Copper,castnet_gothic,0.23,0.0,0.342576,0.713364
2015-11-15,Copper,castnet_gothic,0.23,3.519615,0.280329,0.710744
2015-11-16,Copper,castnet_gothic,0.23,7.537094,0.460339,0.70848
2015-11-17,Copper,castnet_gothic,0.23,4.607063,0.450667,0.706527
2015-11-18,Copper,castnet_gothic,0.23,2.640792,0.02313,0.70483
2015-11-19,Copper,castnet_gothic,0.23,2.128438,0.118904,0.70333
2015-11-20,Copper,castnet_gothic,0.23,0.943427,0.400677,0.701968
2015-11-21,Copper,castnet_gothic,0.23,0.983573,0.583944,0.700689
2015-11-22,Copper,castnet_gothic,0.23,0.0,0.546943,0.699443
2015-11-23,Copper,castnet_gothic,0.23,0.0,0.091324,0.698187
2015-11-24,Copper,castnet_gothic,0.23,0.0,0.094237,0.722434
2015-11-25,Copper,castnet_gothic,0.23,0.454823,0.019712,0.696999
2015-11-26,Copper,castnet_gothic,0.23,0.474177,0.078093,0.694042
2015-11-27,Copper,castnet_gothic,0.23,0.598271,0.369032,0.761937
2015-11-28,Copper,castnet_gothic,0.23,0.623729,0.273622,0.772525
2015-11-29,Copper,castnet_gothic,0.23,1.146604,0.133984,0.698218
2015-11-30,Copper,castnet_gothic,0.23,2.342,0.065871,0.686981
2015-12-01,Copper,castnet_gothic,0.23,0.20774,0.234058,0.684895
2015-12-02,Copper,castnet_gothic,0.23,0.0,0.326378,0.68268
2015-12-03,Copper,castnet_gothic,0.23,0.0,0.306913,0.680338
2015-12-04,Copper,castnet_gothic,0.23,1.413917,0.036064,0.677875
2015-12-05,Copper,castnet_gothic,0.23,1.917646,0.375807,0.675294
2015-12-06,Copper,castnet_gothic,0.23,0.462437,0.258699,0.672602
2015-12-07,Copper,castnet_gothic,0.23,0.132677,0.122047,0.669804
2015-12-08,Copper,castnet_gothic,0.23,0.138323,-0.050881,0.666905
2015-12-09,Copper,castnet_gothic,0.23,0.0,-0.008927,0.663913
2015-12-10,Copper,castnet_gothic,0.23,0.0,0.09764,0.660834
2015-12-11,Copper,castnet_gothic,0.23,1.034,0.22426,0.693238
2015-12-12,Copper,castnet_gothic,0.23,2.204042,0.39837,0.726255
2015-12-13,Copper,castnet_gothic,0.23,1.173958,0.621491,0.651691
2015-12-14,Copper,castnet_gothic,0.23,2.047437,0.524445,0.647761
2015-12-15,Copper,castnet_gothic,0.23,2.607011,0.531843,0.644335
2015-12-16,Copper,castnet_gothic,0.23,1.320927,0.454922,0.640857
2015-12-17,Copper,castnet_gothic,0.23,1.112333,0.324027,0.637333
2015-12-18,Copper,castnet_gothic,0.23,0.5315,0.068449,0.633768
2015-12-19,Copper,castnet_gothic,0.23,1.753521,-0.022767,0.630166
2015-12-20,Copper,castnet_gothic,0.23,9.095843,0.00971,0.626534
2015-12-21,Copper,castnet_gothic,0.23,16.337105,0.094683,0.622875
2015-12-22,Copper,castnet_gothic,0.23,19.129292,0.311294,0.619194
2015-12-23,Copper,castnet_gothic,0.23,13.299928,0.333408,0.615495
2015-12-24,Copper,castnet_gothic,0.23,8.888885,0.25034,0.611782
2015-12-25,Copper,castnet_gothic,0.23,12.006136,0.307781,0.608058
2015-12-26,Copper,castnet_gothic,0.23,5.737083,0.240228,0.604326
2015-12-27,Copper,castnet_gothic,0.23,0.0,0.212311,0.600591
2015-12-28,Copper,castnet_gothic,0.23,0.0,0.334333,0.596853
2015-12-29,Copper,castnet_gothic,0.23,0.595333,0.1433,0.593118
2015-12-30,Copper,castnet_gothic,0.23,3.165521,0.126368,0.589386
2015-12-31,Copper,castnet_gothic,0.23,5.198,0.165011,0.58566
2013-12-25,EAQ,nrcs_737,3.88,3.526587,0.837581,0.664694
2013-12-26,EAQ,nrcs_737,3.88,4.690123,1.192663,0.658885
2013-12-27,EAQ,nrcs_737,3.88,2.32462,0.6974,0.653112
2013-12-28,EAQ,nrcs_737,3.88,1.172566,0.618138,0.647377
2013-12-29,EAQ,nrcs_737,3.88,0.0,0.193135,0.641684
2013-12-30,EAQ,nrcs_737,3.88,0.0,0.212825,0.636035
2013-12-31,EAQ,nrcs_737,3.88,0.0,0.22206,0.630432
2014-01-01,EAQ,nrcs_737,3.88,3.615145,0.742813,0.624878
2014-01-02,EAQ,nrcs_737,3.88,2.528796,0.734177,0.619375
2014-01-03,EAQ,nrcs_737,3.88,1.138224,0.536353,0.613924
2014-01-04,EAQ,nrcs_737,3.88,6.881963,0.897889,0.608527
2014-01-05,EAQ,nrcs_737,3.88,8.214105,0.966111,0.603184
2014-01-06,EAQ,nrcs_737,3.88,3.542206,0.882623,0.597898
2014-01-07,EAQ,nrcs_737,3.88,2.430719,0.760741,0.592668
2014-01-08,EAQ,nrcs_737,3.88,3.617705,0.692075,0.587496
2014-01-09,EAQ,nrcs_737,3.88,13.173028,1.504253,0.582381
2014-01-10,EAQ,nrcs_737,3.88,14.883696,2.128073,0.577325
2014-01-11,EAQ,nrcs_737,3.88,5.005726,1.257838,0.572328
2014-01-12,EAQ,nrcs_737,3.88,4.635751,0.867207,0.567389
2014-01-13,EAQ,nrcs_737,3.88,3.828072,1.040606,0.562509
2014-01-14,EAQ,nrcs_737,3.88,0.243144,0.178465,0.557688
2014-01-15,EAQ,nrcs_737,3.88,0.0,0.174399,0.552926
2014-01-16,EAQ,nrcs_737,3.88,0.0,0.159604,0.548223
2014-01-17,EAQ,nrcs_737,3.88,0.0,0.185659,0.543577
2014-01-18,EAQ,nrcs_737,3.88,0.0,0.214051,0.53899
2014-01-19,EAQ,nrcs_737,3.88,0.0,0.179314,0.534461
2014-01-20,EAQ,nrcs_737,3.88,0.0,0.181347,0.529989
2014-01-21,EAQ,nrcs_737,3.88,1.140547,0.413317,0.525574
2014-01-22,EAQ,nrcs_737,3.88,1.189081,0.58212,0.521215
2014-01-23,EAQ,nrcs_737,3.88,0.0,0.218288,0.516912
2014-01-24,EAQ,nrcs_737,3.88,0.0,0.228832,0.512665
2014-01-25,EAQ,nrcs_737,3.88,0.0,0.237536,0.508472
2014-01-26,EAQ,nrcs_737,3.88,0.0,0.208471,0.504333
2014-01-27,EAQ,nrcs_737,3.88,0.167714,0.169697,0.500248
2014-01-28,EAQ,nrcs_737,3.88,0.174851,0.18239,0.496216
2014-01-29,EAQ,nrcs_737,3.88,4.091104,0.752291,0.492237
2014-01-30,EAQ,nrcs_737,3.88,24.768562,1.400488,0.488309
2014-01-31,EAQ,nrcs_737,3.88,41.879223,3.639542,0.484432
2014-02-01,EAQ,nrcs_737,3.88,15.876067,3.673676,0.480605
2014-02-02,EAQ,nrcs_737,3.88,1.363311,0.559626,0.476829
2014-02-03,EAQ,nrcs_737,3.88,3.527461,0.945234,0.473101
2014-02-04,EAQ,nrcs_737,3.88,9.575903,1.777571,0.469421
2014-02-05,EAQ,nrcs_737,3.88,7.694413,1.109903,0.46579
2014-02-06,EAQ,nrcs_737,3.88,7.550927,1.347668,0.462205
2014-02-07,EAQ,nrcs_737,3.88,19.628935,1.170638,0.458667
2014-02-08,EAQ,nrcs_737,3.88,27.381948,4.25142,0.455174
2014-02-09,EAQ,nrcs_737,3.88,28.354315,3.469442,0.451726
2014-02-10,EAQ,nrcs_737,3.88,23.286016,1.97835,0.448323
2014-02-11,EAQ,nrcs_737,3.88,8.613271,1.369145,0.444964
2014-02-12,EAQ,nrcs_737,3.88,3.437374,0.74509,0.441648
2014-02-13,EAQ,nrcs_737,3.88,6.024902,1.324532,0.438374
2014-02-14,EAQ,nrcs_737,3.88,4.870037,1.011301,0.435142
2014-02-15,EAQ,nrcs_737,3.88,2.423827,0.483974,0.431951
2014-02-16,EAQ,nrcs_737,3.88,0.0,0.341343,0.4288
2014-02-17,EAQ,nrcs_737,3.88,0.0,0.316728,0.425689
2014-02-18,EAQ,nrcs_737,3.88,0.0,0.405053,0.422617
2014-02-19,EAQ,nrcs_737,3.88,9.028385,1.720154,0.419584
2014-02-20,EAQ,nrcs_737,3.88,10.982991,2.15188,0.416589
2014-02-21,EAQ,nrcs_737,3.88,2.764268,0.859187,0.413631
2014-02-22,EAQ,nrcs_737,3.88,1.174981,0.827558,0.41071
2014-02-23,EAQ,nrcs_737,3.88,0.0,0.465513,0.407825
2014-02-24,EAQ,nrcs_737,3.88,0.0,0.301293,0.404976
2014-02-25,EAQ,nrcs_737,3.88,1.142507,0.59729,0.402162
2014-02-26,EAQ,nrcs_737,3.88,3.470038,1.08415,0.399382
2014-02-27,EAQ,nrcs_737,3.88,8.323962,1.346921,0.396636
2014-02-28,EAQ,nrcs_737,3.88,12.149255,2.235282,0.393924
2014-03-01,EAQ,nrcs_737,3.88,35.472839,3.99866,0.391244
2014-03-02,EAQ,nrcs_737,3.88,24.130369,1.137452,0.388596
2014-03-03,EAQ,nrcs_737,3.88,0.0,0.429607,0.385981
2014-03-04,EAQ,nrcs_737,3.88,0.0,0.45338,0.383396
2014-03-05,EAQ,nrcs_737,3.88,0.16509,0.316038,0.380842
2014-03-06,EAQ,nrcs_737,3.88,3.591221,1.364778,0.378318
2014-03-07,EAQ,nrcs_737,3.88,7.141554,2.255524,0.375824
2014-03-08,EAQ,nrcs_737,3.88,3.729166,1.075729,0.373359
2014-03-09,EAQ,nrcs_737,3.88,5.68644,1.318418,0.370923
2014-03-10,EAQ,nrcs_737,3.88,7.106254,1.201348,0.368515
2014-03-11,EAQ,nrcs_737,3.88,5.93689,1.465229,0.366134
2014-03-12,EAQ,nrcs_737,3.88,8.414825,2.118654,0.363781
2014-03-13,EAQ,nrcs_737,3.88,3.654683,1.43276,0.361455
2014-03-14,EAQ,nrcs_737,3.88,3.412347,1.505512,0.359155
2014-03-15,EAQ,nrcs_737,3.88,3.557553,0.857541,0.356881
2014-03-16,EAQ,nrcs_737,3.88,0.0,0.579152,0.354633
2014-03-17,EAQ,nrcs_737,3.88,0.0,0.611387,0.352411
2014-03-18,EAQ,nrcs_737,3.88,0.0,0.49133,0.350212
2014-03-19,EAQ,nrcs_737,3.88,0.0,0.494276,0.348039
2014-03-20,EAQ,nrcs_737,3.88,0.0,0.510965,0.345889
2014-03-21,EAQ,nrcs_737,3.88,0.0,0.65825,0.343763
2014-03-22,EAQ,nrcs_737,3.88,3.647915,1.133752,0.34166
2014-03-23,EAQ,nrcs_737,3.88,3.803145,1.255405,0.339581
2014-03-24,EAQ,nrcs_737,3.88,0.0,0.741655,0.337524
2014-03-25,EAQ,nrcs_737,3.88,6.873932,1.730691,0.335489
2014-03-26,EAQ,nrcs_737,3.88,15.859261,3.113983,0.333476
2014-03-27,EAQ,nrcs_737,3.88,11.345993,1.316029,0.331484
2014-03-28,EAQ,nrcs_737,3.88,2.380426,0.924713,0.329514
2014-03-29,EAQ,nrcs_737,3.88,0.0,0.890161,0.327565
2014-03-30,EAQ,nrcs_737,3.88,0.294459,0.667778,0.325636
2014-03-31,EAQ,nrcs_737,3.88,0.601449,0.577972,0.323727
2014-04-01,EAQ,nrcs_737,3.88,4.735543,1.603324,0.321838
2014-04-02,EAQ,nrcs_737,3.88,8.881138,2.111894,0.319969
2014-04-03,EAQ,nrcs_737,3.88,7.875049,1.895098,0.31812
2014-04-04,EAQ,nrcs_737,3.88,1.903465,0.889194,0.316289
2014-04-05,EAQ,nrcs_737,3.88,0.464946,0.766596,0.314478
2014-04-06,EAQ,nrcs_737,3.88,5.430263,1.523949,0.312684
2014-04-07,EAQ,nrcs_737,3.88,9.555984,1.726445,0.31091
2014-04-08,EAQ,nrcs_737,3.88,4.060376,1.710817,0.309153
2014-04-09,EAQ,nrcs_737,3.88,0.0,1.462676,0.307413
2014-04-10,EAQ,nrcs_737,3.88,0.0,1.186672,0.305691
2014-04-11,EAQ,nrcs_737,3.88,0.0,0.991729,0.303985
2014-04-12,EAQ,nrcs_737,3.88,0.977874,1.242315,0.302295
2014-04-13,EAQ,nrcs_737,3.88,11.548622,2.468268,0.300622
2014-04-14,EAQ,nrcs_737,3.88,12.189277,1.947914,0.298964
2014-04-15,EAQ,nrcs_737,3.88,1.26367,1.082394,0.297323
2014-04-16,EAQ,nrcs_737,3.88,0.0,0.916787,0.295698
2014-04-17,EAQ,nrcs_737,3.88,0.0,0.964561,0.294088
2014-04-18,EAQ,nrcs_737,3.88,0.0,1.211085,0.292494
2014-04-19,EAQ,nrcs_737,3.88,0.0,0.993407,0.290914
2014-04-20,EAQ,nrcs_737,3.88,0.0,0.50576,0.289348
2014-04-21,EAQ,nrcs_737,3.88,0.0,0.58926,1.119121
2014-04-22,EAQ,nrcs_737,3.88,0.206696,1.135024,0.833041
2014-04-23,EAQ,nrcs_737,3.88,0.468806,1.445214,0.337375
2014-04-24,EAQ,nrcs_737,3.88,0.264094,0.953449,0.333079
2014-04-25,EAQ,nrcs_737,3.88,0.0,0.670621,0.57818
2014-04-26,EAQ,nrcs_737,3.88,3.565505,1.186127,1.342415
2014-04-27,EAQ,nrcs_737,3.88,12.200188,2.130344,0.619946
2014-04-28,EAQ,nrcs_737,3.88,15.457644,2.649859,0.284632
2014-04-29,EAQ,nrcs_737,3.88,11.020637,2.444779,0.275869
2014-04-30,EAQ,nrcs_737,3.88,8.42654,2.789659,0.274437
2014-05-01,EAQ,nrcs_737,3.88,8.196641,2.465206,0.273018
2014-05-02,EAQ,nrcs_737,3.88,8.233233,1.968823,0.271611
2014-05-03,EAQ,nrcs_737,3.88,3.170152,1.436908,0.936945
2014-05-04,EAQ,nrcs_737,3.88,0.0,1.352558,1.393234
2014-05-05,EAQ,nrcs_737,3.88,0.0,1.274608,1.409236
2014-05-06,EAQ,nrcs_737,3.88,0.0,1.140396,1.161747
2014-05-07,EAQ,nrcs_737,3.88,0.0,1.054465,1.211103
2014-05-08,EAQ,nrcs_737,3.88,0.604789,1.149094,0.34139
2014-05-09,EAQ,nrcs_737,3.88,2.20952,1.099235,0.397322
2014-05-10,EAQ,nrcs_737,3.88,4.963667,1.568733,1.191536
2014-05-11,EAQ,nrcs_737,3.88,18.428886,3.242123,1.338366
2014-05-12,EAQ,nrcs_737,3.88,24.130661,3.196434,0.42341
2014-05-13,EAQ,nrcs_737,3.88,10.946281,2.76294,0.258013
2014-05-14,EAQ,nrcs_737,3.88,3.171593,1.692342,0.277679
2014-05-15,EAQ,nrcs_737,3.88,1.067297,1.586286,0.297089
2014-05-16,EAQ,nrcs_737,3.88,0.219469,1.469692,0.299317
2014-05-17,EAQ,nrcs_737,3.88,2.219024,0.60811,1.503438
2014-05-18,EAQ,nrcs_737,3.88,2.074906,0.583412,2.791428
2014-05-19,EAQ,nrcs_737,3.88,0.0,0.628094,2.768549
2014-05-20,EAQ,nrcs_737,3.88,0.0,1.261402,2.381289
2014-05-21,EAQ,nrcs_737,3.88,0.0,1.300572,2.017364
2014-05-22,EAQ,nrcs_737,3.88,0.0,1.241812,4.883026
2014-05-23,EAQ,nrcs_737,3.88,0.230829,1.568485,8.619229
2014-05-24,EAQ,nrcs_737,3.88,0.991753,1.629685,12.897452
2014-05-25,EAQ,nrcs_737,3.88,3.015013,1.702122,24.339022
2014-05-26,EAQ,nrcs_737,3.88,5.318157,1.897189,27.149467
2014-05-27,EAQ,nrcs_737,3.88,3.118517,1.302998,24.053076
2014-05-28,EAQ,nrcs_737,3.88,0.0,1.185394,21.363659
2014-05-29,EAQ,nrcs_737,3.88,0.0,1.225915,20.34952
2014-05-30,EAQ,nrcs_737,3.88,0.431213,1.137485,21.083988
2014-05-31,EAQ,nrcs_737,3.88,0.880776,1.463532,22.825729
2014-06-01,EAQ,nrcs_737,3.88,0.0,0.837626,23.363976
2014-06-02,EAQ,nrcs_737,3.88,0.0,1.48524,22.701054
2014-06-03,EAQ,nrcs_737,3.88,0.0,1.488913,22.101017
2014-06-04,EAQ,nrcs_737,3.88,0.0,1.539398,23.768017
2014-06-05,EAQ,nrcs_737,3.88,0.0,1.474139,23.023075
2014-06-06,EAQ,nrcs_737,3.88,0.0,1.751805,22.387302
2014-06-07,EAQ,nrcs_737,3.88,0.0,1.250915,22.201485
2014-06-08,EAQ,nrcs_737,3.88,0.925125,1.082842,22.401541
2014-06-09,EAQ,nrcs_737,3.88,0.964492,1.436893,22.481388
2014-06-10,EAQ,nrcs_737,3.88,1.033678,1.66404,21.663605
2014-06-11,EAQ,nrcs_737,3.88,2.618731,2.022181,18.608944
2014-06-12,EAQ,nrcs_737,3.88,1.606644,1.562736,15.181048
2014-06-13,EAQ,nrcs_737,3.88,0.0,1.97625,12.992706
2014-06-14,EAQ,nrcs_737,3.88,0.0,1.355767,11.684353
2014-06-15,EAQ,nrcs_737,3.88,2.911066,1.772593,11.488928
2014-06-16,EAQ,nrcs_737,3.88,4.005619,1.917448,11.822539
2014-06-17,EAQ,nrcs_737,3.88,1.011984,1.674205,11.069592
2014-06-18,EAQ,nrcs_737,3.88,0.0,2.078705,10.101868
2014-06-19,EAQ,nrcs_737,3.88,0.0,1.876746,12.234655
2014-06-20,EAQ,nrcs_737,3.88,0.970678,2.129529,14.895109
2014-06-21,EAQ,nrcs_737,3.88,1.011984,2.185805,14.675552
2014-06-22,EAQ,nrcs_737,3.88,0.0,2.292607,12.10258
2014-06-23,EAQ,nrcs_737,3.88,0.0,2.300951,9.20551
2014-06-24,EAQ,nrcs_737,3.88,0.0,2.308512,7.586736
2014-06-25,EAQ,nrcs_737,3.88,0.0,2.427312,6.606003
2014-06-26,EAQ,nrcs_737,3.88,0.0,2.284339,5.856733
2014-06-27,EAQ,nrcs_737,3.88,0.0,2.380861,5.244388
2014-06-28,EAQ,nrcs_737,3.88,0.0,2.123324,4.725401
2014-06-29,EAQ,nrcs_737,3.88,0.0,2.454449,4.277271
2014-06-30,EAQ,nrcs_737,3.88,0.0,2.501847,3.886357
2014-07-01,EAQ,nrcs_737,3.88,0.0,2.067721,3.543433
2014-07-02,EAQ,nrcs_737,3.88,0.0,0.873704,3.241745
2014-07-03,EAQ,nrcs_737,3.88,0.0,2.364599,2.755661
2014-07-04,EAQ,nrcs_737,3.88,0.0,2.144522,2.346614
2014-07-05,EAQ,nrcs_737,3.88,0.0,2.098,2.1053
2014-07-06,EAQ,nrcs_737,3.88,0.0,1.452594,1.920297
2014-07-07,EAQ,nrcs_737,3.88,0.32832,1.694547,1.855335
2014-07-08,EAQ,nrcs_737,3.88,0.701648,1.541335,1.773717
2014-07-09,EAQ,nrcs_737,3.88,0.798991,1.661633,1.664243
2014-07-10,EAQ,nrcs_737,3.88,2.073328,2.859654,1.614094
2014-07-11,EAQ,nrcs_737,3.88,2.385581,1.338312,1.593138
2014-07-12,EAQ,nrcs_737,3.88,1.690641,0.795842,1.49594
2014-07-13,EAQ,nrcs_737,3.88,1.017771,0.997565,1.435532
2014-07-14,EAQ,nrcs_737,3.88,0.0,0.843732,1.218637
2014-07-15,EAQ,nrcs_737,3.88,1.766718,2.638225,1.386345
2014-07-16,EAQ,nrcs_737,3.88,4.157108,2.516188,1.460987
2014-07-17,EAQ,nrcs_737,3.88,2.41373,1.912287,1.294555
2014-07-18,EAQ,nrcs_737,3.88,1.228895,2.033892,1.161631
2014-07-19,EAQ,nrcs_737,3.88,1.281188,1.414178,1.159866
2014-07-20,EAQ,nrcs_737,3.88,0.626571,2.133755,1.091513
2014-07-21,EAQ,nrcs_737,3.88,0.653234,2.300138,1.067367
2014-07-22,EAQ,nrcs_737,3.88,0.0,1.175531,0.933932
2014-07-23,EAQ,nrcs_737,3.88,0.58147,1.085944,1.040635
2014-07-24,EAQ,nrcs_737,3.88,2.685247,1.796438,1.175847
2014-07-25,EAQ,nrcs_737,3.88,2.435687,0.953547,1.094553
2014-07-26,EAQ,nrcs_737,3.88,0.279596,1.989989,0.913378
2014-07-27,EAQ,nrcs_737,3.88,2.650804,3.093355,1.045875
2014-07-28,EAQ,nrcs_737,3.88,7.586555,1.036138,1.360984
2014-07-29,EAQ,nrcs_737,3.88,8.460746,1.629774,1.391167
2014-07-30,EAQ,nrcs_737,3.88,4.064562,2.613138,1.022192
2014-07-31,EAQ,nrcs_737,3.88,0.992543,2.204925,0.782496
2014-08-01,EAQ,nrcs_737,3.88,2.46554,2.114882,0.883164
2014-08-02,EAQ,nrcs_737,3.88,5.671635,2.229048,1.070484
2014-08-03,EAQ,nrcs_737,3.88,4.375487,2.03322,1.030191
2014-08-04,EAQ,nrcs_737,3.88,8.39655,2.39529,1.235134
2014-08-05,EAQ,nrcs_737,3.88,9.533324,2.986114,1.374743
2014-08-06,EAQ,nrcs_737,3.88,1.170241,2.530849,0.75163
2014-08-07,EAQ,nrcs_737,3.88,0.0,1.291849,0.648585
2014-08-08,EAQ,nrcs_737,3.88,0.0,1.749715,0.641925
2014-08-09,EAQ,nrcs_737,3.88,0.0,2.70118,0.63531
2014-08-10,EAQ,nrcs_737,3.88,0.0,2.988521,0.628732
2014-08-11,EAQ,nrcs_737,3.88,0.0,2.122648,0.622192
2014-08-12,EAQ,nrcs_737,3.88,0.135386,1.810806,0.671326
2014-08-13,EAQ,nrcs_737,3.88,1.317778,2.34274,0.727823
2014-08-14,EAQ,nrcs_737,3.88,1.804184,1.507878,0.761844
2014-08-15,EAQ,nrcs_737,3.88,0.602058,1.682897,0.676087
2014-08-16,EAQ,nrcs_737,3.88,0.0,2.370428,0.590213
2014-08-17,EAQ,nrcs_737,3.88,0.0,2.063967,0.583983
2014-08-18,EAQ,nrcs_737,3.88,0.0,2.095397,0.577814
2014-08-19,EAQ,nrcs_737,3.88,3.793279,2.013056,0.84871
2014-08-20,EAQ,nrcs_737,3.88,7.11092,2.045504,1.070057
2014-08-21,EAQ,nrcs_737,3.88,3.476134,1.525655,0.805757
2014-08-22,EAQ,nrcs_737,3.88,5.101871,1.699165,0.886093
2014-08-23,EAQ,nrcs_737,3.88,16.625566,3.154386,1.625758
2014-08-24,EAQ,nrcs_737,3.88,11.998048,1.671859,1.391473
2014-08-25,EAQ,nrcs_737,3.88,2.313875,1.325979,0.706101
2014-08-26,EAQ,nrcs_737,3.88,6.440451,1.681526,0.984674
2014-08-27,EAQ,nrcs_737,3.88,9.217186,2.278334,1.133463
2014-08-28,EAQ,nrcs_737,3.88,6.527937,1.974926,0.958405
2014-08-29,EAQ,nrcs_737,3.88,1.351936,1.566576,0.591254
2014-08-30,EAQ,nrcs_737,3.88,0.0,1.545749,0.509315
2014-08-31,EAQ,nrcs_737,3.88,0.0,1.459785,0.504092
2014-09-01,EAQ,nrcs_737,3.88,0.0,1.654444,0.498942
2014-09-02,EAQ,nrcs_737,3.88,1.127035,1.692907,0.573012
2014-09-03,EAQ,nrcs_737,3.88,1.174994,1.344963,0.591483
2014-09-04,EAQ,nrcs_737,3.88,0.408684,1.383618,0.506981
2014-09-05,EAQ,nrcs_737,3.88,0.426075,1.59262,0.503095
2014-09-06,EAQ,nrcs_737,3.88,0.0,1.64015,0.474295
2014-09-07,EAQ,nrcs_737,3.88,0.0,1.71684,0.469584
2014-09-08,EAQ,nrcs_737,3.88,4.84062,1.894005,0.754195
2014-09-09,EAQ,nrcs_737,3.88,26.209333,2.72304,2.177364
2014-09-10,EAQ,nrcs_737,3.88,22.063271,2.037454,2.002416
2014-09-11,EAQ,nrcs_737,3.88,0.0,0.994358,0.451447
2014-09-12,EAQ,nrcs_737,3.88,0.0,1.390184,0.447089
2014-09-13,EAQ,nrcs_737,3.88,0.0,1.430228,0.442801
2014-09-14,EAQ,nrcs_737,3.88,0.0,0.90424,0.438583
2014-09-15,EAQ,nrcs_737,3.88,0.0,1.412745,0.434436
2014-09-16,EAQ,nrcs_737,3.88,0.0,1.016098,0.430364
2014-09-17,EAQ,nrcs_737,3.88,0.0,-0.104726,0.426377
2014-09-18,EAQ,nrcs_737,3.88,0.0,0.950808,0.422524
2014-09-19,EAQ,nrcs_737,3.88,0.0,1.891104,0.41896
2014-09-20,EAQ,nrcs_737,3.88,0.124741,2.230148,0.423101
2014-09-21,EAQ,nrcs_737,3.88,6.626275,1.391281,0.860598
2014-09-22,EAQ,nrcs_737,3.88,11.510868,1.934293,1.165253
2014-09-23,EAQ,nrcs_737,3.88,4.939833,0.29415,0.791455
2014-09-24,EAQ,nrcs_737,3.88,1.077527,1.253799,0.562866
2014-09-25,EAQ,nrcs_737,3.88,1.123379,0.681043,0.578226
2014-09-26,EAQ,nrcs_737,3.88,1.157128,0.604458,0.600467
2014-09-27,EAQ,nrcs_737,3.88,1.206368,0.26194,0.599121
2014-09-28,EAQ,nrcs_737,3.88,3.396637,0.392776,0.765297
2014-09-29,EAQ,nrcs_737,3.88,11.890068,2.184669,1.286054
2014-09-30,EAQ,nrcs_737,3.88,16.721277,2.18317,1.620656
2014-10-01,EAQ,nrcs_737,3.88,8.773862,2.549992,1.07272
2014-10-02,EAQ,nrcs_737,3.88,8.5472,2.314279,1.133783
2014-10-03,EAQ,nrcs_737,3.88,1.095039,1.313226,0.635647
2014-10-04,EAQ,nrcs_737,3.88,1.141636,1.179538,0.647633
2014-10-05,EAQ,nrcs_737,3.88,0.0,0.709093,0.590155
2014-10-06,EAQ,nrcs_737,3.88,2.121863,1.051826,0.727488
2014-10-07,EAQ,nrcs_737,3.88,4.380549,0.727548,0.946453
2014-10-08,EAQ,nrcs_737,3.88,2.260666,0.890082,0.822601
2014-10-09,EAQ,nrcs_737,3.88,0.82399,0.52616,0.765591
2014-10-10,EAQ,nrcs_737,3.88,1.004516,0.894262,0.847098
2014-10-11,EAQ,nrcs_737,3.88,1.206938,0.693063,0.932448
2014-10-12,EAQ,nrcs_737,3.88,3.825139,1.519655,1.237069
2014-10-13,EAQ,nrcs_737,3.88,2.840903,2.023022,1.347618
2014-10-14,EAQ,nrcs_737,3.88,3.171275,1.196287,1.520077
2014-10-15,EAQ,nrcs_737,3.88,5.448416,1.3349,1.827398
2014-10-16,EAQ,nrcs_737,3.88,2.233349,1.507273,1.68524
2014-10-17,EAQ,nrcs_737,3.88,0.0,1.870838,1.578327
2014-10-18,EAQ,nrcs_737,3.88,2.155293,0.976698,1.761746
2014-10-19,EAQ,nrcs_737,3.88,2.247007,1.402713,1.770143
2014-10-20,EAQ,nrcs_737,3.88,0.0,0.742507,1.626631
2014-10-21,EAQ,nrcs_737,3.88,0.469367,0.876137,1.650002
2014-10-22,EAQ,nrcs_737,3.88,0.976777,0.948619,1.670722
2014-10-23,EAQ,nrcs_737,3.88,0.508179,0.753088,1.625837
2014-10-24,EAQ,nrcs_737,3.88,0.0,0.632893,1.577252
2014-10-25,EAQ,nrcs_737,3.88,0.0,0.382581,1.560942
2014-10-26,EAQ,nrcs_737,3.88,0.0,0.733563,1.544382
2014-10-27,EAQ,nrcs_737,3.88,0.0,0.777506,1.527494
2014-10-28,EAQ,nrcs_737,3.88,0.0,0.813696,1.510087
2014-10-29,EAQ,nrcs_737,3.88,0.0,0.75576,1.491953
2014-10-30,EAQ,nrcs_737,3.88,0.0,0.473817,1.472965
2014-10-31,EAQ,nrcs_737,3.88,0.0,0.700333,1.45307
2014-11-01,EAQ,nrcs_737,3.88,2.420582,0.726096,1.617894
2014-11-02,EAQ,nrcs_737,3.88,7.374703,1.16406,1.918337
2014-11-03,EAQ,nrcs_737,3.88,9.971468,2.380766,1.565528
2014-11-04,EAQ,nrcs_737,3.88,3.683576,0.966862,1.365484
2014-11-05,EAQ,nrcs_737,3.88,0.0,0.240502,1.342207
2014-11-06,EAQ,nrcs_737,3.88,0.0,0.24319,1.80944
2014-11-07,EAQ,nrcs_737,3.88,0.0,0.503353,1.523146
2014-11-08,EAQ,nrcs_737,3.88,0.0,0.440874,1.395957
2014-11-09,EAQ,nrcs_737,3.88,0.0,0.373529,1.24758
2014-11-10,EAQ,nrcs_737,3.88,0.306147,0.930814,1.22776
2014-11-11,EAQ,nrcs_737,3.88,1.500229,0.432674,1.200753
2014-11-12,EAQ,nrcs_737,3.88,1.643924,0.428375,1.177714
2014-11-13,EAQ,nrcs_737,3.88,7.63763,1.535046,1.154995
2014-11-14,EAQ,nrcs_737,3.88,14.848433,2.209718,1.132644
2014-11-15,EAQ,nrcs_737,3.88,11.278017,1.748576,1.110698
2014-11-16,EAQ,nrcs_737,3.88,3.786186,0.847828,1.089193
2014-11-17,EAQ,nrcs_737,3.88,2.302961,0.454546,1.068159
2014-11-18,EAQ,nrcs_737,3.88,3.548891,0.781996,1.047624
2014-11-19,EAQ,nrcs_737,3.88,2.405752,0.580056,1.02761
2014-11-20,EAQ,nrcs_737,3.88,2.409296,0.584363,1.008133
2014-11-21,EAQ,nrcs_737,3.88,1.197767,0.309056,0.989197
2014-11-22,EAQ,nrcs_737,3.88,4.947558,1.004617,0.970805
2014-11-23,EAQ,nrcs_737,3.88,6.106816,0.823994,0.952948
2014-11-24,EAQ,nrcs_737,3.88,3.45199,0.681249,0.935612
2014-11-25,EAQ,nrcs_737,3.88,9.798345,1.421786,0.918776
2014-11-26,EAQ,nrcs_737,3.88,9.833723,0.967692,0.902416
2014-11-27,EAQ,nrcs_737,3.88,4.744292,1.115621,0.886504
2014-11-28,EAQ,nrcs_737,3.88,2.451278,0.670207,0.87103
2014-11-29,EAQ,nrcs_737,3.88,0.0,0.367715,0.855913
2014-11-30,EAQ,nrcs_737,3.88,0.0,0.143061,0.841179
2014-12-01,EAQ,nrcs_737,3.88,2.318971,0.412483,0.826787
2014-12-02,EAQ,nrcs_737,3.88,2.236954,0.596814,0.812717
2014-12-03,EAQ,nrcs_737,3.88,0.0,0.097189,0.798951
2014-12-04,EAQ,nrcs_737,3.88,0.0,0.097999,0.783329
2014-12-05,EAQ,nrcs_737,3.88,0.0,0.12125,0.763734
2014-12-06,EAQ,nrcs_737,3.88,0.0,0.072139,0.75455
2014-12-07,EAQ,nrcs_737,3.88,0.0,0.081258,0.748529
2014-12-08,EAQ,nrcs_737,3.88,0.0,0.071938,0.743122
2014-12-09,EAQ,nrcs_737,3.88,0.0,0.084132,0.737835
2014-12-10,EAQ,nrcs_737,3.88,0.0,0.275433,0.732561
2014-12-11,EAQ,nrcs_737,3.88,0.0,0.543342,0.727271
2014-12-12,EAQ,nrcs_737,3.88,2.154985,1.287687,0.722335
2014-12-13,EAQ,nrcs_737,3.88,4.036284,2.252981,0.717241
2014-12-14,EAQ,nrcs_737,3.88,2.457394,0.855948,0.711226
2014-12-15,EAQ,nrcs_737,3.88,0.616819,0.185567,0.70582
2014-12-16,EAQ,nrcs_737,3.88,3.340049,0.667114,0.700391
2014-12-17,EAQ,nrcs_737,3.88,4.625903,1.055524,0.694942
2014-12-18,EAQ,nrcs_737,3.88,1.422205,0.322648,0.689477
2014-12-19,EAQ,nrcs_737,3.88,0.239591,0.109562,0.684002
2014-12-20,EAQ,nrcs_737,3.88,4.481106,0.721733,0.678521
2014-12-21,EAQ,nrcs_737,3.88,12.175121,1.562435,0.673038
2014-12-22,EAQ,nrcs_737,3.88,9.191711,1.463479,0.667559
2014-12-23,EAQ,nrcs_737,3.88,4.649159,0.968263,0.662087
2014-12-24,EAQ,nrcs_737,3.88,11.033819,1.330196,0.656627
2014-12-25,EAQ,nrcs_737,3.88,10.500983,1.817101,0.651184
2014-12-26,EAQ,nrcs_737,3.88,3.702447,0.956214,0.64576
2014-12-27,EAQ,nrcs_737,3.88,1.14327,0.382642,0.64036
2014-12-28,EAQ,nrcs_737,3.88,4.578454,0.854304,0.634986
2014-12-29,EAQ,nrcs_737,3.88,7.058508,1.135872,0.629642
2014-12-30,EAQ,nrcs_737,3.88,2.38247,0.738267,0.624331
2014-12-31,EAQ,nrcs_737,3.88,0.0,0.041369,0.619056
2015-01-01,EAQ,nrcs_737,3.88,2.653823,0.555908,0.613818
2015-01-02,EAQ,nrcs_737,3.88,2.560878,0.472887,0.60862
2015-01-03,EAQ,nrcs_737,3.88,3.535813,0.853683,0.603463
2015-01-04,EAQ,nrcs_737,3.88,4.718942,0.727231,0.598349
2015-01-05,EAQ,nrcs_737,3.88,4.72124,1.299602,0.593281
2015-01-06,EAQ,nrcs_737,3.88,1.161662,0.406785,0.588258
2015-01-07,EAQ,nrcs_737,3.88,0.0,0.221818,0.583282
2015-01-08,EAQ,nrcs_737,3.88,0.0,0.057985,0.578353
2015-01-09,EAQ,nrcs_737,3.88,0.0,0.200392,0.573474
2015-01-10,EAQ,nrcs_737,3.88,1.114699,0.593826,0.568643
2015-01-11,EAQ,nrcs_737,3.88,2.504561,0.798367,0.563863
2015-01-12,EAQ,nrcs_737,3.88,3.69492,0.81285,0.559132
2015-01-13,EAQ,nrcs_737,3.88,3.535755,0.991487,0.554453
2015-01-14,EAQ,nrcs_737,3.88,1.191339,0.431787,0.549824
2015-01-15,EAQ,nrcs_737,3.88,2.251538,0.594111,0.545246
2015-01-16,EAQ,nrcs_737,3.88,2.347348,0.718445,0.540719
2015-01-17,EAQ,nrcs_737,3.88,1.111988,0.370383,0.536242
2015-01-18,EAQ,nrcs_737,3.88,1.159306,0.514902,0.531817
2015-01-19,EAQ,nrcs_737,3.88,3.365333,0.609899,0.527442
2015-01-20,EAQ,nrcs_737,3.88,3.508539,0.91514,0.523117
2015-01-21,EAQ,nrcs_737,3.88,0.0,0.173856,0.518842
2015-01-22,EAQ,nrcs_737,3.88,0.0,0.165114,0.514618
2015-01-23,EAQ,nrcs_737,3.88,0.0,0.165761,0.510443
2015-01-24,EAQ,nrcs_737,3.88,1.191512,0.462382,0.506317
2015-01-25,EAQ,nrcs_737,3.88,1.242215,0.463648,0.50224
2015-01-26,EAQ,nrcs_737,3.88,0.0,0.146678,0.498212
2015-01-27,EAQ,nrcs_737,3.88,1.130965,-0.197589,0.494338
2015-01-28,EAQ,nrcs_737,3.88,1.179091,0.131817,0.490383
2015-01-29,EAQ,nrcs_737,3.88,0.0,0.253899,0.48641
2015-01-30,EAQ,nrcs_737,3.88,1.332487,0.36756,0.482569
2015-01-31,EAQ,nrcs_737,3.88,2.721677,0.868842,0.478775
2015-02-01,EAQ,nrcs_737,3.88,2.680109,1.2777,0.475026
2015-02-02,EAQ,nrcs_737,3.88,3.567569,1.23208,0.471322
2015-02-03,EAQ,nrcs_737,3.88,3.580547,1.16062,0.467662
2015-02-04,EAQ,nrcs_737,3.88,3.117702,1.058619,0.464046
2015-02-05,EAQ,nrcs_737,3.88,4.120852,0.613724,0.460474
2015-02-06,EAQ,nrcs_737,3.88,3.588554,0.446828,0.456969
2015-02-07,EAQ,nrcs_737,3.88,0.0,-0.118797,0.453457
2015-02-08,EAQ,nrcs_737,3.88,0.0,0.431778,0.572314
2015-02-09,EAQ,nrcs_737,3.88,1.147046,0.656611,0.665454
2015-02-10,EAQ,nrcs_737,3.88,1.195856,0.808297,0.500955
2015-02-11,EAQ,nrcs_737,3.88,0.0,0.333474,0.496088
2015-02-12,EAQ,nrcs_737,3.88,0.0,0.256427,0.492977
2015-02-13,EAQ,nrcs_737,3.88,0.0,0.281581,0.490812
2015-02-14,EAQ,nrcs_737,3.88,0.0,0.391715,0.477607
2015-02-15,EAQ,nrcs_737,3.88,0.0,0.465054,0.427004
2015-02-16,EAQ,nrcs_737,3.88,0.0,0.37617,0.455759
2015-02-17,EAQ,nrcs_737,3.88,0.0,0.305658,0.426962
2015-02-18,EAQ,nrcs_737,3.88,0.0,0.313297,0.417713
2015-02-19,EAQ,nrcs_737,3.88,1.148937,0.541411,0.414689
2015-02-20,EAQ,nrcs_737,3.88,1.716032,0.908958,0.4117
2015-02-21,EAQ,nrcs_737,3.88,0.943565,0.567712,0.408745
2015-02-22,EAQ,nrcs_737,3.88,7.846482,2.063686,0.405825
2015-02-23,EAQ,nrcs_737,3.88,16.837524,2.84497,0.402939
2015-02-24,EAQ,nrcs_737,3.88,10.629603,1.386894,0.400087
2015-02-25,EAQ,nrcs_737,3.88,2.456377,0.793424,0.397267
2015-02-26,EAQ,nrcs_737,3.88,2.536383,0.827636,0.39448
2015-02-27,EAQ,nrcs_737,3.88,2.484162,0.702764,0.391726
2015-02-28,EAQ,nrcs_737,3.88,2.471346,0.737766,0.389003
2015-03-01,EAQ,nrcs_737,3.88,23.012217,2.840848,0.386311
2015-03-02,EAQ,nrcs_737,3.88,26.2931,1.888637,0.38365
2015-03-03,EAQ,nrcs_737,3.88,16.755453,1.16658,0.38102
2015-03-04,EAQ,nrcs_737,3.88,3.890125,0.822595,0.37842
2015-03-05,EAQ,nrcs_737,3.88,5.375666,1.154796,0.37585
2015-03-06,EAQ,nrcs_737,3.88,7.66076,2.101842,0.373309
2015-03-07,EAQ,nrcs_737,3.88,8.568792,2.3322,0.370796
2015-03-08,EAQ,nrcs_737,3.88,5.453414,0.879801,0.368312
2015-03-09,EAQ,nrcs_737,3.88,0.0,0.59406,0.365856
2015-03-10,EAQ,nrcs_737,3.88,0.0,0.544849,0.363428
2015-03-11,EAQ,nrcs_737,3.88,0.0,0.585737,0.361027
2015-03-12,EAQ,nrcs_737,3.88,0.0,0.750689,0.358652
2015-03-13,EAQ,nrcs_737,3.88,0.0,1.185025,0.356303
2015-03-14,EAQ,nrcs_737,3.88,0.0,1.42594,0.353981
2015-03-15,EAQ,nrcs_737,3.88,1.050201,0.801604,0.351683
2015-03-16,EAQ,nrcs_737,3.88,1.09489,0.858668,0.34941
2015-03-17,EAQ,nrcs_737,3.88,1.051098,0.725206,0.347162
2015-03-18,EAQ,nrcs_737,3.88,1.995357,0.785494,0.610835
2015-03-19,EAQ,nrcs_737,3.88,0.93781,1.227325,0.398243
2015-03-20,EAQ,nrcs_737,3.88,0.0,0.837903,0.390845
2015-03-21,EAQ,nrcs_737,3.88,0.0,0.817927,0.379246
2015-03-22,EAQ,nrcs_737,3.88,0.0,0.539881,0.715837
2015-03-23,EAQ,nrcs_737,3.88,1.580683,0.999996,0.791152
2015-03-24,EAQ,nrcs_737,3.88,2.811149,1.784324,0.524291
2015-03-25,EAQ,nrcs_737,3.88,1.46292,0.940759,0.372887
2015-03-26,EAQ,nrcs_737,3.88,3.489943,1.335296,0.344697
2015-03-27,EAQ,nrcs_737,3.88,3.366484,1.003306,0.325948
2015-03-28,EAQ,nrcs_737,3.88,0.0,0.278814,1.066902
2015-03-29,EAQ,nrcs_737,3.88,0.0,0.914331,2.380809
2015-03-30,EAQ,nrcs_737,3.88,0.0,0.651105,0.860365
2015-03-31,EAQ,nrcs_737,3.88,0.0,0.135094,1.151426
2015-04-01,EAQ,nrcs_737,3.88,0.163681,0.77341,1.161264
2015-04-02,EAQ,nrcs_737,3.88,0.170646,0.989631,0.413762
2015-04-03,EAQ,nrcs_737,3.88,0.0,0.779384,0.372995
2015-04-04,EAQ,nrcs_737,3.88,1.120656,1.079461,0.368153
2015-04-05,EAQ,nrcs_737,3.88,1.168343,1.39203,0.351143
2015-04-06,EAQ,nrcs_737,3.88,0.0,1.013096,0.325267
2015-04-07,EAQ,nrcs_737,3.88,0.0,0.969603,0.716253
2015-04-08,EAQ,nrcs_737,3.88,0.0,1.00188,0.357534
2015-04-09,EAQ,nrcs_737,3.88,0.0,1.400108,0.324398
2015-04-10,EAQ,nrcs_737,3.88,0.0,1.078342,0.299719
2015-04-11,EAQ,nrcs_737,3.88,1.120191,1.160921,0.298169
2015-04-12,EAQ,nrcs_737,3.88,1.167858,1.380629,0.297143
2015-04-13,EAQ,nrcs_737,3.88,1.120191,1.298409,0.506481
2015-04-14,EAQ,nrcs_737,3.88,2.313159,1.660986,0.693493
2015-04-15,EAQ,nrcs_737,3.88,1.194037,1.267897,0.347922
2015-04-16,EAQ,nrcs_737,3.88,1.96417,1.337063,0.325477
2015-04-17,EAQ,nrcs_737,3.88,9.746796,2.157247,0.343414
2015-04-18,EAQ,nrcs_737,3.88,16.330677,3.230142,0.362143
2015-04-19,EAQ,nrcs_737,3.88,9.77338,2.858864,0.380534
2015-04-20,EAQ,nrcs_737,3.88,3.432242,1.21621,0.39822
2015-04-21,EAQ,nrcs_737,3.88,2.365289,1.31058,0.415131
2015-04-22,EAQ,nrcs_737,3.88,0.0,1.216311,0.431282
2015-04-23,EAQ,nrcs_737,3.88,0.0,1.326587,0.446714
2015-04-24,EAQ,nrcs_737,3.88,1.150881,0.85045,0.712
2015-04-25,EAQ,nrcs_737,3.88,2.793883,1.019736,1.476816
2015-04-26,EAQ,nrcs_737,3.88,4.060806,1.565421,1.24484
2015-04-27,EAQ,nrcs_737,3.88,8.103378,1.504355,1.476374
2015-04-28,EAQ,nrcs_737,3.88,5.840746,1.485091,1.468886
2015-04-29,EAQ,nrcs_737,3.88,0.0,1.058529,1.335735
2015-04-30,EAQ,nrcs_737,3.88,0.0,1.637589,2.816617
2015-05-01,EAQ,nrcs_737,3.88,1.175094,1.11335,3.253706
2015-05-02,EAQ,nrcs_737,3.88,0.13475,0.556356,2.2529
2015-05-03,EAQ,nrcs_737,3.88,1.231792,1.173487,3.702478
2015-05-04,EAQ,nrcs_737,3.88,2.377938,1.427316,6.624173
2015-05-05,EAQ,nrcs_737,3.88,6.383708,1.839952,11.86815
2015-05-06,EAQ,nrcs_737,3.88,19.526907,2.735537,15.775069
2015-05-07,EAQ,nrcs_737,3.88,18.732479,2.156916,25.150702
2015-05-08,EAQ,nrcs_737,3.88,6.350427,1.313144,28.662498
2015-05-09,EAQ,nrcs_737,3.88,9.040552,1.478374,28.145468
2015-05-10,EAQ,nrcs_737,3.88,11.434803,2.436665,23.389271
2015-05-11,EAQ,nrcs_737,3.88,6.572833,2.072144,19.091124
2015-05-12,EAQ,nrcs_737,3.88,3.325761,1.650076,15.843028
2015-05-13,EAQ,nrcs_737,3.88,1.190802,1.530785,12.987599
2015-05-14,EAQ,nrcs_737,3.88,0.0,1.167683,9.814995
2015-05-15,EAQ,nrcs_737,3.88,0.941958,1.256257,8.487288
2015-05-16,EAQ,nrcs_737,3.88,5.524397,2.117003,8.123968
2015-05-17,EAQ,nrcs_737,3.88,12.027502,2.029344,9.269544
2015-05-18,EAQ,nrcs_737,3.88,10.355563,1.744287,9.067886
2015-05-19,EAQ,nrcs_737,3.88,8.540937,1.995281,8.325394
2015-05-20,EAQ,nrcs_737,3.88,6.968167,2.162341,7.886362
2015-05-21,EAQ,nrcs_737,3.88,2.990292,1.687954,7.749873
2015-05-22,EAQ,nrcs_737,3.88,8.579052,2.51996,8.368434
2015-05-23,EAQ,nrcs_737,3.88,10.191906,3.061873,8.33847
2015-05-24,EAQ,nrcs_737,3.88,7.491063,2.269986,7.755213
2015-05-25,EAQ,nrcs_737,3.88,9.334886,2.910039,7.375155
2015-05-26,EAQ,nrcs_737,3.88,6.510178,2.095907,6.776584
2015-05-27,EAQ,nrcs_737,3.88,2.350271,1.812084,5.9968
2015-05-28,EAQ,nrcs_737,3.88,1.51201,1.46953,5.65371
2015-05-29,EAQ,nrcs_737,3.88,1.364427,1.628387,5.383191
2015-05-30,EAQ,nrcs_737,3.88,2.097573,1.81654,5.253706
2015-05-31,EAQ,nrcs_737,3.88,2.143,1.97895,5.068274
2015-06-01,EAQ,nrcs_737,3.88,0.991896,1.581005,4.760986
2015-06-02,EAQ,nrcs_737,3.88,1.034104,2.248301,4.529317
2015-06-03,EAQ,nrcs_737,3.88,0.0,2.106067,4.134949
2015-06-04,EAQ,nrcs_737,3.88,0.0,2.322586,3.852768
2015-06-05,EAQ,nrcs_737,3.88,0.418104,2.043791,3.606448
2015-06-06,EAQ,nrcs_737,3.88,0.957302,2.070356,3.38186
2015-06-07,EAQ,nrcs_737,3.88,2.459333,2.148893,3.147334
2015-06-08,EAQ,nrcs_737,3.88,2.924042,2.068633,2.743876
2015-06-09,EAQ,nrcs_737,3.88,2.808521,2.182162,2.459414
2015-06-10,EAQ,nrcs_737,3.88,3.852104,2.472888,2.324364
2015-06-11,EAQ,nrcs_737,3.88,5.324646,2.793402,2.263389
2015-06-12,EAQ,nrcs_737,3.88,4.40125,2.271883,2.116862
2015-06-13,EAQ,nrcs_737,3.88,2.592104,2.764349,1.854896
2015-06-14,EAQ,nrcs_737,3.88,2.672281,2.038517,1.819128
2015-06-15,EAQ,nrcs_737,3.88,2.026906,2.137467,1.681512
2015-06-16,EAQ,nrcs_737,3.88,6.745188,2.756373,1.928164
2015-06-17,EAQ,nrcs_737,3.88,6.889532,2.415864,1.946623
2015-06-18,EAQ,nrcs_737,3.88,1.891469,3.025653,1.514821
2015-06-19,EAQ,nrcs_737,3.88,1.893,2.392562,1.485453
2015-06-20,EAQ,nrcs_737,3.88,0.966219,2.386519,1.379038
2015-06-21,EAQ,nrcs_737,3.88,0.0,2.507051,1.224455
2015-06-22,EAQ,nrcs_737,3.88,0.0,2.392332,1.187978
2015-06-23,EAQ,nrcs_737,3.88,0.0,2.603537,1.153897
2015-06-24,EAQ,nrcs_737,3.88,0.18849,2.322854,1.169482
2015-06-25,EAQ,nrcs_737,3.88,0.19651,2.568155,1.134199
2015-06-26,EAQ,nrcs_737,3.88,0.0,2.586461,1.063043
2015-06-27,EAQ,nrcs_737,3.88,0.0,2.851907,1.035868
2015-06-28,EAQ,nrcs_737,3.88,0.0,2.452991,1.009998
2015-06-29,EAQ,nrcs_737,3.88,0.0,2.715558,0.985327
2015-06-30,EAQ,nrcs_737,3.88,0.0,2.710419,0.961759
2015-07-01,EAQ,nrcs_737,3.88,0.0,2.183572,0.939208
2015-07-02,EAQ,nrcs_737,3.88,0.0,0.700731,0.917607
2015-07-03,EAQ,nrcs_737,3.88,0.595333,1.917514,1.030239
2015-07-04,EAQ,nrcs_737,3.88,4.694489,2.354766,1.207114
2015-07-05,EAQ,nrcs_737,3.88,7.5455,2.334337,1.39693
2015-07-06,EAQ,nrcs_737,3.88,7.456688,2.330227,1.339489
2015-07-07,EAQ,nrcs_737,3.88,9.190574,2.539488,1.455565
2015-07-08,EAQ,nrcs_737,3.88,11.747907,2.825044,1.608647
2015-07-09,EAQ,nrcs_737,3.88,13.054188,2.914685,1.672462
2015-07-10,EAQ,nrcs_737,3.88,7.509031,2.849658,1.267806
2015-07-11,EAQ,nrcs_737,3.88,2.090511,1.782574,0.871421
2015-07-12,EAQ,nrcs_737,3.88,2.131167,1.391244,0.878573
2015-07-13,EAQ,nrcs_737,3.88,2.194969,1.132537,0.939283
2015-07-14,EAQ,nrcs_737,3.88,6.422646,1.035217,1.193784
2015-07-15,EAQ,nrcs_737,3.88,8.366261,2.838381,1.348469
2015-07-16,EAQ,nrcs_737,3.88,5.897604,2.699944,1.110447
2015-07-17,EAQ,nrcs_737,3.88,3.020135,1.856646,0.937586
2015-07-18,EAQ,nrcs_737,3.88,0.311375,1.962403,0.743123
2015-07-19,EAQ,nrcs_737,3.88,0.324625,1.788202,0.734147
2015-07-20,EAQ,nrcs_737,3.88,3.023667,2.539943,0.877308
2015-07-21,EAQ,nrcs_737,3.88,4.844334,2.691537,1.022216
2015-07-22,EAQ,nrcs_737,3.88,4.816552,2.082188,0.987962
2015-07-23,EAQ,nrcs_737,3.88,3.182448,1.573106,0.932104
2015-07-24,EAQ,nrcs_737,3.88,0.88125,2.09699,0.763844
2015-07-25,EAQ,nrcs_737,3.88,4.818281,1.810805,0.960189
2015-07-26,EAQ,nrcs_737,3.88,4.065469,2.210382,0.962212
2015-07-27,EAQ,nrcs_737,3.88,0.0,3.175397,0.639182
2015-07-28,EAQ,nrcs_737,3.88,0.0,1.294495,0.633389
2015-07-29,EAQ,nrcs_737,3.88,0.0,1.157511,0.62783
2015-07-30,EAQ,nrcs_737,3.88,0.0,2.329336,0.622613
2015-07-31,EAQ,nrcs_737,3.88,0.0,2.034894,0.617872
2015-08-01,EAQ,nrcs_737,3.88,0.0,2.215758,0.613774
2015-08-02,EAQ,nrcs_737,3.88,1.454552,1.889061,0.741216
2015-08-03,EAQ,nrcs_737,3.88,2.504427,2.009898,0.812072
2015-08-04,EAQ,nrcs_737,3.88,5.809823,2.407968,1.00235
2015-08-05,EAQ,nrcs_737,3.88,4.983198,2.966512,0.99288
2015-08-06,EAQ,nrcs_737,3.88,0.0,2.53188,0.608737
2015-08-07,EAQ,nrcs_737,3.88,0.37649,1.194867,0.653933
2015-08-08,EAQ,nrcs_737,3.88,1.333,1.638861,0.728182
2015-08-09,EAQ,nrcs_737,3.88,1.880365,2.540777,0.765755
2015-08-10,EAQ,nrcs_737,3.88,1.964313,3.117864,0.744687
2015-08-11,EAQ,nrcs_737,3.88,3.226938,1.965405,0.876792
2015-08-12,EAQ,nrcs_737,3.88,3.388156,1.856261,0.912548
2015-08-13,EAQ,nrcs_737,3.88,2.091511,2.363001,0.806688
2015-08-14,EAQ,nrcs_737,3.88,0.942229,1.049964,0.75569
2015-08-15,EAQ,nrcs_737,3.88,0.0,1.454956,0.639875
2015-08-16,EAQ,nrcs_737,3.88,0.165479,2.090376,0.701724
2015-08-17,EAQ,nrcs_737,3.88,1.099302,1.581487,0.783634
2015-08-18,EAQ,nrcs_737,3.88,3.716208,2.068759,0.91322
2015-08-19,EAQ,nrcs_737,3.88,2.86701,2.081583,0.855051
2015-08-20,EAQ,nrcs_737,3.88,0.0,1.903397,0.644789
2015-08-21,EAQ,nrcs_737,3.88,0.0,1.393159,0.644296
2015-08-22,EAQ,nrcs_737,3.88,0.0,1.17568,0.643385
2015-08-23,EAQ,nrcs_737,3.88,0.0,2.263438,0.642091
2015-08-24,EAQ,nrcs_737,3.88,0.0,0.649953,0.640439
2015-08-25,EAQ,nrcs_737,3.88,0.0,1.103852,0.638471
2015-08-26,EAQ,nrcs_737,3.88,2.290271,1.365941,0.840913
2015-08-27,EAQ,nrcs_737,3.88,17.207418,2.963977,1.755827
2015-08-28,EAQ,nrcs_737,3.88,20.035261,2.585665,2.051657
2015-08-29,EAQ,nrcs_737,3.88,4.780053,1.585008,0.977394
2015-08-30,EAQ,nrcs_737,3.88,0.555188,1.328377,0.680616
2015-08-31,EAQ,nrcs_737,3.88,1.134,1.285318,0.733669
2015-09-01,EAQ,nrcs_737,3.88,0.968885,1.702018,0.709435
2015-09-02,EAQ,nrcs_737,3.88,1.162375,1.601175,0.722002
2015-09-03,EAQ,nrcs_737,3.88,5.329719,1.937176,0.954637
2015-09-04,EAQ,nrcs_737,3.88,11.861355,2.381598,1.376406
2015-09-05,EAQ,nrcs_737,3.88,9.956844,2.17564,1.283561
2015-09-06,EAQ,nrcs_737,3.88,5.551438,1.945972,0.966787
2015-09-07,EAQ,nrcs_737,3.88,2.684156,1.777245,0.782802
2015-09-08,EAQ,nrcs_737,3.88,3.436688,1.848977,0.799921
2015-09-09,EAQ,nrcs_737,3.88,4.154438,1.354349,0.891047
2015-09-10,EAQ,nrcs_737,3.88,1.034104,1.117713,0.676326
2015-09-11,EAQ,nrcs_737,3.88,0.0,0.82231,0.578494
2015-09-12,EAQ,nrcs_737,3.88,0.0,1.609215,0.574327
2015-09-13,EAQ,nrcs_737,3.88,0.0,1.618326,0.5702
2015-09-14,EAQ,nrcs_737,3.88,1.297396,1.091763,0.64067
2015-09-15,EAQ,nrcs_737,3.88,13.975532,2.098201,1.484372
2015-09-16,EAQ,nrcs_737,3.88,15.312772,1.695108,1.658154
2015-09-17,EAQ,nrcs_737,3.88,3.244031,0.057014,0.820376
2015-09-18,EAQ,nrcs_737,3.88,1.042271,0.84651,0.677327
2015-09-19,EAQ,nrcs_737,3.88,1.066313,1.76449,0.624133
2015-09-20,EAQ,nrcs_737,3.88,1.111688,1.980148,0.636649
2015-09-21,EAQ,nrcs_737,3.88,0.0,1.289056,0.587372
2015-09-22,EAQ,nrcs_737,3.88,0.0,1.268126,0.605948
2015-09-23,EAQ,nrcs_737,3.88,0.0,0.13973,0.628177
2015-09-24,EAQ,nrcs_737,3.88,0.0,1.944362,0.655489
2015-09-25,EAQ,nrcs_737,3.88,0.0,1.036581,0.689049
2015-09-26,EAQ,nrcs_737,3.88,0.0,0.993943,0.727132
2015-09-27,EAQ,nrcs_737,3.88,0.0,0.41895,0.765724
2015-09-28,EAQ,nrcs_737,3.88,0.0,-0.095928,0.801602
2015-09-29,EAQ,nrcs_737,3.88,0.0,0.413959,0.851213
2015-09-30,EAQ,nrcs_737,3.88,0.0,-0.03469,0.920312
2015-10-01,EAQ,nrcs_737,3.88,1.138771,0.921279,1.134718
2015-10-02,EAQ,nrcs_737,3.88,1.324313,0.615163,1.218725
2015-10-03,EAQ,nrcs_737,3.88,0.142917,1.227781,1.135076
2015-10-04,EAQ,nrcs_737,3.88,1.138281,1.511503,1.24266
2015-10-05,EAQ,nrcs_737,3.88,3.762417,1.0884,1.469836
2015-10-06,EAQ,nrcs_737,3.88,4.982428,1.263251,1.589097
2015-10-07,EAQ,nrcs_737,3.88,2.394875,0.691469,1.454799
2015-10-08,EAQ,nrcs_737,3.88,0.0,0.903755,1.237865
2015-10-09,EAQ,nrcs_737,3.88,0.0,0.298821,1.233774
2015-10-10,EAQ,nrcs_737,3.88,0.0,0.88672,1.224771
2015-10-11,EAQ,nrcs_737,3.88,0.0,0.210456,1.212088
2015-10-12,EAQ,nrcs_737,3.88,0.0,0.905552,1.196737
2015-10-13,EAQ,nrcs_737,3.88,0.0,0.917145,1.179465
2015-10-14,EAQ,nrcs_737,3.88,0.0,0.855871,1.160857
2015-10-15,EAQ,nrcs_737,3.88,0.0,1.075902,1.141371
2015-10-16,EAQ,nrcs_737,3.88,0.0,1.542824,1.121339
2015-10-17,EAQ,nrcs_737,3.88,1.146604,2.320266,1.17217
2015-10-18,EAQ,nrcs_737,3.88,2.47076,0.981931,1.257744
2015-10-19,EAQ,nrcs_737,3.88,5.428916,1.776971,1.395909
2015-10-20,EAQ,nrcs_737,3.88,8.046448,1.233528,1.638043
2015-10-21,EAQ,nrcs_737,3.88,4.371938,1.267998,1.325206
2015-10-22,EAQ,nrcs_737,3.88,7.057407,1.626516,1.451156
2015-10-23,EAQ,nrcs_737,3.88,7.110542,1.606187,1.510306
2015-10-24,EAQ,nrcs_737,3.88,0.239385,1.184606,0.976794
2015-10-25,EAQ,nrcs_737,3.88,1.267042,0.706704,1.021068
2015-10-26,EAQ,nrcs_737,3.88,2.690813,0.881375,1.107012
2015-10-27,EAQ,nrcs_737,3.88,1.801698,1.384534,0.974436
2015-10-28,EAQ,nrcs_737,3.88,3.923261,0.942954,0.89067
2015-10-29,EAQ,nrcs_737,3.88,4.939479,1.424449,0.923464
2015-10-30,EAQ,nrcs_737,3.88,1.308708,0.720456,0.954265
2015-10-31,EAQ,nrcs_737,3.88,0.0,0.401033,0.845736
2015-11-01,EAQ,nrcs_737,3.88,0.0,0.487529,0.967299
2015-11-02,EAQ,nrcs_737,3.88,0.0,0.241871,1.698025
2015-11-03,EAQ,nrcs_737,3.88,1.169125,0.331439,2.922864
2015-11-04,EAQ,nrcs_737,3.88,7.438542,1.888533,0.964928
2015-11-05,EAQ,nrcs_737,3.88,10.279584,2.282452,0.75793
2015-11-06,EAQ,nrcs_737,3.88,4.481094,1.038306,0.749319
2015-11-07,EAQ,nrcs_737,3.88,2.88099,0.639104,0.74308
2015-11-08,EAQ,nrcs_737,3.88,2.433667,0.609068,0.737462
2015-11-09,EAQ,nrcs_737,3.88,1.182833,0.351715,0.732139
2015-11-10,EAQ,nrcs_737,3.88,6.101584,0.8878,0.727057
2015-11-11,EAQ,nrcs_737,3.88,5.075583,1.013191,0.722222
2015-11-12,EAQ,nrcs_737,3.88,0.0,0.047776,0.717645
2015-11-13,EAQ,nrcs_737,3.88,1.159823,0.312043,0.713339
2015-11-14,EAQ,nrcs_737,3.88,1.209177,0.353071,0.709309
2015-11-15,EAQ,nrcs_737,3.88,2.601646,0.62299,0.705553
2015-11-16,EAQ,nrcs_737,3.88,9.040709,1.573375,0.702066
2015-11-17,EAQ,nrcs_737,3.88,7.923438,1.748953,0.698831
2015-11-18,EAQ,nrcs_737,3.88,3.858032,0.719025,0.695831
2015-11-19,EAQ,nrcs_737,3.88,3.76499,0.571168,0.693039
2015-11-20,EAQ,nrcs_737,3.88,1.234188,0.534428,0.690428
2015-11-21,EAQ,nrcs_737,3.88,0.0,0.028223,0.687966
2015-11-22,EAQ,nrcs_737,3.88,0.0,0.090021,0.685622
2015-11-23,EAQ,nrcs_737,3.88,0.0,0.241965,0.683363
2015-11-24,EAQ,nrcs_737,3.88,0.0,0.537741,0.681158
2015-11-25,EAQ,nrcs_737,3.88,0.175271,0.326645,0.678977
2015-11-26,EAQ,nrcs_737,3.88,1.342552,0.584561,0.676794
2015-11-27,EAQ,nrcs_737,3.88,5.966458,1.305001,0.674586
2015-11-28,EAQ,nrcs_737,3.88,5.101698,1.313462,0.672331
2015-11-29,EAQ,nrcs_737,3.88,0.456458,0.353521,0.670015
2015-11-30,EAQ,nrcs_737,3.88,0.63,0.34331,0.667622
2015-12-01,EAQ,nrcs_737,3.88,0.180177,0.162126,0.665142
2015-12-02,EAQ,nrcs_737,3.88,0.0,0.167931,0.662569
2015-12-03,EAQ,nrcs_737,3.88,1.146604,0.52195,0.659898
2015-12-04,EAQ,nrcs_737,3.88,4.673885,0.735177,0.657126
2015-12-05,EAQ,nrcs_737,3.88,3.626511,1.103329,0.654252
2015-12-06,EAQ,nrcs_737,3.88,1.141708,0.445081,0.651278
2015-12-07,EAQ,nrcs_737,3.88,4.612969,1.162754,0.648205
2015-12-08,EAQ,nrcs_737,3.88,3.568323,0.371899,0.645039
2015-12-09,EAQ,nrcs_737,3.88,1.183323,0.293433,0.641791
2015-12-10,EAQ,nrcs_737,3.88,1.233677,0.579961,0.63845
2015-12-11,EAQ,nrcs_737,3.88,0.0,0.483844,0.635013
2015-12-12,EAQ,nrcs_737,3.88,0.561552,0.762625,0.631512
2015-12-13,EAQ,nrcs_737,3.88,1.727646,1.076571,0.627941
2015-12-14,EAQ,nrcs_737,3.88,4.685448,0.994568,0.624305
2015-12-15,EAQ,nrcs_737,3.88,3.90724,1.112175,0.62061
2015-12-16,EAQ,nrcs_737,3.88,2.551677,0.478134,0.616861
2015-12-17,EAQ,nrcs_737,3.88,2.61774,0.813176,0.613064
2015-12-18,EAQ,nrcs_737,3.88,2.643375,0.464966,0.609224
2015-12-19,EAQ,nrcs_737,3.88,5.991333,0.544356,0.605346
2015-12-20,EAQ,nrcs_737,3.88,10.84099,0.777098,0.601435
2015-12-21,EAQ,nrcs_737,3.88,18.079834,1.313598,0.597496
2015-12-22,EAQ,nrcs_737,3.88,19.578844,1.588112,0.593533
2015-12-23,EAQ,nrcs_737,3.88,13.507979,1.373609,0.58955
2015-12-24,EAQ,nrcs_737,3.88,9.709271,0.936704,0.585553
2015-12-25,EAQ,nrcs_737,3.88,15.542407,1.19519,0.581544
2015-12-26,EAQ,nrcs_737,3.88,10.861667,1.157388,0.577527
2015-12-27,EAQ,nrcs_737,3.88,0.0,0.304169,0.573506
2015-12-28,EAQ,nrcs_737,3.88,0.0,0.21392,0.569484
2015-12-29,EAQ,nrcs_737,3.88,1.173042,0.378101,0.565465
2015-12-30,EAQ,nrcs_737,3.88,3.510782,0.741064,0.56145
2015-12-31,EAQ,nrcs_737,3.88,4.673,0.830313,0.557443
2013-12-25,Gothic_ME,castnet_gothic,0.53,0.811939,0.391933,0.622905
2013-12-26,Gothic_ME,castnet_gothic,0.53,0.0,0.29547,0.617407
2013-12-27,Gothic_ME,castnet_gothic,0.53,0.0,0.159626,0.611956
2013-12-28,Gothic_ME,castnet_gothic,0.53,0.0,0.295411,0.606554
2013-12-29,Gothic_ME,castnet_gothic,0.53,0.0,0.089257,0.601201
2013-12-30,Gothic_ME,castnet_gothic,0.53,0.0,0.072655,0.595899
2013-12-31,Gothic_ME,castnet_gothic,0.53,0.0,0.105481,0.590649
2014-01-01,Gothic_ME,castnet_gothic,0.53,2.522417,0.185636,0.585453
2014-01-02,Gothic_ME,castnet_gothic,0.53,1.072895,0.277714,0.580311
2014-01-03,Gothic_ME,castnet_gothic,0.53,0.733766,0.331138,0.575223
2014-01-04,Gothic_ME,castnet_gothic,0.53,3.072765,0.256272,0.570191
2014-01-05,Gothic_ME,castnet_gothic,0.53,2.715287,0.355276,0.565214
2014-01-06,Gothic_ME,castnet_gothic,0.53,0.546986,0.12231,0.560294
2014-01-07,Gothic_ME,castnet_gothic,0.53,1.411563,0.10678,0.555429
2014-01-08,Gothic_ME,castnet_gothic,0.53,3.164879,0.227866,0.550622
2014-01-09,Gothic_ME,castnet_gothic,0.53,10.249654,0.469706,0.545871
2014-01-10,Gothic_ME,castnet_gothic,0.53,11.067148,0.467519,0.541176
2014-01-11,Gothic_ME,castnet_gothic,0.53,3.086665,0.438198,0.536538
2014-01-12,Gothic_ME,castnet_gothic,0.53,2.401539,0.314106,0.531956
2014-01-13,Gothic_ME,castnet_gothic,0.53,2.530187,0.40969,0.52743
2014-01-14,Gothic_ME,castnet_gothic,0.53,1.146056,0.433806,0.52296
2014-01-15,Gothic_ME,castnet_gothic,0.53,0.582658,0.374938,0.518546
2014-01-16,Gothic_ME,castnet_gothic,0.53,0.0,0.374205,0.514187
2014-01-17,Gothic_ME,castnet_gothic,0.53,0.0,0.389522,0.509883
2014-01-18,Gothic_ME,castnet_gothic,0.53,0.0,0.097119,0.505633
2014-01-19,Gothic_ME,castnet_gothic,0.53,0.0,0.094223,0.501437
2014-01-20,Gothic_ME,castnet_gothic,0.53,0.0,0.271008,0.497294
2014-01-21,Gothic_ME,castnet_gothic,0.53,0.0,0.20557,0.493205
2014-01-22,Gothic_ME,castnet_gothic,0.53,0.0,0.167096,0.489168
2014-01-23,Gothic_ME,castnet_gothic,0.53,0.0,0.389366,0.485183
2014-01-24,Gothic_ME,castnet_gothic,0.53,0.0,0.332928,0.481249
2014-01-25,Gothic_ME,castnet_gothic,0.53,0.0,0.189079,0.477366
2014-01-26,Gothic_ME,castnet_gothic,0.53,0.0,0.056746,0.473533
2014-01-27,Gothic_ME,castnet_gothic,0.53,0.574294,-0.008191,0.46975
2014-01-28,Gothic_ME,castnet_gothic,0.53,0.598732,0.087761,0.466016
2014-01-29,Gothic_ME,castnet_gothic,0.53,6.594742,0.12491,0.46233
2014-01-30,Gothic_ME,castnet_gothic,0.53,26.487118,0.019386,0.458692
2014-01-31,Gothic_ME,castnet_gothic,0.53,40.058037,0.157828,0.455102
2014-02-01,Gothic_ME,castnet_gothic,0.53,9.122277,0.621446,0.451558
2014-02-02,Gothic_ME,castnet_gothic,0.53,1.243104,0.370518,0.448059
2014-02-03,Gothic_ME,castnet_gothic,0.53,2.84149,0.356024,0.444606
2014-02-04,Gothic_ME,castnet_gothic,0.53,6.527216,0.523399,0.441198
2014-02-05,Gothic_ME,castnet_gothic,0.53,5.767723,0.213228,0.437834
2014-02-06,Gothic_ME,castnet_gothic,0.53,5.669625,0.342069,0.434513
2014-02-07,Gothic_ME,castnet_gothic,0.53,13.887032,0.430717,0.431235
2014-02-08,Gothic_ME,castnet_gothic,0.53,22.376387,0.660211,0.428
2014-02-09,Gothic_ME,castnet_gothic,0.53,24.022341,0.378178,0.424805
2014-02-10,Gothic_ME,castnet_gothic,0.53,15.631198,0.444048,0.421652
2014-02-11,Gothic_ME,castnet_gothic,0.53,4.219638,0.54447,0.418539
2014-02-12,Gothic_ME,castnet_gothic,0.53,0.54741,0.503126,0.415466
2014-02-13,Gothic_ME,castnet_gothic,0.53,3.705912,0.303295,0.412432
2014-02-14,Gothic_ME,castnet_gothic,0.53,3.732612,0.109452,0.409437
2014-02-15,Gothic_ME,castnet_gothic,0.53,0.483735,-0.048138,0.40648
2014-02-16,Gothic_ME,castnet_gothic,0.53,0.0,0.037018,0.40356
2014-02-17,Gothic_ME,castnet_gothic,0.53,0.0,0.238515,0.400677
2014-02-18,Gothic_ME,castnet_gothic,0.53,0.0,0.411785,0.39783
2014-02-19,Gothic_ME,castnet_gothic,0.53,3.642938,0.290466,0.395019
2014-02-20,Gothic_ME,castnet_gothic,0.53,5.637236,0.359859,0.392243
2014-02-21,Gothic_ME,castnet_gothic,0.53,1.917547,0.488712,0.389502
2014-02-22,Gothic_ME,castnet_gothic,0.53,0.191639,0.81453,0.386795
2014-02-23,Gothic_ME,castnet_gothic,0.53,0.199793,0.265289,0.384121
2014-02-24,Gothic_ME,castnet_gothic,0.53,0.0,0.062464,0.381481
2014-02-25,Gothic_ME,castnet_gothic,0.53,0.0,-0.020714,0.378873
2014-02-26,Gothic_ME,castnet_gothic,0.53,0.0,0.035444,0.376297
2014-02-27,Gothic_ME,castnet_gothic,0.53,6.7556,0.155178,0.373752
2014-02-28,Gothic_ME,castnet_gothic,0.53,13.798672,0.252828,0.371239
2014-03-01,Gothic_ME,castnet_gothic,0.53,20.767658,-0.048611,0.368756
2014-03-02,Gothic_ME,castnet_gothic,0.53,14.055086,-0.005614,0.366303
2014-03-03,Gothic_ME,castnet_gothic,0.53,0.0,0.069427,0.36388
2014-03-04,Gothic_ME,castnet_gothic,0.53,0.0,0.188945,0.361486
2014-03-05,Gothic_ME,castnet_gothic,0.53,0.80807,0.23284,0.35912
2014-03-06,Gothic_ME,castnet_gothic,0.53,0.99389,0.211696,0.356783
2014-03-07,Gothic_ME,castnet_gothic,0.53,1.514417,0.166276,0.354474
2014-03-08,Gothic_ME,castnet_gothic,0.53,1.414265,0.249742,0.352191
2014-03-09,Gothic_ME,castnet_gothic,0.53,0.830128,0.322026,0.349936
2014-03-10,Gothic_ME,castnet_gothic,0.53,1.873313,0.09291,0.347708
2014-03-11,Gothic_ME,castnet_gothic,0.53,2.679614,0.476895,0.345505
2014-03-12,Gothic_ME,castnet_gothic,0.53,1.698179,0.569075,0.343328
2014-03-13,Gothic_ME,castnet_gothic,0.53,0.163735,0.645428,0.341177
2014-03-14,Gothic_ME,castnet_gothic,0.53,0.541015,0.687244,0.33905
2014-03-15,Gothic_ME,castnet_gothic,0.53,0.85649,0.428482,0.336948
2014-03-16,Gothic_ME,castnet_gothic,0.53,0.490438,0.465262,0.33487
2014-03-17,Gothic_ME,castnet_gothic,0.53,0.169249,0.442326,0.332815
2014-03-18,Gothic_ME,castnet_gothic,0.53,0.383877,0.539512,0.330785
2014-03-19,Gothic_ME,castnet_gothic,0.53,0.216252,0.66483,0.328777
2014-03-20,Gothic_ME,castnet_gothic,0.53,0.0,0.603407,0.326792
2014-03-21,Gothic_ME,castnet_gothic,0.53,0.160766,0.538446,0.324829
2014-03-22,Gothic_ME,castnet_gothic,0.53,4.373389,0.708621,0.322888
2014-03-23,Gothic_ME,castnet_gothic,0.53,4.384752,0.711364,0.320969
2014-03-24,Gothic_ME,castnet_gothic,0.53,0.0,0.813963,0.319071
2014-03-25,Gothic_ME,castnet_gothic,0.53,1.75909,0.387257,0.317194
2014-03-26,Gothic_ME,castnet_gothic,0.53,11.837048,0.390037,0.315338
2014-03-27,Gothic_ME,castnet_gothic,0.53,15.2581,0.395098,0.313502
2014-03-28,Gothic_ME,castnet_gothic,0.53,5.585427,0.684192,0.311686
2014-03-29,Gothic_ME,castnet_gothic,0.53,0.57402,0.837755,0.309891
2014-03-30,Gothic_ME,castnet_gothic,0.53,1.788359,0.473732,0.308114
2014-03-31,Gothic_ME,castnet_gothic,0.53,3.652818,0.238786,0.306357
2014-04-01,Gothic_ME,castnet_gothic,0.53,2.587573,0.68786,0.304618
2014-04-02,Gothic_ME,castnet_gothic,0.53,4.670683,0.541716,0.302899
2014-04-03,Gothic_ME,castnet_gothic,0.53,5.205626,0.526331,0.301197
2014-04-04,Gothic_ME,castnet_gothic,0.53,0.689365,0.646173,0.299514
2014-04-05,Gothic_ME,castnet_gothic,0.53,0.0,0.437047,0.297848
2014-04-06,Gothic_ME,castnet_gothic,0.53,3.471077,0.48988,0.2962
2014-04-07,Gothic_ME,castnet_gothic,0.53,5.208468,0.613659,0.29457
2014-04-08,Gothic_ME,castnet_gothic,0.53,1.657333,0.286009,0.292956
2014-04-09,Gothic_ME,castnet_gothic,0.53,0.0,0.161367,0.291359
2014-04-10,Gothic_ME,castnet_gothic,0.53,0.0,-0.003726,0.289779
2014-04-11,Gothic_ME,castnet_gothic,0.53,0.0,-0.032868,0.288215
2014-04-12,Gothic_ME,castnet_gothic,0.53,1.394402,0.01419,0.286667
2014-04-13,Gothic_ME,castnet_gothic,0.53,8.169772,0.750601,0.285134
2014-04-14,Gothic_ME,castnet_gothic,0.53,7.001823,0.732739,0.283618
2014-04-15,Gothic_ME,castnet_gothic,0.53,0.0,0.654145,0.282117
2014-04-16,Gothic_ME,castnet_gothic,0.53,0.0,0.651561,0.280631
2014-04-17,Gothic_ME,castnet_gothic,0.53,0.0,0.442589,0.27916
2014-04-18,Gothic_ME,castnet_gothic,0.53,0.0,0.076744,0.277703
2014-04-19,Gothic_ME,castnet_gothic,0.53,0.0,0.016915,0.67682
2014-04-20,Gothic_ME,castnet_gothic,0.53,0.0,-0.097195,0.549814
2014-04-21,Gothic_ME,castnet_gothic,0.53,0.0,-0.16048,0.877141
2014-04-22,Gothic_ME,castnet_gothic,0.53,0.261359,-0.076378,0.676939
2014-04-23,Gothic_ME,castnet_gothic,0.53,0.543627,0.102375,0.828433
2014-04-24,Gothic_ME,castnet_gothic,0.53,0.282685,0.193258,0.775698
2014-04-25,Gothic_ME,castnet_gothic,0.53,0.0,-0.108976,0.974544
2014-04-26,Gothic_ME,castnet_gothic,0.53,2.518635,-0.116401,0.800203
2014-04-27,Gothic_ME,castnet_gothic,0.53,6.71015,0.265409,0.806281
2014-04-28,Gothic_ME,castnet_gothic,0.53,8.933719,0.632624,0.298544
2014-04-29,Gothic_ME,castnet_gothic,0.53,6.416749,0.604014,0.2626
2014-04-30,Gothic_ME,castnet_gothic,0.53,3.150048,0.786694,0.28559
2014-05-01,Gothic_ME,castnet_gothic,0.53,0.588555,0.964688,0.304844
2014-05-02,Gothic_ME,castnet_gothic,0.53,0.0,0.082705,0.258753
2014-05-03,Gothic_ME,castnet_gothic,0.53,0.0,-0.073857,0.96713
2014-05-04,Gothic_ME,castnet_gothic,0.53,0.0,-0.108762,0.975955
2014-05-05,Gothic_ME,castnet_gothic,0.53,0.0,-0.119208,1.167107
2014-05-06,Gothic_ME,castnet_gothic,0.53,0.0,-0.0996,0.891374
2014-05-07,Gothic_ME,castnet_gothic,0.53,0.43049,-0.077539,1.370539
2014-05-08,Gothic_ME,castnet_gothic,0.53,2.044503,0.087883,0.806593
2014-05-09,Gothic_ME,castnet_gothic,0.53,7.221079,0.08601,1.309094
2014-05-10,Gothic_ME,castnet_gothic,0.53,8.334364,-0.017092,1.676082
2014-05-11,Gothic_ME,castnet_gothic,0.53,19.607325,0.29553,2.084535
2014-05-12,Gothic_ME,castnet_gothic,0.53,20.814686,0.969739,0.31566
2014-05-13,Gothic_ME,castnet_gothic,0.53,3.446907,1.105559,0.566033
2014-05-14,Gothic_ME,castnet_gothic,0.53,0.186964,1.102346,1.137243
2014-05-15,Gothic_ME,castnet_gothic,0.53,0.23789,0.157521,2.984127
2014-05-16,Gothic_ME,castnet_gothic,0.53,1.794757,0.07249,3.956387
2014-05-17,Gothic_ME,castnet_gothic,0.53,1.612563,-0.200599,4.032444
2014-05-18,Gothic_ME,castnet_gothic,0.53,0.0,-0.422054,4.873691
2014-05-19,Gothic_ME,castnet_gothic,0.53,0.0,-0.477699,5.211149
2014-05-20,Gothic_ME,castnet_gothic,0.53,0.0,-0.314404,5.466578
2014-05-21,Gothic_ME,castnet_gothic,0.53,0.0,-0.262079,6.732601
2014-05-22,Gothic_ME,castnet_gothic,0.53,0.172013,-0.335778,10.629643
2014-05-23,Gothic_ME,castnet_gothic,0.53,0.91176,-0.169059,11.617226
2014-05-24,Gothic_ME,castnet_gothic,0.53,2.617766,-0.07842,11.590653
2014-05-25,Gothic_ME,castnet_gothic,0.53,3.992196,0.055048,12.240008
2014-05-26,Gothic_ME,castnet_gothic,0.53,2.146745,-0.033762,13.059967
2014-05-27,Gothic_ME,castnet_gothic,0.53,0.158746,-0.266308,20.721605
2014-05-28,Gothic_ME,castnet_gothic,0.53,0.165501,-0.314206,28.775347
2014-05-29,Gothic_ME,castnet_gothic,0.53,0.409903,-0.353966,26.306583
2014-05-30,Gothic_ME,castnet_gothic,0.53,1.7362,-0.250491,22.014599
2014-05-31,Gothic_ME,castnet_gothic,0.53,2.673404,-0.152708,19.005068
2014-06-01,Gothic_ME,castnet_gothic,0.53,0.36644,-0.368231,18.042356
2014-06-02,Gothic_ME,castnet_gothic,0.53,0.0,-0.520625,18.664581
2014-06-03,Gothic_ME,castnet_gothic,0.53,0.0,-0.311946,19.789045
2014-06-04,Gothic_ME,castnet_gothic,0.53,0.0,-0.251363,22.804045
2014-06-05,Gothic_ME,castnet_gothic,0.53,0.0,-0.338325,23.869585
2014-06-06,Gothic_ME,castnet_gothic,0.53,0.0,-0.360611,26.271357
2014-06-07,Gothic_ME,castnet_gothic,0.53,0.0,-0.055968,29.441711
2014-06-08,Gothic_ME,castnet_gothic,0.53,2.897871,1.502985,27.567442
2014-06-09,Gothic_ME,castnet_gothic,0.53,3.021185,1.779032,25.493856
2014-06-10,Gothic_ME,castnet_gothic,0.53,0.0,2.385395,19.394318
2014-06-11,Gothic_ME,castnet_gothic,0.53,3.075215,2.269808,14.397677
2014-06-12,Gothic_ME,castnet_gothic,0.53,3.206075,2.328294,10.584152
2014-06-13,Gothic_ME,castnet_gothic,0.53,0.0,2.28407,7.757956
2014-06-14,Gothic_ME,castnet_gothic,0.53,0.679998,2.317521,6.783321
2014-06-15,Gothic_ME,castnet_gothic,0.53,0.708934,2.514808,5.962865
2014-06-16,Gothic_ME,castnet_gothic,0.53,0.0,2.576401,5.232507
2014-06-17,Gothic_ME,castnet_gothic,0.53,0.0,2.000038,4.677186
2014-06-18,Gothic_ME,castnet_gothic,0.53,0.0,2.750823,4.206763
2014-06-19,Gothic_ME,castnet_gothic,0.53,0.0,2.615269,3.804683
2014-06-20,Gothic_ME,castnet_gothic,0.53,0.0,2.802315,3.458646
2014-06-21,Gothic_ME,castnet_gothic,0.53,0.0,2.452966,3.148483
2014-06-22,Gothic_ME,castnet_gothic,0.53,0.0,2.493613,2.673057
2014-06-23,Gothic_ME,castnet_gothic,0.53,0.0,2.777137,2.378524
2014-06-24,Gothic_ME,castnet_gothic,0.53,0.0,2.748326,2.182299
2014-06-25,Gothic_ME,castnet_gothic,0.53,0.0,2.562176,2.025905
2014-06-26,Gothic_ME,castnet_gothic,0.53,0.0,2.388582,1.894459
2014-06-27,Gothic_ME,castnet_gothic,0.53,0.233432,2.405661,1.814297
2014-06-28,Gothic_ME,castnet_gothic,0.53,0.243365,2.477481,1.708067
2014-06-29,Gothic_ME,castnet_gothic,0.53,0.0,2.646723,1.59481
2014-06-30,Gothic_ME,castnet_gothic,0.53,0.0,2.341593,1.5167
2014-07-01,Gothic_ME,castnet_gothic,0.53,0.0,2.286013,1.446421
2014-07-02,Gothic_ME,castnet_gothic,0.53,0.0,0.718277,1.382752
2014-07-03,Gothic_ME,castnet_gothic,0.53,0.0,1.348801,1.32474
2014-07-04,Gothic_ME,castnet_gothic,0.53,0.0,1.462677,1.27161
2014-07-05,Gothic_ME,castnet_gothic,0.53,0.0,1.946079,1.222722
2014-07-06,Gothic_ME,castnet_gothic,0.53,0.0,0.728592,1.177551
2014-07-07,Gothic_ME,castnet_gothic,0.53,0.0,0.883025,1.135666
2014-07-08,Gothic_ME,castnet_gothic,0.53,0.694711,0.995149,1.18545
2014-07-09,Gothic_ME,castnet_gothic,0.53,0.724274,1.899673,1.14895
2014-07-10,Gothic_ME,castnet_gothic,0.53,2.248833,2.330865,1.199514
2014-07-11,Gothic_ME,castnet_gothic,0.53,3.175206,0.667394,1.25791
2014-07-12,Gothic_ME,castnet_gothic,0.53,3.751592,0.110699,1.276534
2014-07-13,Gothic_ME,castnet_gothic,0.53,3.008356,0.236743,1.213687
2014-07-14,Gothic_ME,castnet_gothic,0.53,0.0,0.315545,0.909495
2014-07-15,Gothic_ME,castnet_gothic,0.53,0.928676,1.895294,1.005496
2014-07-16,Gothic_ME,castnet_gothic,0.53,5.094903,1.472123,1.251557
2014-07-17,Gothic_ME,castnet_gothic,0.53,4.302314,1.434078,1.184416
2014-07-18,Gothic_ME,castnet_gothic,0.53,0.627498,1.371503,0.883414
2014-07-19,Gothic_ME,castnet_gothic,0.53,0.6542,0.623948,0.876937
2014-07-20,Gothic_ME,castnet_gothic,0.53,0.800406,1.398691,0.858052
2014-07-21,Gothic_ME,castnet_gothic,0.53,0.834466,1.444886,0.815471
2014-07-22,Gothic_ME,castnet_gothic,0.53,0.0,0.208439,0.679981
2014-07-23,Gothic_ME,castnet_gothic,0.53,1.041041,0.795516,0.786124
2014-07-24,Gothic_ME,castnet_gothic,0.53,2.015043,1.020951,0.84
2014-07-25,Gothic_ME,castnet_gothic,0.53,1.439246,0.155476,0.766354
2014-07-26,Gothic_ME,castnet_gothic,0.53,0.489981,0.99771,0.689839
2014-07-27,Gothic_ME,castnet_gothic,0.53,3.415579,2.190569,0.87754
2014-07-28,Gothic_ME,castnet_gothic,0.53,9.056018,0.342791,1.28604
2014-07-29,Gothic_ME,castnet_gothic,0.53,9.430807,0.578458,1.301121
2014-07-30,Gothic_ME,castnet_gothic,0.53,4.334518,2.054513,0.92713
2014-07-31,Gothic_ME,castnet_gothic,0.53,0.970443,1.781021,0.673073
2014-08-01,Gothic_ME,castnet_gothic,0.53,5.985798,2.232415,1.028217
2014-08-02,Gothic_ME,castnet_gothic,0.53,2.647388,1.76909,0.783013
2014-08-03,Gothic_ME,castnet_gothic,0.53,1.398381,1.09551,0.694412
2014-08-04,Gothic_ME,castnet_gothic,0.53,3.281271,1.8704,0.829255
2014-08-05,Gothic_ME,castnet_gothic,0.53,2.534836,2.064964,0.764116
2014-08-06,Gothic_ME,castnet_gothic,0.53,0.794407,1.542609,0.633273
2014-08-07,Gothic_ME,castnet_gothic,0.53,0.139256,0.450468,0.583868
2014-08-08,Gothic_ME,castnet_gothic,0.53,0.0,0.953359,0.552136
2014-08-09,Gothic_ME,castnet_gothic,0.53,0.0,2.160397,0.547433
2014-08-10,Gothic_ME,castnet_gothic,0.53,0.0,1.993131,0.542747
2014-08-11,Gothic_ME,castnet_gothic,0.53,0.0,1.150384,0.53808
2014-08-12,Gothic_ME,castnet_gothic,0.53,0.808234,1.149394,0.615886
2014-08-13,Gothic_ME,castnet_gothic,0.53,1.153972,1.296786,0.635951
2014-08-14,Gothic_ME,castnet_gothic,0.53,1.587459,0.840687,0.658175
2014-08-15,Gothic_ME,castnet_gothic,0.53,1.316605,0.84178,0.64039
2014-08-16,Gothic_ME,castnet_gothic,0.53,0.0,1.481972,0.515151
2014-08-17,Gothic_ME,castnet_gothic,0.53,0.0,0.922032,0.510661
2014-08-18,Gothic_ME,castnet_gothic,0.53,0.807748,1.598404,0.594238
2014-08-19,Gothic_ME,castnet_gothic,0.53,6.33413,1.944267,0.95839
2014-08-20,Gothic_ME,castnet_gothic,0.53,6.503345,1.600665,0.98311
2014-08-21,Gothic_ME,castnet_gothic,0.53,2.423307,1.145697,0.668047
2014-08-22,Gothic_ME,castnet_gothic,0.53,7.726445,1.209551,1.036057
2014-08-23,Gothic_ME,castnet_gothic,0.53,15.454377,1.970833,1.561862
2014-08-24,Gothic_ME,castnet_gothic,0.53,9.541333,0.857305,1.167808
2014-08-25,Gothic_ME,castnet_gothic,0.53,2.948306,1.009887,0.693639
2014-08-26,Gothic_ME,castnet_gothic,0.53,9.373038,1.867906,1.136577
2014-08-27,Gothic_ME,castnet_gothic,0.53,11.543504,1.888231,1.282574
2014-08-28,Gothic_ME,castnet_gothic,0.53,6.069021,1.981109,0.895894
2014-08-29,Gothic_ME,castnet_gothic,0.53,0.918585,1.635107,0.523815
2014-08-30,Gothic_ME,castnet_gothic,0.53,0.40266,1.234013,0.488975
2014-08-31,Gothic_ME,castnet_gothic,0.53,0.822454,1.358078,0.518107
2014-09-01,Gothic_ME,castnet_gothic,0.53,0.0,1.613747,0.448106
2014-09-02,Gothic_ME,castnet_gothic,0.53,0.0,1.969767,0.444281
2014-09-03,Gothic_ME,castnet_gothic,0.53,0.0,1.626099,0.4405
2014-09-04,Gothic_ME,castnet_gothic,0.53,3.318526,1.916488,0.66307
2014-09-05,Gothic_ME,castnet_gothic,0.53,3.459739,1.65322,0.682338
2014-09-06,Gothic_ME,castnet_gothic,0.53,0.0,1.586989,0.429418
2014-09-07,Gothic_ME,castnet_gothic,0.53,0.297551,1.520961,0.453997
2014-09-08,Gothic_ME,castnet_gothic,0.53,7.726041,1.555538,0.947164
2014-09-09,Gothic_ME,castnet_gothic,0.53,21.089527,1.553181,1.874172
2014-09-10,Gothic_ME,castnet_gothic,0.53,13.926564,1.280432,1.400468
2014-09-11,Gothic_ME,castnet_gothic,0.53,0.0,0.899633,0.412025
2014-09-12,Gothic_ME,castnet_gothic,0.53,0.0,1.460312,0.40887
2014-09-13,Gothic_ME,castnet_gothic,0.53,0.0,1.742432,0.40596
2014-09-14,Gothic_ME,castnet_gothic,0.53,0.0,0.71138,0.403418
2014-09-15,Gothic_ME,castnet_gothic,0.53,0.0,0.928242,0.401425
2014-09-16,Gothic_ME,castnet_gothic,0.53,0.0,0.465726,0.400275
2014-09-17,Gothic_ME,castnet_gothic,0.53,0.0,-0.375127,0.400644
2014-09-18,Gothic_ME,castnet_gothic,0.53,0.0,0.353834,0.404288
2014-09-19,Gothic_ME,castnet_gothic,0.53,0.0,1.59628,0.4146
2014-09-20,Gothic_ME,castnet_gothic,0.53,0.595103,1.337305,0.472683
2014-09-21,Gothic_ME,castnet_gothic,0.53,10.259624,0.969327,1.187485
2014-09-22,Gothic_ME,castnet_gothic,0.53,11.955452,0.641346,1.34302
2014-09-23,Gothic_ME,castnet_gothic,0.53,2.128613,-0.115713,0.684661
2014-09-24,Gothic_ME,castnet_gothic,0.53,0.147447,0.930807,0.582427
2014-09-25,Gothic_ME,castnet_gothic,0.53,0.0,0.534387,0.566951
2014-09-26,Gothic_ME,castnet_gothic,0.53,0.0,0.348579,0.588176
2014-09-27,Gothic_ME,castnet_gothic,0.53,0.128572,-0.181575,0.632136
2014-09-28,Gothic_ME,castnet_gothic,0.53,6.168644,0.024176,1.095184
2014-09-29,Gothic_ME,castnet_gothic,0.53,11.577523,0.863452,1.480773
2014-09-30,Gothic_ME,castnet_gothic,0.53,10.657123,0.640447,1.422975
2014-10-01,Gothic_ME,castnet_gothic,0.53,7.635147,1.354599,1.200898
2014-10-02,Gothic_ME,castnet_gothic,0.53,5.79246,1.067143,1.09274
2014-10-03,Gothic_ME,castnet_gothic,0.53,0.0,0.611671,0.690551
2014-10-04,Gothic_ME,castnet_gothic,0.53,0.0,0.826736,0.702488
2014-10-05,Gothic_ME,castnet_gothic,0.53,0.0,0.414866,0.715242
2014-10-06,Gothic_ME,castnet_gothic,0.53,0.0,0.601329,0.731504
2014-10-07,Gothic_ME,castnet_gothic,0.53,0.0,0.624116,0.76064
2014-10-08,Gothic_ME,castnet_gothic,0.53,0.0,0.583356,0.818018
2014-10-09,Gothic_ME,castnet_gothic,0.53,2.331274,0.245293,1.145608
2014-10-10,Gothic_ME,castnet_gothic,0.53,3.344234,0.601628,1.491223
2014-10-11,Gothic_ME,castnet_gothic,0.53,1.242023,0.241096,1.557763
2014-10-12,Gothic_ME,castnet_gothic,0.53,4.91559,0.816514,2.012961
2014-10-13,Gothic_ME,castnet_gothic,0.53,4.81023,2.523917,2.131478
2014-10-14,Gothic_ME,castnet_gothic,0.53,0.0,0.567806,1.797794
2014-10-15,Gothic_ME,castnet_gothic,0.53,0.360334,0.709742,1.844755
2014-10-16,Gothic_ME,castnet_gothic,0.53,0.375667,0.925576,1.842928
2014-10-17,Gothic_ME,castnet_gothic,0.53,0.0,1.151263,1.795356
2014-10-18,Gothic_ME,castnet_gothic,0.53,0.0,0.383849,1.769643
2014-10-19,Gothic_ME,castnet_gothic,0.53,0.0,0.616423,1.740448
2014-10-20,Gothic_ME,castnet_gothic,0.53,0.0,0.526004,1.71024
2014-10-21,Gothic_ME,castnet_gothic,0.53,3.141644,0.696854,1.921154
2014-10-22,Gothic_ME,castnet_gothic,0.53,4.205307,0.742674,1.991871
2014-10-23,Gothic_ME,castnet_gothic,0.53,0.969549,0.527713,1.701259
2014-10-24,Gothic_ME,castnet_gothic,0.53,0.0,0.224492,1.598099
2014-10-25,Gothic_ME,castnet_gothic,0.53,0.0,0.037894,1.57255
2014-10-26,Gothic_ME,castnet_gothic,0.53,0.340062,0.301302,1.591889
2014-10-27,Gothic_ME,castnet_gothic,0.53,0.63834,0.650537,1.57616
2014-10-28,Gothic_ME,castnet_gothic,0.53,0.295884,0.615682,1.518996
2014-10-29,Gothic_ME,castnet_gothic,0.53,0.0,0.609424,1.471726
2014-10-30,Gothic_ME,castnet_gothic,0.53,0.0,0.225161,1.446116
2014-10-31,Gothic_ME,castnet_gothic,0.53,0.0,0.470596,1.420391
2014-11-01,Gothic_ME,castnet_gothic,0.53,0.291,0.394264,1.420403
2014-11-02,Gothic_ME,castnet_gothic,0.53,7.928285,0.791571,1.980531
2014-11-03,Gothic_ME,castnet_gothic,0.53,9.14156,1.751503,1.488034
2014-11-04,Gothic_ME,castnet_gothic,0.53,1.242925,1.396179,1.318714
2014-11-05,Gothic_ME,castnet_gothic,0.53,0.0,0.349213,1.614171
2014-11-06,Gothic_ME,castnet_gothic,0.53,0.0,0.152987,1.55423
2014-11-07,Gothic_ME,castnet_gothic,0.53,0.0,0.312161,1.246532
2014-11-08,Gothic_ME,castnet_gothic,0.53,0.0,0.308376,1.223489
2014-11-09,Gothic_ME,castnet_gothic,0.53,0.0,0.312272,1.200959
2014-11-10,Gothic_ME,castnet_gothic,0.53,0.843295,1.677894,1.219095
2014-11-11,Gothic_ME,castnet_gothic,0.53,0.87918,1.04507,1.157394
2014-11-12,Gothic_ME,castnet_gothic,0.53,1.917679,0.59916,1.136336
2014-11-13,Gothic_ME,castnet_gothic,0.53,8.611223,0.411896,1.115752
2014-11-14,Gothic_ME,castnet_gothic,0.53,15.658036,0.295857,1.095649
2014-11-15,Gothic_ME,castnet_gothic,0.53,14.293637,0.165773,1.076036
2014-11-16,Gothic_ME,castnet_gothic,0.53,5.375336,0.0,1.056929
2014-11-17,Gothic_ME,castnet_gothic,0.53,0.0,0.0,1.03835
2014-11-18,Gothic_ME,castnet_gothic,0.53,0.0,-0.000556,1.020318
2014-11-19,Gothic_ME,castnet_gothic,0.53,0.0,-0.000985,1.002846
2014-11-20,Gothic_ME,castnet_gothic,0.53,0.0,0.000278,0.985938
2014-11-21,Gothic_ME,castnet_gothic,0.53,0.0,0.0,0.969589
2014-11-22,Gothic_ME,castnet_gothic,0.53,7.123959,0.074133,0.95378
2014-11-23,Gothic_ME,castnet_gothic,0.53,9.671532,-0.018761,0.938482
2014-11-24,Gothic_ME,castnet_gothic,0.53,5.442253,-5e-05,0.923658
2014-11-25,Gothic_ME,castnet_gothic,0.53,6.711733,-0.001269,0.909265
2014-11-26,Gothic_ME,castnet_gothic,0.53,3.625373,-0.01678,0.895258
2014-11-27,Gothic_ME,castnet_gothic,0.53,0.0,-0.004667,0.881593
2014-11-28,Gothic_ME,castnet_gothic,0.53,0.0,-0.054622,0.868229
2014-11-29,Gothic_ME,castnet_gothic,0.53,0.0,-0.122274,0.855129
2014-11-30,Gothic_ME,castnet_gothic,0.53,0.0,-0.136357,0.842262
2014-12-01,Gothic_ME,castnet_gothic,0.53,1.779097,-0.006471,0.829601
2014-12-02,Gothic_ME,castnet_gothic,0.53,0.0,0.072172,0.817126
2014-12-03,Gothic_ME,castnet_gothic,0.53,0.257175,0.065268,0.804821
2014-12-04,Gothic_ME,castnet_gothic,0.53,0.268119,-0.059338,0.792675
2014-12-05,Gothic_ME,castnet_gothic,0.53,0.0,0.16286,0.775861
2014-12-06,Gothic_ME,castnet_gothic,0.53,0.0,-0.015836,0.763
2014-12-07,Gothic_ME,castnet_gothic,0.53,0.0,-0.007738,0.756902
2014-12-08,Gothic_ME,castnet_gothic,0.53,0.0,-0.02464,0.752035
2014-12-09,Gothic_ME,castnet_gothic,0.53,0.0,0.07027,0.747346
2014-12-10,Gothic_ME,castnet_gothic,0.53,0.0,0.197353,0.742638
2014-12-11,Gothic_ME,castnet_gothic,0.53,0.0,0.367499,0.737869
2014-12-12,Gothic_ME,castnet_gothic,0.53,0.0,0.230791,0.733029
2014-12-13,Gothic_ME,castnet_gothic,0.53,2.77629,0.171645,0.728136
2014-12-14,Gothic_ME,castnet_gothic,0.53,3.660442,0.252766,0.723142
2014-12-15,Gothic_ME,castnet_gothic,0.53,1.143012,0.54491,0.718091
2014-12-16,Gothic_ME,castnet_gothic,0.53,1.917652,0.507274,0.71299
2014-12-17,Gothic_ME,castnet_gothic,0.53,3.613638,0.286349,0.707839
2014-12-18,Gothic_ME,castnet_gothic,0.53,2.82783,-0.009146,0.702645
2014-12-19,Gothic_ME,castnet_gothic,0.53,0.950016,0.038364,0.697415
2014-12-20,Gothic_ME,castnet_gothic,0.53,2.411769,0.094089,0.692157
2014-12-21,Gothic_ME,castnet_gothic,0.53,8.978204,0.117953,0.686876
2014-12-22,Gothic_ME,castnet_gothic,0.53,10.849863,0.352885,0.681578
2014-12-23,Gothic_ME,castnet_gothic,0.53,4.657347,0.364108,0.676271
2014-12-24,Gothic_ME,castnet_gothic,0.53,4.829639,0.26574,0.67096
2014-12-25,Gothic_ME,castnet_gothic,0.53,9.584167,0.377466,0.665649
2014-12-26,Gothic_ME,castnet_gothic,0.53,5.692554,0.284996,0.660344
2014-12-27,Gothic_ME,castnet_gothic,0.53,0.548611,0.197281,0.65505
2014-12-28,Gothic_ME,castnet_gothic,0.53,4.984141,0.278726,0.64977
2014-12-29,Gothic_ME,castnet_gothic,0.53,7.265654,0.141251,0.644509
2014-12-30,Gothic_ME,castnet_gothic,0.53,2.993073,0.1256,0.639271
2014-12-31,Gothic_ME,castnet_gothic,0.53,1.185752,0.161611,0.634058
2015-01-01,Gothic_ME,castnet_gothic,0.53,1.468209,0.240335,0.628875
2015-01-02,Gothic_ME,castnet_gothic,0.53,1.919558,0.287751,0.623723
2015-01-03,Gothic_ME,castnet_gothic,0.53,1.733676,0.36146,0.618605
2015-01-04,Gothic_ME,castnet_gothic,0.53,2.173367,0.293745,0.613525
2015-01-05,Gothic_ME,castnet_gothic,0.53,1.155242,0.337593,0.608483
2015-01-06,Gothic_ME,castnet_gothic,0.53,0.347271,-0.06819,0.603482
2015-01-07,Gothic_ME,castnet_gothic,0.53,0.0,-0.094287,0.598524
2015-01-08,Gothic_ME,castnet_gothic,0.53,0.0,0.01887,0.593609
2015-01-09,Gothic_ME,castnet_gothic,0.53,0.0,0.355437,0.588741
2015-01-10,Gothic_ME,castnet_gothic,0.53,0.705959,0.400699,0.583918
2015-01-11,Gothic_ME,castnet_gothic,0.53,2.868855,0.370319,0.579144
2015-01-12,Gothic_ME,castnet_gothic,0.53,4.998908,0.220489,0.574417
2015-01-13,Gothic_ME,castnet_gothic,0.53,4.080662,0.320519,0.569741
2015-01-14,Gothic_ME,castnet_gothic,0.53,1.237794,0.421729,0.565113
2015-01-15,Gothic_ME,castnet_gothic,0.53,0.0,0.429634,0.560537
2015-01-16,Gothic_ME,castnet_gothic,0.53,0.267511,0.412652,0.556011
2015-01-17,Gothic_ME,castnet_gothic,0.53,0.278894,0.369898,0.551535
2015-01-18,Gothic_ME,castnet_gothic,0.53,0.251501,0.096484,0.547111
2015-01-19,Gothic_ME,castnet_gothic,0.53,1.522808,0.017874,0.542739
2015-01-20,Gothic_ME,castnet_gothic,0.53,1.314247,0.213388,0.538417
2015-01-21,Gothic_ME,castnet_gothic,0.53,0.0,0.303189,0.534147
2015-01-22,Gothic_ME,castnet_gothic,0.53,0.0,0.263153,0.529927
2015-01-23,Gothic_ME,castnet_gothic,0.53,0.0,0.392208,0.525759
2015-01-24,Gothic_ME,castnet_gothic,0.53,0.0,0.309679,0.521641
2015-01-25,Gothic_ME,castnet_gothic,0.53,0.0,0.136997,0.517574
2015-01-26,Gothic_ME,castnet_gothic,0.53,0.0,-0.079907,0.513556
2015-01-27,Gothic_ME,castnet_gothic,0.53,0.669293,-0.16953,0.509588
2015-01-28,Gothic_ME,castnet_gothic,0.53,0.916739,-0.109391,0.505669
2015-01-29,Gothic_ME,castnet_gothic,0.53,0.714761,0.023198,0.501799
2015-01-30,Gothic_ME,castnet_gothic,0.53,3.366132,-0.010928,0.497978
2015-01-31,Gothic_ME,castnet_gothic,0.53,5.839566,0.124301,0.494204
2015-02-01,Gothic_ME,castnet_gothic,0.53,1.67144,0.609783,0.490477
2015-02-02,Gothic_ME,castnet_gothic,0.53,1.107343,0.395752,0.486797
2015-02-03,Gothic_ME,castnet_gothic,0.53,1.37827,0.169624,0.483164
2015-02-04,Gothic_ME,castnet_gothic,0.53,2.926684,0.364535,0.479576
2015-02-05,Gothic_ME,castnet_gothic,0.53,2.280623,-0.029741,0.476033
2015-02-06,Gothic_ME,castnet_gothic,0.53,0.0,0.014291,0.472534
2015-02-07,Gothic_ME,castnet_gothic,0.53,0.169978,-0.056405,0.46908
2015-02-08,Gothic_ME,castnet_gothic,0.53,0.177211,0.320101,0.465668
2015-02-09,Gothic_ME,castnet_gothic,0.53,0.0,0.28539,0.4623
2015-02-10,Gothic_ME,castnet_gothic,0.53,0.0,0.438382,0.458973
2015-02-11,Gothic_ME,castnet_gothic,0.53,0.0,0.38029,0.455688
2015-02-12,Gothic_ME,castnet_gothic,0.53,0.0,0.44105,0.452444
2015-02-13,Gothic_ME,castnet_gothic,0.53,0.0,0.317938,0.44924
2015-02-14,Gothic_ME,castnet_gothic,0.53,0.0,0.103596,0.446076
2015-02-15,Gothic_ME,castnet_gothic,0.53,0.308916,0.103297,0.442951
2015-02-16,Gothic_ME,castnet_gothic,0.53,1.042864,0.268022,0.439865
2015-02-17,Gothic_ME,castnet_gothic,0.53,0.751476,0.372259,0.436816
2015-02-18,Gothic_ME,castnet_gothic,0.53,0.0,0.588128,0.433805
2015-02-19,Gothic_ME,castnet_gothic,0.53,0.0,0.335375,0.430831
2015-02-20,Gothic_ME,castnet_gothic,0.53,1.36721,0.325293,0.427892
2015-02-21,Gothic_ME,castnet_gothic,0.53,3.205966,0.451989,0.42499
2015-02-22,Gothic_ME,castnet_gothic,0.53,11.672175,0.809461,0.422122
2015-02-23,Gothic_ME,castnet_gothic,0.53,13.198032,0.386017,0.41929
2015-02-24,Gothic_ME,castnet_gothic,0.53,3.090655,0.197361,0.416491
2015-02-25,Gothic_ME,castnet_gothic,0.53,1.445055,0.220325,0.413725
2015-02-26,Gothic_ME,castnet_gothic,0.53,3.501935,0.272197,0.410993
2015-02-27,Gothic_ME,castnet_gothic,0.53,3.152881,0.392871,0.408293
2015-02-28,Gothic_ME,castnet_gothic,0.53,2.190807,0.478396,0.405625
2015-03-01,Gothic_ME,castnet_gothic,0.53,15.844759,0.118277,0.402988
2015-03-02,Gothic_ME,castnet_gothic,0.53,16.067163,0.005141,0.400383
2015-03-03,Gothic_ME,castnet_gothic,0.53,12.414003,0.106466,0.397807
2015-03-04,Gothic_ME,castnet_gothic,0.53,4.924848,0.237486,0.395262
2015-03-05,Gothic_ME,castnet_gothic,0.53,0.892029,0.353917,0.392746
2015-03-06,Gothic_ME,castnet_gothic,0.53,0.366898,0.42928,0.390259
2015-03-07,Gothic_ME,castnet_gothic,0.53,0.790972,0.225662,0.387801
2015-03-08,Gothic_ME,castnet_gothic,0.53,0.824631,0.180665,0.385371
2015-03-09,Gothic_ME,castnet_gothic,0.53,0.0,0.307005,0.382969
2015-03-10,Gothic_ME,castnet_gothic,0.53,0.0,0.293526,0.380594
2015-03-11,Gothic_ME,castnet_gothic,0.53,0.0,0.325539,0.378245
2015-03-12,Gothic_ME,castnet_gothic,0.53,0.0,0.351991,0.375923
2015-03-13,Gothic_ME,castnet_gothic,0.53,0.0,0.60743,0.373627
2015-03-14,Gothic_ME,castnet_gothic,0.53,0.0,0.626954,0.371357
2015-03-15,Gothic_ME,castnet_gothic,0.53,0.0,-0.04289,0.369112
2015-03-16,Gothic_ME,castnet_gothic,0.53,0.0,-0.064353,0.366891
2015-03-17,Gothic_ME,castnet_gothic,0.53,0.0,-0.104867,0.364695
2015-03-18,Gothic_ME,castnet_gothic,0.53,1.014768,-0.087455,0.362523
2015-03-19,Gothic_ME,castnet_gothic,0.53,1.057949,0.083511,0.583741
2015-03-20,Gothic_ME,castnet_gothic,0.53,0.0,0.034536,0.699029
2015-03-21,Gothic_ME,castnet_gothic,0.53,0.0,0.042984,0.667033
2015-03-22,Gothic_ME,castnet_gothic,0.53,0.0,-0.006875,0.973318
2015-03-23,Gothic_ME,castnet_gothic,0.53,2.336186,0.086472,0.939074
2015-03-24,Gothic_ME,castnet_gothic,0.53,3.520409,0.839135,0.769461
2015-03-25,Gothic_ME,castnet_gothic,0.53,1.978321,0.647404,0.430399
2015-03-26,Gothic_ME,castnet_gothic,0.53,0.883406,0.740843,0.422329
2015-03-27,Gothic_ME,castnet_gothic,0.53,0.0,-0.003941,0.397684
2015-03-28,Gothic_ME,castnet_gothic,0.53,0.0,-0.156402,1.106739
2015-03-29,Gothic_ME,castnet_gothic,0.53,0.0,-0.038662,1.046195
2015-03-30,Gothic_ME,castnet_gothic,0.53,0.0,-0.085574,0.713222
2015-03-31,Gothic_ME,castnet_gothic,0.53,0.0,-0.127334,0.796442
2015-04-01,Gothic_ME,castnet_gothic,0.53,0.749316,-0.088918,1.021294
2015-04-02,Gothic_ME,castnet_gothic,0.53,1.004604,0.193237,0.742302
2015-04-03,Gothic_ME,castnet_gothic,0.53,0.232908,0.650511,0.387901
2015-04-04,Gothic_ME,castnet_gothic,0.53,0.0,0.628473,0.32914
2015-04-05,Gothic_ME,castnet_gothic,0.53,0.0,0.012364,0.327155
2015-04-06,Gothic_ME,castnet_gothic,0.53,0.0,-0.049989,0.758977
2015-04-07,Gothic_ME,castnet_gothic,0.53,0.0,-0.040972,0.865714
2015-04-08,Gothic_ME,castnet_gothic,0.53,0.643835,0.222513,0.810945
2015-04-09,Gothic_ME,castnet_gothic,0.53,0.671232,0.770424,0.412799
2015-04-10,Gothic_ME,castnet_gothic,0.53,0.0,0.095856,0.413759
2015-04-11,Gothic_ME,castnet_gothic,0.53,0.0,0.021723,0.55212
2015-04-12,Gothic_ME,castnet_gothic,0.53,0.0,0.046316,1.017222
2015-04-13,Gothic_ME,castnet_gothic,0.53,0.0,0.018114,0.990853
2015-04-14,Gothic_ME,castnet_gothic,0.53,0.330873,0.066149,1.019305
2015-04-15,Gothic_ME,castnet_gothic,0.53,0.708665,0.464767,0.767294
2015-04-16,Gothic_ME,castnet_gothic,0.53,4.509883,0.840889,0.481232
2015-04-17,Gothic_ME,castnet_gothic,0.53,14.54862,0.72158,0.519148
2015-04-18,Gothic_ME,castnet_gothic,0.53,14.577816,0.754064,0.58168
2015-04-19,Gothic_ME,castnet_gothic,0.53,4.835496,1.084642,0.673229
2015-04-20,Gothic_ME,castnet_gothic,0.53,1.313956,0.087585,0.783854
2015-04-21,Gothic_ME,castnet_gothic,0.53,0.739238,0.040457,0.978773
2015-04-22,Gothic_ME,castnet_gothic,0.53,0.214753,-0.021339,1.741323
2015-04-23,Gothic_ME,castnet_gothic,0.53,0.155237,0.046339,2.42032
2015-04-24,Gothic_ME,castnet_gothic,0.53,1.460459,0.039215,2.799476
2015-04-25,Gothic_ME,castnet_gothic,0.53,4.365571,-0.057625,3.250639
2015-04-26,Gothic_ME,castnet_gothic,0.53,5.522639,0.017408,2.874408
2015-04-27,Gothic_ME,castnet_gothic,0.53,3.300668,-0.017801,2.974582
2015-04-28,Gothic_ME,castnet_gothic,0.53,0.85123,-0.041236,2.881032
2015-04-29,Gothic_ME,castnet_gothic,0.53,0.0,-0.088929,2.804057
2015-04-30,Gothic_ME,castnet_gothic,0.53,0.0,-0.068678,3.519197
2015-05-01,Gothic_ME,castnet_gothic,0.53,0.518958,-0.219198,4.510372
2015-05-02,Gothic_ME,castnet_gothic,0.53,0.541042,-0.289593,4.673063
2015-05-03,Gothic_ME,castnet_gothic,0.53,2.388677,-0.182451,7.230508
2015-05-04,Gothic_ME,castnet_gothic,0.53,3.396542,-0.041071,11.513411
2015-05-05,Gothic_ME,castnet_gothic,0.53,8.932334,0.043608,13.524254
2015-05-06,Gothic_ME,castnet_gothic,0.53,17.165407,0.308868,19.689915
2015-05-07,Gothic_ME,castnet_gothic,0.53,9.748667,0.791811,29.477289
2015-05-08,Gothic_ME,castnet_gothic,0.53,4.895573,0.794773,27.907402
2015-05-09,Gothic_ME,castnet_gothic,0.53,8.91926,0.873209,27.853731
2015-05-10,Gothic_ME,castnet_gothic,0.53,6.678469,2.67407,23.563234
2015-05-11,Gothic_ME,castnet_gothic,0.53,2.184073,1.289744,17.443821
2015-05-12,Gothic_ME,castnet_gothic,0.53,0.663875,1.450217,12.884483
2015-05-13,Gothic_ME,castnet_gothic,0.53,0.692125,1.878678,9.487923
2015-05-14,Gothic_ME,castnet_gothic,0.53,0.360823,1.584592,7.726599
2015-05-15,Gothic_ME,castnet_gothic,0.53,4.26298,1.615821,7.230242
2015-05-16,Gothic_ME,castnet_gothic,0.53,9.734303,1.789731,7.00162
2015-05-17,Gothic_ME,castnet_gothic,0.53,7.699615,0.91362,6.238241
2015-05-18,Gothic_ME,castnet_gothic,0.53,5.841386,1.073647,5.548608
2015-05-19,Gothic_ME,castnet_gothic,0.53,8.291,1.271645,5.290907
2015-05-20,Gothic_ME,castnet_gothic,0.53,4.306896,1.482005,4.529706
2015-05-21,Gothic_ME,castnet_gothic,0.53,3.633198,1.490774,4.089905
2015-05-22,Gothic_ME,castnet_gothic,0.53,7.829313,1.674253,4.126107
2015-05-23,Gothic_ME,castnet_gothic,0.53,6.136084,2.028566,3.703426
2015-05-24,Gothic_ME,castnet_gothic,0.53,6.727417,1.874822,3.285347
2015-05-25,Gothic_ME,castnet_gothic,0.53,5.928125,1.91004,2.911983
2015-05-26,Gothic_ME,castnet_gothic,0.53,2.405948,2.021176,2.510061
2015-05-27,Gothic_ME,castnet_gothic,0.53,2.158635,1.072424,2.421153
2015-05-28,Gothic_ME,castnet_gothic,0.53,3.191334,1.880505,2.494157
2015-05-29,Gothic_ME,castnet_gothic,0.53,2.520948,1.920975,2.454134
2015-05-30,Gothic_ME,castnet_gothic,0.53,0.0,1.923834,2.264993
2015-05-31,Gothic_ME,castnet_gothic,0.53,0.0,1.792188,2.281605
2015-06-01,Gothic_ME,castnet_gothic,0.53,0.650167,0.954988,2.344365
2015-06-02,Gothic_ME,castnet_gothic,0.53,0.677833,1.468481,2.338962
2015-06-03,Gothic_ME,castnet_gothic,0.53,0.0,2.217694,2.242558
2015-06-04,Gothic_ME,castnet_gothic,0.53,0.0,2.522431,2.212437
2015-06-05,Gothic_ME,castnet_gothic,0.53,2.6085,2.270252,2.3873
2015-06-06,Gothic_ME,castnet_gothic,0.53,5.24624,2.270261,2.55238
2015-06-07,Gothic_ME,castnet_gothic,0.53,2.634261,2.047156,2.312632
2015-06-08,Gothic_ME,castnet_gothic,0.53,0.0,2.264126,2.05667
2015-06-09,Gothic_ME,castnet_gothic,0.53,0.0,1.940261,2.010689
2015-06-10,Gothic_ME,castnet_gothic,0.53,5.407448,2.786694,2.375261
2015-06-11,Gothic_ME,castnet_gothic,0.53,13.319604,2.682014,2.953992
2015-06-12,Gothic_ME,castnet_gothic,0.53,8.008948,2.592027,2.519744
2015-06-13,Gothic_ME,castnet_gothic,0.53,0.863136,2.512852,1.877599
2015-06-14,Gothic_ME,castnet_gothic,0.53,1.135354,2.45072,1.86836
2015-06-15,Gothic_ME,castnet_gothic,0.53,0.59899,2.664481,1.769139
2015-06-16,Gothic_ME,castnet_gothic,0.53,5.594823,2.648384,2.096911
2015-06-17,Gothic_ME,castnet_gothic,0.53,5.448698,2.074535,2.067631
2015-06-18,Gothic_ME,castnet_gothic,0.53,0.0,2.605012,1.570647
2015-06-19,Gothic_ME,castnet_gothic,0.53,0.0,2.123541,1.52584
2015-06-20,Gothic_ME,castnet_gothic,0.53,0.0,2.48499,1.482679
2015-06-21,Gothic_ME,castnet_gothic,0.53,0.0,1.979731,1.441236
2015-06-22,Gothic_ME,castnet_gothic,0.53,0.0,1.952645,1.401647
2015-06-23,Gothic_ME,castnet_gothic,0.53,0.0,2.226998,1.363939
2015-06-24,Gothic_ME,castnet_gothic,0.53,1.164229,2.591519,1.441146
2015-06-25,Gothic_ME,castnet_gothic,0.53,1.213771,2.519529,1.410967
2015-06-26,Gothic_ME,castnet_gothic,0.53,0.0,2.337882,1.261657
2015-06-27,Gothic_ME,castnet_gothic,0.53,0.0,2.003546,1.231001
2015-06-28,Gothic_ME,castnet_gothic,0.53,0.794594,1.841191,1.285788
2015-06-29,Gothic_ME,castnet_gothic,0.53,0.828406,2.572597,1.25622
2015-06-30,Gothic_ME,castnet_gothic,0.53,0.0,2.460168,1.147895
2015-07-01,Gothic_ME,castnet_gothic,0.53,0.238427,2.090441,1.177378
2015-07-02,Gothic_ME,castnet_gothic,0.53,0.511969,0.468237,1.160435
2015-07-03,Gothic_ME,castnet_gothic,0.53,3.235604,1.461858,1.361449
2015-07-04,Gothic_ME,castnet_gothic,0.53,3.602531,1.74558,1.346162
2015-07-05,Gothic_ME,castnet_gothic,0.53,2.607427,2.459525,1.238514
2015-07-06,Gothic_ME,castnet_gothic,0.53,3.185188,1.369474,1.255605
2015-07-07,Gothic_ME,castnet_gothic,0.53,10.863501,1.977174,1.790177
2015-07-08,Gothic_ME,castnet_gothic,0.53,17.149199,2.230678,2.258172
2015-07-09,Gothic_ME,castnet_gothic,0.53,10.92074,2.450846,1.769999
2015-07-10,Gothic_ME,castnet_gothic,0.53,3.842417,2.693434,1.220594
2015-07-11,Gothic_ME,castnet_gothic,0.53,0.823479,1.218604,0.975658
2015-07-12,Gothic_ME,castnet_gothic,0.53,1.497917,0.465163,1.017762
2015-07-13,Gothic_ME,castnet_gothic,0.53,1.640386,0.479009,1.034789
2015-07-14,Gothic_ME,castnet_gothic,0.53,4.805573,0.825301,1.247448
2015-07-15,Gothic_ME,castnet_gothic,0.53,4.481865,2.372487,1.205214
2015-07-16,Gothic_ME,castnet_gothic,0.53,0.552781,1.676154,0.880605
2015-07-17,Gothic_ME,castnet_gothic,0.53,0.506229,1.416492,0.863681
2015-07-18,Gothic_ME,castnet_gothic,0.53,2.437146,1.5286,0.989787
2015-07-19,Gothic_ME,castnet_gothic,0.53,1.990625,1.309831,0.94311
2015-07-20,Gothic_ME,castnet_gothic,0.53,6.165813,1.971986,1.201721
2015-07-21,Gothic_ME,castnet_gothic,0.53,9.346106,2.024505,1.453302
2015-07-22,Gothic_ME,castnet_gothic,0.53,3.042084,1.095688,0.975411
2015-07-23,Gothic_ME,castnet_gothic,0.53,0.0,1.753301,0.733445
2015-07-24,Gothic_ME,castnet_gothic,0.53,4.927657,2.001856,1.097281
2015-07-25,Gothic_ME,castnet_gothic,0.53,5.137344,0.830506,1.110443
2015-07-26,Gothic_ME,castnet_gothic,0.53,0.162052,1.420414,0.745555
2015-07-27,Gothic_ME,castnet_gothic,0.53,0.324635,2.503166,0.745661
2015-07-28,Gothic_ME,castnet_gothic,0.53,0.162313,0.50911,0.733797
2015-07-29,Gothic_ME,castnet_gothic,0.53,0.0,0.214813,0.69413
2015-07-30,Gothic_ME,castnet_gothic,0.53,0.0,1.522927,0.688207
2015-07-31,Gothic_ME,castnet_gothic,0.53,0.0,1.164457,0.682632
2015-08-01,Gothic_ME,castnet_gothic,0.53,1.412781,1.897411,0.807558
2015-08-02,Gothic_ME,castnet_gothic,0.53,3.221792,1.539993,0.923554
2015-08-03,Gothic_ME,castnet_gothic,0.53,6.245958,1.466253,1.140911
2015-08-04,Gothic_ME,castnet_gothic,0.53,5.661042,2.097627,1.090433
2015-08-05,Gothic_ME,castnet_gothic,0.53,2.238177,1.930616,0.848795
2015-08-06,Gothic_ME,castnet_gothic,0.53,0.0,1.495798,0.667118
2015-08-07,Gothic_ME,castnet_gothic,0.53,3.179844,0.576353,0.905924
2015-08-08,Gothic_ME,castnet_gothic,0.53,3.315156,1.0431,0.942908
2015-08-09,Gothic_ME,castnet_gothic,0.53,0.0,2.207902,0.679843
2015-08-10,Gothic_ME,castnet_gothic,0.53,0.71724,1.713795,0.751972
2015-08-11,Gothic_ME,castnet_gothic,0.53,7.013448,0.979018,1.211584
2015-08-12,Gothic_ME,castnet_gothic,0.53,6.740386,1.269787,1.23129
2015-08-13,Gothic_ME,castnet_gothic,0.53,0.216927,1.37209,0.743925
2015-08-14,Gothic_ME,castnet_gothic,0.53,0.0,0.357299,0.711841
2015-08-15,Gothic_ME,castnet_gothic,0.53,0.291302,0.179904,0.784381
2015-08-16,Gothic_ME,castnet_gothic,0.53,1.180542,1.105193,0.834701
2015-08-17,Gothic_ME,castnet_gothic,0.53,5.305719,1.151558,1.137668
2015-08-18,Gothic_ME,castnet_gothic,0.53,4.578438,2.068043,1.091876
2015-08-19,Gothic_ME,castnet_gothic,0.53,0.0,2.358783,0.731374
2015-08-20,Gothic_ME,castnet_gothic,0.53,0.0,1.840266,0.733695
2015-08-21,Gothic_ME,castnet_gothic,0.53,0.30599,1.079001,0.763765
2015-08-22,Gothic_ME,castnet_gothic,0.53,0.31901,0.627214,0.786961
2015-08-23,Gothic_ME,castnet_gothic,0.53,0.0,1.317465,0.73872
2015-08-24,Gothic_ME,castnet_gothic,0.53,0.0,0.082425,0.739999
2015-08-25,Gothic_ME,castnet_gothic,0.53,1.477073,0.425889,0.888535
2015-08-26,Gothic_ME,castnet_gothic,0.53,9.943625,1.710419,1.487569
2015-08-27,Gothic_ME,castnet_gothic,0.53,15.536646,1.969442,1.891725
2015-08-28,Gothic_ME,castnet_gothic,0.53,7.063657,1.957476,1.281075
2015-08-29,Gothic_ME,castnet_gothic,0.53,0.0,1.516051,0.746512
2015-08-30,Gothic_ME,castnet_gothic,0.53,1.211229,0.876511,0.848318
2015-08-31,Gothic_ME,castnet_gothic,0.53,2.474,1.02567,0.951737
2015-09-01,Gothic_ME,castnet_gothic,0.53,2.255479,1.561003,0.929375
2015-09-02,Gothic_ME,castnet_gothic,0.53,2.230604,1.953128,0.937195
2015-09-03,Gothic_ME,castnet_gothic,0.53,4.484792,1.981647,1.081377
2015-09-04,Gothic_ME,castnet_gothic,0.53,10.611115,2.11785,1.520215
2015-09-05,Gothic_ME,castnet_gothic,0.53,8.466157,1.740616,1.38242
2015-09-06,Gothic_ME,castnet_gothic,0.53,4.206823,1.630991,1.069719
2015-09-07,Gothic_ME,castnet_gothic,0.53,2.911188,1.630146,0.984514
2015-09-08,Gothic_ME,castnet_gothic,0.53,0.830958,1.657889,0.831553
2015-09-09,Gothic_ME,castnet_gothic,0.53,0.0,1.161386,0.774504
2015-09-10,Gothic_ME,castnet_gothic,0.53,0.0,1.022805,0.782769
2015-09-11,Gothic_ME,castnet_gothic,0.53,0.0,0.644128,0.793891
2015-09-12,Gothic_ME,castnet_gothic,0.53,0.0,1.268018,0.813522
2015-09-13,Gothic_ME,castnet_gothic,0.53,0.0,1.712706,0.848035
2015-09-14,Gothic_ME,castnet_gothic,0.53,5.021657,0.781167,1.275422
2015-09-15,Gothic_ME,castnet_gothic,0.53,11.075583,1.216993,1.83559
2015-09-16,Gothic_ME,castnet_gothic,0.53,6.770751,0.79183,1.631368
2015-09-17,Gothic_ME,castnet_gothic,0.53,0.71101,-0.037954,1.271909
2015-09-18,Gothic_ME,castnet_gothic,0.53,0.0,0.965276,1.288354
2015-09-19,Gothic_ME,castnet_gothic,0.53,0.0,1.718236,1.359079
2015-09-20,Gothic_ME,castnet_gothic,0.53,0.0,1.740355,1.408528
2015-09-21,Gothic_ME,castnet_gothic,0.53,0.0,1.156181,1.439135
2015-09-22,Gothic_ME,castnet_gothic,0.53,0.0,0.424008,1.455103
2015-09-23,Gothic_ME,castnet_gothic,0.53,0.0,-0.320776,1.46127
2015-09-24,Gothic_ME,castnet_gothic,0.53,0.0,1.064738,1.462143
2015-09-25,Gothic_ME,castnet_gothic,0.53,0.0,0.653352,1.46112
2015-09-26,Gothic_ME,castnet_gothic,0.53,0.0,0.538501,1.460152
2015-09-27,Gothic_ME,castnet_gothic,0.53,0.0,-0.035873,1.459618
2015-09-28,Gothic_ME,castnet_gothic,0.53,0.0,-0.30304,1.458777
2015-09-29,Gothic_ME,castnet_gothic,0.53,0.0,-0.223426,1.456416
2015-09-30,Gothic_ME,castnet_gothic,0.53,0.0,-0.476367,1.451509
2015-10-01,Gothic_ME,castnet_gothic,0.53,0.0,0.746973,1.443491
2015-10-02,Gothic_ME,castnet_gothic,0.53,0.660938,0.594489,1.540204
2015-10-03,Gothic_ME,castnet_gothic,0.53,0.689063,0.473346,1.475103
2015-10-04,Gothic_ME,castnet_gothic,0.53,0.0,0.991322,1.400953
2015-10-05,Gothic_ME,castnet_gothic,0.53,3.245938,0.49348,1.632835
2015-10-06,Gothic_ME,castnet_gothic,0.53,3.655292,0.679948,1.659828
2015-10-07,Gothic_ME,castnet_gothic,0.53,0.282771,0.67764,1.374381
2015-10-08,Gothic_ME,castnet_gothic,0.53,0.0,0.713288,1.315413
2015-10-09,Gothic_ME,castnet_gothic,0.53,0.0,0.09643,1.291636
2015-10-10,Gothic_ME,castnet_gothic,0.53,0.0,0.285135,1.267549
2015-10-11,Gothic_ME,castnet_gothic,0.53,0.0,-0.113838,1.243359
2015-10-12,Gothic_ME,castnet_gothic,0.53,0.0,0.463739,1.219245
2015-10-13,Gothic_ME,castnet_gothic,0.53,0.0,0.425945,1.195325
2015-10-14,Gothic_ME,castnet_gothic,0.53,0.0,0.529404,1.171694
2015-10-15,Gothic_ME,castnet_gothic,0.53,0.0,0.797932,1.148424
2015-10-16,Gothic_ME,castnet_gothic,0.53,0.0,1.048999,1.125557
2015-10-17,Gothic_ME,castnet_gothic,0.53,0.256052,1.285986,1.121523
2015-10-18,Gothic_ME,castnet_gothic,0.53,2.00399,0.44606,1.234673
2015-10-19,Gothic_ME,castnet_gothic,0.53,7.658542,0.906253,1.627413
2015-10-20,Gothic_ME,castnet_gothic,0.53,7.462843,0.66991,1.622952
2015-10-21,Gothic_ME,castnet_gothic,0.53,2.171188,0.752803,1.179438
2015-10-22,Gothic_ME,castnet_gothic,0.53,7.155698,1.081594,1.522073
2015-10-23,Gothic_ME,castnet_gothic,0.53,6.914532,2.132933,1.524012
2015-10-24,Gothic_ME,castnet_gothic,0.53,0.277156,0.499656,0.98243
2015-10-25,Gothic_ME,castnet_gothic,0.53,0.0,0.301288,0.940978
2015-10-26,Gothic_ME,castnet_gothic,0.53,0.944406,0.588937,0.991746
2015-10-27,Gothic_ME,castnet_gothic,0.53,2.431802,2.562993,0.963196
2015-10-28,Gothic_ME,castnet_gothic,0.53,1.721271,1.452441,0.888001
2015-10-29,Gothic_ME,castnet_gothic,0.53,1.035698,0.847662,0.980834
2015-10-30,Gothic_ME,castnet_gothic,0.53,0.848823,1.281356,0.915723
2015-10-31,Gothic_ME,castnet_gothic,0.53,0.0,1.313836,0.839083
2015-11-01,Gothic_ME,castnet_gothic,0.53,0.0,0.425051,0.823404
2015-11-02,Gothic_ME,castnet_gothic,0.53,0.0,0.334238,0.808285
2015-11-03,Gothic_ME,castnet_gothic,0.53,0.625688,0.358961,0.843789
2015-11-04,Gothic_ME,castnet_gothic,0.53,8.863605,1.826001,1.202181
2015-11-05,Gothic_ME,castnet_gothic,0.53,13.88248,0.805425,0.756472
2015-11-06,Gothic_ME,castnet_gothic,0.53,7.798355,0.733166,0.748602
2015-11-07,Gothic_ME,castnet_gothic,0.53,2.345875,0.42279,0.74268
2015-11-08,Gothic_ME,castnet_gothic,0.53,0.0,0.3715,0.737364
2015-11-09,Gothic_ME,castnet_gothic,0.53,0.0,0.336865,0.732421
2015-11-10,Gothic_ME,castnet_gothic,0.53,4.298542,0.293592,0.72783
2015-11-11,Gothic_ME,castnet_gothic,0.53,4.925511,0.397004,0.723612
2015-11-12,Gothic_ME,castnet_gothic,0.53,0.462948,0.479952,0.719788
2015-11-13,Gothic_ME,castnet_gothic,0.53,0.0,0.335356,0.716373
2015-11-14,Gothic_ME,castnet_gothic,0.53,0.0,0.342576,0.713364
2015-11-15,Gothic_ME,castnet_gothic,0.53,3.519615,0.280329,0.710744
2015-11-16,Gothic_ME,castnet_gothic,0.53,7.537094,0.460339,0.70848
2015-11-17,Gothic_ME,castnet_gothic,0.53,4.607063,0.450667,0.706527
2015-11-18,Gothic_ME,castnet_gothic,0.53,2.640792,0.02313,0.70483
2015-11-19,Gothic_ME,castnet_gothic,0.53,2.128438,0.118904,0.70333
2015-11-20,Gothic_ME,castnet_gothic,0.53,0.943427,0.400677,0.701968
2015-11-21,Gothic_ME,castnet_gothic,0.53,0.983573,0.583944,0.700689
2015-11-22,Gothic_ME,castnet_gothic,0.53,0.0,0.546943,0.699443
2015-11-23,Gothic_ME,castnet_gothic,0.53,0.0,0.091324,0.698187
2015-11-24,Gothic_ME,castnet_gothic,0.53,0.0,0.094237,0.722434
2015-11-25,Gothic_ME,castnet_gothic,0.53,0.454823,0.019712,0.696999
2015-11-26,Gothic_ME,castnet_gothic,0.53,0.474177,0.078093,0.694042
2015-11-27,Gothic_ME,castnet_gothic,0.53,0.598271,0.369032,0.761937
2015-11-28,Gothic_ME,castnet_gothic,0.53,0.623729,0.273622,0.772525
2015-11-29,Gothic_ME,castnet_gothic,0.53,1.146604,0.133984,0.698218
2015-11-30,Gothic_ME,castnet_gothic,0.53,2.342,0.065871,0.686981
2015-12-01,Gothic_ME,castnet_gothic,0.53,0.20774,0.234058,0.684895
2015-12-02,Gothic_ME,castnet_gothic,0.53,0.0,0.326378,0.68268
2015-12-03,Gothic_ME,castnet_gothic,0.53,0.0,0.306913,0.680338
2015-12-04,Gothic_ME,castnet_gothic,0.53,1.413917,0.036064,0.677875
2015-12-05,Gothic_ME,castnet_gothic,0.53,1.917646,0.375807,0.675294
2015-12-06,Gothic_ME,castnet_gothic,0.53,0.462437,0.258699,0.672602
2015-12-07,Gothic_ME,castnet_gothic,0.53,0.132677,0.122047,0.669804
2015-12-08,Gothic_ME,castnet_gothic,0.53,0.138323,-0.050881,0.666905
2015-12-09,Gothic_ME,castnet_gothic,0.53,0.0,-0.008927,0.663913
2015-12-10,Gothic_ME,castnet_gothic,0.53,0.0,0.09764,0.660834
2015-12-11,Gothic_ME,castnet_gothic,0.53,1.034,0.22426,0.693238
2015-12-12,Gothic_ME,castnet_gothic,0.53,2.204042,0.39837,0.726255
2015-12-13,Gothic_ME,castnet_gothic,0.53,1.173958,0.621491,0.651691
2015-12-14,Gothic_ME,castnet_gothic,0.53,2.047437,0.524445,0.647761
2015-12-15,Gothic_ME,castnet_gothic,0.53,2.607011,0.531843,0.644335
2015-12-16,Gothic_ME,castnet_gothic,0.53,1.320927,0.454922,0.640857
2015-12-17,Gothic_ME,castnet_gothic,0.53,1.112333,0.324027,0.637333
2015-12-18,Gothic_ME,castnet_gothic,0.53,0.5315,0.068449,0.633768
2015-12-19,Gothic_ME,castnet_gothic,0.53,1.753521,-0.022767,0.630166
2015-12-20,Gothic_ME,castnet_gothic,0.53,9.095843,0.00971,0.626534
2015-12-21,Gothic_ME,castnet_gothic,0.53,16.337105,0.094683,0.622875
2015-12-22,Gothic_ME,castnet_gothic,0.53,19.129292,0.311294,0.619194
2015-12-23,Gothic_ME,castnet_gothic,0.53,13.299928,0.333408,0.615495
2015-12-24,Gothic_ME,castnet_gothic,0.53,8.888885,0.25034,0.611782
2015-12-25,Gothic_ME,castnet_gothic,0.53,12.006136,0.307781,0.608058
2015-12-26,Gothic_ME,castnet_gothic,0.53,5.737083,0.240228,0.604326
2015-12-27,Gothic_ME,castnet_gothic,0.53,0.0,0.212311,0.600591
2015-12-28,Gothic_ME,castnet_gothic,0.53,0.0,0.334333,0.596853
2015-12-29,Gothic_ME,castnet_gothic,0.53,0.595333,0.1433,0.593118
2015-12-30,Gothic_ME,castnet_gothic,0.53,3.165521,0.126368,0.589386
2015-12-31,Gothic_ME,castnet_gothic,0.53,5.198,0.165011,0.58566
2013-12-25,PH_LT,wu_KCOMTCRE2,1.08,1.426968,0.113562,0.092805
2013-12-26,PH_LT,wu_KCOMTCRE2,1.08,0.0,0.0,0.093364
2013-12-27,PH_LT,wu_KCOMTCRE2,1.08,0.0,0.000866,0.093913
2013-12-28,PH_LT,wu_KCOMTCRE2,1.08,0.0,0.0,0.09445
2013-12-29,PH_LT,wu_KCOMTCRE2,1.08,0.0,-0.004881,0.094977
2013-12-30,PH_LT,wu_KCOMTCRE2,1.08,0.0,0.006895,0.095494
2013-12-31,PH_LT,wu_KCOMTCRE2,1.08,0.0,-0.000472,0.096
2014-01-01,PH_LT,wu_KCOMTCRE2,1.08,2.142308,0.115649,0.096496
2014-01-02,PH_LT,wu_KCOMTCRE2,1.08,1.513439,0.110203,0.096982
2014-01-03,PH_LT,wu_KCOMTCRE2,1.08,0.453615,0.028271,0.097458
2014-01-04,PH_LT,wu_KCOMTCRE2,1.08,3.1305,0.172758,0.097924
2014-01-05,PH_LT,wu_KCOMTCRE2,1.08,2.770671,0.209106,0.098381
2014-01-06,PH_LT,wu_KCOMTCRE2,1.08,0.792612,0.03604,0.098827
2014-01-07,PH_LT,wu_KCOMTCRE2,1.08,1.264414,0.090348,0.099265
2014-01-08,PH_LT,wu_KCOMTCRE2,1.08,1.942378,0.111853,0.099693
2014-01-09,PH_LT,wu_KCOMTCRE2,1.08,7.23267,0.373516,0.100112
2014-01-10,PH_LT,wu_KCOMTCRE2,1.08,7.894555,0.394933,0.100521
2014-01-11,PH_LT,wu_KCOMTCRE2,1.08,2.902608,0.20947,0.100922
2014-01-12,PH_LT,wu_KCOMTCRE2,1.08,2.576703,0.157664,0.101313
2014-01-13,PH_LT,wu_KCOMTCRE2,1.08,1.981593,0.140669,0.101696
2014-01-14,PH_LT,wu_KCOMTCRE2,1.08,0.962204,0.059809,0.10207
2014-01-15,PH_LT,wu_KCOMTCRE2,1.08,0.765074,0.052685,0.102436
2014-01-16,PH_LT,wu_KCOMTCRE2,1.08,0.0,0.0,0.102793
2014-01-17,PH_LT,wu_KCOMTCRE2,1.08,0.0,-0.001366,0.103141
2014-01-18,PH_LT,wu_KCOMTCRE2,1.08,0.0,-0.003512,0.103482
2014-01-19,PH_LT,wu_KCOMTCRE2,1.08,0.0,0.015325,0.103814
2014-01-20,PH_LT,wu_KCOMTCRE2,1.08,0.0,0.0,0.104137
2014-01-21,PH_LT,wu_KCOMTCRE2,1.08,0.0,0.0,0.104453
2014-01-22,PH_LT,wu_KCOMTCRE2,1.08,0.0,-0.001382,0.104761
2014-01-23,PH_LT,wu_KCOMTCRE2,1.08,0.0,0.0,0.105061
2014-01-24,PH_LT,wu_KCOMTCRE2,1.08,0.0,0.000142,0.105354
2014-01-25,PH_LT,wu_KCOMTCRE2,1.08,0.0,-0.00069,0.105639
2014-01-26,PH_LT,wu_KCOMTCRE2,1.08,0.0,-0.002377,0.105916
2014-01-27,PH_LT,wu_KCOMTCRE2,1.08,0.836323,0.005142,0.106186
2014-01-28,PH_LT,wu_KCOMTCRE2,1.08,0.871911,0.051427,0.106449
2014-01-29,PH_LT,wu_KCOMTCRE2,1.08,4.135475,0.14805,0.106704
2014-01-30,PH_LT,wu_KCOMTCRE2,1.08,18.220535,0.292813,0.106952
2014-01-31,PH_LT,wu_KCOMTCRE2,1.08,28.410042,0.420463,0.107194
2014-02-01,PH_LT,wu_KCOMTCRE2,1.08,6.782917,0.476828,0.107428
2014-02-02,PH_LT,wu_KCOMTCRE2,1.08,1.040483,0.07544,0.107656
2014-02-03,PH_LT,wu_KCOMTCRE2,1.08,0.881705,0.056974,0.107877
2014-02-04,PH_LT,wu_KCOMTCRE2,1.08,1.28976,0.081644,0.108091
2014-02-05,PH_LT,wu_KCOMTCRE2,1.08,1.186518,0.082182,0.108298
2014-02-06,PH_LT,wu_KCOMTCRE2,1.08,1.330338,0.087977,0.1085
2014-02-07,PH_LT,wu_KCOMTCRE2,1.08,5.044353,0.290195,0.108695
2014-02-08,PH_LT,wu_KCOMTCRE2,1.08,13.005115,0.646573,0.108883
2014-02-09,PH_LT,wu_KCOMTCRE2,1.08,16.799149,0.453786,0.109066
2014-02-10,PH_LT,wu_KCOMTCRE2,1.08,11.693806,0.249735,0.109242
2014-02-11,PH_LT,wu_KCOMTCRE2,1.08,3.641523,0.269489,0.109413
2014-02-12,PH_LT,wu_KCOMTCRE2,1.08,0.0,0.0,0.109577
2014-02-13,PH_LT,wu_KCOMTCRE2,1.08,1.315894,0.072455,0.109736
2014-02-14,PH_LT,wu_KCOMTCRE2,1.08,2.511793,0.005254,0.109889
2014-02-15,PH_LT,wu_KCOMTCRE2,1.08,1.18841,0.582281,0.110037
2014-02-16,PH_LT,wu_KCOMTCRE2,1.08,0.0,0.867463,0.110179
2014-02-17,PH_LT,wu_KCOMTCRE2,1.08,0.0,0.935749,0.110315
2014-02-18,PH_LT,wu_KCOMTCRE2,1.08,0.0,0.144456,0.110446
2014-02-19,PH_LT,wu_KCOMTCRE2,1.08,3.912216,0.214215,0.110572
2014-02-20,PH_LT,wu_KCOMTCRE2,1.08,4.403738,0.229559,0.110693
2014-02-21,PH_LT,wu_KCOMTCRE2,1.08,0.338877,0.023295,0.110809
2014-02-22,PH_LT,wu_KCOMTCRE2,1.08,0.0,0.0,0.110919
2014-02-23,PH_LT,wu_KCOMTCRE2,1.08,0.0,0.001205,0.111025
2014-02-24,PH_LT,wu_KCOMTCRE2,1.08,0.0,-0.028681,0.111126
2014-02-25,PH_LT,wu_KCOMTCRE2,1.08,0.0,-0.010157,0.111222
2014-02-26,PH_LT,wu_KCOMTCRE2,1.08,0.0,0.069938,0.111313
2014-02-27,PH_LT,wu_KCOMTCRE2,1.08,2.414045,0.736352,0.1114
2014-02-28,PH_LT,wu_KCOMTCRE2,1.08,4.930814,0.203897,0.111482
2014-03-01,PH_LT,wu_KCOMTCRE2,1.08,11.63891,0.215085,0.11156
2014-03-02,PH_LT,wu_KCOMTCRE2,1.08,8.381509,0.584159,0.111633
2014-03-03,PH_LT,wu_KCOMTCRE2,1.08,0.573406,0.347917,0.111702
2014-03-04,PH_LT,wu_KCOMTCRE2,1.08,0.297643,0.381757,0.111767
2014-03-05,PH_LT,wu_KCOMTCRE2,1.08,0.991765,0.068771,0.111828
2014-03-06,PH_LT,wu_KCOMTCRE2,1.08,1.071407,0.066564,0.111884
2014-03-07,PH_LT,wu_KCOMTCRE2,1.08,2.659852,0.384854,0.111937
2014-03-08,PH_LT,wu_KCOMTCRE2,1.08,2.380712,0.167195,0.111985
2014-03-09,PH_LT,wu_KCOMTCRE2,1.08,0.0,0.56042,0.11203
2014-03-10,PH_LT,wu_KCOMTCRE2,1.08,0.16311,0.789385,0.11208
2014-03-11,PH_LT,wu_KCOMTCRE2,1.08,0.866896,0.713071,0.112115
2014-03-12,PH_LT,wu_KCOMTCRE2,1.08,0.726498,0.04776,0.112141
2014-03-13,PH_LT,wu_KCOMTCRE2,1.08,0.0,0.109535,0.112171
2014-03-14,PH_LT,wu_KCOMTCRE2,1.08,0.0,0.810746,0.112197
2014-03-15,PH_LT,wu_KCOMTCRE2,1.08,0.0,0.377916,0.11222
2014-03-16,PH_LT,wu_KCOMTCRE2,1.08,0.0,0.593795,0.112239
2014-03-17,PH_LT,wu_KCOMTCRE2,1.08,0.0,0.56863,0.112255
2014-03-18,PH_LT,wu_KCOMTCRE2,1.08,0.0,0.229832,0.112267
2014-03-19,PH_LT,wu_KCOMTCRE2,1.08,0.0,0.0,0.112276
2014-03-20,PH_LT,wu_KCOMTCRE2,1.08,0.0,0.0,0.112282
2014-03-21,PH_LT,wu_KCOMTCRE2,1.08,0.0,0.0,0.112285
2014-03-22,PH_LT,wu_KCOMTCRE2,1.08,1.989854,0.127978,0.112285
2014-03-23,PH_LT,wu_KCOMTCRE2,1.08,2.074529,0.135958,0.112282
2014-03-24,PH_LT,wu_KCOMTCRE2,1.08,0.0,0.160714,0.112276
2014-03-25,PH_LT,wu_KCOMTCRE2,1.08,0.0,0.323069,0.112267
2014-03-26,PH_LT,wu_KCOMTCRE2,1.08,4.02763,1.280483,0.112255
2014-03-27,PH_LT,wu_KCOMTCRE2,1.08,10.289485,1.426678,0.11224
2014-03-28,PH_LT,wu_KCOMTCRE2,1.08,6.519779,1.52576,0.112222
2014-03-29,PH_LT,wu_KCOMTCRE2,1.08,0.177385,1.95938,0.112202
2014-03-30,PH_LT,wu_KCOMTCRE2,1.08,0.474382,1.391228,0.112179
2014-03-31,PH_LT,wu_KCOMTCRE2,1.08,0.96895,0.526634,0.112153
2014-04-01,PH_LT,wu_KCOMTCRE2,1.08,2.539729,1.891336,0.112125
2014-04-02,PH_LT,wu_KCOMTCRE2,1.08,0.403505,1.584023,0.112094
2014-04-03,PH_LT,wu_KCOMTCRE2,1.08,1.454173,0.667777,0.112061
2014-04-04,PH_LT,wu_KCOMTCRE2,1.08,1.862662,0.416444,0.112026
2014-04-05,PH_LT,wu_KCOMTCRE2,1.08,0.818599,0.691654,0.111988
2014-04-06,PH_LT,wu_KCOMTCRE2,1.08,0.153254,0.985703,0.111947
2014-04-07,PH_LT,wu_KCOMTCRE2,1.08,1.00025,1.860141,0.111905
2014-04-08,PH_LT,wu_KCOMTCRE2,1.08,0.876239,0.864376,0.1119
2014-04-09,PH_LT,wu_KCOMTCRE2,1.08,0.0,0.212187,0.27518
2014-04-10,PH_LT,wu_KCOMTCRE2,1.08,0.0,0.029205,0.993182
2014-04-11,PH_LT,wu_KCOMTCRE2,1.08,0.0,0.000835,0.942346
2014-04-12,PH_LT,wu_KCOMTCRE2,1.08,0.0,0.025598,1.389659
2014-04-13,PH_LT,wu_KCOMTCRE2,1.08,3.43901,2.211439,0.286401
2014-04-14,PH_LT,wu_KCOMTCRE2,1.08,3.58535,1.771675,0.14993
2014-04-15,PH_LT,wu_KCOMTCRE2,1.08,0.0,1.88477,0.111485
2014-04-16,PH_LT,wu_KCOMTCRE2,1.08,0.0,2.288841,0.111424
2014-04-17,PH_LT,wu_KCOMTCRE2,1.08,0.0,1.941789,0.111361
2014-04-18,PH_LT,wu_KCOMTCRE2,1.08,0.0,0.307357,1.525076
2014-04-19,PH_LT,wu_KCOMTCRE2,1.08,0.0,0.055391,1.741108
2014-04-20,PH_LT,wu_KCOMTCRE2,1.08,0.0,-0.117438,1.011849
2014-04-21,PH_LT,wu_KCOMTCRE2,1.08,0.0,-0.248542,1.703636
2014-04-22,PH_LT,wu_KCOMTCRE2,1.08,0.0,-0.068204,1.770545
2014-04-23,PH_LT,wu_KCOMTCRE2,1.08,0.0,1.437437,1.262727
2014-04-24,PH_LT,wu_KCOMTCRE2,1.08,0.0,1.174615,0.640377
2014-04-25,PH_LT,wu_KCOMTCRE2,1.08,0.0,-0.216686,1.700457
2014-04-26,PH_LT,wu_KCOMTCRE2,1.08,1.37929,-0.114366,1.550023
2014-04-27,PH_LT,wu_KCOMTCRE2,1.08,2.549078,1.49107,0.432565
2014-04-28,PH_LT,wu_KCOMTCRE2,1.08,3.252529,2.739955,0.110544
2014-04-29,PH_LT,wu_KCOMTCRE2,1.08,2.183266,0.617819,0.11046
2014-04-30,PH_LT,wu_KCOMTCRE2,1.08,0.0,0.101689,0.110376
2014-05-01,PH_LT,wu_KCOMTCRE2,1.08,0.0,0.494719,0.11048
2014-05-02,PH_LT,wu_KCOMTCRE2,1.08,0.0,0.405183,1.396292
2014-05-03,PH_LT,wu_KCOMTCRE2,1.08,0.0,1.014117,3.091433
2014-05-04,PH_LT,wu_KCOMTCRE2,1.08,0.0,0.528204,1.564487
2014-05-05,PH_LT,wu_KCOMTCRE2,1.08,0.0,0.450038,2.46547
2014-05-06,PH_LT,wu_KCOMTCRE2,1.08,0.0,0.348489,1.803163
2014-05-07,PH_LT,wu_KCOMTCRE2,1.08,0.0,0.615306,5.996592
2014-05-08,PH_LT,wu_KCOMTCRE2,1.08,1.059632,1.157902,5.913096
2014-05-09,PH_LT,wu_KCOMTCRE2,1.08,3.032643,1.224374,22.213854
2014-05-10,PH_LT,wu_KCOMTCRE2,1.08,2.45401,1.453127,24.237484
2014-05-11,PH_LT,wu_KCOMTCRE2,1.08,11.616377,3.789721,19.391245
2014-05-12,PH_LT,wu_KCOMTCRE2,1.08,15.611931,3.680377,13.539441
2014-05-13,PH_LT,wu_KCOMTCRE2,1.08,4.153413,1.907879,9.753171
2014-05-14,PH_LT,wu_KCOMTCRE2,1.08,0.0,1.508737,7.507566
2014-05-15,PH_LT,wu_KCOMTCRE2,1.08,0.0,3.294075,6.514515
2014-05-16,PH_LT,wu_KCOMTCRE2,1.08,0.274451,1.473936,7.888988
2014-05-17,PH_LT,wu_KCOMTCRE2,1.08,0.28613,0.507444,5.18629
2014-05-18,PH_LT,wu_KCOMTCRE2,1.08,0.0,1.528486,4.643044
2014-05-19,PH_LT,wu_KCOMTCRE2,1.08,0.0,1.690746,4.19965
2014-05-20,PH_LT,wu_KCOMTCRE2,1.08,0.0,2.607322,3.814149
2014-05-21,PH_LT,wu_KCOMTCRE2,1.08,0.0,2.098906,3.477758
2014-05-22,PH_LT,wu_KCOMTCRE2,1.08,0.0,2.448315,3.180094
2014-05-23,PH_LT,wu_KCOMTCRE2,1.08,0.912259,3.181624,2.758185
2014-05-24,PH_LT,wu_KCOMTCRE2,1.08,2.702152,2.4791,2.598072
2014-05-25,PH_LT,wu_KCOMTCRE2,1.08,4.734863,2.797862,2.51048
2014-05-26,PH_LT,wu_KCOMTCRE2,1.08,3.033075,2.74707,2.242109
2014-05-27,PH_LT,wu_KCOMTCRE2,1.08,0.0,1.821908,1.906354
2014-05-28,PH_LT,wu_KCOMTCRE2,1.08,0.0,1.924438,1.801187
2014-05-29,PH_LT,wu_KCOMTCRE2,1.08,0.879886,1.730111,1.846143
2014-05-30,PH_LT,wu_KCOMTCRE2,1.08,1.366692,2.012624,1.780149
2014-05-31,PH_LT,wu_KCOMTCRE2,1.08,0.917852,2.248249,1.643046
2014-06-01,PH_LT,wu_KCOMTCRE2,1.08,0.0,1.579378,1.498866
2014-06-02,PH_LT,wu_KCOMTCRE2,1.08,0.0,2.633806,1.441216
2014-06-03,PH_LT,wu_KCOMTCRE2,1.08,0.0,2.377586,1.388183
2014-06-04,PH_LT,wu_KCOMTCRE2,1.08,0.0,2.659827,1.339103
2014-06-05,PH_LT,wu_KCOMTCRE2,1.08,0.0,2.532273,1.293464
2014-06-06,PH_LT,wu_KCOMTCRE2,1.08,0.0,2.662323,1.250857
2014-06-07,PH_LT,wu_KCOMTCRE2,1.08,0.0,2.351885,1.210947
2014-06-08,PH_LT,wu_KCOMTCRE2,1.08,2.124594,2.134058,1.367303
2014-06-09,PH_LT,wu_KCOMTCRE2,1.08,2.215003,2.336602,1.295106
2014-06-10,PH_LT,wu_KCOMTCRE2,1.08,0.0,2.388473,1.104925
2014-06-11,PH_LT,wu_KCOMTCRE2,1.08,0.870187,2.574717,1.128
2014-06-12,PH_LT,wu_KCOMTCRE2,1.08,0.907216,2.287438,1.120531
2014-06-13,PH_LT,wu_KCOMTCRE2,1.08,0.0,2.879621,1.015471
2014-06-14,PH_LT,wu_KCOMTCRE2,1.08,0.0,2.047644,0.988624
2014-06-15,PH_LT,wu_KCOMTCRE2,1.08,0.0,1.980234,0.963067
2014-06-16,PH_LT,wu_KCOMTCRE2,1.08,0.0,2.234277,0.9387
2014-06-17,PH_LT,wu_KCOMTCRE2,1.08,0.0,2.094435,0.915428
2014-06-18,PH_LT,wu_KCOMTCRE2,1.08,0.0,2.374917,0.893166
2014-06-19,PH_LT,wu_KCOMTCRE2,1.08,0.0,1.907135,0.871842
2014-06-20,PH_LT,wu_KCOMTCRE2,1.08,0.0,1.87183,0.85139
2014-06-21,PH_LT,wu_KCOMTCRE2,1.08,0.0,1.824082,0.831754
2014-06-22,PH_LT,wu_KCOMTCRE2,1.08,0.0,1.816489,0.812881
2014-06-23,PH_LT,wu_KCOMTCRE2,1.08,0.0,1.708758,0.794724
2014-06-24,PH_LT,wu_KCOMTCRE2,1.08,0.0,1.60294,0.762134
2014-06-25,PH_LT,wu_KCOMTCRE2,1.08,0.0,1.647691,0.730296
2014-06-26,PH_LT,wu_KCOMTCRE2,1.08,0.0,1.578813,0.715723
2014-06-27,PH_LT,wu_KCOMTCRE2,1.08,0.0,1.574354,0.70728
2014-06-28,PH_LT,wu_KCOMTCRE2,1.08,0.0,1.333185,0.700539
2014-06-29,PH_LT,wu_KCOMTCRE2,1.08,0.0,1.477951,0.694254
2014-06-30,PH_LT,wu_KCOMTCRE2,1.08,0.0,1.490124,0.688083
2014-07-01,PH_LT,wu_KCOMTCRE2,1.08,0.0,1.059324,0.681926
2014-07-02,PH_LT,wu_KCOMTCRE2,1.08,0.0,0.365185,0.675756
2014-07-03,PH_LT,wu_KCOMTCRE2,1.08,0.0,1.454765,0.66957
2014-07-04,PH_LT,wu_KCOMTCRE2,1.08,0.0,1.317856,0.66336
2014-07-05,PH_LT,wu_KCOMTCRE2,1.08,0.0,1.058412,0.657129
2014-07-06,PH_LT,wu_KCOMTCRE2,1.08,0.0,0.904445,0.650885
2014-07-07,PH_LT,wu_KCOMTCRE2,1.08,0.0,1.081113,0.644637
2014-07-08,PH_LT,wu_KCOMTCRE2,1.08,0.677653,0.931026,0.776546
2014-07-09,PH_LT,wu_KCOMTCRE2,1.08,1.491141,1.336458,0.813893
2014-07-10,PH_LT,wu_KCOMTCRE2,1.08,2.137681,2.450315,0.790639
2014-07-11,PH_LT,wu_KCOMTCRE2,1.08,2.63014,0.868882,0.847014
2014-07-12,PH_LT,wu_KCOMTCRE2,1.08,1.735713,0.17976,0.806441
2014-07-13,PH_LT,wu_KCOMTCRE2,1.08,0.446204,0.209871,0.764463
2014-07-14,PH_LT,wu_KCOMTCRE2,1.08,0.0,0.067184,0.601234
2014-07-15,PH_LT,wu_KCOMTCRE2,1.08,0.96353,2.268237,0.791441
2014-07-16,PH_LT,wu_KCOMTCRE2,1.08,3.041332,2.270973,0.855211
2014-07-17,PH_LT,wu_KCOMTCRE2,1.08,2.123473,1.488213,0.78863
2014-07-18,PH_LT,wu_KCOMTCRE2,1.08,0.299045,1.449419,0.659396
2014-07-19,PH_LT,wu_KCOMTCRE2,1.08,0.311771,0.672888,0.684788
2014-07-20,PH_LT,wu_KCOMTCRE2,1.08,0.381352,1.607081,0.683111
2014-07-21,PH_LT,wu_KCOMTCRE2,1.08,0.397579,1.728129,0.674158
2014-07-22,PH_LT,wu_KCOMTCRE2,1.08,0.0,0.514358,0.553938
2014-07-23,PH_LT,wu_KCOMTCRE2,1.08,0.170648,0.174101,0.706025
2014-07-24,PH_LT,wu_KCOMTCRE2,1.08,0.910434,0.893133,0.767627
2014-07-25,PH_LT,wu_KCOMTCRE2,1.08,0.929405,0.302978,0.694404
2014-07-26,PH_LT,wu_KCOMTCRE2,1.08,0.172761,1.584413,0.624274
2014-07-27,PH_LT,wu_KCOMTCRE2,1.08,2.456013,2.73198,0.764137
2014-07-28,PH_LT,wu_KCOMTCRE2,1.08,8.133743,0.235685,1.151251
2014-07-29,PH_LT,wu_KCOMTCRE2,1.08,9.601395,0.895458,1.235977
2014-07-30,PH_LT,wu_KCOMTCRE2,1.08,4.273332,2.375084,0.863515
2014-07-31,PH_LT,wu_KCOMTCRE2,1.08,0.655647,2.012325,0.586036
2014-08-01,PH_LT,wu_KCOMTCRE2,1.08,3.779604,2.079621,0.801281
2014-08-02,PH_LT,wu_KCOMTCRE2,1.08,2.882385,1.95134,0.721047
2014-08-03,PH_LT,wu_KCOMTCRE2,1.08,1.169937,1.592708,0.633806
2014-08-04,PH_LT,wu_KCOMTCRE2,1.08,2.429336,1.820187,0.715381
2014-08-05,PH_LT,wu_KCOMTCRE2,1.08,3.353729,2.671914,0.753859
2014-08-06,PH_LT,wu_KCOMTCRE2,1.08,1.970535,2.340889,0.642714
2014-08-07,PH_LT,wu_KCOMTCRE2,1.08,0.697325,0.774175,0.565235
2014-08-08,PH_LT,wu_KCOMTCRE2,1.08,0.0,1.598559,0.466248
2014-08-09,PH_LT,wu_KCOMTCRE2,1.08,0.0,2.679431,0.461673
2014-08-10,PH_LT,wu_KCOMTCRE2,1.08,0.0,3.013369,0.457161
2014-08-11,PH_LT,wu_KCOMTCRE2,1.08,0.0,1.894027,0.45271
2014-08-12,PH_LT,wu_KCOMTCRE2,1.08,0.488152,1.51904,0.553162
2014-08-13,PH_LT,wu_KCOMTCRE2,1.08,0.815897,1.869964,0.565943
2014-08-14,PH_LT,wu_KCOMTCRE2,1.08,1.011897,0.984102,0.572383
2014-08-15,PH_LT,wu_KCOMTCRE2,1.08,0.721303,1.289433,0.555236
2014-08-16,PH_LT,wu_KCOMTCRE2,1.08,0.0,2.149391,0.431369
2014-08-17,PH_LT,wu_KCOMTCRE2,1.08,0.0,1.747575,0.42728
2014-08-18,PH_LT,wu_KCOMTCRE2,1.08,0.0,1.745403,0.423249
2014-08-19,PH_LT,wu_KCOMTCRE2,1.08,2.36613,1.795795,0.63376
2014-08-20,PH_LT,wu_KCOMTCRE2,1.08,2.857338,1.541038,0.664415
2014-08-21,PH_LT,wu_KCOMTCRE2,1.08,0.623522,1.239419,0.473491
2014-08-22,PH_LT,wu_KCOMTCRE2,1.08,3.160605,1.206875,0.657604
2014-08-23,PH_LT,wu_KCOMTCRE2,1.08,8.105243,2.267765,0.94709
2014-08-24,PH_LT,wu_KCOMTCRE2,1.08,5.260029,1.194036,0.775352
2014-08-25,PH_LT,wu_KCOMTCRE2,1.08,0.88947,0.843361,0.506197
2014-08-26,PH_LT,wu_KCOMTCRE2,1.08,3.665665,1.38777,0.677185
2014-08-27,PH_LT,wu_KCOMTCRE2,1.08,6.302916,2.001231,0.817607
2014-08-28,PH_LT,wu_KCOMTCRE2,1.08,3.972149,1.735837,0.664838
2014-08-29,PH_LT,wu_KCOMTCRE2,1.08,0.393438,1.457953,0.409348
2014-08-30,PH_LT,wu_KCOMTCRE2,1.08,0.390991,1.193648,0.423651
2014-08-31,PH_LT,wu_KCOMTCRE2,1.08,0.79862,1.093066,0.45561
2014-09-01,PH_LT,wu_KCOMTCRE2,1.08,0.0,1.529349,0.372621
2014-09-02,PH_LT,wu_KCOMTCRE2,1.08,0.0,1.512879,0.369388
2014-09-03,PH_LT,wu_KCOMTCRE2,1.08,0.0,1.345368,0.366203
2014-09-04,PH_LT,wu_KCOMTCRE2,1.08,2.776177,1.623883,0.541107
2014-09-05,PH_LT,wu_KCOMTCRE2,1.08,2.894312,1.420972,0.567216
2014-09-06,PH_LT,wu_KCOMTCRE2,1.08,0.0,1.402993,0.356923
2014-09-07,PH_LT,wu_KCOMTCRE2,1.08,0.0,1.420824,0.353919
2014-09-08,PH_LT,wu_KCOMTCRE2,1.08,3.020825,1.29123,0.55233
2014-09-09,PH_LT,wu_KCOMTCRE2,1.08,12.82012,1.72053,1.183744
2014-09-10,PH_LT,wu_KCOMTCRE2,1.08,10.082271,1.233225,1.050721
2014-09-11,PH_LT,wu_KCOMTCRE2,1.08,0.0,0.568696,0.342329
2014-09-12,PH_LT,wu_KCOMTCRE2,1.08,0.0,1.194759,0.339536
2014-09-13,PH_LT,wu_KCOMTCRE2,1.08,0.0,1.254089,0.336782
2014-09-14,PH_LT,wu_KCOMTCRE2,1.08,0.0,0.398776,0.334067
2014-09-15,PH_LT,wu_KCOMTCRE2,1.08,0.0,0.65616,0.331391
2014-09-16,PH_LT,wu_KCOMTCRE2,1.08,0.0,0.423228,0.328753
2014-09-17,PH_LT,wu_KCOMTCRE2,1.08,0.0,-0.499114,0.326152
2014-09-18,PH_LT,wu_KCOMTCRE2,1.08,0.0,0.651578,0.323588
2014-09-19,PH_LT,wu_KCOMTCRE2,1.08,0.0,1.857079,0.32106
2014-09-20,PH_LT,wu_KCOMTCRE2,1.08,1.10187,1.853824,0.381094
2014-09-21,PH_LT,wu_KCOMTCRE2,1.08,7.878957,0.949506,0.87018
2014-09-22,PH_LT,wu_KCOMTCRE2,1.08,10.251482,1.277801,0.984026
2014-09-23,PH_LT,wu_KCOMTCRE2,1.08,3.372547,-0.232783,0.572619
2014-09-24,PH_LT,wu_KCOMTCRE2,1.08,0.0,1.47997,0.308938
2014-09-25,PH_LT,wu_KCOMTCRE2,1.08,0.0,0.795229,0.306613
2014-09-26,PH_LT,wu_KCOMTCRE2,1.08,0.0,0.728748,0.30432
2014-09-27,PH_LT,wu_KCOMTCRE2,1.08,0.20451,-0.657236,0.356679
2014-09-28,PH_LT,wu_KCOMTCRE2,1.08,4.261367,-0.105301,0.634622
2014-09-29,PH_LT,wu_KCOMTCRE2,1.08,9.431124,1.562929,0.916186
2014-09-30,PH_LT,wu_KCOMTCRE2,1.08,10.469638,1.453055,0.947427
2014-10-01,PH_LT,wu_KCOMTCRE2,1.08,4.990038,2.158351,0.580959
2014-10-02,PH_LT,wu_KCOMTCRE2,1.08,3.970642,1.721833,0.520959
2014-10-03,PH_LT,wu_KCOMTCRE2,1.08,0.0,1.065765,0.289109
2014-10-04,PH_LT,wu_KCOMTCRE2,1.08,0.0,1.256582,0.28705
2014-10-05,PH_LT,wu_KCOMTCRE2,1.08,0.0,0.688359,0.285019
2014-10-06,PH_LT,wu_KCOMTCRE2,1.08,0.0,0.731854,0.283014
2014-10-07,PH_LT,wu_KCOMTCRE2,1.08,0.0,0.834107,0.281035
2014-10-08,PH_LT,wu_KCOMTCRE2,1.08,0.0,0.788755,0.279081
2014-10-09,PH_LT,wu_KCOMTCRE2,1.08,2.520661,0.237752,0.448877
2014-10-10,PH_LT,wu_KCOMTCRE2,1.08,3.509046,0.693624,0.525698
2014-10-11,PH_LT,wu_KCOMTCRE2,1.08,1.15733,0.256753,0.355126
2014-10-12,PH_LT,wu_KCOMTCRE2,1.08,5.194295,1.140692,0.597846
2014-10-13,PH_LT,wu_KCOMTCRE2,1.08,5.155868,3.310455,0.593254
2014-10-14,PH_LT,wu_KCOMTCRE2,1.08,0.0,0.585473,0.268131
2014-10-15,PH_LT,wu_KCOMTCRE2,1.08,0.0,0.709313,0.266091
2014-10-16,PH_LT,wu_KCOMTCRE2,1.08,0.0,0.984581,0.264327
2014-10-17,PH_LT,wu_KCOMTCRE2,1.08,0.0,1.268087,0.262586
2014-10-18,PH_LT,wu_KCOMTCRE2,1.08,0.0,0.356043,0.260867
2014-10-19,PH_LT,wu_KCOMTCRE2,1.08,0.0,0.642327,0.259168
2014-10-20,PH_LT,wu_KCOMTCRE2,1.08,0.0,0.589287,0.257491
2014-10-21,PH_LT,wu_KCOMTCRE2,1.08,2.084482,0.810034,0.383254
2014-10-22,PH_LT,wu_KCOMTCRE2,1.08,4.36439,0.877843,0.537627
2014-10-23,PH_LT,wu_KCOMTCRE2,1.08,2.284449,0.53029,0.405948
2014-10-24,PH_LT,wu_KCOMTCRE2,1.08,0.0,0.201013,0.250982
2014-10-25,PH_LT,wu_KCOMTCRE2,1.08,0.0,-0.050006,0.249404
2014-10-26,PH_LT,wu_KCOMTCRE2,1.08,0.221183,0.11782,0.288122
2014-10-27,PH_LT,wu_KCOMTCRE2,1.08,0.80134,0.651718,0.302943
2014-10-28,PH_LT,wu_KCOMTCRE2,1.08,0.595032,0.572318,0.280714
2014-10-29,PH_LT,wu_KCOMTCRE2,1.08,0.0,0.502494,0.243276
2014-10-30,PH_LT,wu_KCOMTCRE2,1.08,0.0,0.150829,0.241789
2014-10-31,PH_LT,wu_KCOMTCRE2,1.08,0.0,0.348296,0.24032
2014-11-01,PH_LT,wu_KCOMTCRE2,1.08,0.183804,0.291508,0.255451
2014-11-02,PH_LT,wu_KCOMTCRE2,1.08,4.711545,0.716908,0.538034
2014-11-03,PH_LT,wu_KCOMTCRE2,1.08,6.329935,1.884804,0.353078
2014-11-04,PH_LT,wu_KCOMTCRE2,1.08,1.686515,1.096585,0.234609
2014-11-05,PH_LT,wu_KCOMTCRE2,1.08,0.0,0.154653,0.557885
2014-11-06,PH_LT,wu_KCOMTCRE2,1.08,0.0,0.047383,0.249111
2014-11-07,PH_LT,wu_KCOMTCRE2,1.08,0.0,0.253093,0.230496
2014-11-08,PH_LT,wu_KCOMTCRE2,1.08,0.0,0.221967,0.229156
2014-11-09,PH_LT,wu_KCOMTCRE2,1.08,0.0,0.239266,0.227831
2014-11-10,PH_LT,wu_KCOMTCRE2,1.08,1.026623,1.423174,0.27835
2014-11-11,PH_LT,wu_KCOMTCRE2,1.08,1.070309,1.408512,0.225224
2014-11-12,PH_LT,wu_KCOMTCRE2,1.08,1.976017,0.680435,0.223943
2014-11-13,PH_LT,wu_KCOMTCRE2,1.08,8.494257,0.576224,0.222676
2014-11-14,PH_LT,wu_KCOMTCRE2,1.08,13.485511,0.616567,0.221422
2014-11-15,PH_LT,wu_KCOMTCRE2,1.08,13.952168,0.373535,0.220183
2014-11-16,PH_LT,wu_KCOMTCRE2,1.08,7.778521,0.381275,0.218957
2014-11-17,PH_LT,wu_KCOMTCRE2,1.08,0.624794,0.045972,0.217745
2014-11-18,PH_LT,wu_KCOMTCRE2,1.08,0.0,-8.9e-05,0.216545
2014-11-19,PH_LT,wu_KCOMTCRE2,1.08,0.0,0.00098,0.215359
2014-11-20,PH_LT,wu_KCOMTCRE2,1.08,0.0,-0.0,0.214186
2014-11-21,PH_LT,wu_KCOMTCRE2,1.08,0.0,0.0,0.213025
2014-11-22,PH_LT,wu_KCOMTCRE2,1.08,3.836707,0.215704,0.211877
2014-11-23,PH_LT,wu_KCOMTCRE2,1.08,7.185899,0.153368,0.210742
2014-11-24,PH_LT,wu_KCOMTCRE2,1.08,5.53538,0.317557,0.209619
2014-11-25,PH_LT,wu_KCOMTCRE2,1.08,4.621336,0.150485,0.208508
2014-11-26,PH_LT,wu_KCOMTCRE2,1.08,2.411684,0.052855,0.20741
2014-11-27,PH_LT,wu_KCOMTCRE2,1.08,0.0,-0.000176,0.206323
2014-11-28,PH_LT,wu_KCOMTCRE2,1.08,0.0,-0.045113,0.205249
2014-11-29,PH_LT,wu_KCOMTCRE2,1.08,0.0,0.115195,0.204187
2014-11-30,PH_LT,wu_KCOMTCRE2,1.08,0.0,-0.073746,0.203137
2014-12-01,PH_LT,wu_KCOMTCRE2,1.08,1.54936,0.016862,0.202099
2014-12-02,PH_LT,wu_KCOMTCRE2,1.08,0.998542,0.074839,0.201073
2014-12-03,PH_LT,wu_KCOMTCRE2,1.08,0.586773,0.030178,0.200059
2014-12-04,PH_LT,wu_KCOMTCRE2,1.08,0.611742,-0.032067,0.199058
2014-12-05,PH_LT,wu_KCOMTCRE2,1.08,0.0,0.001376,0.198068
2014-12-06,PH_LT,wu_KCOMTCRE2,1.08,0.0,-0.019616,0.197091
2014-12-07,PH_LT,wu_KCOMTCRE2,1.08,0.0,-0.012002,0.196127
2014-12-08,PH_LT,wu_KCOMTCRE2,1.08,0.0,-0.009468,0.195175
2014-12-09,PH_LT,wu_KCOMTCRE2,1.08,0.0,0.001418,0.194236
2014-12-10,PH_LT,wu_KCOMTCRE2,1.08,0.0,0.000476,0.19331
2014-12-11,PH_LT,wu_KCOMTCRE2,1.08,0.0,0.0,0.192398
2014-12-12,PH_LT,wu_KCOMTCRE2,1.08,0.0,0.370271,0.191499
2014-12-13,PH_LT,wu_KCOMTCRE2,1.08,2.579224,0.206338,0.190728
2014-12-14,PH_LT,wu_KCOMTCRE2,1.08,3.343208,0.16335,0.189783
2014-12-15,PH_LT,wu_KCOMTCRE2,1.08,1.365068,0.31636,0.188888
2014-12-16,PH_LT,wu_KCOMTCRE2,1.08,0.889632,0.061682,0.188046
2014-12-17,PH_LT,wu_KCOMTCRE2,1.08,1.362145,0.073498,0.18722
2014-12-18,PH_LT,wu_KCOMTCRE2,1.08,2.057416,0.052663,0.18641
2014-12-19,PH_LT,wu_KCOMTCRE2,1.08,0.865644,0.049976,0.185616
2014-12-20,PH_LT,wu_KCOMTCRE2,1.08,2.299477,0.106809,0.184837
2014-12-21,PH_LT,wu_KCOMTCRE2,1.08,9.835412,0.215727,0.184076
2014-12-22,PH_LT,wu_KCOMTCRE2,1.08,10.539167,0.345582,0.183332
2014-12-23,PH_LT,wu_KCOMTCRE2,1.08,3.510171,0.255748,0.182605
2014-12-24,PH_LT,wu_KCOMTCRE2,1.08,1.587753,0.100875,0.181896
2014-12-25,PH_LT,wu_KCOMTCRE2,1.08,5.255126,0.29347,0.181205
2014-12-26,PH_LT,wu_KCOMTCRE2,1.08,5.224638,0.233756,0.180533
2014-12-27,PH_LT,wu_KCOMTCRE2,1.08,0.953933,0.083007,0.179879
2014-12-28,PH_LT,wu_KCOMTCRE2,1.08,2.759643,0.145874,0.179245
2014-12-29,PH_LT,wu_KCOMTCRE2,1.08,4.18058,0.164025,0.178629
2014-12-30,PH_LT,wu_KCOMTCRE2,1.08,2.301261,0.128712,0.178033
2014-12-31,PH_LT,wu_KCOMTCRE2,1.08,1.607815,0.106137,0.177456
2015-01-01,PH_LT,wu_KCOMTCRE2,1.08,1.191418,0.082077,0.176898
2015-01-02,PH_LT,wu_KCOMTCRE2,1.08,1.242116,0.091475,0.17636
2015-01-03,PH_LT,wu_KCOMTCRE2,1.08,0.296538,0.018696,0.175841
2015-01-04,PH_LT,wu_KCOMTCRE2,1.08,0.530901,0.034983,0.175341
2015-01-05,PH_LT,wu_KCOMTCRE2,1.08,0.231181,0.014957,0.17486
2015-01-06,PH_LT,wu_KCOMTCRE2,1.08,0.0,0.280048,0.174398
2015-01-07,PH_LT,wu_KCOMTCRE2,1.08,0.0,0.057238,0.173954
2015-01-08,PH_LT,wu_KCOMTCRE2,1.08,0.0,0.007001,0.173529
2015-01-09,PH_LT,wu_KCOMTCRE2,1.08,0.0,0.0,0.173121
2015-01-10,PH_LT,wu_KCOMTCRE2,1.08,0.24808,0.158625,0.17273
2015-01-11,PH_LT,wu_KCOMTCRE2,1.08,1.722363,0.202173,0.172356
2015-01-12,PH_LT,wu_KCOMTCRE2,1.08,2.755353,0.275747,0.171998
2015-01-13,PH_LT,wu_KCOMTCRE2,1.08,2.731685,0.567083,0.171656
2015-01-14,PH_LT,wu_KCOMTCRE2,1.08,1.511736,0.403953,0.171329
2015-01-15,PH_LT,wu_KCOMTCRE2,1.08,0.0,0.155554,0.171016
2015-01-16,PH_LT,wu_KCOMTCRE2,1.08,0.139051,0.133995,0.170716
2015-01-17,PH_LT,wu_KCOMTCRE2,1.08,0.144968,0.247806,0.17043
2015-01-18,PH_LT,wu_KCOMTCRE2,1.08,0.681562,0.026495,0.170156
2015-01-19,PH_LT,wu_KCOMTCRE2,1.08,1.198298,0.101119,0.169893
2015-01-20,PH_LT,wu_KCOMTCRE2,1.08,1.06364,0.110899,0.169642
2015-01-21,PH_LT,wu_KCOMTCRE2,1.08,0.578776,0.040358,0.169401
2015-01-22,PH_LT,wu_KCOMTCRE2,1.08,0.0,0.0,0.169169
2015-01-23,PH_LT,wu_KCOMTCRE2,1.08,0.0,0.0,0.168946
2015-01-24,PH_LT,wu_KCOMTCRE2,1.08,0.0,9.9e-05,0.168731
2015-01-25,PH_LT,wu_KCOMTCRE2,1.08,0.0,0.010099,0.168524
2015-01-26,PH_LT,wu_KCOMTCRE2,1.08,0.0,-0.040298,0.168324
2015-01-27,PH_LT,wu_KCOMTCRE2,1.08,0.0,-0.116401,0.16813
2015-01-28,PH_LT,wu_KCOMTCRE2,1.08,0.0,-0.099891,0.167942
2015-01-29,PH_LT,wu_KCOMTCRE2,1.08,0.0,-0.025328,0.167759
2015-01-30,PH_LT,wu_KCOMTCRE2,1.08,3.183434,0.044721,0.167581
2015-01-31,PH_LT,wu_KCOMTCRE2,1.08,6.502334,0.113064,0.167406
2015-02-01,PH_LT,wu_KCOMTCRE2,1.08,1.722614,0.1288,0.167236
2015-02-02,PH_LT,wu_KCOMTCRE2,1.08,0.880884,0.063718,0.167068
2015-02-03,PH_LT,wu_KCOMTCRE2,1.08,1.129681,0.059638,0.166904
2015-02-04,PH_LT,wu_KCOMTCRE2,1.08,2.06702,0.68753,0.166741
2015-02-05,PH_LT,wu_KCOMTCRE2,1.08,1.668773,0.595562,0.166581
2015-02-06,PH_LT,wu_KCOMTCRE2,1.08,0.504111,0.385718,0.166422
2015-02-07,PH_LT,wu_KCOMTCRE2,1.08,0.0,-0.046389,0.166264
2015-02-08,PH_LT,wu_KCOMTCRE2,1.08,0.0,0.829559,0.166107
2015-02-09,PH_LT,wu_KCOMTCRE2,1.08,0.0,0.852777,0.165951
2015-02-10,PH_LT,wu_KCOMTCRE2,1.08,0.0,1.12873,0.165795
2015-02-11,PH_LT,wu_KCOMTCRE2,1.08,0.0,0.636421,0.165639
2015-02-12,PH_LT,wu_KCOMTCRE2,1.08,0.0,0.765471,0.165483
2015-02-13,PH_LT,wu_KCOMTCRE2,1.08,0.0,0.694554,0.165327
2015-02-14,PH_LT,wu_KCOMTCRE2,1.08,0.0,0.886277,0.16517
2015-02-15,PH_LT,wu_KCOMTCRE2,1.08,0.0,0.843634,0.165012
2015-02-16,PH_LT,wu_KCOMTCRE2,1.08,0.142899,0.766626,0.164853
2015-02-17,PH_LT,wu_KCOMTCRE2,1.08,0.148979,0.835975,0.164693
2015-02-18,PH_LT,wu_KCOMTCRE2,1.08,0.0,1.10321,0.164532
2015-02-19,PH_LT,wu_KCOMTCRE2,1.08,0.0,0.705596,0.164369
2015-02-20,PH_LT,wu_KCOMTCRE2,1.08,0.468243,0.82036,0.164205
2015-02-21,PH_LT,wu_KCOMTCRE2,1.08,2.01576,0.854904,0.164039
2015-02-22,PH_LT,wu_KCOMTCRE2,1.08,10.013067,1.630132,0.163872
2015-02-23,PH_LT,wu_KCOMTCRE2,1.08,11.064639,0.848824,0.163703
2015-02-24,PH_LT,wu_KCOMTCRE2,1.08,2.38312,0.629457,0.163531
2015-02-25,PH_LT,wu_KCOMTCRE2,1.08,1.195919,0.584697,0.163358
2015-02-26,PH_LT,wu_KCOMTCRE2,1.08,2.488603,0.793208,0.163183
2015-02-27,PH_LT,wu_KCOMTCRE2,1.08,2.318655,0.68327,0.163006
2015-02-28,PH_LT,wu_KCOMTCRE2,1.08,2.091613,0.769508,0.162826
2015-03-01,PH_LT,wu_KCOMTCRE2,1.08,8.657466,0.803616,0.162645
2015-03-02,PH_LT,wu_KCOMTCRE2,1.08,7.986411,0.912582,0.162461
2015-03-03,PH_LT,wu_KCOMTCRE2,1.08,6.686247,0.823573,0.162275
2015-03-04,PH_LT,wu_KCOMTCRE2,1.08,3.989025,0.614395,0.162087
2015-03-05,PH_LT,wu_KCOMTCRE2,1.08,0.6407,0.524798,0.161897
2015-03-06,PH_LT,wu_KCOMTCRE2,1.08,0.0,0.754674,0.161704
2015-03-07,PH_LT,wu_KCOMTCRE2,1.08,0.0,1.068937,0.161509
2015-03-08,PH_LT,wu_KCOMTCRE2,1.08,0.0,1.083501,0.161312
2015-03-09,PH_LT,wu_KCOMTCRE2,1.08,0.0,1.274767,0.161113
2015-03-10,PH_LT,wu_KCOMTCRE2,1.08,0.0,1.194196,0.160911
2015-03-11,PH_LT,wu_KCOMTCRE2,1.08,0.0,1.373156,0.160708
2015-03-12,PH_LT,wu_KCOMTCRE2,1.08,0.0,1.112676,0.160502
2015-03-13,PH_LT,wu_KCOMTCRE2,1.08,0.0,1.547398,0.160293
2015-03-14,PH_LT,wu_KCOMTCRE2,1.08,0.0,1.801653,0.160083
2015-03-15,PH_LT,wu_KCOMTCRE2,1.08,0.0,-0.031154,0.15987
2015-03-16,PH_LT,wu_KCOMTCRE2,1.08,0.0,-0.049002,1.075002
2015-03-17,PH_LT,wu_KCOMTCRE2,1.08,0.0,-0.097752,1.276803
2015-03-18,PH_LT,wu_KCOMTCRE2,1.08,1.145356,-0.091413,1.344773
2015-03-19,PH_LT,wu_KCOMTCRE2,1.08,1.194094,0.669142,1.048707
2015-03-20,PH_LT,wu_KCOMTCRE2,1.08,0.0,0.463531,0.82629
2015-03-21,PH_LT,wu_KCOMTCRE2,1.08,0.0,0.063868,0.873781
2015-03-22,PH_LT,wu_KCOMTCRE2,1.08,0.0,-0.003171,1.083142
2015-03-23,PH_LT,wu_KCOMTCRE2,1.08,2.19432,0.198632,1.208126
2015-03-24,PH_LT,wu_KCOMTCRE2,1.08,2.796258,1.700842,0.727569
2015-03-25,PH_LT,wu_KCOMTCRE2,1.08,1.799429,1.54913,0.15763
2015-03-26,PH_LT,wu_KCOMTCRE2,1.08,1.323235,1.686784,0.157396
2015-03-27,PH_LT,wu_KCOMTCRE2,1.08,0.0,0.424858,0.76658
2015-03-28,PH_LT,wu_KCOMTCRE2,1.08,0.0,-0.151755,1.579013
2015-03-29,PH_LT,wu_KCOMTCRE2,1.08,0.0,-0.000842,1.539157
2015-03-30,PH_LT,wu_KCOMTCRE2,1.08,0.0,-0.057495,1.069647
2015-03-31,PH_LT,wu_KCOMTCRE2,1.08,0.0,-0.095868,0.886215
2015-04-01,PH_LT,wu_KCOMTCRE2,1.08,0.0,-0.016059,1.516194
2015-04-02,PH_LT,wu_KCOMTCRE2,1.08,0.0,0.50344,0.373379
2015-04-03,PH_LT,wu_KCOMTCRE2,1.08,0.0,0.510132,0.470429
2015-04-04,PH_LT,wu_KCOMTCRE2,1.08,0.0,0.389258,0.725231
2015-04-05,PH_LT,wu_KCOMTCRE2,1.08,0.0,0.444364,1.366097
2015-04-06,PH_LT,wu_KCOMTCRE2,1.08,0.0,0.542076,2.365679
2015-04-07,PH_LT,wu_KCOMTCRE2,1.08,0.0,0.603494,2.822458
2015-04-08,PH_LT,wu_KCOMTCRE2,1.08,0.0,0.577792,2.972921
2015-04-09,PH_LT,wu_KCOMTCRE2,1.08,0.0,0.83511,3.026794
2015-04-10,PH_LT,wu_KCOMTCRE2,1.08,0.0,0.641134,3.041864
2015-04-11,PH_LT,wu_KCOMTCRE2,1.08,0.0,0.523628,3.028008
2015-04-12,PH_LT,wu_KCOMTCRE2,1.08,0.0,0.755269,2.987675
2015-04-13,PH_LT,wu_KCOMTCRE2,1.08,0.0,0.735562,2.92452
2015-04-14,PH_LT,wu_KCOMTCRE2,1.08,0.0,0.903256,2.844011
2015-04-15,PH_LT,wu_KCOMTCRE2,1.08,0.674491,3.013231,2.795548
2015-04-16,PH_LT,wu_KCOMTCRE2,1.08,5.256904,3.156263,2.654718
2015-04-17,PH_LT,wu_KCOMTCRE2,1.08,14.396552,2.456167,2.555648
2015-04-18,PH_LT,wu_KCOMTCRE2,1.08,11.123463,1.796584,2.457909
2015-04-19,PH_LT,wu_KCOMTCRE2,1.08,1.517864,2.200231,2.363258
2015-04-20,PH_LT,wu_KCOMTCRE2,1.08,0.593919,0.916113,2.509697
2015-04-21,PH_LT,wu_KCOMTCRE2,1.08,0.174862,0.298545,5.278021
2015-04-22,PH_LT,wu_KCOMTCRE2,1.08,0.0,0.752876,2.16723
2015-04-23,PH_LT,wu_KCOMTCRE2,1.08,0.0,1.050878,2.027947
2015-04-24,PH_LT,wu_KCOMTCRE2,1.08,0.775536,0.678094,2.012865
2015-04-25,PH_LT,wu_KCOMTCRE2,1.08,2.172907,0.883975,2.050208
2015-04-26,PH_LT,wu_KCOMTCRE2,1.08,2.746789,0.889922,2.029093
2015-04-27,PH_LT,wu_KCOMTCRE2,1.08,1.380717,0.651143,1.866228
2015-04-28,PH_LT,wu_KCOMTCRE2,1.08,0.0,1.034666,1.702921
2015-04-29,PH_LT,wu_KCOMTCRE2,1.08,0.0,1.098618,1.648352
2015-04-30,PH_LT,wu_KCOMTCRE2,1.08,0.0,2.365995,1.596828
2015-05-01,PH_LT,wu_KCOMTCRE2,1.08,0.0,1.588369,1.548239
2015-05-02,PH_LT,wu_KCOMTCRE2,1.08,0.0,1.123919,1.502481
2015-05-03,PH_LT,wu_KCOMTCRE2,1.08,1.144646,2.001354,1.569633
2015-05-04,PH_LT,wu_KCOMTCRE2,1.08,2.262604,1.966535,1.597129
2015-05-05,PH_LT,wu_KCOMTCRE2,1.08,8.027667,2.369918,1.968268
2015-05-06,PH_LT,wu_KCOMTCRE2,1.08,12.452479,2.07847,2.283012
2015-05-07,PH_LT,wu_KCOMTCRE2,1.08,5.769698,2.09402,1.740566
2015-05-08,PH_LT,wu_KCOMTCRE2,1.08,4.513062,1.640856,1.604439
2015-05-09,PH_LT,wu_KCOMTCRE2,1.08,7.347657,1.814576,1.772222
2015-05-10,PH_LT,wu_KCOMTCRE2,1.08,4.482688,3.769133,1.529647
2015-05-11,PH_LT,wu_KCOMTCRE2,1.08,1.4455,1.882812,1.300967
2015-05-12,PH_LT,wu_KCOMTCRE2,1.08,0.0,1.813731,1.181339
2015-05-13,PH_LT,wu_KCOMTCRE2,1.08,0.0,2.21485,1.159379
2015-05-14,PH_LT,wu_KCOMTCRE2,1.08,0.754448,1.992088,1.188076
2015-05-15,PH_LT,wu_KCOMTCRE2,1.08,4.245948,2.333327,1.403193
2015-05-16,PH_LT,wu_KCOMTCRE2,1.08,6.259656,2.520106,1.513759
2015-05-17,PH_LT,wu_KCOMTCRE2,1.08,3.822469,1.385161,1.336097
2015-05-18,PH_LT,wu_KCOMTCRE2,1.08,3.611573,1.690066,1.319578
2015-05-19,PH_LT,wu_KCOMTCRE2,1.08,7.274803,1.910647,1.577303
2015-05-20,PH_LT,wu_KCOMTCRE2,1.08,4.856104,2.418092,1.361399
2015-05-21,PH_LT,wu_KCOMTCRE2,1.08,1.347823,1.855947,1.125685
2015-05-22,PH_LT,wu_KCOMTCRE2,1.08,3.666073,2.12812,1.278522
2015-05-23,PH_LT,wu_KCOMTCRE2,1.08,3.577635,2.894407,1.240508
2015-05-24,PH_LT,wu_KCOMTCRE2,1.08,6.108084,2.581473,1.416564
2015-05-25,PH_LT,wu_KCOMTCRE2,1.08,6.167428,2.77347,1.398715
2015-05-26,PH_LT,wu_KCOMTCRE2,1.08,1.405531,2.32041,1.094345
2015-05-27,PH_LT,wu_KCOMTCRE2,1.08,1.655833,1.856306,1.110016
2015-05-28,PH_LT,wu_KCOMTCRE2,1.08,2.274573,1.840554,1.193515
2015-05-29,PH_LT,wu_KCOMTCRE2,1.08,0.834021,1.878791,1.079192
2015-05-30,PH_LT,wu_KCOMTCRE2,1.08,0.0,2.076057,1.007836
2015-05-31,PH_LT,wu_KCOMTCRE2,1.08,0.0,2.153486,1.009998
2015-06-01,PH_LT,wu_KCOMTCRE2,1.08,0.0,1.400793,1.012998
2015-06-02,PH_LT,wu_KCOMTCRE2,1.08,0.0,2.607812,1.017022
2015-06-03,PH_LT,wu_KCOMTCRE2,1.08,0.0,2.3287,1.02214
2015-06-04,PH_LT,wu_KCOMTCRE2,1.08,0.0,2.547853,1.028293
2015-06-05,PH_LT,wu_KCOMTCRE2,1.08,2.622209,2.528909,1.231218
2015-06-06,PH_LT,wu_KCOMTCRE2,1.08,4.034125,2.627946,1.322161
2015-06-07,PH_LT,wu_KCOMTCRE2,1.08,1.355667,2.204109,1.148375
2015-06-08,PH_LT,wu_KCOMTCRE2,1.08,0.0,2.292202,1.055093
2015-06-09,PH_LT,wu_KCOMTCRE2,1.08,0.0,2.241387,1.059459
2015-06-10,PH_LT,wu_KCOMTCRE2,1.08,2.413646,2.666917,1.213181
2015-06-11,PH_LT,wu_KCOMTCRE2,1.08,9.03124,3.254958,1.658575
2015-06-12,PH_LT,wu_KCOMTCRE2,1.08,6.792115,2.541246,1.581251
2015-06-13,PH_LT,wu_KCOMTCRE2,1.08,1.235708,2.960022,1.13425
2015-06-14,PH_LT,wu_KCOMTCRE2,1.08,1.747031,2.013184,1.220656
2015-06-15,PH_LT,wu_KCOMTCRE2,1.08,0.47826,2.19204,1.1052
2015-06-16,PH_LT,wu_KCOMTCRE2,1.08,2.0915,2.456045,1.192656
2015-06-17,PH_LT,wu_KCOMTCRE2,1.08,2.1805,2.26524,1.216088
2015-06-18,PH_LT,wu_KCOMTCRE2,1.08,0.0,3.399635,1.006869
2015-06-19,PH_LT,wu_KCOMTCRE2,1.08,0.0,2.394832,0.99309
2015-06-20,PH_LT,wu_KCOMTCRE2,1.08,0.0,2.614424,0.978484
2015-06-21,PH_LT,wu_KCOMTCRE2,1.08,0.0,2.361442,0.963237
2015-06-22,PH_LT,wu_KCOMTCRE2,1.08,0.0,2.328414,0.947509
2015-06-23,PH_LT,wu_KCOMTCRE2,1.08,0.0,2.669565,0.931442
2015-06-24,PH_LT,wu_KCOMTCRE2,1.08,1.053094,2.202891,1.060161
2015-06-25,PH_LT,wu_KCOMTCRE2,1.08,1.097906,2.494581,1.039051
2015-06-26,PH_LT,wu_KCOMTCRE2,1.08,0.0,2.496696,0.882304
2015-06-27,PH_LT,wu_KCOMTCRE2,1.08,0.0,2.776146,0.865912
2015-06-28,PH_LT,wu_KCOMTCRE2,1.08,0.0,2.297625,0.849629
2015-06-29,PH_LT,wu_KCOMTCRE2,1.08,0.0,2.701655,0.833509
2015-06-30,PH_LT,wu_KCOMTCRE2,1.08,0.0,2.667175,0.817593
2015-07-01,PH_LT,wu_KCOMTCRE2,1.08,0.527771,1.685364,0.932771
2015-07-02,PH_LT,wu_KCOMTCRE2,1.08,0.550229,0.280725,0.882559
2015-07-03,PH_LT,wu_KCOMTCRE2,1.08,2.624167,1.715128,1.054632
2015-07-04,PH_LT,wu_KCOMTCRE2,1.08,3.086375,2.160472,1.012492
2015-07-05,PH_LT,wu_KCOMTCRE2,1.08,2.599917,2.153217,0.954863
2015-07-06,PH_LT,wu_KCOMTCRE2,1.08,3.414948,1.72946,0.987617
2015-07-07,PH_LT,wu_KCOMTCRE2,1.08,7.479042,2.338082,1.258584
2015-07-08,PH_LT,wu_KCOMTCRE2,1.08,10.911688,2.624157,1.504346
2015-07-09,PH_LT,wu_KCOMTCRE2,1.08,5.870219,2.398558,1.143824
2015-07-10,PH_LT,wu_KCOMTCRE2,1.08,1.452646,2.678581,0.804662
2015-07-11,PH_LT,wu_KCOMTCRE2,1.08,0.280042,1.485255,0.73058
2015-07-12,PH_LT,wu_KCOMTCRE2,1.08,1.238813,0.740239,0.807424
2015-07-13,PH_LT,wu_KCOMTCRE2,1.08,1.570729,0.487781,0.896826
2015-07-14,PH_LT,wu_KCOMTCRE2,1.08,3.150823,0.539063,0.968568
2015-07-15,PH_LT,wu_KCOMTCRE2,1.08,2.928188,2.652215,0.957035
2015-07-16,PH_LT,wu_KCOMTCRE2,1.08,0.289406,2.392308,0.722255
2015-07-17,PH_LT,wu_KCOMTCRE2,1.08,0.251156,1.433252,0.721112
2015-07-18,PH_LT,wu_KCOMTCRE2,1.08,1.353615,1.607822,0.795857
2015-07-19,PH_LT,wu_KCOMTCRE2,1.08,1.138229,1.477791,0.778863
2015-07-20,PH_LT,wu_KCOMTCRE2,1.08,4.960948,2.457365,0.988037
2015-07-21,PH_LT,wu_KCOMTCRE2,1.08,6.670667,2.331961,1.154451
2015-07-22,PH_LT,wu_KCOMTCRE2,1.08,1.562385,1.625711,0.765225
2015-07-23,PH_LT,wu_KCOMTCRE2,1.08,0.0,1.591765,0.616677
2015-07-24,PH_LT,wu_KCOMTCRE2,1.08,4.531094,2.183595,0.973543
2015-07-25,PH_LT,wu_KCOMTCRE2,1.08,4.723907,1.505505,0.945266
2015-07-26,PH_LT,wu_KCOMTCRE2,1.08,0.141,1.910563,0.656854
2015-07-27,PH_LT,wu_KCOMTCRE2,1.08,0.147,2.917036,0.643371
2015-07-28,PH_LT,wu_KCOMTCRE2,1.08,0.0,0.861433,0.584495
2015-07-29,PH_LT,wu_KCOMTCRE2,1.08,0.0,0.343153,0.578274
2015-07-30,PH_LT,wu_KCOMTCRE2,1.08,0.0,1.845404,0.572134
2015-07-31,PH_LT,wu_KCOMTCRE2,1.08,0.0,1.582361,0.566072
2015-08-01,PH_LT,wu_KCOMTCRE2,1.08,0.316271,1.824541,0.650231
2015-08-02,PH_LT,wu_KCOMTCRE2,1.08,4.508813,1.729068,0.904948
2015-08-03,PH_LT,wu_KCOMTCRE2,1.08,6.055282,1.78034,1.030626
2015-08-04,PH_LT,wu_KCOMTCRE2,1.08,2.122156,2.257841,0.725928
2015-08-05,PH_LT,wu_KCOMTCRE2,1.08,0.366479,2.7184,0.605448
2015-08-06,PH_LT,wu_KCOMTCRE2,1.08,0.0,2.418693,0.531294
2015-08-07,PH_LT,wu_KCOMTCRE2,1.08,2.618782,1.006649,0.725493
2015-08-08,PH_LT,wu_KCOMTCRE2,1.08,2.899615,1.439764,0.772849
2015-08-09,PH_LT,wu_KCOMTCRE2,1.08,0.176604,2.402527,0.569897
2015-08-10,PH_LT,wu_KCOMTCRE2,1.08,0.145896,2.811501,0.533284
2015-08-11,PH_LT,wu_KCOMTCRE2,1.08,4.014917,1.657277,0.822434
2015-08-12,PH_LT,wu_KCOMTCRE2,1.08,4.874656,1.62599,0.91015
2015-08-13,PH_LT,wu_KCOMTCRE2,1.08,0.883531,2.014397,0.6101
2015-08-14,PH_LT,wu_KCOMTCRE2,1.08,0.0,0.743498,0.48915
2015-08-15,PH_LT,wu_KCOMTCRE2,1.08,0.206115,0.474923,0.616506
2015-08-16,PH_LT,wu_KCOMTCRE2,1.08,0.462615,1.772486,0.580254
2015-08-17,PH_LT,wu_KCOMTCRE2,1.08,2.387959,1.453254,0.718473
2015-08-18,PH_LT,wu_KCOMTCRE2,1.08,2.220313,1.910256,0.679226
2015-08-19,PH_LT,wu_KCOMTCRE2,1.08,0.0,2.263515,0.465172
2015-08-20,PH_LT,wu_KCOMTCRE2,1.08,0.0,2.011518,0.460586
2015-08-21,PH_LT,wu_KCOMTCRE2,1.08,0.0,1.346721,0.456069
2015-08-22,PH_LT,wu_KCOMTCRE2,1.08,0.0,0.887057,0.45162
2015-08-23,PH_LT,wu_KCOMTCRE2,1.08,0.0,2.050582,0.447239
2015-08-24,PH_LT,wu_KCOMTCRE2,1.08,0.0,0.412769,0.442923
2015-08-25,PH_LT,wu_KCOMTCRE2,1.08,1.180875,0.329141,0.615736
2015-08-26,PH_LT,wu_KCOMTCRE2,1.08,5.131146,1.306408,0.843773
2015-08-27,PH_LT,wu_KCOMTCRE2,1.08,9.643803,2.255328,1.088233
2015-08-28,PH_LT,wu_KCOMTCRE2,1.08,5.815177,1.758458,0.848027
2015-08-29,PH_LT,wu_KCOMTCRE2,1.08,0.0,1.476366,0.422303
2015-08-30,PH_LT,wu_KCOMTCRE2,1.08,1.1985,1.020418,0.526238
2015-08-31,PH_LT,wu_KCOMTCRE2,1.08,2.448,0.85881,0.628117
2015-09-01,PH_LT,wu_KCOMTCRE2,1.08,2.58324,1.373724,0.6212
2015-09-02,PH_LT,wu_KCOMTCRE2,1.08,2.250583,1.250829,0.607515
2015-09-03,PH_LT,wu_KCOMTCRE2,1.08,5.005698,1.745409,0.737349
2015-09-04,PH_LT,wu_KCOMTCRE2,1.08,9.623219,2.26704,1.013378
2015-09-05,PH_LT,wu_KCOMTCRE2,1.08,5.526781,1.704823,0.772835
2015-09-06,PH_LT,wu_KCOMTCRE2,1.08,1.019083,1.44432,0.464325
2015-09-07,PH_LT,wu_KCOMTCRE2,1.08,1.305927,1.397039,0.485549
2015-09-08,PH_LT,wu_KCOMTCRE2,1.08,1.056052,1.242095,0.461289
2015-09-09,PH_LT,wu_KCOMTCRE2,1.08,0.0,0.94434,0.382108
2015-09-10,PH_LT,wu_KCOMTCRE2,1.08,0.0,0.794399,0.378776
2015-09-11,PH_LT,wu_KCOMTCRE2,1.08,0.0,0.448948,0.375495
2015-09-12,PH_LT,wu_KCOMTCRE2,1.08,0.0,1.179985,0.372262
2015-09-13,PH_LT,wu_KCOMTCRE2,1.08,0.0,1.3049,0.369078
2015-09-14,PH_LT,wu_KCOMTCRE2,1.08,3.121584,0.689069,0.56514
2015-09-15,PH_LT,wu_KCOMTCRE2,1.08,6.907688,0.96255,0.858204
2015-09-16,PH_LT,wu_KCOMTCRE2,1.08,3.947771,0.432159,0.661891
2015-09-17,PH_LT,wu_KCOMTCRE2,1.08,0.144958,-0.648824,0.415415
2015-09-18,PH_LT,wu_KCOMTCRE2,1.08,0.0,0.852647,0.353854
2015-09-19,PH_LT,wu_KCOMTCRE2,1.08,0.0,1.764251,0.350943
2015-09-20,PH_LT,wu_KCOMTCRE2,1.08,0.0,1.67636,0.348075
2015-09-21,PH_LT,wu_KCOMTCRE2,1.08,0.0,1.022452,0.345249
2015-09-22,PH_LT,wu_KCOMTCRE2,1.08,0.0,0.579047,0.342464
2015-09-23,PH_LT,wu_KCOMTCRE2,1.08,0.0,-0.145648,0.33972
2015-09-24,PH_LT,wu_KCOMTCRE2,1.08,0.0,1.485459,0.337015
2015-09-25,PH_LT,wu_KCOMTCRE2,1.08,0.0,0.8908,0.33435
2015-09-26,PH_LT,wu_KCOMTCRE2,1.08,0.0,0.812909,0.331722
2015-09-27,PH_LT,wu_KCOMTCRE2,1.08,0.0,0.012391,0.329133
2015-09-28,PH_LT,wu_KCOMTCRE2,1.08,0.0,-0.180343,0.32658
2015-09-29,PH_LT,wu_KCOMTCRE2,1.08,0.0,-0.039031,0.324064
2015-09-30,PH_LT,wu_KCOMTCRE2,1.08,0.0,-0.686765,0.321583
2015-10-01,PH_LT,wu_KCOMTCRE2,1.08,0.0,1.505397,0.319138
2015-10-02,PH_LT,wu_KCOMTCRE2,1.08,0.769625,0.340651,0.417966
2015-10-03,PH_LT,wu_KCOMTCRE2,1.08,0.802375,1.117212,0.372766
2015-10-04,PH_LT,wu_KCOMTCRE2,1.08,0.0,1.56323,0.312005
2015-10-05,PH_LT,wu_KCOMTCRE2,1.08,2.370073,0.801501,0.47401
2015-10-06,PH_LT,wu_KCOMTCRE2,1.08,3.295875,0.838144,0.542965
2015-10-07,PH_LT,wu_KCOMTCRE2,1.08,0.860052,0.664455,0.398196
2015-10-08,PH_LT,wu_KCOMTCRE2,1.08,0.0,0.929797,0.30295
2015-10-09,PH_LT,wu_KCOMTCRE2,1.08,0.0,0.128266,0.300764
2015-10-10,PH_LT,wu_KCOMTCRE2,1.08,0.0,0.508913,0.298608
2015-10-11,PH_LT,wu_KCOMTCRE2,1.08,0.0,0.013038,0.296482
2015-10-12,PH_LT,wu_KCOMTCRE2,1.08,0.0,0.579922,0.294385
2015-10-13,PH_LT,wu_KCOMTCRE2,1.08,0.0,0.573734,0.292317
2015-10-14,PH_LT,wu_KCOMTCRE2,1.08,0.0,0.642386,0.290277
2015-10-15,PH_LT,wu_KCOMTCRE2,1.08,0.0,0.846015,0.288266
2015-10-16,PH_LT,wu_KCOMTCRE2,1.08,0.0,1.147618,0.286282
2015-10-17,PH_LT,wu_KCOMTCRE2,1.08,0.0,1.458757,0.284326
2015-10-18,PH_LT,wu_KCOMTCRE2,1.08,1.223469,0.442506,0.365491
2015-10-19,PH_LT,wu_KCOMTCRE2,1.08,4.995386,1.131438,0.585276
2015-10-20,PH_LT,wu_KCOMTCRE2,1.08,4.717782,0.709525,0.60859
2015-10-21,PH_LT,wu_KCOMTCRE2,1.08,1.8325,0.844028,0.390251
2015-10-22,PH_LT,wu_KCOMTCRE2,1.08,7.398677,1.114148,0.742755
2015-10-23,PH_LT,wu_KCOMTCRE2,1.08,6.954209,0.79095,0.740817
2015-10-24,PH_LT,wu_KCOMTCRE2,1.08,0.292979,0.495887,0.289121
2015-10-25,PH_LT,wu_KCOMTCRE2,1.08,0.0,0.188267,0.269641
2015-10-26,PH_LT,wu_KCOMTCRE2,1.08,1.04624,0.543317,0.336953
2015-10-27,PH_LT,wu_KCOMTCRE2,1.08,2.815562,2.59772,0.337225
2015-10-28,PH_LT,wu_KCOMTCRE2,1.08,1.798198,1.772935,0.264571
2015-10-29,PH_LT,wu_KCOMTCRE2,1.08,0.282,0.537681,0.282867
2015-10-30,PH_LT,wu_KCOMTCRE2,1.08,0.294,1.350775,0.279266
2015-10-31,PH_LT,wu_KCOMTCRE2,1.08,0.0,0.516399,0.259739
2015-11-01,PH_LT,wu_KCOMTCRE2,1.08,0.0,0.354692,0.258182
2015-11-02,PH_LT,wu_KCOMTCRE2,1.08,0.0,0.245375,0.256652
2015-11-03,PH_LT,wu_KCOMTCRE2,1.08,0.426917,0.264182,0.289682
2015-11-04,PH_LT,wu_KCOMTCRE2,1.08,6.189854,2.203038,0.467913
2015-11-05,PH_LT,wu_KCOMTCRE2,1.08,7.748792,0.854027,0.252226
2015-11-06,PH_LT,wu_KCOMTCRE2,1.08,3.272344,0.308374,0.250806
2015-11-07,PH_LT,wu_KCOMTCRE2,1.08,1.499094,0.142963,0.249414
2015-11-08,PH_LT,wu_KCOMTCRE2,1.08,0.0,0.0,0.24805
2015-11-09,PH_LT,wu_KCOMTCRE2,1.08,0.0,0.488908,0.246715
2015-11-10,PH_LT,wu_KCOMTCRE2,1.08,3.7365,0.738087,0.245408
2015-11-11,PH_LT,wu_KCOMTCRE2,1.08,4.667084,0.180614,0.244129
2015-11-12,PH_LT,wu_KCOMTCRE2,1.08,0.804417,0.066531,0.24288
2015-11-13,PH_LT,wu_KCOMTCRE2,1.08,0.0,0.0,0.241659
2015-11-14,PH_LT,wu_KCOMTCRE2,1.08,0.0,0.0,0.240467
2015-11-15,PH_LT,wu_KCOMTCRE2,1.08,1.780125,0.117228,0.239303
2015-11-16,PH_LT,wu_KCOMTCRE2,1.08,6.792834,0.34483,0.238169
2015-11-17,PH_LT,wu_KCOMTCRE2,1.08,5.147042,0.365715,0.237064
2015-11-18,PH_LT,wu_KCOMTCRE2,1.08,0.42349,-0.002289,0.235988
2015-11-19,PH_LT,wu_KCOMTCRE2,1.08,0.44151,0.017611,0.234941
2015-11-20,PH_LT,wu_KCOMTCRE2,1.08,1.322854,0.098926,0.233922
2015-11-21,PH_LT,wu_KCOMTCRE2,1.08,1.379146,0.101222,0.232933
2015-11-22,PH_LT,wu_KCOMTCRE2,1.08,0.0,-0.000641,0.231973
2015-11-23,PH_LT,wu_KCOMTCRE2,1.08,0.0,-0.015029,0.231042
2015-11-24,PH_LT,wu_KCOMTCRE2,1.08,0.0,0.000162,0.23014
2015-11-25,PH_LT,wu_KCOMTCRE2,1.08,0.318719,-0.004132,0.229267
2015-11-26,PH_LT,wu_KCOMTCRE2,1.08,0.332281,-0.006491,0.228423
2015-11-27,PH_LT,wu_KCOMTCRE2,1.08,1.347823,0.082641,0.227607
2015-11-28,PH_LT,wu_KCOMTCRE2,1.08,1.405177,0.11413,0.226821
2015-11-29,PH_LT,wu_KCOMTCRE2,1.08,0.438177,0.021699,0.226063
2015-11-30,PH_LT,wu_KCOMTCRE2,1.08,0.895,0.0459,0.225334
2015-12-01,PH_LT,wu_KCOMTCRE2,1.08,0.737042,0.062932,0.224633
2015-12-02,PH_LT,wu_KCOMTCRE2,1.08,0.0,0.0,0.22396
2015-12-03,PH_LT,wu_KCOMTCRE2,1.08,0.0,0.0,0.223316
2015-12-04,PH_LT,wu_KCOMTCRE2,1.08,0.238427,0.000608,0.222699
2015-12-05,PH_LT,wu_KCOMTCRE2,1.08,0.953083,0.06954,0.222109
2015-12-06,PH_LT,wu_KCOMTCRE2,1.08,0.73449,0.050182,0.221547
2015-12-07,PH_LT,wu_KCOMTCRE2,1.08,0.0,-0.005111,0.22101
2015-12-08,PH_LT,wu_KCOMTCRE2,1.08,0.0,-0.025269,0.220499
2015-12-09,PH_LT,wu_KCOMTCRE2,1.08,0.0,-0.00551,0.220012
2015-12-10,PH_LT,wu_KCOMTCRE2,1.08,0.0,-0.011547,0.21955
2015-12-11,PH_LT,wu_KCOMTCRE2,1.08,0.689823,0.417613,0.219111
2015-12-12,PH_LT,wu_KCOMTCRE2,1.08,3.060854,0.20758,0.218694
2015-12-13,PH_LT,wu_KCOMTCRE2,1.08,2.441323,0.162803,0.218299
2015-12-14,PH_LT,wu_KCOMTCRE2,1.08,2.224667,0.130671,0.217923
2015-12-15,PH_LT,wu_KCOMTCRE2,1.08,3.189813,0.218933,0.217567
2015-12-16,PH_LT,wu_KCOMTCRE2,1.08,1.492573,0.099808,0.217228
2015-12-17,PH_LT,wu_KCOMTCRE2,1.08,0.932094,0.057553,0.216906
2015-12-18,PH_LT,wu_KCOMTCRE2,1.08,0.613937,0.044573,0.2166
2015-12-19,PH_LT,wu_KCOMTCRE2,1.08,0.621854,0.014447,0.216307
2015-12-20,PH_LT,wu_KCOMTCRE2,1.08,3.479886,0.061873,0.216028
2015-12-21,PH_LT,wu_KCOMTCRE2,1.08,9.102032,0.179452,0.21576
2015-12-22,PH_LT,wu_KCOMTCRE2,1.08,14.553428,0.370715,0.215502
2015-12-23,PH_LT,wu_KCOMTCRE2,1.08,10.637281,0.345052,0.215254
2015-12-24,PH_LT,wu_KCOMTCRE2,1.08,5.239042,0.247595,0.215014
2015-12-25,PH_LT,wu_KCOMTCRE2,1.08,7.279449,0.250203,0.214781
2015-12-26,PH_LT,wu_KCOMTCRE2,1.08,3.941948,0.188263,0.214554
2015-12-27,PH_LT,wu_KCOMTCRE2,1.08,0.0,0.004794,0.214332
2015-12-28,PH_LT,wu_KCOMTCRE2,1.08,0.0,0.0,0.214113
2015-12-29,PH_LT,wu_KCOMTCRE2,1.08,0.860688,0.042744,0.213898
2015-12-30,PH_LT,wu_KCOMTCRE2,1.08,2.302417,0.139901,0.213684
2015-12-31,PH_LT,wu_KCOMTCRE2,1.08,2.87,0.164729,0.213472
2013-12-25,Rustlers,Billy_Barr,3.5,0.855641,0.393455,0.615179
2013-12-26,Rustlers,Billy_Barr,3.5,0.0,0.301801,0.610316
2013-12-27,Rustlers,Billy_Barr,3.5,0.0,0.166652,0.605493
2013-12-28,Rustlers,Billy_Barr,3.5,0.0,0.313326,0.600711
2013-12-29,Rustlers,Billy_Barr,3.5,0.0,0.098202,0.595973
2013-12-30,Rustlers,Billy_Barr,3.5,0.0,0.081397,0.591278
2013-12-31,Rustlers,Billy_Barr,3.5,0.0,0.129738,0.586627
2014-01-01,Rustlers,Billy_Barr,3.5,2.708055,0.197853,0.582022
2014-01-02,Rustlers,Billy_Barr,3.5,1.170878,0.289739,0.577462
2014-01-03,Rustlers,Billy_Barr,3.5,0.772059,0.354115,0.572948
2014-01-04,Rustlers,Billy_Barr,3.5,3.23776,0.268666,0.568481
2014-01-05,Rustlers,Billy_Barr,3.5,2.88385,0.345784,0.56406
2014-01-06,Rustlers,Billy_Barr,3.5,0.610317,0.119384,0.559686
2014-01-07,Rustlers,Billy_Barr,3.5,1.545035,0.111158,0.555359
2014-01-08,Rustlers,Billy_Barr,3.5,3.401175,0.242785,0.551079
2014-01-09,Rustlers,Billy_Barr,3.5,10.929962,0.474503,0.546846
2014-01-10,Rustlers,Billy_Barr,3.5,11.872927,0.467945,0.542659
2014-01-11,Rustlers,Billy_Barr,3.5,3.349941,0.449324,0.53852
2014-01-12,Rustlers,Billy_Barr,3.5,2.508635,0.332047,0.534426
2014-01-13,Rustlers,Billy_Barr,3.5,2.700274,0.412274,0.530379
2014-01-14,Rustlers,Billy_Barr,3.5,1.261214,0.43749,0.526378
2014-01-15,Rustlers,Billy_Barr,3.5,0.611353,0.385873,0.522423
2014-01-16,Rustlers,Billy_Barr,3.5,0.0,0.387895,0.518513
2014-01-17,Rustlers,Billy_Barr,3.5,0.0,0.399469,0.514648
2014-01-18,Rustlers,Billy_Barr,3.5,0.0,0.121249,0.510827
2014-01-19,Rustlers,Billy_Barr,3.5,0.0,0.109945,0.507051
2014-01-20,Rustlers,Billy_Barr,3.5,0.0,0.288059,0.503318
2014-01-21,Rustlers,Billy_Barr,3.5,0.0,0.228074,0.499629
2014-01-22,Rustlers,Billy_Barr,3.5,0.0,0.195549,0.495982
2014-01-23,Rustlers,Billy_Barr,3.5,0.0,0.403152,0.492378
2014-01-24,Rustlers,Billy_Barr,3.5,0.0,0.343519,0.488816
2014-01-25,Rustlers,Billy_Barr,3.5,0.0,0.194246,0.485295
2014-01-26,Rustlers,Billy_Barr,3.5,0.0,0.072688,0.481816
2014-01-27,Rustlers,Billy_Barr,3.5,0.610241,0.006882,0.478376
2014-01-28,Rustlers,Billy_Barr,3.5,0.636209,0.093519,0.474977
2014-01-29,Rustlers,Billy_Barr,3.5,6.884106,0.137458,0.471618
2014-01-30,Rustlers,Billy_Barr,3.5,27.579792,0.025249,0.468297
2014-01-31,Rustlers,Billy_Barr,3.5,41.673691,0.17215,0.465015
2014-02-01,Rustlers,Billy_Barr,3.5,10.018511,0.619584,0.46177
2014-02-02,Rustlers,Billy_Barr,3.5,1.385615,0.366231,0.458564
2014-02-03,Rustlers,Billy_Barr,3.5,3.150522,0.351981,0.455394
2014-02-04,Rustlers,Billy_Barr,3.5,7.290624,0.522541,0.452261
2014-02-05,Rustlers,Billy_Barr,3.5,6.415817,0.216314,0.449164
2014-02-06,Rustlers,Billy_Barr,3.5,6.336821,0.340184,0.446103
2014-02-07,Rustlers,Billy_Barr,3.5,15.124019,0.433314,0.443076
2014-02-08,Rustlers,Billy_Barr,3.5,24.085831,0.668549,0.440085
2014-02-09,Rustlers,Billy_Barr,3.5,26.041483,0.390074,0.437127
2014-02-10,Rustlers,Billy_Barr,3.5,17.038643,0.448433,0.434203
2014-02-11,Rustlers,Billy_Barr,3.5,4.625726,0.54638,0.431312
2014-02-12,Rustlers,Billy_Barr,3.5,0.640212,0.502377,0.428454
2014-02-13,Rustlers,Billy_Barr,3.5,4.098055,0.314209,0.425629
2014-02-14,Rustlers,Billy_Barr,3.5,4.081181,0.11113,0.422835
2014-02-15,Rustlers,Billy_Barr,3.5,0.526071,-0.052283,0.420073
2014-02-16,Rustlers,Billy_Barr,3.5,0.0,0.02808,0.417341
2014-02-17,Rustlers,Billy_Barr,3.5,0.0,0.234549,0.41464
2014-02-18,Rustlers,Billy_Barr,3.5,0.0,0.422438,0.411969
2014-02-19,Rustlers,Billy_Barr,3.5,4.105793,0.293438,0.409328
2014-02-20,Rustlers,Billy_Barr,3.5,6.418703,0.361717,0.406716
2014-02-21,Rustlers,Billy_Barr,3.5,2.229182,0.481497,0.404133
2014-02-22,Rustlers,Billy_Barr,3.5,0.207973,0.815706,0.401578
2014-02-23,Rustlers,Billy_Barr,3.5,0.216823,0.283735,0.399052
2014-02-24,Rustlers,Billy_Barr,3.5,0.0,0.074059,0.396553
2014-02-25,Rustlers,Billy_Barr,3.5,0.0,-0.012851,0.394081
2014-02-26,Rustlers,Billy_Barr,3.5,0.0,0.043111,0.391636
2014-02-27,Rustlers,Billy_Barr,3.5,7.42474,0.167284,0.389218
2014-02-28,Rustlers,Billy_Barr,3.5,15.165425,0.271008,0.386826
2014-03-01,Rustlers,Billy_Barr,3.5,21.871511,-0.042341,0.384459
2014-03-02,Rustlers,Billy_Barr,3.5,14.714194,0.003747,0.382118
2014-03-03,Rustlers,Billy_Barr,3.5,0.0,0.075512,0.379802
2014-03-04,Rustlers,Billy_Barr,3.5,0.13911,0.193374,0.377511
2014-03-05,Rustlers,Billy_Barr,3.5,1.023241,0.24041,0.375244
2014-03-06,Rustlers,Billy_Barr,3.5,1.112025,0.247831,0.373001
2014-03-07,Rustlers,Billy_Barr,3.5,1.63634,0.189324,0.370781
2014-03-08,Rustlers,Billy_Barr,3.5,1.492456,0.254873,0.368585
2014-03-09,Rustlers,Billy_Barr,3.5,0.987989,0.327589,0.366412
2014-03-10,Rustlers,Billy_Barr,3.5,2.108241,0.137489,0.364262
2014-03-11,Rustlers,Billy_Barr,3.5,2.979181,0.470046,0.362134
2014-03-12,Rustlers,Billy_Barr,3.5,1.93403,0.566301,0.360028
2014-03-13,Rustlers,Billy_Barr,3.5,0.170665,0.654086,0.357944
2014-03-14,Rustlers,Billy_Barr,3.5,0.601033,0.723757,0.355881
2014-03-15,Rustlers,Billy_Barr,3.5,0.948216,0.437893,0.35384
2014-03-16,Rustlers,Billy_Barr,3.5,0.528684,0.47057,0.351819
2014-03-17,Rustlers,Billy_Barr,3.5,0.179553,0.437353,0.349819
2014-03-18,Rustlers,Billy_Barr,3.5,0.403192,0.539712,0.34784
2014-03-19,Rustlers,Billy_Barr,3.5,0.225189,0.696726,0.34588
2014-03-20,Rustlers,Billy_Barr,3.5,0.0,0.612914,0.34394
2014-03-21,Rustlers,Billy_Barr,3.5,0.170665,0.54716,0.34202
2014-03-22,Rustlers,Billy_Barr,3.5,4.632098,0.721803,0.340119
2014-03-23,Rustlers,Billy_Barr,3.5,4.64371,0.723495,0.338236
2014-03-24,Rustlers,Billy_Barr,3.5,0.0,0.827332,0.336373
2014-03-25,Rustlers,Billy_Barr,3.5,1.977311,0.394449,0.334528
2014-03-26,Rustlers,Billy_Barr,3.5,12.736439,0.405037,0.332701
2014-03-27,Rustlers,Billy_Barr,3.5,16.176739,0.40673,0.330892
2014-03-28,Rustlers,Billy_Barr,3.5,5.883166,0.69918,0.329101
2014-03-29,Rustlers,Billy_Barr,3.5,0.647302,0.860511,0.327328
2014-03-30,Rustlers,Billy_Barr,3.5,1.920867,0.472971,0.325571
2014-03-31,Rustlers,Billy_Barr,3.5,3.923473,0.29892,0.323832
2014-04-01,Rustlers,Billy_Barr,3.5,2.775057,0.660567,0.322109
2014-04-02,Rustlers,Billy_Barr,3.5,5.102057,0.536475,0.320403
2014-04-03,Rustlers,Billy_Barr,3.5,5.644802,0.526927,0.318714
2014-04-04,Rustlers,Billy_Barr,3.5,0.868821,0.649746,0.31704
2014-04-05,Rustlers,Billy_Barr,3.5,0.145706,0.438055,0.315383
2014-04-06,Rustlers,Billy_Barr,3.5,3.816845,0.488256,0.313741
2014-04-07,Rustlers,Billy_Barr,3.5,5.766545,0.615988,0.312115
2014-04-08,Rustlers,Billy_Barr,3.5,1.863336,0.308719,0.310504
2014-04-09,Rustlers,Billy_Barr,3.5,0.0,0.187631,0.308908
2014-04-10,Rustlers,Billy_Barr,3.5,0.0,-0.005443,0.307327
2014-04-11,Rustlers,Billy_Barr,3.5,0.0,-0.034425,0.305761
2014-04-12,Rustlers,Billy_Barr,3.5,1.533267,0.013454,0.304209
2014-04-13,Rustlers,Billy_Barr,3.5,8.814967,0.762557,0.302672
2014-04-14,Rustlers,Billy_Barr,3.5,7.523537,0.735647,0.301149
2014-04-15,Rustlers,Billy_Barr,3.5,0.0,0.656726,0.29964
2014-04-16,Rustlers,Billy_Barr,3.5,0.0,0.648668,0.298145
2014-04-17,Rustlers,Billy_Barr,3.5,0.0,0.455667,0.296663
2014-04-18,Rustlers,Billy_Barr,3.5,0.0,0.076889,0.295195
2014-04-19,Rustlers,Billy_Barr,3.5,0.0,0.014623,0.636174
2014-04-20,Rustlers,Billy_Barr,3.5,0.0,-0.101785,0.581204
2014-04-21,Rustlers,Billy_Barr,3.5,0.0,-0.173206,0.921077
2014-04-22,Rustlers,Billy_Barr,3.5,0.286149,-0.078134,0.704961
2014-04-23,Rustlers,Billy_Barr,3.5,0.594675,0.122857,0.854835
2014-04-24,Rustlers,Billy_Barr,3.5,0.308961,0.216117,0.793291
2014-04-25,Rustlers,Billy_Barr,3.5,0.0,-0.124571,1.018332
2014-04-26,Rustlers,Billy_Barr,3.5,2.631445,-0.11837,0.836691
2014-04-27,Rustlers,Billy_Barr,3.5,7.187652,0.268353,0.852717
2014-04-28,Rustlers,Billy_Barr,3.5,9.7019,0.627258,0.31421
2014-04-29,Rustlers,Billy_Barr,3.5,6.990928,0.607546,0.279888
2014-04-30,Rustlers,Billy_Barr,3.5,3.486006,0.821302,0.293686
2014-05-01,Rustlers,Billy_Barr,3.5,0.681463,0.98047,0.323162
2014-05-02,Rustlers,Billy_Barr,3.5,0.0,0.071461,0.302524
2014-05-03,Rustlers,Billy_Barr,3.5,0.0,-0.073558,1.083999
2014-05-04,Rustlers,Billy_Barr,3.5,0.0,-0.115876,1.043692
2014-05-05,Rustlers,Billy_Barr,3.5,0.0,-0.124832,1.227262
2014-05-06,Rustlers,Billy_Barr,3.5,0.0,-0.104028,0.936014
2014-05-07,Rustlers,Billy_Barr,3.5,0.484902,-0.080668,1.437659
2014-05-08,Rustlers,Billy_Barr,3.5,2.259427,0.09364,0.843289
2014-05-09,Rustlers,Billy_Barr,3.5,7.772453,0.089186,1.403897
2014-05-10,Rustlers,Billy_Barr,3.5,9.00396,-0.019947,1.771372
2014-05-11,Rustlers,Billy_Barr,3.5,20.791792,0.307549,2.276997
2014-05-12,Rustlers,Billy_Barr,3.5,21.987293,0.996484,0.472845
2014-05-13,Rustlers,Billy_Barr,3.5,3.716784,1.114556,1.014572
2014-05-14,Rustlers,Billy_Barr,3.5,0.220919,1.104931,2.953844
2014-05-15,Rustlers,Billy_Barr,3.5,0.287062,0.174661,4.367699
2014-05-16,Rustlers,Billy_Barr,3.5,2.034742,0.074111,6.922921
2014-05-17,Rustlers,Billy_Barr,3.5,1.809314,-0.208153,8.170153
2014-05-18,Rustlers,Billy_Barr,3.5,0.0,-0.437846,8.925014
2014-05-19,Rustlers,Billy_Barr,3.5,0.0,-0.492103,8.490193
2014-05-20,Rustlers,Billy_Barr,3.5,0.0,-0.326194,7.779241
2014-05-21,Rustlers,Billy_Barr,3.5,0.0,-0.274378,8.088512
2014-05-22,Rustlers,Billy_Barr,3.5,0.19687,-0.347796,10.737211
2014-05-23,Rustlers,Billy_Barr,3.5,1.000002,-0.174214,11.378823
2014-05-24,Rustlers,Billy_Barr,3.5,2.825885,-0.082512,11.590552
2014-05-25,Rustlers,Billy_Barr,3.5,4.276969,0.05878,12.26719
2014-05-26,Rustlers,Billy_Barr,3.5,2.288056,-0.034409,12.597653
2014-05-27,Rustlers,Billy_Barr,3.5,0.163897,-0.27658,14.955404
2014-05-28,Rustlers,Billy_Barr,3.5,0.170871,-0.326877,28.01495
2014-05-29,Rustlers,Billy_Barr,3.5,0.462112,-0.367164,27.172579
2014-05-30,Rustlers,Billy_Barr,3.5,1.860837,-0.260005,23.065901
2014-05-31,Rustlers,Billy_Barr,3.5,2.816806,-0.161903,19.947086
2014-06-01,Rustlers,Billy_Barr,3.5,0.390727,-0.372575,18.810863
2014-06-02,Rustlers,Billy_Barr,3.5,0.0,-0.543067,19.319164
2014-06-03,Rustlers,Billy_Barr,3.5,0.0,-0.313622,20.14094
2014-06-04,Rustlers,Billy_Barr,3.5,0.0,-0.251035,22.761532
2014-06-05,Rustlers,Billy_Barr,3.5,0.0,-0.308067,22.764982
2014-06-06,Rustlers,Billy_Barr,3.5,0.0,-0.328021,23.226597
2014-06-07,Rustlers,Billy_Barr,3.5,0.0,-0.44034,24.150909
2014-06-08,Rustlers,Billy_Barr,3.5,3.008401,-0.274759,25.626513
2014-06-09,Rustlers,Billy_Barr,3.5,3.136418,0.063289,25.248045
2014-06-10,Rustlers,Billy_Barr,3.5,0.0,3.128046,23.858252
2014-06-11,Rustlers,Billy_Barr,3.5,3.238086,3.258955,21.494444
2014-06-12,Rustlers,Billy_Barr,3.5,3.375878,3.573354,17.045294
2014-06-13,Rustlers,Billy_Barr,3.5,0.0,3.160404,12.426603
2014-06-14,Rustlers,Billy_Barr,3.5,0.745809,4.038254,9.106868
2014-06-15,Rustlers,Billy_Barr,3.5,0.777546,4.447387,7.436131
2014-06-16,Rustlers,Billy_Barr,3.5,0.0,3.719135,6.433903
2014-06-17,Rustlers,Billy_Barr,3.5,0.0,2.74062,5.685192
2014-06-18,Rustlers,Billy_Barr,3.5,0.0,3.796352,5.063853
2014-06-19,Rustlers,Billy_Barr,3.5,0.0,3.023846,4.539518
2014-06-20,Rustlers,Billy_Barr,3.5,0.0,2.395771,4.092513
2014-06-21,Rustlers,Billy_Barr,3.5,0.0,1.894068,3.708714
2014-06-22,Rustlers,Billy_Barr,3.5,0.0,1.62276,3.377286
2014-06-23,Rustlers,Billy_Barr,3.5,0.0,1.394249,3.034513
2014-06-24,Rustlers,Billy_Barr,3.5,0.0,1.187223,2.573857
2014-06-25,Rustlers,Billy_Barr,3.5,0.0,1.043305,2.320269
2014-06-26,Rustlers,Billy_Barr,3.5,0.0,0.917537,2.138226
2014-06-27,Rustlers,Billy_Barr,3.5,0.253779,1.041441,2.011636
2014-06-28,Rustlers,Billy_Barr,3.5,0.264578,1.060645,1.887296
2014-06-29,Rustlers,Billy_Barr,3.5,0.0,0.753841,1.757089
2014-06-30,Rustlers,Billy_Barr,3.5,0.0,0.668888,1.662356
2014-07-01,Rustlers,Billy_Barr,3.5,0.0,0.641555,1.578468
2014-07-02,Rustlers,Billy_Barr,3.5,0.0,0.290168,1.503511
2014-07-03,Rustlers,Billy_Barr,3.5,0.0,0.710571,1.43601
2014-07-04,Rustlers,Billy_Barr,3.5,0.0,0.551286,1.374811
2014-07-05,Rustlers,Billy_Barr,3.5,0.0,0.526749,1.318992
2014-07-06,Rustlers,Billy_Barr,3.5,0.0,0.285279,1.267812
2014-07-07,Rustlers,Billy_Barr,3.5,0.0,0.505251,1.220665
2014-07-08,Rustlers,Billy_Barr,3.5,0.732809,0.875928,1.235327
2014-07-09,Rustlers,Billy_Barr,3.5,0.763992,1.27391,1.197168
2014-07-10,Rustlers,Billy_Barr,3.5,2.349299,1.927952,1.284375
2014-07-11,Rustlers,Billy_Barr,3.5,3.299832,1.171224,1.32355
2014-07-12,Rustlers,Billy_Barr,3.5,3.963608,0.543777,1.341647
2014-07-13,Rustlers,Billy_Barr,3.5,3.207781,0.620451,1.250695
2014-07-14,Rustlers,Billy_Barr,3.5,0.0,0.68357,0.970222
2014-07-15,Rustlers,Billy_Barr,3.5,0.973048,2.595619,1.018315
2014-07-16,Rustlers,Billy_Barr,3.5,5.347699,2.235719,1.331419
2014-07-17,Rustlers,Billy_Barr,3.5,4.517638,1.931045,1.241601
2014-07-18,Rustlers,Billy_Barr,3.5,0.674457,1.918416,0.920389
2014-07-19,Rustlers,Billy_Barr,3.5,0.703158,1.07657,0.900217
2014-07-20,Rustlers,Billy_Barr,3.5,0.833741,1.967973,0.888843
2014-07-21,Rustlers,Billy_Barr,3.5,0.869219,1.895292,0.87124
2014-07-22,Rustlers,Billy_Barr,3.5,0.0,0.397464,0.780845
2014-07-23,Rustlers,Billy_Barr,3.5,1.106047,1.316961,0.818243
2014-07-24,Rustlers,Billy_Barr,3.5,2.095671,1.615835,0.85332
2014-07-25,Rustlers,Billy_Barr,3.5,1.477865,0.411818,0.782674
2014-07-26,Rustlers,Billy_Barr,3.5,0.51627,1.6451,0.697982
2014-07-27,Rustlers,Billy_Barr,3.5,3.636708,3.102801,0.92494
2014-07-28,Rustlers,Billy_Barr,3.5,9.487289,0.513142,1.358165
2014-07-29,Rustlers,Billy_Barr,3.5,9.72631,0.980221,1.37117
2014-07-30,Rustlers,Billy_Barr,3.5,4.42873,3.2917,0.969935
2014-07-31,Rustlers,Billy_Barr,3.5,0.979256,2.582137,0.707464
2014-08-01,Rustlers,Billy_Barr,3.5,6.214856,3.61952,1.09456
2014-08-02,Rustlers,Billy_Barr,3.5,2.695889,2.596412,0.827152
2014-08-03,Rustlers,Billy_Barr,3.5,1.488914,1.834244,0.732601
2014-08-04,Rustlers,Billy_Barr,3.5,3.440567,2.983114,0.873806
2014-08-05,Rustlers,Billy_Barr,3.5,2.614371,3.248694,0.807712
2014-08-06,Rustlers,Billy_Barr,3.5,0.813403,2.217547,0.669048
2014-08-07,Rustlers,Billy_Barr,3.5,0.146169,0.765677,0.61495
2014-08-08,Rustlers,Billy_Barr,3.5,0.0,1.507361,0.599669
2014-08-09,Rustlers,Billy_Barr,3.5,0.0,3.204548,0.595258
2014-08-10,Rustlers,Billy_Barr,3.5,0.0,2.722602,0.590842
2014-08-11,Rustlers,Billy_Barr,3.5,0.0,1.492679,0.586423
2014-08-12,Rustlers,Billy_Barr,3.5,0.835787,1.571003,0.643979
2014-08-13,Rustlers,Billy_Barr,3.5,1.195201,2.047502,0.666167
2014-08-14,Rustlers,Billy_Barr,3.5,1.634012,1.331637,0.694174
2014-08-15,Rustlers,Billy_Barr,3.5,1.351548,1.500887,0.668812
2014-08-16,Rustlers,Billy_Barr,3.5,0.0,2.030567,0.564423
2014-08-17,Rustlers,Billy_Barr,3.5,0.0,1.210139,0.560064
2014-08-18,Rustlers,Billy_Barr,3.5,0.883179,2.091265,0.62091
2014-08-19,Rustlers,Billy_Barr,3.5,6.655747,3.079014,1.042288
2014-08-20,Rustlers,Billy_Barr,3.5,6.774333,2.463995,1.046447
2014-08-21,Rustlers,Billy_Barr,3.5,2.568848,1.769797,0.732018
2014-08-22,Rustlers,Billy_Barr,3.5,8.131742,1.924239,1.136951
2014-08-23,Rustlers,Billy_Barr,3.5,16.043148,3.496886,1.714005
2014-08-24,Rustlers,Billy_Barr,3.5,9.85868,1.222909,1.254639
2014-08-25,Rustlers,Billy_Barr,3.5,3.159993,1.607175,0.758019
2014-08-26,Rustlers,Billy_Barr,3.5,9.837094,3.156426,1.243526
2014-08-27,Rustlers,Billy_Barr,3.5,12.0357,3.205577,1.400077
2014-08-28,Rustlers,Billy_Barr,3.5,6.340469,3.676683,0.978239
2014-08-29,Rustlers,Billy_Barr,3.5,0.942378,2.57211,0.578775
2014-08-30,Rustlers,Billy_Barr,3.5,0.419127,1.765013,0.536467
2014-08-31,Rustlers,Billy_Barr,3.5,0.85609,2.034893,0.564434
2014-09-01,Rustlers,Billy_Barr,3.5,0.0,2.615671,0.497976
2014-09-02,Rustlers,Billy_Barr,3.5,0.0,2.855444,0.494109
2014-09-03,Rustlers,Billy_Barr,3.5,0.0,2.405378,0.49028
2014-09-04,Rustlers,Billy_Barr,3.5,3.565664,3.138444,0.746185
2014-09-05,Rustlers,Billy_Barr,3.5,3.717395,2.562226,0.753344
2014-09-06,Rustlers,Billy_Barr,3.5,0.0,2.319726,0.479021
2014-09-07,Rustlers,Billy_Barr,3.5,0.32463,2.231921,0.498935
2014-09-08,Rustlers,Billy_Barr,3.5,8.178405,2.309867,1.065536
2014-09-09,Rustlers,Billy_Barr,3.5,22.12405,2.222856,2.073425
2014-09-10,Rustlers,Billy_Barr,3.5,14.544112,2.290368,1.519231
2014-09-11,Rustlers,Billy_Barr,3.5,0.0,1.472369,0.46103
2014-09-12,Rustlers,Billy_Barr,3.5,0.0,2.730822,0.457549
2014-09-13,Rustlers,Billy_Barr,3.5,0.0,3.169107,0.454108
2014-09-14,Rustlers,Billy_Barr,3.5,0.0,0.867397,0.450707
2014-09-15,Rustlers,Billy_Barr,3.5,0.0,1.321057,0.447348
2014-09-16,Rustlers,Billy_Barr,3.5,0.0,0.835129,0.444031
2014-09-17,Rustlers,Billy_Barr,3.5,0.0,-0.402309,0.440757
2014-09-18,Rustlers,Billy_Barr,3.5,0.0,0.685825,0.43753
2014-09-19,Rustlers,Billy_Barr,3.5,0.0,2.438055,0.43435
2014-09-20,Rustlers,Billy_Barr,3.5,0.672722,1.85533,0.47963
2014-09-21,Rustlers,Billy_Barr,3.5,10.770147,1.524644,1.202631
2014-09-22,Rustlers,Billy_Barr,3.5,12.473288,0.768184,1.321623
2014-09-23,Rustlers,Billy_Barr,3.5,2.220516,-0.170477,0.581681
2014-09-24,Rustlers,Billy_Barr,3.5,0.167225,1.663677,0.431343
2014-09-25,Rustlers,Billy_Barr,3.5,0.0,0.98202,0.416593
2014-09-26,Rustlers,Billy_Barr,3.5,0.0,0.678891,0.413983
2014-09-27,Rustlers,Billy_Barr,3.5,0.137417,-0.170053,0.421393
2014-09-28,Rustlers,Billy_Barr,3.5,6.588943,0.287482,0.881043
2014-09-29,Rustlers,Billy_Barr,3.5,12.320071,1.644929,1.289077
2014-09-30,Rustlers,Billy_Barr,3.5,11.289377,0.978824,1.213446
2014-10-01,Rustlers,Billy_Barr,3.5,7.704317,3.05508,0.9557
2014-10-02,Rustlers,Billy_Barr,3.5,5.754774,2.736717,0.815605
2014-10-03,Rustlers,Billy_Barr,3.5,0.0,1.351163,0.404055
2014-10-04,Rustlers,Billy_Barr,3.5,0.0,2.020888,0.404605
2014-10-05,Rustlers,Billy_Barr,3.5,0.0,0.817515,0.405798
2014-10-06,Rustlers,Billy_Barr,3.5,0.0,1.322894,0.407664
2014-10-07,Rustlers,Billy_Barr,3.5,0.0,1.339195,0.410329
2014-10-08,Rustlers,Billy_Barr,3.5,0.0,1.058815,0.414323
2014-10-09,Rustlers,Billy_Barr,3.5,2.380022,0.495103,0.592189
2014-10-10,Rustlers,Billy_Barr,3.5,3.454829,1.509272,0.682879
2014-10-11,Rustlers,Billy_Barr,3.5,1.304782,0.475955,0.549779
2014-10-12,Rustlers,Billy_Barr,3.5,5.021089,2.07173,0.849002
2014-10-13,Rustlers,Billy_Barr,3.5,4.919736,1.897961,0.873109
2014-10-14,Rustlers,Billy_Barr,3.5,0.0,1.732944,0.542354
2014-10-15,Rustlers,Billy_Barr,3.5,0.48981,1.635615,0.605659
2014-10-16,Rustlers,Billy_Barr,3.5,0.510653,2.06386,0.631941
2014-10-17,Rustlers,Billy_Barr,3.5,0.0,2.434015,0.616265
2014-10-18,Rustlers,Billy_Barr,3.5,0.0,0.761461,0.636233
2014-10-19,Rustlers,Billy_Barr,3.5,0.0,1.32731,0.654071
2014-10-20,Rustlers,Billy_Barr,3.5,0.0,1.222543,0.669938
2014-10-21,Rustlers,Billy_Barr,3.5,3.308378,1.449628,0.933406
2014-10-22,Rustlers,Billy_Barr,3.5,4.390205,1.85345,1.027818
2014-10-23,Rustlers,Billy_Barr,3.5,0.98109,1.19355,0.781525
2014-10-24,Rustlers,Billy_Barr,3.5,0.0,0.348654,0.716962
2014-10-25,Rustlers,Billy_Barr,3.5,0.0,0.023135,0.725369
2014-10-26,Rustlers,Billy_Barr,3.5,0.364947,0.955202,0.76039
2014-10-27,Rustlers,Billy_Barr,3.5,0.665226,2.08749,0.789553
2014-10-28,Rustlers,Billy_Barr,3.5,0.296867,1.693243,0.76703
2014-10-29,Rustlers,Billy_Barr,3.5,0.0,1.582371,0.749076
2014-10-30,Rustlers,Billy_Barr,3.5,0.0,0.379252,0.752914
2014-10-31,Rustlers,Billy_Barr,3.5,0.0,1.042732,0.756035
2014-11-01,Rustlers,Billy_Barr,3.5,0.291799,1.008372,0.780706
2014-11-02,Rustlers,Billy_Barr,3.5,8.289024,1.607233,1.38722
2014-11-03,Rustlers,Billy_Barr,3.5,9.584557,0.906518,0.792767
2014-11-04,Rustlers,Billy_Barr,3.5,1.313584,0.945259,0.762244
2014-11-05,Rustlers,Billy_Barr,3.5,0.0,0.559862,0.922161
2014-11-06,Rustlers,Billy_Barr,3.5,0.0,0.288941,1.316891
2014-11-07,Rustlers,Billy_Barr,3.5,0.0,1.035035,0.761405
2014-11-08,Rustlers,Billy_Barr,3.5,0.0,0.838831,0.760264
2014-11-09,Rustlers,Billy_Barr,3.5,0.0,0.807188,0.758742
2014-11-10,Rustlers,Billy_Barr,3.5,0.869176,1.132089,0.807376
2014-11-11,Rustlers,Billy_Barr,3.5,0.906162,1.070901,0.75467
2014-11-12,Rustlers,Billy_Barr,3.5,1.968992,0.753717,0.752171
2014-11-13,Rustlers,Billy_Barr,3.5,8.963686,0.14297,0.749395
2014-11-14,Rustlers,Billy_Barr,3.5,16.35129,0.224331,0.746365
2014-11-15,Rustlers,Billy_Barr,3.5,14.872359,0.211536,0.7431
2014-11-16,Rustlers,Billy_Barr,3.5,5.563954,0.0,0.739621
2014-11-17,Rustlers,Billy_Barr,3.5,0.0,0.0,0.735945
2014-11-18,Rustlers,Billy_Barr,3.5,0.0,-0.000548,0.732091
2014-11-19,Rustlers,Billy_Barr,3.5,0.0,-0.001072,0.728076
2014-11-20,Rustlers,Billy_Barr,3.5,0.0,0.000256,0.723915
2014-11-21,Rustlers,Billy_Barr,3.5,0.0,0.022244,0.719623
2014-11-22,Rustlers,Billy_Barr,3.5,7.382035,0.074151,0.715215
2014-11-23,Rustlers,Billy_Barr,3.5,10.032107,-0.018492,0.710704
2014-11-24,Rustlers,Billy_Barr,3.5,5.653939,-6.2e-05,0.706104
2014-11-25,Rustlers,Billy_Barr,3.5,7.127686,0.045231,0.701426
2014-11-26,Rustlers,Billy_Barr,3.5,3.932647,-0.016139,0.696682
2014-11-27,Rustlers,Billy_Barr,3.5,0.0,0.128099,0.691881
2014-11-28,Rustlers,Billy_Barr,3.5,0.0,-0.053728,0.687034
2014-11-29,Rustlers,Billy_Barr,3.5,0.0,-0.118215,0.68215
2014-11-30,Rustlers,Billy_Barr,3.5,0.0,-0.137647,0.677235
2014-12-01,Rustlers,Billy_Barr,3.5,1.803231,0.001094,0.672297
2014-12-02,Rustlers,Billy_Barr,3.5,0.0,0.126845,0.667344
2014-12-03,Rustlers,Billy_Barr,3.5,0.258969,0.083057,0.66238
2014-12-04,Rustlers,Billy_Barr,3.5,0.269989,-0.055943,0.657412
2014-12-05,Rustlers,Billy_Barr,3.5,0.0,0.19716,0.652443
2014-12-06,Rustlers,Billy_Barr,3.5,0.0,0.004014,0.647479
2014-12-07,Rustlers,Billy_Barr,3.5,0.0,0.014214,0.642523
2014-12-08,Rustlers,Billy_Barr,3.5,0.0,-0.008103,0.637578
2014-12-09,Rustlers,Billy_Barr,3.5,0.0,0.077324,0.632648
2014-12-10,Rustlers,Billy_Barr,3.5,0.0,0.210144,0.627736
2014-12-11,Rustlers,Billy_Barr,3.5,0.0,0.392064,0.622843
2014-12-12,Rustlers,Billy_Barr,3.5,0.0,0.279287,0.617974
2014-12-13,Rustlers,Billy_Barr,3.5,2.794056,0.223976,0.613128
2014-12-14,Rustlers,Billy_Barr,3.5,3.697872,0.272496,0.60831
2014-12-15,Rustlers,Billy_Barr,3.5,1.165449,0.534103,0.603519
2014-12-16,Rustlers,Billy_Barr,3.5,2.095036,0.503032,0.598759
2014-12-17,Rustlers,Billy_Barr,3.5,3.806004,0.295901,0.59403
2014-12-18,Rustlers,Billy_Barr,3.5,2.856083,-0.003652,0.589334
2014-12-19,Rustlers,Billy_Barr,3.5,0.969542,0.044416,0.584673
2014-12-20,Rustlers,Billy_Barr,3.5,2.42639,0.100634,0.580046
2014-12-21,Rustlers,Billy_Barr,3.5,9.063166,0.124666,0.575457
2014-12-22,Rustlers,Billy_Barr,3.5,10.963967,0.360936,0.570904
2014-12-23,Rustlers,Billy_Barr,3.5,4.746035,0.357773,0.56639
2014-12-24,Rustlers,Billy_Barr,3.5,4.956448,0.262887,0.561915
2014-12-25,Rustlers,Billy_Barr,3.5,9.667439,0.379642,0.557481
2014-12-26,Rustlers,Billy_Barr,3.5,5.705708,0.286293,0.553087
2014-12-27,Rustlers,Billy_Barr,3.5,0.564159,0.19793,0.548734
2014-12-28,Rustlers,Billy_Barr,3.5,5.126521,0.275821,0.544424
2014-12-29,Rustlers,Billy_Barr,3.5,7.460596,0.145114,0.540156
2014-12-30,Rustlers,Billy_Barr,3.5,3.04598,0.128462,0.535931
2014-12-31,Rustlers,Billy_Barr,3.5,1.184782,0.156267,0.531749
2015-01-01,Rustlers,Billy_Barr,3.5,1.589075,0.239365,0.527611
2015-01-02,Rustlers,Billy_Barr,3.5,2.10986,0.284278,0.523516
2015-01-03,Rustlers,Billy_Barr,3.5,1.916467,0.356996,0.519466
2015-01-04,Rustlers,Billy_Barr,3.5,2.413977,0.294473,0.51546
2015-01-05,Rustlers,Billy_Barr,3.5,1.320718,0.351187,0.511499
2015-01-06,Rustlers,Billy_Barr,3.5,0.389443,-0.051641,0.507582
2015-01-07,Rustlers,Billy_Barr,3.5,0.0,-0.085016,0.503709
2015-01-08,Rustlers,Billy_Barr,3.5,0.0,0.036756,0.499881
2015-01-09,Rustlers,Billy_Barr,3.5,0.0,0.380027,0.496097
2015-01-10,Rustlers,Billy_Barr,3.5,0.767271,0.421428,0.492358
2015-01-11,Rustlers,Billy_Barr,3.5,3.06847,0.387417,0.488662
2015-01-12,Rustlers,Billy_Barr,3.5,5.406902,0.233316,0.48501
2015-01-13,Rustlers,Billy_Barr,3.5,4.4435,0.328943,0.481402
2015-01-14,Rustlers,Billy_Barr,3.5,1.32638,0.429182,0.477837
2015-01-15,Rustlers,Billy_Barr,3.5,0.0,0.431948,0.474315
2015-01-16,Rustlers,Billy_Barr,3.5,0.277025,0.42919,0.470835
2015-01-17,Rustlers,Billy_Barr,3.5,0.288813,0.391626,0.467398
2015-01-18,Rustlers,Billy_Barr,3.5,0.260665,0.122299,0.464003
2015-01-19,Rustlers,Billy_Barr,3.5,1.66288,0.035369,0.46065
2015-01-20,Rustlers,Billy_Barr,3.5,1.450319,0.233054,0.457337
2015-01-21,Rustlers,Billy_Barr,3.5,0.0,0.302964,0.454066
2015-01-22,Rustlers,Billy_Barr,3.5,0.0,0.255742,0.450835
2015-01-23,Rustlers,Billy_Barr,3.5,0.0,0.397503,0.447643
2015-01-24,Rustlers,Billy_Barr,3.5,0.0,0.320173,0.444491
2015-01-25,Rustlers,Billy_Barr,3.5,0.0,0.148284,0.441378
2015-01-26,Rustlers,Billy_Barr,3.5,0.0,-0.071049,0.438303
2015-01-27,Rustlers,Billy_Barr,3.5,0.74873,-0.160642,0.435266
2015-01-28,Rustlers,Billy_Barr,3.5,1.017262,-0.093971,0.432267
2015-01-29,Rustlers,Billy_Barr,3.5,0.787158,0.032869,0.429304
2015-01-30,Rustlers,Billy_Barr,3.5,3.612867,-0.007627,0.426378
2015-01-31,Rustlers,Billy_Barr,3.5,6.228672,0.151822,0.423487
2015-02-01,Rustlers,Billy_Barr,3.5,1.761523,0.630948,0.420633
2015-02-02,Rustlers,Billy_Barr,3.5,1.176136,0.411444,0.417812
2015-02-03,Rustlers,Billy_Barr,3.5,1.458848,0.190349,0.415027
2015-02-04,Rustlers,Billy_Barr,3.5,3.070326,0.3819,0.412275
2015-02-05,Rustlers,Billy_Barr,3.5,2.378162,-0.016926,0.409556
2015-02-06,Rustlers,Billy_Barr,3.5,0.0,0.026587,0.406871
2015-02-07,Rustlers,Billy_Barr,3.5,0.181222,-0.047572,0.404218
2015-02-08,Rustlers,Billy_Barr,3.5,0.188934,0.43443,0.401596
2015-02-09,Rustlers,Billy_Barr,3.5,0.0,0.307192,0.399006
2015-02-10,Rustlers,Billy_Barr,3.5,0.0,0.462023,0.396447
2015-02-11,Rustlers,Billy_Barr,3.5,0.0,0.404776,0.393918
2015-02-12,Rustlers,Billy_Barr,3.5,0.0,0.47339,0.391419
2015-02-13,Rustlers,Billy_Barr,3.5,0.0,0.349092,0.38895
2015-02-14,Rustlers,Billy_Barr,3.5,0.0,0.162528,0.386509
2015-02-15,Rustlers,Billy_Barr,3.5,0.330317,0.114543,0.384097
2015-02-16,Rustlers,Billy_Barr,3.5,1.114443,0.255391,0.381713
2015-02-17,Rustlers,Billy_Barr,3.5,0.802839,0.360428,0.379357
2015-02-18,Rustlers,Billy_Barr,3.5,0.0,0.598848,0.377028
2015-02-19,Rustlers,Billy_Barr,3.5,0.0,0.356922,0.374725
2015-02-20,Rustlers,Billy_Barr,3.5,1.48241,0.319019,0.372449
2015-02-21,Rustlers,Billy_Barr,3.5,3.418961,0.444065,0.370199
2015-02-22,Rustlers,Billy_Barr,3.5,12.096128,0.815991,0.367974
2015-02-23,Rustlers,Billy_Barr,3.5,14.001213,0.388417,0.365774
2015-02-24,Rustlers,Billy_Barr,3.5,3.572477,0.211512,0.363599
2015-02-25,Rustlers,Billy_Barr,3.5,1.509016,0.22968,0.361449
2015-02-26,Rustlers,Billy_Barr,3.5,3.631937,0.29029,0.359322
2015-02-27,Rustlers,Billy_Barr,3.5,3.252723,0.389171,0.357218
2015-02-28,Rustlers,Billy_Barr,3.5,2.259903,0.468339,0.355138
2015-03-01,Rustlers,Billy_Barr,3.5,16.649973,0.119211,0.353081
2015-03-02,Rustlers,Billy_Barr,3.5,16.740116,0.011225,0.351046
2015-03-03,Rustlers,Billy_Barr,3.5,13.04195,0.110072,0.349033
2015-03-04,Rustlers,Billy_Barr,3.5,5.202231,0.233153,0.347041
2015-03-05,Rustlers,Billy_Barr,3.5,1.043165,0.353423,0.345071
2015-03-06,Rustlers,Billy_Barr,3.5,0.492761,0.432868,0.343122
2015-03-07,Rustlers,Billy_Barr,3.5,0.912948,0.246432,0.341194
2015-03-08,Rustlers,Billy_Barr,3.5,0.951797,0.183685,0.339287
2015-03-09,Rustlers,Billy_Barr,3.5,0.0,0.313356,0.337399
2015-03-10,Rustlers,Billy_Barr,3.5,0.0,0.300383,0.335531
2015-03-11,Rustlers,Billy_Barr,3.5,0.0,0.328449,0.333682
2015-03-12,Rustlers,Billy_Barr,3.5,0.0,0.388573,0.331853
2015-03-13,Rustlers,Billy_Barr,3.5,0.0,0.634411,0.330043
2015-03-14,Rustlers,Billy_Barr,3.5,0.0,0.689443,0.328251
2015-03-15,Rustlers,Billy_Barr,3.5,0.0,-0.043648,0.326477
2015-03-16,Rustlers,Billy_Barr,3.5,0.0,-0.060571,0.324721
2015-03-17,Rustlers,Billy_Barr,3.5,0.0,-0.103315,0.322984
2015-03-18,Rustlers,Billy_Barr,3.5,1.082329,-0.087118,0.321263
2015-03-19,Rustlers,Billy_Barr,3.5,1.128386,0.125283,0.380468
2015-03-20,Rustlers,Billy_Barr,3.5,0.0,0.041287,0.640647
2015-03-21,Rustlers,Billy_Barr,3.5,0.0,0.058219,0.607266
2015-03-22,Rustlers,Billy_Barr,3.5,0.0,-0.001479,0.907154
2015-03-23,Rustlers,Billy_Barr,3.5,2.489941,0.13673,0.873678
2015-03-24,Rustlers,Billy_Barr,3.5,3.750111,0.953394,0.608499
2015-03-25,Rustlers,Billy_Barr,3.5,2.085727,0.645334,0.377826
2015-03-26,Rustlers,Billy_Barr,3.5,1.047094,0.740208,0.371602
2015-03-27,Rustlers,Billy_Barr,3.5,0.132558,0.000658,0.35228
2015-03-28,Rustlers,Billy_Barr,3.5,0.0,-0.160556,1.006076
2015-03-29,Rustlers,Billy_Barr,3.5,0.0,-0.019501,1.024574
2015-03-30,Rustlers,Billy_Barr,3.5,0.0,-0.080258,0.640188
2015-03-31,Rustlers,Billy_Barr,3.5,0.0,-0.11835,0.744469
2015-04-01,Rustlers,Billy_Barr,3.5,0.802903,-0.093593,1.002029
2015-04-02,Rustlers,Billy_Barr,3.5,1.068285,0.212788,0.694452
2015-04-03,Rustlers,Billy_Barr,3.5,0.241055,0.647806,0.336641
2015-04-04,Rustlers,Billy_Barr,3.5,0.0,0.631575,0.294462
2015-04-05,Rustlers,Billy_Barr,3.5,0.0,0.02016,0.293017
2015-04-06,Rustlers,Billy_Barr,3.5,0.0,-0.052355,0.669702
2015-04-07,Rustlers,Billy_Barr,3.5,0.0,-0.042141,0.804541
2015-04-08,Rustlers,Billy_Barr,3.5,0.682976,0.258365,0.745178
2015-04-09,Rustlers,Billy_Barr,3.5,0.712038,0.803604,0.357996
2015-04-10,Rustlers,Billy_Barr,3.5,0.0,0.104025,0.356503
2015-04-11,Rustlers,Billy_Barr,3.5,0.0,0.019461,0.495087
2015-04-12,Rustlers,Billy_Barr,3.5,0.0,0.046151,0.937712
2015-04-13,Rustlers,Billy_Barr,3.5,0.0,0.016614,0.892448
2015-04-14,Rustlers,Billy_Barr,3.5,0.359782,0.073938,0.887642
2015-04-15,Rustlers,Billy_Barr,3.5,0.745037,0.482252,0.606336
2015-04-16,Rustlers,Billy_Barr,3.5,4.588732,0.844518,0.335904
2015-04-17,Rustlers,Billy_Barr,3.5,15.035606,0.722806,0.357189
2015-04-18,Rustlers,Billy_Barr,3.5,15.29435,0.760689,0.397301
2015-04-19,Rustlers,Billy_Barr,3.5,5.146526,1.090113,0.453714
2015-04-20,Rustlers,Billy_Barr,3.5,1.35142,0.089228,0.530389
2015-04-21,Rustlers,Billy_Barr,3.5,0.775451,0.045497,0.614522
2015-04-22,Rustlers,Billy_Barr,3.5,0.224631,-0.022003,1.003939
2015-04-23,Rustlers,Billy_Barr,3.5,0.15804,0.058773,1.423646
2015-04-24,Rustlers,Billy_Barr,3.5,1.528683,0.040361,1.638787
2015-04-25,Rustlers,Billy_Barr,3.5,4.540067,-0.067812,2.119278
2015-04-26,Rustlers,Billy_Barr,3.5,5.709812,0.021702,1.891336
2015-04-27,Rustlers,Billy_Barr,3.5,3.580497,-0.016724,2.158859
2015-04-28,Rustlers,Billy_Barr,3.5,1.060111,-0.042432,2.191631
2015-04-29,Rustlers,Billy_Barr,3.5,0.0,-0.095543,2.188452
2015-04-30,Rustlers,Billy_Barr,3.5,0.0,-0.071531,2.956734
2015-05-01,Rustlers,Billy_Barr,3.5,0.573302,-0.232959,4.177554
2015-05-02,Rustlers,Billy_Barr,3.5,0.597698,-0.30087,4.365478
2015-05-03,Rustlers,Billy_Barr,3.5,2.584021,-0.194244,5.320515
2015-05-04,Rustlers,Billy_Barr,3.5,3.620271,-0.055827,8.130856
2015-05-05,Rustlers,Billy_Barr,3.5,9.255823,-0.009306,12.152034
2015-05-06,Rustlers,Billy_Barr,3.5,17.598835,0.042501,12.549275
2015-05-07,Rustlers,Billy_Barr,3.5,9.921126,-0.032405,18.368849
2015-05-08,Rustlers,Billy_Barr,3.5,5.160584,-0.032506,28.789019
2015-05-09,Rustlers,Billy_Barr,3.5,9.341553,-0.034904,29.664555
2015-05-10,Rustlers,Billy_Barr,3.5,6.989042,0.30289,27.640936
2015-05-11,Rustlers,Billy_Barr,3.5,2.29075,2.197465,24.433659
2015-05-12,Rustlers,Billy_Barr,3.5,0.72801,2.969766,21.570692
2015-05-13,Rustlers,Billy_Barr,3.5,0.75899,3.862177,17.645134
2015-05-14,Rustlers,Billy_Barr,3.5,0.373062,3.107277,13.401983
2015-05-15,Rustlers,Billy_Barr,3.5,4.511229,3.785223,10.310698
2015-05-16,Rustlers,Billy_Barr,3.5,10.182501,3.351756,8.723019
2015-05-17,Rustlers,Billy_Barr,3.5,8.046053,1.354803,7.541188
2015-05-18,Rustlers,Billy_Barr,3.5,6.229501,1.965583,6.57507
2015-05-19,Rustlers,Billy_Barr,3.5,8.764177,2.654988,6.145814
2015-05-20,Rustlers,Billy_Barr,3.5,4.531479,3.497339,5.192595
2015-05-21,Rustlers,Billy_Barr,3.5,3.834907,2.888685,4.647787
2015-05-22,Rustlers,Billy_Barr,3.5,8.246698,3.229519,4.63267
2015-05-23,Rustlers,Billy_Barr,3.5,6.464594,4.527828,4.117517
2015-05-24,Rustlers,Billy_Barr,3.5,6.97749,4.06848,3.855422
2015-05-25,Rustlers,Billy_Barr,3.5,6.096802,3.323874,3.357821
2015-05-26,Rustlers,Billy_Barr,3.5,2.539917,4.181824,2.688086
2015-05-27,Rustlers,Billy_Barr,3.5,2.312313,1.659066,2.471867
2015-05-28,Rustlers,Billy_Barr,3.5,3.406792,3.803105,2.422534
2015-05-29,Rustlers,Billy_Barr,3.5,2.69449,4.000131,2.255357
2015-05-30,Rustlers,Billy_Barr,3.5,0.0,3.300618,1.947662
2015-05-31,Rustlers,Billy_Barr,3.5,0.0,2.768787,1.8851
2015-06-01,Rustlers,Billy_Barr,3.5,0.712344,1.354551,1.894604
2015-06-02,Rustlers,Billy_Barr,3.5,0.742656,2.292737,1.855095
2015-06-03,Rustlers,Billy_Barr,3.5,0.0,3.440828,1.755427
2015-06-04,Rustlers,Billy_Barr,3.5,0.0,3.537473,1.718904
2015-06-05,Rustlers,Billy_Barr,3.5,2.805802,3.787199,1.913969
2015-06-06,Rustlers,Billy_Barr,3.5,5.651688,4.247483,2.111421
2015-06-07,Rustlers,Billy_Barr,3.5,2.842511,3.534372,1.843518
2015-06-08,Rustlers,Billy_Barr,3.5,0.0,3.170251,1.573948
2015-06-09,Rustlers,Billy_Barr,3.5,0.0,2.355746,1.538292
2015-06-10,Rustlers,Billy_Barr,3.5,5.705604,4.23121,1.968353
2015-06-11,Rustlers,Billy_Barr,3.5,14.076459,4.035256,2.614206
2015-06-12,Rustlers,Billy_Barr,3.5,8.473938,4.175322,2.123922
2015-06-13,Rustlers,Billy_Barr,3.5,0.913563,3.608846,1.477493
2015-06-14,Rustlers,Billy_Barr,3.5,1.202125,3.771446,1.46929
2015-06-15,Rustlers,Billy_Barr,3.5,0.643656,3.798937,1.393533
2015-06-16,Rustlers,Billy_Barr,3.5,5.89474,3.901841,1.786034
2015-06-17,Rustlers,Billy_Barr,3.5,5.728918,2.883548,1.743218
2015-06-18,Rustlers,Billy_Barr,3.5,0.0,3.469141,1.255276
2015-06-19,Rustlers,Billy_Barr,3.5,0.0,2.855296,1.228065
2015-06-20,Rustlers,Billy_Barr,3.5,0.0,2.873042,1.201591
2015-06-21,Rustlers,Billy_Barr,3.5,0.0,2.218458,1.175825
2015-06-22,Rustlers,Billy_Barr,3.5,0.0,1.955827,1.150744
2015-06-23,Rustlers,Billy_Barr,3.5,0.0,1.72199,1.126325
2015-06-24,Rustlers,Billy_Barr,3.5,1.239625,2.157346,1.200508
2015-06-25,Rustlers,Billy_Barr,3.5,1.292375,2.261258,1.18138
2015-06-26,Rustlers,Billy_Barr,3.5,0.0,1.247188,1.056853
2015-06-27,Rustlers,Billy_Barr,3.5,0.0,0.963939,1.034898
2015-06-28,Rustlers,Billy_Barr,3.5,0.890063,1.339944,1.083263
2015-06-29,Rustlers,Billy_Barr,3.5,0.927938,1.71253,1.065306
2015-06-30,Rustlers,Billy_Barr,3.5,0.0,0.812439,0.97241
2015-07-01,Rustlers,Billy_Barr,3.5,0.239406,0.808249,0.971299
2015-07-02,Rustlers,Billy_Barr,3.5,0.533063,0.503545,0.974852
2015-07-03,Rustlers,Billy_Barr,3.5,3.331927,2.270343,1.173109
2015-07-04,Rustlers,Billy_Barr,3.5,3.702188,2.425317,1.183133
2015-07-05,Rustlers,Billy_Barr,3.5,2.656302,2.972675,1.083832
2015-07-06,Rustlers,Billy_Barr,3.5,3.24949,1.804467,1.111899
2015-07-07,Rustlers,Billy_Barr,3.5,11.071646,2.920781,1.69633
2015-07-08,Rustlers,Billy_Barr,3.5,17.46097,3.465239,2.169318
2015-07-09,Rustlers,Billy_Barr,3.5,11.19474,3.802773,1.670227
2015-07-10,Rustlers,Billy_Barr,3.5,3.982271,3.884819,1.101029
2015-07-11,Rustlers,Billy_Barr,3.5,0.856771,1.663038,0.840678
2015-07-12,Rustlers,Billy_Barr,3.5,1.548292,0.730291,0.873408
2015-07-13,Rustlers,Billy_Barr,3.5,1.670427,0.796735,0.872986
2015-07-14,Rustlers,Billy_Barr,3.5,4.949115,1.392015,1.114721
2015-07-15,Rustlers,Billy_Barr,3.5,4.628365,3.927765,1.083524
2015-07-16,Rustlers,Billy_Barr,3.5,0.565031,2.406929,0.768672
2015-07-17,Rustlers,Billy_Barr,3.5,0.525813,1.815221,0.759256
2015-07-18,Rustlers,Billy_Barr,3.5,2.492323,2.235057,0.901671
2015-07-19,Rustlers,Billy_Barr,3.5,2.026865,2.050435,0.860003
2015-07-20,Rustlers,Billy_Barr,3.5,6.26226,2.947068,1.17341
2015-07-21,Rustlers,Billy_Barr,3.5,9.508344,3.003954,1.411798
2015-07-22,Rustlers,Billy_Barr,3.5,3.106396,1.548995,0.922108
2015-07-23,Rustlers,Billy_Barr,3.5,0.0,2.708979,0.681579
2015-07-24,Rustlers,Billy_Barr,3.5,5.067677,3.296269,1.056753
2015-07-25,Rustlers,Billy_Barr,3.5,5.283324,1.039968,1.066561
2015-07-26,Rustlers,Billy_Barr,3.5,0.17625,2.438417,0.676289
2015-07-27,Rustlers,Billy_Barr,3.5,0.345313,3.631221,0.682875
2015-07-28,Rustlers,Billy_Barr,3.5,0.168438,0.695648,0.663539
2015-07-29,Rustlers,Billy_Barr,3.5,0.0,0.425633,0.644905
2015-07-30,Rustlers,Billy_Barr,3.5,0.0,2.261342,0.638957
2015-07-31,Rustlers,Billy_Barr,3.5,0.0,1.852904,0.633062
2015-08-01,Rustlers,Billy_Barr,3.5,1.523375,2.691788,0.741051
2015-08-02,Rustlers,Billy_Barr,3.5,3.305187,2.285712,0.868137
2015-08-03,Rustlers,Billy_Barr,3.5,6.560219,2.519314,1.104961
2015-08-04,Rustlers,Billy_Barr,3.5,6.11299,3.34236,1.065551
2015-08-05,Rustlers,Billy_Barr,3.5,2.457656,2.868078,0.787441
2015-08-06,Rustlers,Billy_Barr,3.5,0.0,2.155151,0.598931
2015-08-07,Rustlers,Billy_Barr,3.5,3.421698,0.908884,0.847671
2015-08-08,Rustlers,Billy_Barr,3.5,3.567302,1.765682,0.852926
2015-08-09,Rustlers,Billy_Barr,3.5,0.0,3.488289,0.58273
2015-08-10,Rustlers,Billy_Barr,3.5,0.780396,2.491856,0.635285
2015-08-11,Rustlers,Billy_Barr,3.5,7.432771,1.414224,1.122487
2015-08-12,Rustlers,Billy_Barr,3.5,7.107438,1.860328,1.092943
2015-08-13,Rustlers,Billy_Barr,3.5,0.215396,2.205201,0.578016
2015-08-14,Rustlers,Billy_Barr,3.5,0.0,0.672333,0.557115
2015-08-15,Rustlers,Billy_Barr,3.5,0.300115,0.791655,0.574345
2015-08-16,Rustlers,Billy_Barr,3.5,1.276385,1.955114,0.641446
2015-08-17,Rustlers,Billy_Barr,3.5,5.711844,1.942302,0.963207
2015-08-18,Rustlers,Billy_Barr,3.5,4.907657,3.575632,0.89908
2015-08-19,Rustlers,Billy_Barr,3.5,0.0,3.922362,0.533325
2015-08-20,Rustlers,Billy_Barr,3.5,0.0,2.699449,0.528792
2015-08-21,Rustlers,Billy_Barr,3.5,0.339771,1.584362,0.549267
2015-08-22,Rustlers,Billy_Barr,3.5,0.354229,1.024227,0.545932
2015-08-23,Rustlers,Billy_Barr,3.5,0.0,1.933242,0.515648
2015-08-24,Rustlers,Billy_Barr,3.5,0.0,0.23619,0.511418
2015-08-25,Rustlers,Billy_Barr,3.5,1.551979,0.996361,0.62077
2015-08-26,Rustlers,Billy_Barr,3.5,10.386949,2.877799,1.262275
2015-08-27,Rustlers,Billy_Barr,3.5,16.287542,3.243982,1.688671
2015-08-28,Rustlers,Billy_Barr,3.5,7.449532,3.179411,1.038922
2015-08-29,Rustlers,Billy_Barr,3.5,0.0,2.050884,0.491382
2015-08-30,Rustlers,Billy_Barr,3.5,1.253823,1.234552,0.578934
2015-08-31,Rustlers,Billy_Barr,3.5,2.561,1.572923,0.670324
2015-09-01,Rustlers,Billy_Barr,3.5,2.360729,2.537394,0.651949
2015-09-02,Rustlers,Billy_Barr,3.5,2.334458,3.049048,0.646366
2015-09-03,Rustlers,Billy_Barr,3.5,4.723489,3.464744,0.81621
2015-09-04,Rustlers,Billy_Barr,3.5,11.138479,3.76529,1.27818
2015-09-05,Rustlers,Billy_Barr,3.5,8.957115,2.77171,1.116046
2015-09-06,Rustlers,Billy_Barr,3.5,4.592031,2.469192,0.795837
2015-09-07,Rustlers,Billy_Barr,3.5,3.143229,2.522884,0.687422
2015-09-08,Rustlers,Billy_Barr,3.5,0.873323,2.675582,0.519768
2015-09-09,Rustlers,Billy_Barr,3.5,0.0,1.624643,0.453418
2015-09-10,Rustlers,Billy_Barr,3.5,0.0,1.493232,0.450346
2015-09-11,Rustlers,Billy_Barr,3.5,0.0,0.894835,0.447332
2015-09-12,Rustlers,Billy_Barr,3.5,0.0,1.990754,0.444375
2015-09-13,Rustlers,Billy_Barr,3.5,0.0,2.758299,0.441474
2015-09-14,Rustlers,Billy_Barr,3.5,5.293375,0.978782,0.820197
2015-09-15,Rustlers,Billy_Barr,3.5,11.521407,2.062864,1.265904
2015-09-16,Rustlers,Billy_Barr,3.5,7.001407,1.343396,0.937252
2015-09-17,Rustlers,Billy_Barr,3.5,0.774813,-0.093968,0.486187
2015-09-18,Rustlers,Billy_Barr,3.5,0.0,1.880899,0.42781
2015-09-19,Rustlers,Billy_Barr,3.5,0.0,3.378352,0.425252
2015-09-20,Rustlers,Billy_Barr,3.5,0.0,2.83465,0.422759
2015-09-21,Rustlers,Billy_Barr,3.5,0.0,1.670388,0.420339
2015-09-22,Rustlers,Billy_Barr,3.5,0.0,0.478071,0.417999
2015-09-23,Rustlers,Billy_Barr,3.5,0.0,-0.368199,0.415752
2015-09-24,Rustlers,Billy_Barr,3.5,0.0,1.536827,0.413612
2015-09-25,Rustlers,Billy_Barr,3.5,0.0,1.099551,0.411595
2015-09-26,Rustlers,Billy_Barr,3.5,0.0,0.894372,0.409724
2015-09-27,Rustlers,Billy_Barr,3.5,0.0,-0.079307,0.40802
2015-09-28,Rustlers,Billy_Barr,3.5,0.0,-0.217963,0.40651
2015-09-29,Rustlers,Billy_Barr,3.5,0.0,-0.099886,0.405224
2015-09-30,Rustlers,Billy_Barr,3.5,0.0,-0.434301,0.404193
2015-10-01,Rustlers,Billy_Barr,3.5,0.0,1.028258,0.403447
2015-10-02,Rustlers,Billy_Barr,3.5,0.671708,1.246669,0.451033
2015-10-03,Rustlers,Billy_Barr,3.5,0.700292,0.913408,0.452985
2015-10-04,Rustlers,Billy_Barr,3.5,0.0,2.061805,0.403194
2015-10-05,Rustlers,Billy_Barr,3.5,3.290979,0.927713,0.639126
2015-10-06,Rustlers,Billy_Barr,3.5,3.712531,1.556408,0.67029
2015-10-07,Rustlers,Billy_Barr,3.5,0.29349,1.684107,0.427102
2015-10-08,Rustlers,Billy_Barr,3.5,0.0,1.380631,0.407703
2015-10-09,Rustlers,Billy_Barr,3.5,0.0,0.153415,0.40954
2015-10-10,Rustlers,Billy_Barr,3.5,0.0,0.526806,0.411564
2015-10-11,Rustlers,Billy_Barr,3.5,0.0,-0.132179,0.413717
2015-10-12,Rustlers,Billy_Barr,3.5,0.0,0.886411,0.415943
2015-10-13,Rustlers,Billy_Barr,3.5,0.0,0.860169,0.418193
2015-10-14,Rustlers,Billy_Barr,3.5,0.0,1.102769,0.420422
2015-10-15,Rustlers,Billy_Barr,3.5,0.0,1.538363,0.422592
2015-10-16,Rustlers,Billy_Barr,3.5,0.0,2.111662,0.424673
2015-10-17,Rustlers,Billy_Barr,3.5,0.269271,2.488803,0.446
2015-10-18,Rustlers,Billy_Barr,3.5,2.037844,0.806485,0.575051
2015-10-19,Rustlers,Billy_Barr,3.5,7.779834,1.751914,0.989953
2015-10-20,Rustlers,Billy_Barr,3.5,7.658052,1.59405,0.982895
2015-10-21,Rustlers,Billy_Barr,3.5,2.291563,1.719175,0.598093
2015-10-22,Rustlers,Billy_Barr,3.5,7.21947,2.172129,0.954296
2015-10-23,Rustlers,Billy_Barr,3.5,6.947427,1.407077,0.935864
2015-10-24,Rustlers,Billy_Barr,3.5,0.271542,1.354644,0.455884
2015-10-25,Rustlers,Billy_Barr,3.5,0.137573,0.7106,0.446995
2015-10-26,Rustlers,Billy_Barr,3.5,1.111333,1.837464,0.517792
2015-10-27,Rustlers,Billy_Barr,3.5,2.507219,1.708121,0.474593
2015-10-28,Rustlers,Billy_Barr,3.5,1.751344,1.211796,0.438481
2015-10-29,Rustlers,Billy_Barr,3.5,1.041573,1.368363,0.647989
2015-10-30,Rustlers,Billy_Barr,3.5,0.879958,0.956949,0.502169
2015-10-31,Rustlers,Billy_Barr,3.5,0.0,2.288991,0.438667
2015-11-01,Rustlers,Billy_Barr,3.5,0.0,1.254909,0.438485
2015-11-02,Rustlers,Billy_Barr,3.5,0.0,1.105752,0.43819
2015-11-03,Rustlers,Billy_Barr,3.5,0.639885,1.11902,0.483908
2015-11-04,Rustlers,Billy_Barr,3.5,9.102636,1.104102,0.636553
2015-11-05,Rustlers,Billy_Barr,3.5,14.339011,0.762885,0.436683
2015-11-06,Rustlers,Billy_Barr,3.5,8.047729,0.764664,0.435991
2015-11-07,Rustlers,Billy_Barr,3.5,2.363739,0.580581,0.435213
2015-11-08,Rustlers,Billy_Barr,3.5,0.0,0.368941,0.434354
2015-11-09,Rustlers,Billy_Barr,3.5,0.0,0.326828,0.433419
2015-11-10,Rustlers,Billy_Barr,3.5,4.384708,0.287828,0.432412
2015-11-11,Rustlers,Billy_Barr,3.5,5.02024,0.387048,0.431338
2015-11-12,Rustlers,Billy_Barr,3.5,0.468052,0.469047,0.430202
2015-11-13,Rustlers,Billy_Barr,3.5,0.0,0.333915,0.429008
2015-11-14,Rustlers,Billy_Barr,3.5,0.0,0.344171,0.42776
2015-11-15,Rustlers,Billy_Barr,3.5,3.589625,0.279528,0.426462
2015-11-16,Rustlers,Billy_Barr,3.5,7.774584,0.46699,0.425119
2015-11-17,Rustlers,Billy_Barr,3.5,4.86326,0.463653,0.423733
2015-11-18,Rustlers,Billy_Barr,3.5,2.847573,0.029788,0.42231
2015-11-19,Rustlers,Billy_Barr,3.5,2.251958,0.123464,0.420852
2015-11-20,Rustlers,Billy_Barr,3.5,0.984062,0.402928,0.419362
2015-11-21,Rustlers,Billy_Barr,3.5,1.025937,0.58345,0.417844
2015-11-22,Rustlers,Billy_Barr,3.5,0.0,0.540333,0.4163
2015-11-23,Rustlers,Billy_Barr,3.5,0.0,0.087276,0.414734
2015-11-24,Rustlers,Billy_Barr,3.5,0.0,0.096983,0.413149
2015-11-25,Rustlers,Billy_Barr,3.5,0.487135,0.018116,0.411545
2015-11-26,Rustlers,Billy_Barr,3.5,0.507865,0.075954,0.409927
2015-11-27,Rustlers,Billy_Barr,3.5,0.727521,0.373102,0.408295
2015-11-28,Rustlers,Billy_Barr,3.5,0.758479,0.273163,0.406652
2015-11-29,Rustlers,Billy_Barr,3.5,1.195563,0.131906,0.404999
2015-11-30,Rustlers,Billy_Barr,3.5,2.442,0.06451,0.403339
2015-12-01,Rustlers,Billy_Barr,3.5,0.225604,0.227996,0.401672
2015-12-02,Rustlers,Billy_Barr,3.5,0.0,0.31309,0.4
2015-12-03,Rustlers,Billy_Barr,3.5,0.0,0.308388,0.398324
2015-12-04,Rustlers,Billy_Barr,3.5,1.552958,0.043023,0.396646
2015-12-05,Rustlers,Billy_Barr,3.5,2.078271,0.37904,0.394965
2015-12-06,Rustlers,Billy_Barr,3.5,0.478771,0.26718,0.393284
2015-12-07,Rustlers,Billy_Barr,3.5,0.1645,0.140919,0.391603
2015-12-08,Rustlers,Billy_Barr,3.5,0.1715,-0.046752,0.389922
2015-12-09,Rustlers,Billy_Barr,3.5,0.0,0.001874,0.388243
2015-12-10,Rustlers,Billy_Barr,3.5,0.0,0.10988,0.386566
2015-12-11,Rustlers,Billy_Barr,3.5,1.089813,0.244632,0.38489
2015-12-12,Rustlers,Billy_Barr,3.5,2.313146,0.424299,0.383218
2015-12-13,Rustlers,Billy_Barr,3.5,1.227042,0.639833,0.381549
2015-12-14,Rustlers,Billy_Barr,3.5,2.128219,0.515238,0.379883
2015-12-15,Rustlers,Billy_Barr,3.5,2.715708,0.513422,0.378221
2015-12-16,Rustlers,Billy_Barr,3.5,1.370927,0.435557,0.376564
2015-12-17,Rustlers,Billy_Barr,3.5,1.153521,0.311601,0.374911
2015-12-18,Rustlers,Billy_Barr,3.5,0.565948,0.069986,0.373262
2015-12-19,Rustlers,Billy_Barr,3.5,1.909,-0.019275,0.371619
2015-12-20,Rustlers,Billy_Barr,3.5,9.54375,0.013014,0.36998
2015-12-21,Rustlers,Billy_Barr,3.5,17.033564,0.098464,0.368347
2015-12-22,Rustlers,Billy_Barr,3.5,19.948782,0.315636,0.366719
2015-12-23,Rustlers,Billy_Barr,3.5,13.879583,0.33732,0.365097
2015-12-24,Rustlers,Billy_Barr,3.5,9.340199,0.246986,0.363481
2015-12-25,Rustlers,Billy_Barr,3.5,12.672897,0.303214,0.36187
2015-12-26,Rustlers,Billy_Barr,3.5,6.095907,0.241512,0.360265
2015-12-27,Rustlers,Billy_Barr,3.5,0.0,0.209923,0.358667
2015-12-28,Rustlers,Billy_Barr,3.5,0.0,0.333623,0.357074
2015-12-29,Rustlers,Billy_Barr,3.5,0.616385,0.142528,0.355488
2015-12-30,Rustlers,Billy_Barr,3.5,3.298604,0.126086,0.353908
2015-12-31,Rustlers,Billy_Barr,3.5,5.425,0.162315,0.352334
