date,sub_basin,deltao18,deltad,d_excess
2014-06-27,Copper,-17.694739,-128.99423,12.564
2014-07-03,Copper,-17.603363,-128.241689,12.585
2014-07-16,Copper,-17.166913,-125.418127,11.917
2014-07-23,Copper,-17.277223,-124.376041,13.842
2014-07-30,Copper,-16.389334,-119.290531,11.824
2014-08-05,Copper,-16.579516,-120.649183,11.987
2014-08-13,Copper,-16.648337,-121.298173,11.889
2014-08-21,Copper,-16.469747,-119.617581,12.14
2014-08-30,Copper,-15.906571,-115.476343,11.776
2014-09-07,Copper,-16.126297,-116.791864,12.219
2014-09-14,Copper,-16.089438,-115.639096,13.076
2014-09-23,Copper,-15.923745,-112.349786,15.04
2014-10-01,Copper,-15.862654,-114.069345,12.832
2014-10-07,Copper,-15.922578,-115.122142,12.258
2014-10-14,Copper,-16.279245,-117.070392,13.164
2014-10-23,Copper,-16.194385,-117.335739,12.219
2014-10-31,Copper,-16.256608,-118.1658,11.887
2014-11-08,Copper,-16.24889,-117.330723,12.66
2014-11-18,Copper,-16.427521,-120.27195,11.148
2014-12-07,Copper,-16.59611,-121.067831,11.701
2015-02-07,Copper,-16.696118,-121.876462,11.692
2015-02-19,Copper,-16.746824,-122.941857,11.033
2015-03-16,Copper,-16.900177,-122.606324,12.595
2015-04-09,Copper,-16.882407,-122.729672,12.33
2015-05-02,Copper,-16.88754,-123.826507,11.274
2015-05-11,Copper,-16.774451,-122.650443,11.545
2015-05-24,Copper,-16.687141,-122.476558,11.021
2015-06-02,Copper,-16.973617,-121.889543,13.899
2015-06-11,Copper,-16.957332,-121.522879,14.136
2015-06-18,Copper,-16.758386,-119.760542,14.307
2015-06-25,Copper,-16.867817,-121.136404,13.806
2015-07-02,Copper,-16.893694,-121.358739,13.791
2015-07-09,Copper,-16.280181,-116.164635,14.077
2015-07-15,Copper,-16.191462,-116.341821,13.19
2015-07-25,Copper,-16.019602,-114.5763,13.581
2015-08-02,Copper,-16.390289,-117.592847,13.529
2015-08-09,Copper,-15.988165,-114.729583,13.176
2015-08-16,Copper,-16.121842,-115.433846,13.541
2015-08-23,Copper,-15.725137,-116.573249,9.228
2015-08-30,Copper,-15.774415,-113.118317,13.077
2015-09-07,Copper,-14.505174,-106.569355,9.472
2015-09-13,Copper,-15.688667,-112.765501,12.744
2015-09-23,Copper,-15.728611,-113.605855,12.223
2015-09-28,Copper,-15.8794345,-114.298108,12.737
2015-10-04,Copper,-16.030258,-114.990361,13.252
2015-10-13,Copper,-16.059097,-115.654175,12.819
2015-10-19,Copper,-16.034229,-115.163067,13.111
2015-10-25,Copper,-15.628546,-116.119667,8.909
2015-11-02,Copper,-16.107943,-116.148241,12.715
2015-11-09,Copper,-15.902601,-116.721193,10.5
2015-11-15,Copper,-16.231173,-117.205378,12.644
2015-11-23,Copper,-16.265509,-117.527684,12.596
2015-12-01,Copper,-15.872266,-118.076212,8.902
2015-12-09,Copper,-16.357637,-118.08836,12.773
2015-12-30,Copper,-16.503901,-119.03595,12.995
2016-01-18,Copper,-16.428016,-118.475933,12.948
2016-01-28,Copper,-16.433684,-119.06638,12.403
2016-02-12,Copper,-16.397338,-118.813488,12.365
2016-02-21,Copper,-16.734393,-121.414262,12.461
2016-03-09,Copper,-16.78573,-121.692345,12.593
2016-03-17,Copper,-16.856507,-121.967999,12.884
2016-03-24,Copper,-16.780272,-122.073662,12.169
2016-03-31,Copper,-16.785019,-122.202645,12.078
2016-04-08,Copper,-16.843444,-122.779439,11.968
2016-04-21,Copper,-16.856941,-122.69521,12.16
2016-05-02,Copper,-16.9325,-123.286486,12.174
2016-05-12,Copper,-16.733736,-122.436598,11.433
2016-05-20,Copper,-16.701993,-121.355078,12.261
2016-05-27,Copper,-16.665079,-120.594196,12.726
2016-06-04,Copper,-16.63655,-120.784033,12.308
2016-06-11,Copper,-16.933448,-122.678838,12.789
2016-06-17,Copper,-17.24076,-123.478323,14.448
2016-06-27,Copper,-17.037699,-121.626937,14.675
2016-07-08,Copper,-17.055052,-121.9945615,14.446
2016-07-15,Copper,-17.072405,-122.362186,14.217
2016-07-16,Copper,-16.931656,-121.5229055,13.93
2016-07-22,Copper,-16.790907,-120.683625,13.644
2016-07-29,Copper,-16.695643,-120.468209,13.097
2016-08-05,Copper,-16.130482,-114.778655,14.265
2016-08-12,Copper,-16.086044,-115.881783,12.807
2016-08-19,Copper,-16.159324,-116.447651,12.827
2016-08-26,Copper,-15.671229,-113.228625,12.141
2016-09-02,Copper,-15.064141,-107.347738,13.165
2016-09-09,Copper,-15.757573,-113.776776,12.284
2016-09-16,Copper,-15.71642,-114.823065,10.908
2016-09-23,Copper,-15.775893,-115.07328,11.134
2016-10-19,Copper,-16.073045,-115.603618,12.981
2016-10-27,Copper,-16.144097,-117.683389,11.469
2016-11-23,Copper,-16.401675,-118.860337,12.353
2016-12-04,Copper,-16.332427,-118.443321,12.216
2016-12-19,Copper,-16.679035,-119.68546,13.747
2017-02-01,Copper,-16.639886,-120.890157,12.229
2017-03-19,Copper,-17.05608,-124.099163,12.349
2017-04-12,Copper,-17.078613,-125.104343,11.525
2017-04-30,Copper,-16.811454,-124.680425,9.811
2017-05-11,Copper,-17.04093,-127.394019,8.933
2017-05-31,Copper,-17.929541,-130.176002,13.26
2017-06-15,Copper,-17.715688,-129.897288,11.828
2017-06-30,Copper,-17.833844,-128.59533,14.075
2017-07-13,Copper,-16.958905,-121.497145,14.174
2017-07-30,Copper,-16.435504,-117.831276,13.653
2017-08-25,Copper,-16.432574,-119.190009,12.271
2017-09-13,Copper,-16.500698,-119.437455,12.568
2017-09-27,Copper,-16.700568,-119.989719,13.615
2017-10-14,Copper,-16.503613,-117.589798,14.439
2017-10-23,Copper,-16.54279,-118.867842,13.474
2017-11-03,Copper,-16.576604,-119.735947,12.877
2017-11-15,Copper,-16.472831,-120.076082,11.707
2017-12-19,Copper,-16.623943,-121.008915,11.983
2018-01-06,Copper,-16.530664,-121.129485,11.116
2018-01-26,Copper,-16.67618,-121.77168,11.638
2018-03-04,Copper,-16.789536669761485,-124.43577857756532,9.881
2018-03-17,Copper,-16.832565422407402,-124.0597110321964,10.601
2018-04-14,Copper,-16.983166056668114,-125.61609295649912,10.249
2018-05-07,Copper,-17.25579354413561,-127.9315803320453,10.115
2018-06-08,Copper,-17.151583283821275,-126.48473264425778,10.728
2018-06-15,Copper,-16.84265028630879,-124.43279128020583,10.308
2018-06-25,Copper,-16.80331931709338,-123.65543012287654,10.771
2018-07-11,Copper,-16.161249648705073,-118.49271644179213,10.797
2018-07-15,Copper,-16.30714401314514,-119.87185205609752,10.585
2018-08-17,Copper,-16.343449523190134,-120.09755896770464,10.65
2018-08-24,Copper,-16.013338311484734,-117.09665280911624,11.01
2018-08-31,Copper,-16.196882834489973,-119.09847396191422,10.477
2018-09-07,Copper,-16.02073387834575,-117.47769918341768,10.688
2018-09-14,Copper,-16.161249648705073,-118.8133530250458,10.477
2018-09-28,Copper,-16.104774410857306,-118.07150751410175,10.767
2018-10-05,Copper,-15.6268980758777,-114.195291559795,10.82
2018-10-12,Copper,-15.853738880681,-116.088325272238,10.742
2018-10-18,Copper,-16.0457336582405,-116.79057971395,11.575
2018-10-23,Copper,-16.0020053103266,-116.758033760369,11.258
2018-11-02,Copper,-16.0467585413947,-116.699652359099,11.674
2018-11-10,Copper,-16.2141561232525,-118.264877858664,11.448
2018-11-17,Copper,-16.2531016831134,-118.362180194114,11.663
2018-12-03,Copper,-16.382610215027704,-119.3568142984149,11.704
2018-12-21,Copper,-16.3757460339031,-119.627110554963,11.379
2019-01-03,Copper,-16.497941751679733,-120.1050365544149,11.878
2019-01-11,Copper,-16.55560752000575,-120.66420265214748,11.781
2019-01-29,Copper,-16.5506594255586,-120.984310371842,11.421
2019-02-10,Copper,-16.5192296754955,-120.926264495866,11.228
2019-02-21,Copper,-16.6613468062157,-122.226089487359,11.065
2019-03-30,Copper,-16.73986500459776,-122.23133482826154,11.688
2019-04-18,Copper,-17.035700632637152,-125.05283961002264,11.233
2019-05-02,Copper,-16.007134883389675,-123.15038206113336,4.907
2019-05-31,Copper,-17.25715083171162,-127.0430974736875,11.014
2019-06-29,Copper,-17.618315349062,-128.35975681325,12.587
2019-07-05,Copper,-17.5880185679903,-128.529154799692,12.175
2019-07-14,Copper,-17.4473068514577,-127.856240510356,11.722
2019-07-19,Copper,-17.4349645730102,-127.359077138645,12.121
2019-07-26,Copper,-17.181059314926404,-124.95147616714206,12.497
2019-08-02,Copper,-16.9861319495341,-123.69027925771,12.199
2019-08-09,Copper,-16.6158113390235,-121.343077116803,11.583
2019-08-16,Copper,-16.7118453462987,-121.980489824581,11.714
2019-08-23,Copper,-16.66889175127343,-121.5157889452954,11.835
2019-08-30,Copper,-16.739208849296496,-122.19,11.724
2019-09-06,Copper,-16.71284715578406,-121.76,11.943
2019-09-13,Copper,-16.696286604731373,-121.79,11.78
2019-09-20,Copper,-16.74968593261554,-121.74,12.257
2019-09-27,Copper,-16.726365972969926,-122.17,11.641
2019-10-04,Copper,-16.719944534806636,-122.12,11.64
2019-10-11,Copper,-16.66857302950035,-122.55,10.799
2019-10-19,Copper,-16.681753876256572,-122.35,11.104
2019-10-25,Copper,-16.886656779592542,-122.79630837128572,12.297
2019-11-03,Copper,-16.81350274793004,-122.70614633389246,11.802
2019-11-08,Copper,-16.850757115906312,-122.95367606016762,11.852
2019-11-15,Copper,-16.915593739917252,-123.24274876974734,12.082
2019-11-22,Copper,-16.9352473068422,-123.59733645685272,11.885
2019-12-04,Copper,-16.913560612304323,-123.33730548630878,11.971
2019-12-12,Copper,-16.976405938808117,-123.41047486954376,12.401
2019-12-20,Copper,-16.899865146420495,-123.21584464122252,11.983
2020-01-08,Copper,-16.96016498977187,-123.50177042354072,12.18
2020-01-15,Copper,-16.9033949742397,-123.40123115384328,11.826
2020-01-21,Copper,-17.008844575733374,-123.81305435926974,12.258
2020-01-28,Copper,-16.92737387978391,-123.57618622034252,11.843
2020-02-11,Copper,-16.932550250874176,-122.7855335226678,12.675
2020-02-20,Copper,-16.955267594638393,-123.03004334465744,12.612
2020-03-01,Copper,-16.929159602551163,-122.64695574889708,12.786
2020-03-11,Copper,-16.920343916911314,-122.80119014614668,12.562
2020-03-17,Copper,-16.951537881483077,-122.84816001658338,12.764
2020-04-09,Copper,-17.284570003426122,-126.46942814038697,11.807
2020-04-11,Copper,-17.0519010718444,-123.7782300751598,12.637
2020-04-14,Copper,-17.409628418783953,-127.63960304217017,11.637
2020-04-24,Copper,-17.354699446292532,-127.30642123234406,11.531
2020-04-28,Copper,-17.561633122533806,-128.8979533320084,11.595
2020-05-14,Copper,-17.67805490699676,-129.68480087885024,11.74
2020-05-22,Copper,-17.782039942971092,-130.21048773435368,12.046
2020-05-29,Copper,-18.177252172720703,-132.13419200199615,13.284
2020-06-05,Copper,-17.995537458692468,-131.09392435131684,12.87
2020-06-12,Copper,-17.37888201279819,-127.14319580025752,11.888
2020-06-19,Copper,-17.312980992716763,-125.17100332548505,13.333
2020-06-26,Copper,-17.289924584120246,-124.95181059678042,13.368
2020-07-02,Copper,-17.20278492221869,-124.60070248727486,13.022
2020-07-10,Copper,-16.871857645892163,-122.93044056975974,12.044
2020-07-17,Copper,-17.006099989294913,-123.73978302535872,12.309
2020-07-23,Copper,-17.00305281143334,-123.00982316999826,13.015
2020-07-30,Copper,-16.879846284796525,-122.71089062510852,12.328
2020-08-07,Copper,-16.867631747349158,-123.13075962019435,11.81
2020-08-14,Copper,-16.66411228576678,-120.92322799692695,12.39
2020-08-20,Copper,-16.53,-122.4,9.84
2020-08-27,Copper,-16.5,-121.21,10.79
2020-09-03,Copper,-16.33,-119.15,11.49
2020-09-11,Copper,-16.24,-119.11,10.81
2020-09-18,Copper,-16.18,-118.47,10.97
2020-09-24,Copper,-16.2,-118.59,11.01
2020-10-01,Copper,-16.27,-119.42,10.74
2020-10-08,Copper,-16.52,-120.39,11.77
2020-10-16,Copper,-16.54,-119.91,12.41
2020-10-23,Copper,-16.81,-120.54,13.94
2020-10-27,Copper,-16.94,-121.34,14.18
2020-11-06,Copper,-16.9,-121.78,13.42
2020-11-13,Copper,-16.92,-121.34,14.02
2020-11-20,Copper,-16.96,-121.58,14.1
2020-12-04,Copper,-17.06,-121.81,14.67
2020-12-31,Copper,-17.4,-123.22,15.98
2021-01-08,Copper,-17.39,-123.18,15.94
2021-01-15,Copper,-17.29,-122.96,15.36
2021-01-28,Copper,-17.04,-123.37,12.95
2021-02-05,Copper,-17.1,-123.81,12.99
2021-02-11,Copper,-17.13,-123.88,13.16
2021-02-17,Copper,-17.27,-125.28,12.88
2021-02-25,Copper,-17.1,-123.95,12.85
2021-03-03,Copper,-17.09,-124.06,12.66
2021-03-10,Copper,-16.94,-122.5,13.02
2021-03-19,Copper,-16.98,-123.56,12.28
2021-03-25,Copper,-16.77,-122.03,12.13
2021-03-30,Copper,-16.79,-122.44,11.88
2021-04-07,Copper,-17.1653736,-125.5911118,11.732
2021-04-14,Copper,-17.2090874,-125.9278121,11.745
2021-05-17,Copper,-17.7307688,-130.1594943,11.687
2021-05-28,Copper,-17.7861236,-130.2449811,12.044
2021-06-04,Copper,-17.99784172,-131.5330738,12.45
2021-06-11,Copper,-17.97994087,-131.3132639,12.526
2021-06-18,Copper,-17.89832002,-130.723126,12.463
2021-06-24,Copper,-17.43140417,-128.430461,11.021
2021-07-02,Copper,-17.39,-125.94,13.18
2021-07-09,Copper,-17.08,-124.32,12.32
2021-07-15,Copper,-16.56,-119.89,12.59
2021-07-23,Copper,-14.9,-106.15,13.05
2021-07-30,Copper,-15.93,-114.66,12.78
2021-08-06,Copper,-15.73,-112.5,13.34
2021-08-13,Copper,-16.16,-116.74,12.54
2021-08-19,Copper,-15.94,-114.75,12.77
2021-08-27,Copper,-15.91,-115.73,11.55
2021-09-03,Copper,-15.9,-113.95,13.25
2021-10-01,Copper,-15.88,-115.58,11.46
2021-10-07,Copper,-16.07,-115.98,12.58
2021-10-15,Copper,-16.08,-116.29,12.35
2021-10-22,Copper,-16.2,-116.8,12.8
2021-10-27,Copper,-16.26,-117.46,12.62
2021-11-03,Copper,-16.26,-116.9,13.18
2021-11-11,Copper,-16.27,-117.3,12.86
2021-12-20,Copper,-16.6,-120.39,12.41
2022-01-12,Copper,-16.74,-120.88,13.04
2022-01-21,Copper,-16.78,-121.25,12.99
2022-02-04,Copper,-16.73,-121.28,12.56
2022-02-10,Copper,-16.57,-120.69,11.87
2022-02-25,Copper,-16.53,-119.76,12.48
2022-03-03,Copper,-16.58,-120.2,12.44
2022-03-08,Copper,-16.51,-121.67,10.41
2022-03-14,Copper,-16.55,-121.89,10.51
2022-03-25,Copper,-16.56,-122.21,10.27
2022-06-03,Copper,-18.21,-132.56,13.12
2022-06-10,Copper,-18.41,-133.98,13.3
2022-06-16,Copper,-17.76,-130.94,11.14
2022-06-23,Copper,-17.89,-129.36,13.76
2022-06-29,Copper,-17.05,-126.53,9.87
2022-07-07,Copper,-17.16,-124.61,12.67
2022-07-13,Copper,-17.31,-125.84,12.64
2022-07-22,Copper,-16.92,-122.94,12.42
2022-07-29,Copper,-16.7,-121.02,12.58
2022-08-04,Copper,-16.28,-117.52,12.72
2022-08-12,Copper,-16.11,-116.8,12.08
2022-08-25,Copper,-16.29,-117.71,12.61
2022-09-01,Copper,-16.02,-115.54,12.62
2022-09-08,Copper,-16.08,-116.88,11.76
2022-09-15,Copper,-15.9,-114.9,12.3
2022-09-27,Copper,-16.01,-115.52,12.56
2022-10-18,Copper,-16.09,-116.15,12.57
2022-11-09,Copper,-16.25,-117.84,12.16
2022-11-21,Copper,-16.38,-118.98,12.06
2022-12-16,Copper,-16.71,-121.05,12.63
2023-01-05,Copper,-16.88,-122.32,12.72
2023-01-12,Copper,-16.68,-121.06,12.38
2023-01-22,Copper,-16.67,-121.19,12.17
2023-02-17,Copper,-16.7,-121.34,12.26
2023-03-06,Copper,-16.74,-121.7,12.22
2023-03-28,Copper,-16.93,-122.62,12.82
2023-04-18,Copper,-17.55,-128.01,12.39
2023-05-05,Copper,-18.08,-131.97,12.67
2023-05-31,Copper,-18.49,-134.96,12.96
2023-06-09,Copper,-18.47,-134.99,12.77
2023-06-23,Copper,-18.03,-132.36,11.88
2023-07-07,Copper,-18.0,-131.23,12.77
2023-07-21,Copper,-17.68,-129.06,12.38
2023-08-04,Copper,-17.22,-125.16,12.6
2023-08-18,Copper,-17.15,-124.72,12.48
2023-09-13,Copper,-16.93,-123.06,12.38
2023-10-25,Copper,-16.81,-122.45,12.03
2023-11-21,Copper,-16.8,-122.7,11.7
2023-12-13,Copper,-16.8,-123.01,11.39
2024-01-09,Copper,-17.07,-123.87,12.69
2024-02-07,Copper,-17.08,-124.1,12.54
2024-02-29,Copper,-16.95,-123.48,12.12
2024-04-19,Copper,-17.16,-126.28,11.0
2024-05-24,Copper,-17.37,-126.82,12.14
2024-06-03,Copper,-17.35,-126.09,12.71
2024-06-25,Copper,-17.41,-126.16,13.12
2024-07-18,Copper,-16.63,-121.61,11.43
2014-06-27,EAQ,-17.24947,-125.352163,12.644
2014-07-03,EAQ,-17.211513,-125.683283,12.009
2014-07-16,EAQ,-17.364225,-124.793642,14.12
2014-07-23,EAQ,-17.227364,-126.367046,11.452
2014-07-30,EAQ,-17.002091,-124.631341,11.385
2014-08-05,EAQ,-16.802945,-122.603324,11.82
2014-08-13,EAQ,-16.929267,-123.867734,11.566
2014-08-20,EAQ,-16.471624,-120.931723,10.841
2014-08-21,EAQ,-16.839807,-123.35966,11.359
2014-09-07,EAQ,-16.589392,-122.037652,10.677
2014-09-14,EAQ,-16.270598,-118.62205,11.543
2014-09-23,EAQ,-16.768844,-119.747345,14.403
2014-10-01,EAQ,-16.578725,-119.821942,12.808
2014-10-07,EAQ,-16.450061,-119.548505,12.052
2014-10-14,EAQ,-16.377048,-118.976786,12.04
2014-10-23,EAQ,-16.640131,-120.212673,12.908
2014-10-31,EAQ,-16.029435,-117.471181,10.764
2014-11-08,EAQ,-16.086451,-117.539631,11.152
2014-12-12,EAQ,-16.731874,-120.159257,13.696
2015-01-24,EAQ,-16.590571,-121.761694,10.963
2015-02-07,EAQ,-16.948046,-122.514113,13.07
2015-02-19,EAQ,-16.69729,-122.225334,11.353
2015-03-16,EAQ,-16.965143,-122.580016,13.141
2015-04-09,EAQ,-17.106478,-124.745803,12.106
2015-05-11,EAQ,-16.853286,-123.006016,11.82
2015-05-24,EAQ,-16.735674,-121.266311,12.619
2015-06-02,EAQ,-16.922387,-121.857899,13.521
2015-06-11,EAQ,-16.896221,-121.13521,14.035
2015-06-18,EAQ,-16.71449,-120.100397,13.616
2015-06-25,EAQ,-16.712086,-119.925986,13.771
2015-07-02,EAQ,-16.640364,-120.141807,12.981
2015-07-09,EAQ,-16.461145,-118.630888,13.058
2015-07-15,EAQ,-16.453754,-118.655723,12.974
2015-07-25,EAQ,-16.36588,-118.322624,12.604
2015-08-02,EAQ,-16.420417,-118.580389,12.783
2015-08-09,EAQ,-16.36648,-118.246148,12.686
2015-08-16,EAQ,-16.400633,-118.365131,12.84
2015-08-23,EAQ,-16.398982,-118.445946,12.746
2015-08-30,EAQ,-16.144738,-116.85431,12.304
2015-09-07,EAQ,-15.818268,-113.783063,12.763
2015-09-13,EAQ,-16.075649,-115.980011,12.625
2015-09-22,EAQ,-16.086381,-115.637031,13.054
2015-09-28,EAQ,-16.092186,-115.953541,12.784
2015-10-04,EAQ,-16.100527,-115.644308,13.16
2015-10-13,EAQ,-16.043863,-115.700765,12.65
2015-10-19,EAQ,-16.120662,-115.857421,13.108
2015-10-26,EAQ,-16.185225,-116.703639,12.778
2015-11-02,EAQ,-16.170154,-116.94472,12.417
2015-11-09,EAQ,-16.313296,-117.471143,13.035
2015-11-15,EAQ,-16.355679,-117.656154,13.189
2015-11-23,EAQ,-16.336537,-117.448062,13.244
2015-12-01,EAQ,-16.402157,-118.123922,13.093
2015-12-09,EAQ,-16.532952,-118.886494,13.377
2016-01-08,EAQ,-16.421465,-118.734096,12.638
2016-01-28,EAQ,-16.467941,-118.419188,13.324
2016-02-21,EAQ,-16.668256,-120.695527,12.651
2016-03-09,EAQ,-16.648173,-120.995928,12.189
2016-03-24,EAQ,-16.686817,-121.27822,12.216
2016-03-31,EAQ,-16.656605,-121.445771,11.807
2016-04-08,EAQ,-16.807919,-122.065576,12.398
2016-04-21,EAQ,-16.947257,-122.976468,12.602
2016-05-02,EAQ,-16.960485,-123.309494,12.374
2016-05-20,EAQ,-16.270284,-120.414151,9.748
2016-05-27,EAQ,-16.795593,-121.295824,13.069
2016-06-04,EAQ,-16.602785,-120.051925,12.77
2016-06-11,EAQ,-16.516236,-119.093429,13.036
2016-06-17,EAQ,-16.406381,-117.899876,13.351
2016-06-27,EAQ,-16.392029,-116.476125,14.66
2016-07-08,EAQ,-16.667168,-121.160174,12.177
2016-07-15,EAQ,-16.098429,-116.573144,12.214
2016-07-22,EAQ,-16.202971,-115.263405,14.36
2016-07-29,EAQ,-16.226844,-115.918567,13.896
2016-08-05,EAQ,-15.801142,-113.237663,13.171
2016-08-12,EAQ,-16.041084,-115.854418,12.474
2016-08-26,EAQ,-15.817682,-114.992293,11.549
2016-09-02,EAQ,-15.573735,-112.698172,11.892
2016-09-09,EAQ,-15.80994,-115.62939,10.85
2016-09-16,EAQ,-15.629007,-114.825606,10.206
2016-09-23,EAQ,-15.74343,-114.802215,11.145
2016-10-19,EAQ,-16.009797,-116.085029,11.993
2016-10-27,EAQ,-15.902729,-116.410153,10.812
2016-11-23,EAQ,-16.160354,-117.688892,11.594
2016-12-02,EAQ,-16.185204,-117.394514,12.087
2017-03-19,EAQ,-17.185255,-124.405992,13.076
2017-04-12,EAQ,-17.100628,-124.441865,12.363
2017-04-30,EAQ,-17.070936,-124.83213,11.735
2017-05-14,EAQ,-17.380307,-126.829823,12.213
2017-06-01,EAQ,-16.974197,-123.945984,11.848
2017-06-15,EAQ,-16.930138,-122.974829,12.466
2017-06-30,EAQ,-16.67153,-121.63917,11.733
2017-07-13,EAQ,-16.381315,-118.878979,12.172
2017-07-30,EAQ,-16.641803,-120.532245,12.602
2017-08-25,EAQ,-16.279369,-119.643729,10.591
2017-09-14,EAQ,-16.371729,-119.04296,11.931
2017-09-27,EAQ,-16.431435,-119.176348,12.275
2017-10-14,EAQ,-16.172968,-118.381675,11.002
2017-10-23,EAQ,-16.255255,-118.603687,11.438
2017-11-03,EAQ,-16.386713,-119.535887,11.558
2017-11-16,EAQ,-16.237449,-118.371026,11.529
2018-01-05,EAQ,-16.463273,-119.855233,11.851
2018-01-25,EAQ,-16.477514,-120.231672,11.588
2018-03-03,EAQ,-16.682696767165705,-123.24856379760163,10.213
2018-04-15,EAQ,-16.861078266696325,-124.41749753010924,10.471
2018-06-08,EAQ,-16.65745410213779,-122.2074042049412,11.052
2018-06-15,EAQ,-16.619085251295356,-122.03703868514503,10.916
2018-06-25,EAQ,-16.60595906548084,-121.99344906972844,10.854
2018-07-09,EAQ,-16.382813906634052,-120.96260457689938,10.1
2018-07-15,EAQ,-16.439694045163623,-121.08904773612308,10.429
2018-08-10,EAQ,-16.160678454388382,-119.48421784944958,9.801
2018-08-17,EAQ,-16.11557822620517,-119.14481779048069,9.78
2018-08-24,EAQ,-15.895125618294692,-117.59455810936689,9.566
2018-08-31,EAQ,-15.963785667170626,-118.05075171803978,9.66
2018-09-07,EAQ,-15.892769636225418,-117.52567986210552,9.616
2018-09-14,EAQ,-15.964122236037666,-118.02147014432484,9.692
2018-09-21,EAQ,-15.84464028823886,-117.44149533767502,9.316
2018-09-28,EAQ,-15.836899204296962,-117.5419843747423,9.153
2018-10-05,EAQ,-15.830520196379789,-116.71836389211904,9.926
2018-10-12,EAQ,-15.839391853045331,-116.4352798032848,10.28
2018-10-18,EAQ,-15.979267835054417,-118.02479759588331,9.809
2018-10-25,EAQ,-15.626813310636406,-115.60670034421176,9.408
2018-11-02,EAQ,-15.857817601504532,-116.91342183318856,9.949
2018-11-10,EAQ,-16.02876760109823,-117.74200129226162,10.488
2018-11-17,EAQ,-16.081656323527422,-117.90738375169832,10.746
2018-12-14,EAQ,-16.262501632478838,-119.02838340618672,11.072
2018-12-21,EAQ,-16.031838559174766,-118.48688922448262,9.768
2019-01-12,EAQ,-16.32084983593297,-120.21573610387657,10.351
2019-01-29,EAQ,-14.932435567775782,-116.27323166762706,3.186
2019-03-30,EAQ,-17.32377101954701,-127.0834234398795,11.507
2019-04-18,EAQ,-16.55443194953407,-121.64619661932608,10.789
2019-05-08,EAQ,-17.345394954760373,-127.0209074688524,11.742
2019-06-05,EAQ,-17.466015968372414,-127.89646359499253,11.832
2019-06-11,EAQ,-17.111924029253593,-125.35758360141872,11.538
2019-06-21,EAQ,-17.229166302988546,-125.62959458173871,12.204
2019-06-27,EAQ,-17.1628537402852,-125.298564797907,12.004
2019-07-05,EAQ,-17.2725954139446,-125.409157960653,12.772
2019-07-14,EAQ,-17.2062791264879,-125.205679905933,12.445
2019-07-19,EAQ,-17.1643845454942,-125.143500053746,12.172
2019-07-26,EAQ,-17.197744022131626,-125.04068083339308,12.541
2019-08-02,EAQ,-17.0831768410965,-124.317669753102,12.348
2019-08-09,EAQ,-17.0632961167834,-124.214440965522,12.292
2019-08-16,EAQ,-16.9463705009079,-123.895400537886,11.676
2019-08-23,EAQ,-16.808851062278794,-123.22472488776026,11.246
2019-08-30,EAQ,-16.838910126042258,-123.2189451834024,11.492
2019-09-06,EAQ,-16.74022276058544,-122.62819535598732,11.294
2019-09-13,EAQ,-16.624974844075933,-121.98525209981356,11.015
2019-09-20,EAQ,-16.60097894357102,-121.57169397640084,11.236
2019-09-27,EAQ,-16.632748163957807,-121.78212990254256,11.28
2019-10-04,EAQ,-16.56650595974706,-121.61989809850286,10.912
2019-10-11,EAQ,-16.457679481400845,-121.22562162393092,10.436
2019-10-19,EAQ,-16.441794871207453,-120.64251796760789,10.892
2019-10-25,EAQ,-16.52359602986011,-121.3031451837548,10.886
2019-11-03,EAQ,-16.605216963335405,-121.64216775240318,11.2
2019-11-08,EAQ,-16.609619752278057,-121.84877522554416,11.028
2019-11-15,EAQ,-16.49168663262233,-121.61464192472818,10.319
2019-11-22,EAQ,-16.725157453506583,-122.34312817767336,11.458
2019-12-04,EAQ,-16.739389346797058,-122.43002713197804,11.485
2019-12-12,EAQ,-16.758365204517695,-122.4227023159064,11.644
2019-12-20,EAQ,-12.445258764675463,-110.85599338971332,-11.294
2020-01-08,EAQ,-16.790556391722347,-122.57186220682024,11.753
2020-01-21,EAQ,-16.802755157399897,-122.75631439335204,11.666
2020-01-28,EAQ,-16.790217537120192,-122.66308946153092,11.659
2020-02-11,EAQ,-16.748098982102018,-121.83947372096398,12.145
2020-02-20,EAQ,-16.727416027331603,-121.7808446628302,12.038
2020-03-11,EAQ,-16.82879641218984,-122.3381538347494,12.292
2020-04-03,EAQ,-16.89457498965638,-123.1642905629978,11.992
2020-04-09,EAQ,-17.408246557840776,-127.57296668020496,11.693
2020-04-19,EAQ,-17.425174354394738,-127.6692192030436,11.732
2020-04-24,EAQ,-17.58823394569003,-128.87540466407066,11.83
2020-05-22,EAQ,-17.44452040759926,-127.52181149324171,12.034
2020-05-29,EAQ,-17.28526093389771,-126.50039049039098,11.782
2020-06-05,EAQ,-17.215822421502896,-125.41132348372705,12.315
2020-06-12,EAQ,-17.121510412130824,-124.58005169557504,12.392
2020-06-19,EAQ,-16.89694844348249,-122.37912755151332,12.796
2020-06-26,EAQ,-16.933567445371082,-122.15926858351172,13.309
2020-07-02,EAQ,-16.850157496624853,-121.89677030050376,12.904
2020-07-10,EAQ,-16.666045292684984,-121.09961498167377,12.229
2020-07-17,EAQ,-16.637887225782695,-121.5890254219641,11.514
2020-07-23,EAQ,-16.67066063461178,-121.02644138367906,12.339
2020-07-30,EAQ,-16.604495712054447,-121.35559336560262,11.48
2020-08-07,EAQ,-16.623340998401808,-121.65950017914882,11.327
2020-08-14,EAQ,-16.31432856447096,-119.13968255048508,11.375
2020-08-20,EAQ,-16.24,-120.71,9.21
2020-08-27,EAQ,-16.11,-119.87,9.01
2020-09-03,EAQ,-16.07,-118.38,10.18
2020-09-11,EAQ,-15.96,-117.94,9.74
2020-09-18,EAQ,-16.03,-118.53,9.71
2020-09-24,EAQ,-16.08,-118.79,9.85
2020-10-01,EAQ,-16.03,-118.97,9.27
2020-10-08,EAQ,-16.25,-119.57,10.43
2020-10-16,EAQ,-16.17,-118.57,10.79
2020-10-23,EAQ,-16.48,-119.26,12.58
2020-10-27,EAQ,-16.51,-118.64,13.44
2020-11-06,EAQ,-16.67,-120.66,12.7
2020-11-13,EAQ,-16.66,-120.27,13.01
2020-12-04,EAQ,-16.82,-120.6,13.96
2021-01-08,EAQ,-17.16,-122.08,15.2
2021-01-15,EAQ,-17.08,-122.0,14.64
2021-01-28,EAQ,-16.86,-122.59,12.29
2021-02-11,EAQ,-17.02,-123.8,12.36
2021-03-03,EAQ,-16.88,-123.11,11.93
2021-03-19,EAQ,-16.83,-123.16,11.48
2021-03-25,EAQ,-16.63,-122.15,10.89
2021-04-07,EAQ,-17.09150067,-125.3264186,11.406
2021-05-17,EAQ,-17.685602,-130.0181251,11.467
2021-05-28,EAQ,-17.505614,-128.5685091,11.476
2021-06-04,EAQ,-17.4981893,-127.6891211,12.296
2021-06-11,EAQ,-17.173935,-125.5171831,11.874
2021-06-18,EAQ,-17.16951387,-125.367566,11.989
2021-06-24,EAQ,-16.89365396,-124.5535114,10.596
2021-07-02,EAQ,-17.18,-124.74,12.7
2021-07-09,EAQ,-16.99,-123.75,12.17
2021-07-15,EAQ,-16.58,-120.42,12.22
2021-07-23,EAQ,-16.09,-117.8,10.92
2021-07-30,EAQ,-16.26,-117.93,12.15
2021-07-31,EAQ,-15.75,-113.36,12.64
2021-08-06,EAQ,-16.16,-116.66,12.62
2021-08-13,EAQ,-16.37,-119.08,11.88
2021-08-19,EAQ,-16.11,-116.9,11.98
2021-08-27,EAQ,-16.17,-117.58,11.78
2021-09-03,EAQ,-16.09,-117.32,11.4
2021-10-01,EAQ,-15.94,-117.13,10.39
2021-10-07,EAQ,-16.04,-117.06,11.26
2021-10-15,EAQ,-15.97,-116.44,11.32
2021-10-22,EAQ,-15.69,-116.01,9.51
2021-10-27,EAQ,-16.12,-117.64,11.32
2021-11-03,EAQ,-16.17,-117.22,12.14
2021-11-11,EAQ,-16.19,-117.73,11.79
2022-01-12,EAQ,-16.91,-122.94,12.34
2022-02-04,EAQ,-16.84,-122.52,12.2
2022-03-03,EAQ,-16.8,-122.54,11.86
2022-03-25,EAQ,-16.76,-124.12,9.96
2022-06-03,EAQ,-17.6,-127.86,12.94
2022-06-10,EAQ,-17.53,-127.2,13.04
2022-06-16,EAQ,-17.35,-125.61,13.19
2022-06-23,EAQ,-17.32,-125.29,13.27
2022-06-29,EAQ,-17.34,-126.2,12.52
2022-07-07,EAQ,-17.04,-124.38,11.94
2022-07-13,EAQ,-17.23,-125.67,12.17
2022-07-22,EAQ,-17.11,-125.04,11.84
2022-07-29,EAQ,-17.03,-124.21,12.03
2022-08-04,EAQ,-16.82,-122.5,12.06
2022-08-12,EAQ,-16.31,-119.73,10.75
2022-08-25,EAQ,-16.12,-115.96,13.0
2022-09-01,EAQ,-16.52,-120.32,11.84
2022-09-08,EAQ,-16.5,-120.08,11.92
2022-09-15,EAQ,-16.25,-119.31,10.69
2022-09-27,EAQ,-16.24,-119.76,10.16
2014-07-23,Gothic_ME,-17.263436,-125.225651,12.882
2014-07-30,Gothic_ME,-16.846183,-123.161703,11.608
2014-08-05,Gothic_ME,-16.7606,-122.347791,11.737
2014-08-13,Gothic_ME,-16.75864,-122.644977,11.424
2014-08-21,Gothic_ME,-16.508506,-120.192326,11.876
2014-08-30,Gothic_ME,-16.151908,-117.411404,11.804
2014-09-07,Gothic_ME,-16.35971,-118.644449,12.233
2014-09-14,Gothic_ME,-16.085228,-117.215962,11.466
2014-09-23,Gothic_ME,-15.942559,-114.955156,12.585
2014-10-01,Gothic_ME,-16.229941,-117.066683,12.773
2014-10-07,Gothic_ME,-16.232163,-117.487854,12.369
2014-10-14,Gothic_ME,-16.516399,-118.946191,13.185
2014-10-23,Gothic_ME,-16.284476,-117.635679,12.64
2014-10-31,Gothic_ME,-15.92698,-115.92726,11.489
2014-11-08,Gothic_ME,-15.934096,-116.075077,11.398
2014-11-18,Gothic_ME,-16.424013,-120.844798,10.547
2014-12-07,Gothic_ME,-16.506999,-121.012619,11.043
2015-02-07,Gothic_ME,-16.791078,-123.071468,11.257
2015-03-16,Gothic_ME,-17.054873,-123.928771,12.51
2015-04-09,Gothic_ME,-16.858505,-123.006254,11.862
2015-05-02,Gothic_ME,-16.804353,-123.648416,10.786
2015-05-11,Gothic_ME,-16.847003,-122.258405,12.518
2015-05-24,Gothic_ME,-16.551348,-121.638271,10.773
2015-06-02,Gothic_ME,-17.013855,-122.39071,13.72
2015-06-11,Gothic_ME,-16.757006,-120.323121,13.733
2015-06-18,Gothic_ME,-16.593499,-119.742795,13.005
2015-06-25,Gothic_ME,-17.117762,-121.217979,15.724
2015-07-02,Gothic_ME,-16.85711,-119.023649,15.833
2015-07-09,Gothic_ME,-16.596458,-116.829319,15.942
2015-07-15,Gothic_ME,-16.603036,-116.930908,15.893
2015-07-25,Gothic_ME,-16.609614,-117.032497,15.844
2015-08-02,Gothic_ME,-16.461736,-118.111941,13.582
2015-08-09,Gothic_ME,-16.579684,-117.043372,15.594
2015-08-16,Gothic_ME,-16.511111,-116.785822,15.303
2015-08-23,Gothic_ME,-16.342343,-117.441823,13.297
2015-08-30,Gothic_ME,-17.1321,-121.46451,15.592
2015-09-07,Gothic_ME,-15.514618,-108.874708,15.242
2015-09-13,Gothic_ME,-15.791411,-113.999942,12.331
2015-09-22,Gothic_ME,-16.154652,-114.148497,15.089
2015-09-28,Gothic_ME,-16.194981,-115.740248,13.82
2015-10-04,Gothic_ME,-15.878161,-115.776419,11.249
2015-10-13,Gothic_ME,-16.209591,-115.934231,13.742
2015-10-19,Gothic_ME,-15.891976,-115.709614,11.426
2015-10-26,Gothic_ME,-16.204196,-116.179659,13.454
2015-11-02,Gothic_ME,-16.21185,-117.111206,12.584
2015-11-09,Gothic_ME,-15.811641,-116.215335,10.278
2015-11-15,Gothic_ME,-16.338902,-118.039204,12.672
2015-11-23,Gothic_ME,-15.987272,-117.501937,10.396
2015-12-01,Gothic_ME,-16.386782,-119.148518,11.946
2015-12-09,Gothic_ME,-16.410449,-119.001302,12.282
2016-01-08,Gothic_ME,-16.708975,-120.784911,12.887
2016-01-18,Gothic_ME,-16.685783,-120.534766,12.951
2016-01-28,Gothic_ME,-16.52796,-119.617335,12.606
2016-02-12,Gothic_ME,-16.230675,-117.802275,12.043
2016-02-21,Gothic_ME,-16.719353,-121.651385,12.103
2016-03-09,Gothic_ME,-16.812307,-121.963969,12.534
2016-03-17,Gothic_ME,-14.86837,-115.946768,3.0
2016-03-24,Gothic_ME,-16.866409,-122.11877,12.813
2016-03-31,Gothic_ME,-16.781384,-122.242753,12.008
2016-04-08,Gothic_ME,-16.815563,-122.550662,11.974
2016-04-21,Gothic_ME,-16.700274,-121.585917,12.016
2016-05-02,Gothic_ME,-16.76928,-122.306859,11.847
2016-05-12,Gothic_ME,-16.759481,-121.786047,12.29
2016-05-20,Gothic_ME,-16.702799,-121.324879,12.298
2016-05-27,Gothic_ME,-16.701374,-120.855632,12.755
2016-06-04,Gothic_ME,-16.7306905,-120.9697775,12.876
2016-06-11,Gothic_ME,-16.760007,-121.083923,12.996
2016-06-17,Gothic_ME,-17.187676,-124.101,13.4
2016-06-27,Gothic_ME,-16.982786,-122.114749,13.748
2016-07-08,Gothic_ME,-17.061533,-124.092596,12.4
2016-07-15,Gothic_ME,-16.951613,-122.781374,12.832
2016-07-22,Gothic_ME,-16.651488,-120.64974,12.562
2016-07-29,Gothic_ME,-16.692876,-121.06346,12.48
2016-08-12,Gothic_ME,-16.171076,-117.031588,12.337
2016-08-19,Gothic_ME,-16.280905,-117.690921,12.556
2016-08-26,Gothic_ME,-15.743626,-114.100076,11.849
2016-09-02,Gothic_ME,-15.243604,-109.467826,12.481
2016-09-09,Gothic_ME,-15.988374,-115.150155,12.757
2016-09-16,Gothic_ME,-15.964576,-115.607792,12.109
2016-09-23,Gothic_ME,-15.868591,-114.908472,12.04
2016-10-19,Gothic_ME,-16.284593,-116.805191,13.472
2016-10-27,Gothic_ME,-16.043463,-117.359905,10.988
2016-11-23,Gothic_ME,-16.457652,-119.199143,12.462
2016-12-04,Gothic_ME,-16.47284,-118.893161,12.89
2017-02-01,Gothic_ME,-16.80218,-121.22029,13.197
2017-03-19,Gothic_ME,-17.022692,-125.213849,10.968
2017-04-12,Gothic_ME,-17.079654,-123.694368,12.943
2017-04-30,Gothic_ME,-17.034405,-124.155382,12.12
2017-05-11,Gothic_ME,-17.309053,-126.751826,11.721
2017-05-14,Gothic_ME,-17.605799,-127.579321,13.267
2017-05-31,Gothic_ME,-17.352197,-126.644342,12.173
2017-06-15,Gothic_ME,-17.414282,-126.530384,12.784
2017-06-30,Gothic_ME,-17.281693,-126.123759,12.13
2017-07-13,Gothic_ME,-16.993366,-121.691027,14.256
2017-07-30,Gothic_ME,-16.215934,-118.521267,11.206
2017-08-25,Gothic_ME,-16.46355,-119.79836,11.91
2017-09-13,Gothic_ME,-16.439101,-118.983533,12.529
2017-09-27,Gothic_ME,-16.362797,-119.527114,11.375
2017-10-14,Gothic_ME,-16.112502,-117.116215,11.784
2017-10-23,Gothic_ME,-16.572144,-119.354253,13.223
2017-11-03,Gothic_ME,-16.730421,-120.287483,13.556
2017-11-15,Gothic_ME,-16.881942,-120.486016,14.57
2017-12-19,Gothic_ME,-16.734282,-122.030018,11.844
2018-01-06,Gothic_ME,-16.715945,-122.062896,11.665
2018-01-26,Gothic_ME,-16.919581,-122.658494,12.698
2018-03-04,Gothic_ME,-16.74225352754618,-122.10529738941663,11.833
2018-03-17,Gothic_ME,-16.75112518421172,-122.40905428568044,11.6
2018-04-14,Gothic_ME,-16.801966601256552,-123.58840460630071,10.827
2018-05-07,Gothic_ME,-16.856220193941972,-124.14023519171964,10.71
2018-06-15,Gothic_ME,-16.604060414102168,-122.23967063770895,10.593
2018-07-11,Gothic_ME,-16.158771493004817,-117.94039355711008,11.33
2018-07-15,Gothic_ME,-15.857135166376416,-118.1201136087964,8.737
2018-08-17,Gothic_ME,-16.19152837915451,-118.282495176832,11.25
2018-08-24,Gothic_ME,-15.945169297903709,-115.88044832646484,11.681
2018-08-31,Gothic_ME,-16.096328678781965,-117.59462418123134,11.176
2018-09-07,Gothic_ME,-15.877949437784032,-115.79975769101388,11.224
2018-09-14,Gothic_ME,-16.0717610141697,-117.53527321796572,11.039
2018-09-21,Gothic_ME,-15.67594863986094,-114.98951701272512,10.418
2018-09-28,Gothic_ME,-15.988162710975178,-117.07013505079996,10.835
2018-10-05,Gothic_ME,-15.924239994669,-115.39749150812,11.996
2018-10-12,Gothic_ME,-16.1277218870617,-117.246998247069,11.775
2018-10-18,Gothic_ME,-16.2542653524801,-118.067886208252,11.966
2018-10-25,Gothic_ME,-16.1850882580514,-117.752108606232,11.729
2018-11-02,Gothic_ME,-16.4135413942867,-119.140660328673,12.168
2018-11-10,Gothic_ME,-16.4715826637586,-119.928431782865,11.844
2018-11-17,Gothic_ME,-16.4712452145175,-119.734415883319,12.036
2018-12-03,Gothic_ME,-16.309589656319016,-119.44684104044696,11.03
2018-12-13,Gothic_ME,-16.431745544252234,-119.95899317289616,11.495
2018-12-21,Gothic_ME,-16.6639287311945,-121.05941067315,12.252
2019-01-11,Gothic_ME,-16.487022789629837,-120.53949894281416,11.357
2019-01-29,Gothic_ME,-16.7449165490623,-122.383401932466,11.576
2019-02-10,Gothic_ME,-16.7428918536156,-122.360320730624,11.583
2019-03-30,Gothic_ME,-16.572132725421096,-122.352187535637,10.225
2019-04-18,Gothic_ME,-17.221395201271246,-126.51811944654936,11.253
2019-05-02,Gothic_ME,-16.494237177061557,-123.88122683969982,8.073
2019-05-08,Gothic_ME,-16.77860695185883,-125.01550327066838,9.213
2019-05-31,Gothic_ME,-17.190648668389745,-127.0056110078564,10.52
2019-06-05,Gothic_ME,-17.495398450246253,-128.163154513302,11.8
2019-06-11,Gothic_ME,-17.308904564087822,-127.27728945641564,11.194
2019-06-21,Gothic_ME,-17.445344869087243,-127.42262211386644,12.14
2019-06-27,Gothic_ME,-17.4728907999182,-127.479355049396,12.304
2019-07-05,Gothic_ME,-17.413215881181124,-126.9870931667164,12.319
2019-07-14,Gothic_ME,-17.4954450702715,-127.409190202941,12.554
2019-07-19,Gothic_ME,-17.4481060687426,-127.224779492667,12.36
2019-07-26,Gothic_ME,-17.270495534903414,-125.98750761675886,12.176
2019-08-02,Gothic_ME,-17.0740788825125,-124.484372552464,12.108
2019-08-09,Gothic_ME,-16.8853804822523,-122.825028255013,12.258
2019-08-16,Gothic_ME,-16.8028249321385,-122.95063998359,11.472
2019-08-23,Gothic_ME,-16.836585098234455,-122.7450145836188,11.948
2019-08-30,Gothic_ME,-16.015435807328583,-116.55737358599694,11.566
2019-09-06,Gothic_ME,-16.588474037674096,-122.68338076473854,10.024
2019-09-13,Gothic_ME,-16.59117780111127,-122.7498692090171,9.98
2019-09-20,Gothic_ME,-16.496884051239853,-122.23724330362934,9.738
2019-09-27,Gothic_ME,-16.644577128995437,-122.996873779512,10.16
2019-10-04,Gothic_ME,-16.61246993817901,-122.9081117064001,9.992
2019-10-11,Gothic_ME,-16.51175475014431,-122.79674356223347,9.297
2019-10-18,Gothic_ME,-16.44686442765215,-121.65613430063466,9.919
2019-10-25,Gothic_ME,-16.898171766057935,-123.2637536205016,11.922
2019-11-03,Gothic_ME,-16.840258157658454,-123.10572052912968,11.616
2019-11-08,Gothic_ME,-16.916121597901054,-123.39849762472396,11.93
2019-11-15,Gothic_ME,-16.92711479639049,-123.70887342885302,11.708
2019-11-22,Gothic_ME,-16.944735235702513,-124.233596616532,11.324
2019-12-04,Gothic_ME,-17.0003073904558,-124.09375921880032,11.909
2019-12-12,Gothic_ME,-16.988936953491045,-123.8998784009292,12.012
2019-12-20,Gothic_ME,-16.908670724305797,-123.7870926788764,11.482
2020-01-08,Gothic_ME,-17.002340518068728,-124.00819204923587,12.011
2020-01-15,Gothic_ME,-16.986075497165327,-123.99853660986872,11.89
2020-01-21,Gothic_ME,-16.952867746154215,-123.91130470937892,11.712
2020-01-28,Gothic_ME,-16.980314968928703,-124.1836546887707,11.659
2020-02-11,Gothic_ME,-16.98273184605484,-123.3338484640778,12.528
2020-02-20,Gothic_ME,-16.997650698676118,-123.39014568467216,12.591
2020-03-01,Gothic_ME,-16.937297158526402,-122.99539890121476,12.503
2020-03-11,Gothic_ME,-16.949503492489264,-123.1742841524524,12.422
2020-03-17,Gothic_ME,-16.997650698676118,-123.36016491630828,12.621
2020-04-03,Gothic_ME,-17.04952761801829,-123.99409160737954,12.402
2020-04-09,Gothic_ME,-17.55334195687472,-128.25716730583775,12.17
2020-04-14,Gothic_ME,-17.492540075374784,-127.92802406340348,12.012
2020-04-24,Gothic_ME,-17.433465520053815,-127.77826052262306,11.689
2020-04-28,Gothic_ME,-17.635908148229756,-129.322676002716,11.765
2020-05-14,Gothic_ME,-17.563705913948574,-128.7094868537229,11.8
2020-05-22,Gothic_ME,-17.561633122533802,-128.85083671243703,11.642
2020-05-29,Gothic_ME,-17.814859140371627,-129.82110252832456,12.698
2020-06-05,Gothic_ME,-17.746111558448398,-129.33445515760886,12.634
2020-06-12,Gothic_ME,-17.444174942363468,-127.00655760350055,12.547
2020-06-19,Gothic_ME,-17.14039699307516,-124.55573133472906,12.567
2020-06-26,Gothic_ME,-17.172947216976134,-124.55140077929872,12.832
2020-07-02,Gothic_ME,-17.167183114827,-124.47178518331026,12.866
2020-07-10,Gothic_ME,-16.92949866738346,-123.3968080776419,12.039
2020-07-17,Gothic_ME,-17.131340104409823,-124.20926993583426,12.841
2020-07-23,Gothic_ME,-17.01438436291589,-123.24852631939976,12.867
2020-07-30,Gothic_ME,-16.892409809028102,-122.92185589759846,12.217
2020-08-07,Gothic_ME,-16.832907562320212,-123.43002794647896,11.233
2020-08-14,Gothic_ME,-16.665650923837,-121.18809605543012,12.137
2020-08-20,Gothic_ME,-16.53,-122.63,9.61
2020-08-27,Gothic_ME,-16.38,-121.13,9.91
2020-09-03,Gothic_ME,-16.34,-119.59,11.13
2020-09-11,Gothic_ME,-16.23,-119.03,10.81
2020-09-18,Gothic_ME,-16.22,-119.29,10.47
2020-09-24,Gothic_ME,-16.41,-118.26,13.02
2020-10-01,Gothic_ME,-16.5,-119.53,12.47
2020-10-08,Gothic_ME,-16.5,-120.78,11.22
2020-10-16,Gothic_ME,-16.45,-120.0,11.6
2020-10-23,Gothic_ME,-16.79,-120.81,13.51
2020-10-27,Gothic_ME,-16.83,-120.6,14.04
2020-11-06,Gothic_ME,-16.93,-121.88,13.56
2020-11-13,Gothic_ME,-16.95,-121.93,13.67
2020-11-20,Gothic_ME,-16.98,-121.86,13.98
2020-12-04,Gothic_ME,-17.38,-123.33,15.71
2020-12-31,Gothic_ME,-17.48,-124.04,15.8
2021-01-08,Gothic_ME,-17.14,-124.02,13.1
2021-01-15,Gothic_ME,-17.37,-123.54,15.42
2021-01-28,Gothic_ME,-18.29,-125.76,20.56
2021-02-05,Gothic_ME,-17.16,-124.43,12.85
2021-02-11,Gothic_ME,-17.13,-124.34,12.7
2021-02-17,Gothic_ME,-17.17,-124.71,12.65
2021-02-25,Gothic_ME,-17.18,-124.45,12.99
2021-03-03,Gothic_ME,-17.17,-124.53,12.83
2021-03-10,Gothic_ME,-17.14,-124.3,12.82
2021-03-19,Gothic_ME,-17.07,-124.23,12.33
2021-03-25,Gothic_ME,-16.87,-123.27,11.69
2021-03-30,Gothic_ME,-16.89,-123.45,11.67
2021-04-07,Gothic_ME,-17.29617613,-126.346854,12.023
2021-04-14,Gothic_ME,-17.2751664,-126.3138507,11.887
2021-05-17,Gothic_ME,-17.5721756,-129.3598438,11.218
2021-05-28,Gothic_ME,-17.6468876,-129.1659185,12.009
2021-06-04,Gothic_ME,-17.7882331,-129.7386512,12.567
2021-06-11,Gothic_ME,-17.74051972,-129.5325202,12.392
2021-06-18,Gothic_ME,-17.72385546,-129.4185579,12.372
2021-06-24,Gothic_ME,-17.33,-126.02,12.62
2021-07-02,Gothic_ME,-17.4,-126.22,12.98
2021-07-09,Gothic_ME,-17.23,-125.08,12.76
2021-07-15,Gothic_ME,-16.66,-121.09,12.19
2021-07-23,Gothic_ME,-15.01,-107.77,12.31
2021-07-30,Gothic_ME,-16.11,-116.39,12.49
2021-07-31,Gothic_ME,-15.8,-111.78,14.62
2021-08-06,Gothic_ME,-15.17,-112.01,9.35
2021-08-13,Gothic_ME,-16.32,-118.28,12.28
2021-08-19,Gothic_ME,-16.07,-116.04,12.52
2021-08-27,Gothic_ME,-16.24,-117.15,12.77
2021-09-03,Gothic_ME,-15.9,-115.31,11.89
2021-10-01,Gothic_ME,-16.01,-116.71,11.37
2021-10-07,Gothic_ME,-16.25,-117.28,12.72
2021-10-15,Gothic_ME,-16.19,-117.28,12.24
2021-10-22,Gothic_ME,-16.47,-118.74,13.02
2021-10-27,Gothic_ME,-16.35,-117.88,12.92
2021-11-03,Gothic_ME,-16.36,-117.98,12.9
2021-11-11,Gothic_ME,-16.41,-118.63,12.65
2021-12-20,Gothic_ME,-16.64,-120.96,12.16
2022-01-12,Gothic_ME,-16.87,-122.16,12.8
2022-01-21,Gothic_ME,-16.87,-122.26,12.7
2022-02-04,Gothic_ME,-16.78,-121.58,12.66
2022-02-10,Gothic_ME,-16.87,-122.23,12.73
2022-02-25,Gothic_ME,-16.7,-121.44,12.16
2022-03-03,Gothic_ME,-16.73,-121.53,12.31
2022-03-08,Gothic_ME,-16.66,-122.9,10.38
2022-03-14,Gothic_ME,-16.64,-122.91,10.21
2022-03-25,Gothic_ME,-16.67,-123.37,9.99
2022-06-03,Gothic_ME,-17.99,-130.7,13.22
2022-06-10,Gothic_ME,-18.11,-131.39,13.49
2022-06-16,Gothic_ME,-17.77,-129.71,12.45
2022-06-23,Gothic_ME,-17.6,-128.25,12.55
2022-06-29,Gothic_ME,-17.61,-128.58,12.3
2022-07-07,Gothic_ME,-17.18,-125.1,12.34
2022-07-13,Gothic_ME,-17.33,-126.47,12.17
2022-07-22,Gothic_ME,-17.02,-123.52,12.64
2022-07-29,Gothic_ME,-16.87,-121.69,13.27
2022-08-04,Gothic_ME,-16.5,-118.72,13.28
2022-08-12,Gothic_ME,-16.27,-118.15,12.01
2022-08-25,Gothic_ME,-16.49,-120.01,11.91
2022-09-01,Gothic_ME,-16.25,-117.46,12.54
2022-09-08,Gothic_ME,-16.28,-117.81,12.43
2022-09-15,Gothic_ME,-16.19,-116.77,12.75
2022-09-27,Gothic_ME,-16.08,-117.79,10.85
2022-10-18,Gothic_ME,-16.11,-118.32,10.56
2022-11-09,Gothic_ME,-16.27,-119.62,10.54
2022-11-21,Gothic_ME,-16.81,-121.59,12.89
2022-12-16,Gothic_ME,-17.02,-122.51,13.65
2023-01-05,Gothic_ME,-17.11,-123.37,13.51
2023-01-12,Gothic_ME,-16.85,-122.27,12.53
2023-01-27,Gothic_ME,-17.04,-123.5,12.82
2023-02-17,Gothic_ME,-16.85,-122.63,12.17
2023-03-06,Gothic_ME,-16.88,-122.91,12.13
2023-03-28,Gothic_ME,-16.86,-122.5,12.38
2023-04-18,Gothic_ME,-17.78,-129.25,12.99
2023-05-31,Gothic_ME,-18.23,-132.86,12.98
2023-06-09,Gothic_ME,-18.14,-132.85,12.27
2023-06-23,Gothic_ME,-18.13,-132.0,13.04
2023-07-07,Gothic_ME,-17.96,-130.79,12.89
2023-07-21,Gothic_ME,-17.72,-129.3,12.46
2023-08-04,Gothic_ME,-17.29,-125.89,12.43
2023-08-18,Gothic_ME,-17.28,-125.72,12.52
2023-09-13,Gothic_ME,-16.94,-123.62,11.9
2023-10-25,Gothic_ME,-16.8,-122.95,11.45
2023-11-21,Gothic_ME,-16.84,-123.13,11.59
2023-12-13,Gothic_ME,-16.9,-123.81,11.39
2024-01-09,Gothic_ME,-16.46,-122.99,8.69
2024-02-07,Gothic_ME,-17.21,-125.26,12.42
2024-02-29,Gothic_ME,-17.12,-125.03,11.93
2024-04-19,Gothic_ME,-17.2,-125.8,11.8
2024-05-24,Gothic_ME,-17.31,-126.15,12.33
2024-06-03,Gothic_ME,-17.24,-125.6,12.32
2024-06-25,Gothic_ME,-17.28,-125.53,12.71
2024-07-18,Gothic_ME,-16.78,-122.66,11.58
2014-05-08,PH_LT,-17.212833,-126.858968,10.844
2014-05-09,PH_LT,-17.297777,-126.817283,11.565
2014-05-19,PH_LT,-16.988885,-125.643065,10.268
2014-05-20,PH_LT,-17.158545,-126.458875,10.809
2014-05-24,PH_LT,-17.297462,-126.509286,11.87
2014-05-25,PH_LT,-17.324221,-126.826664,11.767
2014-06-04,PH_LT,-17.501209,-126.648686,13.361
2014-06-05,PH_LT,-17.594795,-126.867826,13.891
2014-06-16,PH_LT,-17.469915,-126.599562,13.16
2014-06-17,PH_LT,-17.552547,-127.270228,13.15
2014-06-23,PH_LT,-17.356945,-126.30755,12.548
2014-06-24,PH_LT,-17.486087,-126.851315,13.037
2014-07-10,PH_LT,-17.218064,-125.113891,12.631
2014-07-11,PH_LT,-17.297362,-125.710061,12.669
2014-07-29,PH_LT,-16.29722,-118.625528,11.752
2014-07-30,PH_LT,-16.593219,-120.707618,12.038
2014-08-22,PH_LT,-16.50231,-120.179525,11.839
2014-08-23,PH_LT,-16.21713,-117.96466,11.772
2014-08-29,PH_LT,-15.924846,-115.80175,11.597
2014-08-30,PH_LT,-16.112748,-117.324956,11.577
2014-09-13,PH_LT,-15.848306,-115.579032,11.207
2014-09-14,PH_LT,-16.082149,-116.906,11.751
2014-09-15,PH_LT,-15.808435,-114.836967,11.631
2014-09-16,PH_LT,-15.526893,-114.210698,10.004
2014-09-17,PH_LT,-15.738672,-115.249479,10.66
2014-09-18,PH_LT,-15.508622,-114.595415,9.474
2014-09-19,PH_LT,-15.857435,-116.74511,10.114
2014-09-20,PH_LT,-15.850791,-116.899526,9.907
2014-09-21,PH_LT,-15.544334,-115.473382,8.881
2014-09-22,PH_LT,-15.549317,-114.088048,10.306
2014-09-23,PH_LT,-15.534243,-112.188186,12.086
2014-09-24,PH_LT,-15.809887,-114.364256,12.115
2014-09-25,PH_LT,-15.291826,-112.868194,9.466
2014-09-26,PH_LT,-15.7688,-115.941457,10.209
2014-09-27,PH_LT,-15.19536,-113.054924,8.508
2014-09-28,PH_LT,-15.492798,-113.716259,10.226
2014-09-29,PH_LT,-15.415089,-112.519187,10.802
2014-09-30,PH_LT,-15.59909,-113.502854,11.29
2014-10-01,PH_LT,-15.584799,-113.638455,11.04
2014-10-02,PH_LT,-15.289443,-113.331429,8.984
2014-10-03,PH_LT,-15.508389,-114.59615,9.471
2014-10-04,PH_LT,-15.196414,-113.333642,8.238
2014-10-05,PH_LT,-16.263156,-114.860642,15.245
2014-10-06,PH_LT,-15.885056,-114.754997,12.325
2014-10-07,PH_LT,-16.000925,-116.322337,11.685
2014-10-08,PH_LT,-16.035076,-116.535205,11.745
2014-10-09,PH_LT,-16.09484,-116.662926,12.096
2014-10-10,PH_LT,-16.043614,-116.5967,11.752
2014-10-11,PH_LT,-16.202172,-117.227421,12.39
2014-10-12,PH_LT,-15.928964,-115.078241,12.353
2014-10-13,PH_LT,-15.820839,-115.954108,10.613
2014-10-14,PH_LT,-16.223068,-118.106922,11.678
2014-10-15,PH_LT,-15.922953,-116.730665,10.653
2014-10-16,PH_LT,-15.949104,-116.688863,10.904
2014-10-17,PH_LT,-16.01635,-117.378599,10.752
2014-10-18,PH_LT,-15.972764,-116.89305,10.889
2014-10-19,PH_LT,-16.382465,-119.283815,11.776
2014-10-20,PH_LT,-16.234276,-118.119785,11.754
2014-10-21,PH_LT,-16.463409,-119.028179,12.679
2014-10-22,PH_LT,-15.846419,-115.445253,11.326
2014-10-23,PH_LT,-15.986501,-117.034678,10.857
2014-10-24,PH_LT,-15.857985,-115.984695,10.879
2014-10-25,PH_LT,-16.066181,-117.012202,11.517
2014-10-26,PH_LT,-16.447872,-118.909879,12.673
2014-10-27,PH_LT,-16.38383,-118.042649,13.028
2014-10-28,PH_LT,-16.336594,-118.101568,12.591
2014-10-29,PH_LT,-16.165816,-118.014826,11.312
2014-10-30,PH_LT,-16.244544,-118.504181,11.452
2014-10-31,PH_LT,-16.23122,-118.646568,11.203
2014-11-01,PH_LT,-16.044697,-118.486178,9.871
2014-11-02,PH_LT,-15.98656,-118.098294,9.794
2014-11-03,PH_LT,-16.418955,-118.53364,12.818
2014-11-04,PH_LT,-16.483924,-118.550355,13.321
2014-11-05,PH_LT,-16.295754,-118.36382,12.002
2014-11-06,PH_LT,-16.181923,-118.247435,11.208
2014-11-07,PH_LT,-16.377461,-121.631778,9.388
2014-11-08,PH_LT,-16.39851,-120.424079,10.764
2014-11-09,PH_LT,-16.413368,-120.059462,11.247
2014-11-10,PH_LT,-16.339077,-119.757922,10.955
2014-11-11,PH_LT,-16.449275,-120.168693,11.426
2014-11-12,PH_LT,-16.34403,-119.000995,11.751
2014-11-13,PH_LT,-16.440608,-118.765609,12.759
2014-11-14,PH_LT,-16.678339,-119.708691,13.718
2014-11-15,PH_LT,-16.508629,-120.214029,11.855
2014-11-16,PH_LT,-16.566612,-119.811604,12.721
2014-11-17,PH_LT,-16.625804,-120.741128,12.265
2014-11-18,PH_LT,-16.845659,-122.638051,12.127
2014-11-19,PH_LT,-16.7007,-120.427078,13.179
2014-11-20,PH_LT,-16.695868,-119.540164,14.027
2014-11-21,PH_LT,-16.717611,-120.526501,13.214
2014-11-22,PH_LT,-16.643924,-121.03624,12.115
2014-11-23,PH_LT,-16.596812,-120.482313,12.292
2014-11-24,PH_LT,-16.669643,-120.422493,12.935
2014-11-25,PH_LT,-16.703209,-119.622645,14.003
2014-11-26,PH_LT,-16.840947,-120.130802,14.597
2014-11-27,PH_LT,-16.608298,-119.723969,13.142
2014-11-28,PH_LT,-16.702438,-121.526315,12.093
2014-11-29,PH_LT,-16.646494,-121.773485,11.398
2014-11-30,PH_LT,-16.627974,-120.755636,12.268
2014-12-01,PH_LT,-16.601353,-120.33038,12.48
2014-12-02,PH_LT,-16.522646,-120.316563,11.865
2014-12-03,PH_LT,-16.914601,-120.730618,14.586
2014-12-04,PH_LT,-16.939867,-121.876868,13.642
2014-12-05,PH_LT,-16.857753,-120.277717,14.584
2014-12-06,PH_LT,-16.847646,-120.74544,14.036
2014-12-07,PH_LT,-16.929761,-121.076469,14.362
2014-12-08,PH_LT,-16.880492,-120.980948,14.063
2014-12-09,PH_LT,-16.875439,-122.530692,12.473
2014-12-10,PH_LT,-16.828697,-120.801435,13.828
2014-12-11,PH_LT,-16.638736,-122.189513,10.92
2014-12-12,PH_LT,-16.624944,-121.530165,11.469
2014-12-13,PH_LT,-16.7566,-122.7749,11.278
2014-12-14,PH_LT,-16.621182,-120.82361,12.146
2014-12-15,PH_LT,-16.650021,-120.37198,12.828
2014-12-16,PH_LT,-16.473225,-119.24789,12.538
2014-12-17,PH_LT,-16.864433,-121.676512,13.239
2014-12-18,PH_LT,-16.757854,-122.971602,11.091
2014-12-19,PH_LT,-16.545609,-120.431355,11.934
2014-12-20,PH_LT,-16.566528,-120.16613,12.366
2014-12-21,PH_LT,-16.724037,-121.671718,12.121
2014-12-22,PH_LT,-16.788025,-121.771773,12.532
2014-12-23,PH_LT,-16.829864,-121.603427,13.035
2014-12-24,PH_LT,-16.786795,-121.393788,12.901
2014-12-25,PH_LT,-16.879085,-123.648994,11.384
2014-12-26,PH_LT,-16.829864,-121.468432,13.17
2014-12-27,PH_LT,-16.813867,-122.154523,12.356
2014-12-28,PH_LT,-16.564419,-118.892068,13.623
2014-12-29,PH_LT,-16.806434,-121.826776,12.625
2014-12-30,PH_LT,-16.777099,-121.013506,13.203
2014-12-31,PH_LT,-16.861437,-121.738514,13.153
2015-01-01,PH_LT,-16.855326,-121.120681,13.722
2015-01-02,PH_LT,-16.899328,-121.312965,13.882
2015-01-03,PH_LT,-16.766098,-119.833003,14.296
2015-01-04,PH_LT,-16.082708,-122.385666,6.276
2015-01-06,PH_LT,-16.090022,-122.714632,6.006
2015-01-08,PH_LT,-16.24655,-122.741519,7.231
2015-01-10,PH_LT,-16.745392,-123.652503,10.311
2015-01-12,PH_LT,-16.888755,-122.890186,12.22
2015-01-14,PH_LT,-17.084781,-123.41843,13.26
2015-01-16,PH_LT,-17.30275,-123.283997,15.138
2015-01-18,PH_LT,-17.421243,-123.079975,16.29
2015-01-20,PH_LT,-16.643779,-121.76228,11.388
2015-01-22,PH_LT,-16.78818,-122.224735,12.081
2015-01-24,PH_LT,-16.786956,-121.898296,12.397
2015-01-26,PH_LT,-16.878736,-122.384754,12.645
2015-01-28,PH_LT,-16.93258,-122.639185,12.821
2015-01-30,PH_LT,-16.939923,-122.786402,12.733
2015-02-01,PH_LT,-16.970516,-123.087238,12.677
2015-02-03,PH_LT,-16.895868,-122.719194,12.448
2015-02-05,PH_LT,-16.898316,-122.973625,12.213
2015-02-07,PH_LT,-17.004444,-123.015151,13.02
2015-02-09,PH_LT,-16.926015,-122.778773,12.629
2015-02-11,PH_LT,-16.899055,-122.520623,12.672
2015-02-13,PH_LT,-16.959102,-122.93273,12.74
2015-02-15,PH_LT,-16.939495,-122.757001,12.759
2015-02-16,PH_LT,-16.885575,-122.814541,12.27
2015-02-17,PH_LT,-16.913761,-122.951391,12.359
2015-02-18,PH_LT,-16.862291,-122.393104,12.505
2015-02-19,PH_LT,-16.83968,-121.920771,12.797
2015-02-20,PH_LT,-16.879904,-122.087146,12.952
2015-02-21,PH_LT,-16.749176,-121.787049,12.206
2015-02-22,PH_LT,-16.800713,-122.496086,11.91
2015-02-23,PH_LT,-16.819568,-122.667125,11.889
2015-02-24,PH_LT,-16.878647,-123.034083,11.995
2015-02-25,PH_LT,-16.926413,-122.692004,12.719
2015-02-26,PH_LT,-16.931441,-122.813286,12.638
2015-02-27,PH_LT,-16.982978,-122.83661,13.027
2015-02-28,PH_LT,-16.484528,-121.865976,10.01
2015-03-01,PH_LT,-16.575866,-123.270668,9.336
2015-03-02,PH_LT,-16.64073,-121.950257,11.176
2015-03-03,PH_LT,-16.794284,-123.272229,11.082
2015-03-04,PH_LT,-16.947838,-123.278472,12.304
2015-03-05,PH_LT,-17.084184,-123.476689,13.197
2015-03-06,PH_LT,-17.192731,-123.567214,13.975
2015-03-07,PH_LT,-17.13581,-123.042795,14.044
2015-03-08,PH_LT,-17.162285,-122.892962,14.405
2015-03-09,PH_LT,-16.621544,-122.531538,10.441
2015-03-10,PH_LT,-16.643483,-122.580643,10.567
2015-03-11,PH_LT,-16.723495,-122.826169,10.962
2015-03-12,PH_LT,-17.225678,-120.371105,17.434
2015-03-13,PH_LT,-17.106017,-121.750436,15.098
2015-03-14,PH_LT,-17.126929,-123.673636,13.342
2015-03-15,PH_LT,-17.103693,-123.658893,13.171
2015-03-16,PH_LT,-17.186178,-123.712952,13.776
2015-03-17,PH_LT,-16.922459,-124.561519,10.818
2015-03-18,PH_LT,-17.087429,-125.528034,11.171
2015-03-19,PH_LT,-17.10834,-125.831093,11.036
2015-03-20,PH_LT,-17.192223,-124.650796,12.887
2015-03-21,PH_LT,-17.176659,-124.565341,12.848
2015-03-22,PH_LT,-17.126376,-124.785308,12.226
2015-03-23,PH_LT,-17.09046,-124.74891,11.975
2015-03-24,PH_LT,-17.023417,-124.155474,12.032
2015-03-25,PH_LT,-16.994684,-124.092174,11.865
2015-03-26,PH_LT,-17.010247,-124.459313,11.623
2015-03-27,PH_LT,-16.812708,-123.305673,11.196
2015-03-28,PH_LT,-16.898907,-123.482913,11.708
2015-03-29,PH_LT,-16.806373,-123.834619,10.616
2015-03-30,PH_LT,-16.745196,-123.341633,10.62
2015-03-31,PH_LT,-16.887943,-124.338525,10.765
2015-04-01,PH_LT,-16.941923,-124.507014,11.028
2015-04-02,PH_LT,-16.835163,-123.424317,11.257
2015-04-03,PH_LT,-16.905937,-123.875181,11.372
2015-04-04,PH_LT,-16.949121,-123.726973,11.866
2015-04-05,PH_LT,-16.631636,-122.915955,10.137
2015-04-06,PH_LT,-16.989873,-123.511165,12.408
2015-04-07,PH_LT,-16.827269,-123.913377,10.705
2015-04-08,PH_LT,-16.920004,-123.867966,11.492
2015-04-09,PH_LT,-16.989873,-123.490081,12.429
2015-04-10,PH_LT,-16.967007,-123.532249,12.204
2015-04-11,PH_LT,-16.937789,-123.348982,12.153
2015-04-12,PH_LT,-16.907301,-123.318168,11.94
2015-04-13,PH_LT,-16.997646,-123.476633,12.505
2015-04-14,PH_LT,-17.022682,-123.852746,12.329
2015-04-15,PH_LT,-16.901078,-123.024324,12.184
2015-04-16,PH_LT,-16.96188,-123.470148,12.225
2015-04-17,PH_LT,-17.267081,-125.9084,12.228
2015-04-18,PH_LT,-17.017913,-124.342342,11.801
2015-04-19,PH_LT,-16.92373,-124.102408,11.287
2015-04-20,PH_LT,-16.836699,-123.632266,11.061
2015-04-21,PH_LT,-16.883195,-124.198057,10.868
2015-04-22,PH_LT,-17.090707,-124.647456,12.078
2015-04-23,PH_LT,-16.996081,-124.447538,11.521
2015-04-24,PH_LT,-17.004573,-124.410456,11.626
2015-04-25,PH_LT,-16.902669,-123.660763,11.561
2015-04-26,PH_LT,-16.880833,-123.560804,11.486
2015-04-27,PH_LT,-16.855357,-123.596273,11.247
2015-04-28,PH_LT,-17.136445,-124.150447,12.941
2015-04-29,PH_LT,-16.967327,-124.156622,11.582
2015-04-30,PH_LT,-17.008188,-124.406702,11.659
2015-05-01,PH_LT,-16.9355,-124.198,11.286
2015-05-02,PH_LT,-16.862905,-123.817006,11.086
2015-05-03,PH_LT,-16.865175,-124.116485,10.805
2015-05-04,PH_LT,-16.768699,-123.573101,10.576
2015-05-05,PH_LT,-16.776644,-123.389399,10.824
2015-05-06,PH_LT,-16.698987,-121.967574,11.624
2015-05-07,PH_LT,-16.761818,-121.986481,12.108
2015-05-08,PH_LT,-16.633692,-121.134104,11.935
2015-05-09,PH_LT,-16.732251,-121.902976,11.955
2015-05-10,PH_LT,-16.760586,-122.577316,11.507
2015-05-11,PH_LT,-16.665724,-122.306319,11.019
2015-05-12,PH_LT,-16.832041,-123.305224,11.351
2015-05-13,PH_LT,-16.722395,-122.585193,11.194
2015-05-14,PH_LT,-16.909656,-122.761656,12.516
2015-05-15,PH_LT,-16.730823,-120.981395,12.865
2015-05-16,PH_LT,-17.216182,-122.634517,15.095
2015-05-17,PH_LT,-17.053616,-122.252782,14.176
2015-05-18,PH_LT,-16.554222,-122.508337,9.925
2015-05-19,PH_LT,-16.806843,-123.115281,11.339
2015-05-20,PH_LT,-16.63609,-122.316671,10.772
2015-05-21,PH_LT,-16.674685,-122.147365,11.25
2015-05-22,PH_LT,-17.344292,-121.019562,17.735
2015-05-23,PH_LT,-17.017972,-120.236766,15.907
2015-05-24,PH_LT,-17.097489,-122.763063,14.017
2015-05-25,PH_LT,-17.029974,-123.429513,12.81
2015-05-26,PH_LT,-16.768918,-121.206507,12.945
2015-05-27,PH_LT,-16.370958,-120.704411,10.263
2015-05-28,PH_LT,-16.469979,-120.885708,10.874
2015-05-29,PH_LT,-16.6834,-124.563607,8.904
2015-05-30,PH_LT,-16.932575,-121.018826,14.442
2015-05-31,PH_LT,-17.139934,-123.653136,13.466
2015-06-01,PH_LT,-16.860706,-121.981394,12.904
2015-06-02,PH_LT,-15.561177,-118.83536,5.654
2015-06-03,PH_LT,-16.595616,-120.184601,12.58
2015-06-04,PH_LT,-16.888982,-122.107543,13.004
2015-06-05,PH_LT,-16.772343,-122.427302,11.751
2015-06-06,PH_LT,-16.852459,-122.384521,12.435
2015-06-07,PH_LT,-16.837142,-122.506282,12.191
2015-06-08,PH_LT,-16.702086,-121.906077,11.711
2015-06-09,PH_LT,-16.830747,-121.295377,13.351
2015-06-10,PH_LT,-16.67577,-121.821991,11.584
2015-06-11,PH_LT,-16.750543,-120.523514,13.481
2015-06-12,PH_LT,-16.524134,-118.963077,13.23
2015-06-13,PH_LT,-16.87628,-121.383775,13.626
2015-06-14,PH_LT,-16.890065,-121.914162,13.206
2015-06-15,PH_LT,-15.468949,-116.673358,7.078
2015-06-16,PH_LT,-16.690808,-118.005793,15.521
2015-06-17,PH_LT,-16.481269,-120.469122,11.381
2015-06-18,PH_LT,-16.608524,-120.705275,12.163
2015-06-19,PH_LT,-16.72948,-119.79975,14.036
2015-06-20,PH_LT,-16.758459,-121.44142,12.626
2015-06-21,PH_LT,-16.781138,-121.223182,13.026
2015-06-22,PH_LT,-16.73074,-121.361617,12.484
2015-06-23,PH_LT,-16.852955,-121.649886,13.174
2015-06-24,PH_LT,-16.571986,-119.179238,13.397
2015-06-25,PH_LT,-16.481269,-119.070119,12.78
2015-06-26,PH_LT,-16.613965,-122.885568,10.026
2015-06-27,PH_LT,-16.502615,-120.480159,11.541
2015-06-28,PH_LT,-16.764099,-122.203389,11.909
2015-06-29,PH_LT,-16.616467,-121.049181,11.883
2015-06-30,PH_LT,-16.802883,-121.737826,12.685
2015-07-01,PH_LT,-16.714054,-121.228616,12.484
2015-07-02,PH_LT,-16.766601,-120.664445,13.468
2015-07-03,PH_LT,-16.700292,-120.716174,12.886
2015-07-04,PH_LT,-16.786619,-120.958655,13.334
2015-07-05,PH_LT,-16.653931,-120.920944,12.311
2015-07-06,PH_LT,-16.632182,-120.751841,12.306
2015-07-07,PH_LT,-16.322587,-118.394162,12.187
2015-07-08,PH_LT,-16.20677,-117.188781,12.465
2015-07-09,PH_LT,-16.147628,-116.717729,12.463
2015-07-10,PH_LT,-16.193493,-117.558111,11.99
2015-07-11,PH_LT,-16.242979,-117.459519,12.484
2015-07-12,PH_LT,-16.316605,-117.565936,12.967
2015-07-13,PH_LT,-16.399887,-116.896134,14.303
2015-07-14,PH_LT,-16.459029,-117.590975,14.081
2015-07-15,PH_LT,-16.252635,-116.916479,13.105
2015-07-16,PH_LT,-16.078402,-116.281322,12.346
2015-07-17,PH_LT,-16.141153,-117.087314,12.042
2015-07-18,PH_LT,-14.420509,-112.844575,2.519
2015-07-19,PH_LT,-16.294267,-118.138326,12.216
2015-07-20,PH_LT,-16.346978,-117.07603,13.7
2015-07-21,PH_LT,-16.147428,-115.915402,13.264
2015-07-22,PH_LT,-16.011885,-116.569867,11.525
2015-07-23,PH_LT,-16.255361,-116.726229,13.317
2015-07-24,PH_LT,-16.256616,-116.552135,13.501
2015-07-25,PH_LT,-15.981784,-114.902385,12.952
2015-07-26,PH_LT,-15.962653,-115.320835,12.38
2015-07-27,PH_LT,-16.14376,-115.737656,13.412
2015-07-28,PH_LT,-16.087642,-116.017709,12.683
2015-07-29,PH_LT,-15.96903,-115.895593,11.857
2015-07-30,PH_LT,-16.053206,-116.55339,11.872
2015-07-31,PH_LT,-15.9365065,-115.5129635,11.979
2015-08-05,PH_LT,-15.819807,-114.472537,12.086
2015-08-06,PH_LT,-15.960102,-115.267104,12.414
2015-08-07,PH_LT,-15.800112,-115.076581,11.324
2015-08-08,PH_LT,-15.61426,-113.27535,11.639
2015-08-09,PH_LT,-15.912905,-115.576561,11.727
2015-08-10,PH_LT,-15.823183,-115.226412,11.359
2015-08-11,PH_LT,-15.674502,-114.239481,11.157
2015-08-12,PH_LT,-15.550173,-112.869829,11.532
2015-08-13,PH_LT,-15.778322,-114.114079,12.112
2015-08-14,PH_LT,-15.865481,-114.618945,12.305
2015-08-15,PH_LT,-15.861635,-114.858349,12.035
2015-08-16,PH_LT,-15.401118,-114.644502,8.564
2015-08-17,PH_LT,-15.380266,-114.339343,8.703
2015-08-18,PH_LT,-15.32944,-112.968549,9.667
2015-08-19,PH_LT,-15.758205,-115.343624,10.722
2015-08-20,PH_LT,-15.698256,-115.111121,10.475
2015-08-21,PH_LT,-13.542702,-109.7668,-1.425
2015-08-22,PH_LT,-16.147873,-116.16384,13.019
2015-08-24,PH_LT,-16.220855,-116.656292,13.111
2015-08-25,PH_LT,-16.210429,-116.499676,13.184
2015-08-25,PH_LT,-15.753109,-116.499676,9.525
2015-08-25,PH_LT,-16.210429,-116.800492,12.883
2015-08-25,PH_LT,-15.753109,-116.800492,9.224
2015-08-26,PH_LT,-15.666746,-115.748405,9.586
2015-08-26,PH_LT,-15.386377,-115.748405,7.343
2015-08-26,PH_LT,-15.666746,-113.491872,11.842
2015-08-26,PH_LT,-15.386377,-113.491872,9.599
2015-08-27,PH_LT,-15.52531,-113.501494,10.701
2015-08-27,PH_LT,-15.126034,-113.501494,7.507
2015-08-27,PH_LT,-15.52531,-109.387771,14.815
2015-08-27,PH_LT,-15.126034,-109.387771,11.621
2015-08-28,PH_LT,-14.889473,-106.582741,12.533
2015-08-28,PH_LT,-15.392635,-106.582741,16.558
2015-08-28,PH_LT,-14.889473,-110.285894,8.83
2015-08-28,PH_LT,-15.392635,-110.285894,12.855
2015-08-29,PH_LT,-15.398893,-110.70288,12.488
2015-08-29,PH_LT,-15.706798,-110.70288,14.952
2015-08-29,PH_LT,-15.398893,-113.037999,10.153
2015-08-29,PH_LT,-15.706798,-113.037999,12.616
2015-08-30,PH_LT,-16.120482,-112.004558,16.959
2015-08-30,PH_LT,-16.109456,-112.004558,16.871
2015-08-30,PH_LT,-16.120482,-112.268653,16.695
2015-08-30,PH_LT,-16.109456,-112.268653,16.607
2015-08-31,PH_LT,-16.000303,-112.328236,15.674
2015-08-31,PH_LT,-15.726871,-112.328236,13.487
2015-08-31,PH_LT,-16.000303,-112.574618,15.428
2015-08-31,PH_LT,-15.726871,-112.574618,13.24
2015-09-01,PH_LT,-15.684974,-112.953048,12.527
2015-09-01,PH_LT,-15.816177,-112.953048,13.576
2015-09-01,PH_LT,-15.684974,-113.840345,11.639
2015-09-01,PH_LT,-15.816177,-113.840345,12.689
2015-09-02,PH_LT,-15.653,-114.023924,11.2
2015-09-02,PH_LT,-15.378464,-114.023924,9.004
2015-09-02,PH_LT,-15.653,-112.296029,12.928
2015-09-02,PH_LT,-15.378464,-112.296029,10.732
2015-09-03,PH_LT,-15.258286,-111.68249,10.384
2015-09-03,PH_LT,-15.85337,-111.68249,15.144
2015-09-03,PH_LT,-15.258286,-112.377467,9.689
2015-09-03,PH_LT,-15.85337,-112.377467,14.449
2015-09-04,PH_LT,-15.519528,-109.172794,14.983
2015-09-04,PH_LT,-15.585356,-109.172794,15.51
2015-09-04,PH_LT,-15.519528,-109.630148,14.526
2015-09-04,PH_LT,-15.585356,-109.630148,15.053
2015-09-05,PH_LT,-15.251514,-109.12482,12.887
2015-09-05,PH_LT,-14.548565,-109.12482,7.264
2015-09-05,PH_LT,-15.251514,-102.619525,19.393
2015-09-05,PH_LT,-14.548565,-102.619525,13.769
2015-09-06,PH_LT,-15.056381,-106.718116,13.733
2015-09-07,PH_LT,-15.152772,-109.150406,12.072
2015-09-07,PH_LT,-15.090471,-109.150406,11.573
2015-09-07,PH_LT,-15.152772,-108.763415,12.459
2015-09-07,PH_LT,-15.090471,-108.763415,11.96
2015-09-08,PH_LT,-15.228004,-109.267143,12.557
2015-09-08,PH_LT,-15.273658,-109.267143,12.922
2015-09-08,PH_LT,-15.228004,-109.913617,11.91
2015-09-08,PH_LT,-15.273658,-109.913617,12.276
2015-09-09,PH_LT,-15.293562,-110.194277,12.154
2015-09-09,PH_LT,-15.455279,-110.194277,13.448
2015-09-09,PH_LT,-15.293562,-111.913119,10.435
2015-09-09,PH_LT,-15.455279,-111.913119,11.729
2015-09-10,PH_LT,-15.284854,-111.229705,11.049
2015-09-10,PH_LT,-15.567237,-111.229705,13.308
2015-09-10,PH_LT,-15.284854,-112.967575,9.311
2015-09-10,PH_LT,-15.567237,-112.967575,11.57
2015-09-11,PH_LT,-15.584652,-112.702772,11.974
2015-09-11,PH_LT,-15.768761,-112.702772,13.447
2015-09-11,PH_LT,-15.584652,-113.849195,10.828
2015-09-11,PH_LT,-15.768761,-113.849195,12.301
2015-09-12,PH_LT,-15.350785,-111.397784,11.408
2015-09-12,PH_LT,-15.635655,-111.397784,13.687
2015-09-12,PH_LT,-15.350785,-113.035758,9.771
2015-09-12,PH_LT,-15.635655,-113.035758,12.049
2015-09-13,PH_LT,-15.486141,-113.266548,10.623
2015-09-13,PH_LT,-15.558522,-113.266548,11.202
2015-09-13,PH_LT,-15.486141,-113.100189,10.789
2015-09-13,PH_LT,-15.558522,-113.100189,11.368
2015-09-14,PH_LT,-15.474713,-113.305311,10.492
2015-09-14,PH_LT,-15.771854,-113.305311,12.87
2015-09-14,PH_LT,-15.474713,-114.327695,9.47
2015-09-14,PH_LT,-15.771854,-114.327695,11.847
2015-09-15,PH_LT,-15.702013,-113.316617,12.299
2015-09-15,PH_LT,-15.633442,-113.316617,11.751
2015-09-15,PH_LT,-15.702013,-112.026121,13.59
2015-09-15,PH_LT,-15.633442,-112.026121,13.041
2015-09-16,PH_LT,-15.147095,-109.330452,11.846
2015-09-16,PH_LT,-15.327412,-109.330452,13.289
2015-09-16,PH_LT,-15.147095,-110.189707,10.987
2015-09-16,PH_LT,-15.327412,-110.189707,12.43
2015-09-17,PH_LT,-15.308364,-109.961972,12.505
2015-09-17,PH_LT,-15.337377,-109.961972,12.737
2015-09-17,PH_LT,-15.308364,-110.516246,11.951
2015-09-17,PH_LT,-15.337377,-110.516246,12.183
2015-09-18,PH_LT,-15.567498,-111.743784,12.796
2015-09-18,PH_LT,-15.297237,-111.743784,10.634
2015-09-18,PH_LT,-15.567498,-111.060058,13.48
2015-09-18,PH_LT,-15.297237,-111.060058,11.318
2015-09-19,PH_LT,-15.420291,-111.360005,12.002
2015-09-20,PH_LT,-15.530789,-112.129435,12.117
2015-09-21,PH_LT,-15.606128,-112.124545,12.724
2015-09-22,PH_LT,-15.748017,-113.736762,12.247
2015-09-23,PH_LT,-15.808288,-113.617761,12.849
2015-09-24,PH_LT,-15.864793,-114.216025,12.702
2015-09-25,PH_LT,-15.91753,-114.767016,12.573
2015-09-26,PH_LT,-15.907707,-113.767193,13.494
2015-09-27,PH_LT,-15.966109,-114.006188,13.723
2015-09-28,PH_LT,-14.02216,-109.216515,2.961
2015-09-29,PH_LT,-15.930353,-114.167145,13.276
2015-09-30,PH_LT,-15.936312,-114.116744,13.374
2015-10-01,PH_LT,-16.069802,-114.432154,14.126
2015-10-02,PH_LT,-15.843346,-114.560594,12.186
2015-10-03,PH_LT,-15.691978,-114.102112,11.434
2015-10-04,PH_LT,-15.705088,-113.611114,12.03
2015-10-05,PH_LT,-16.555855,-115.497906,16.949
2015-10-06,PH_LT,-16.377325,-114.34163,16.677
2015-10-07,PH_LT,-16.28044,-114.673116,15.57
2015-10-08,PH_LT,-12.280938,-104.043548,-5.796
2015-10-09,PH_LT,-16.067075,-115.530897,13.006
2015-10-10,PH_LT,-16.095378,-116.305413,12.458
2015-10-11,PH_LT,-15.945152,-115.807398,11.754
2015-10-12,PH_LT,-16.061519,-115.403553,13.089
2015-10-13,PH_LT,-15.916489,-114.670544,12.661
2015-10-14,PH_LT,-15.948356,-115.342745,12.244
2015-10-15,PH_LT,-16.015281,-115.305001,12.817
2015-10-16,PH_LT,-15.954785,-115.285519,12.353
2015-10-17,PH_LT,-15.894954,-115.164167,11.995
2015-10-18,PH_LT,-15.686641,-114.797871,10.695
2015-10-19,PH_LT,-15.951768,-115.094335,12.52
2015-10-20,PH_LT,-15.816227,-113.96292,12.567
2015-10-21,PH_LT,-15.861614,-114.332226,12.561
2015-10-22,PH_LT,-16.144351,-116.355933,12.799
2015-10-23,PH_LT,-16.091293,-116.938301,11.792
2015-10-24,PH_LT,-15.978414,-115.876974,11.95
2015-10-25,PH_LT,-16.002876,-116.297907,11.725
2015-10-26,PH_LT,-16.091018,-116.210663,12.517
2015-10-27,PH_LT,-16.21028,-116.504468,13.178
2015-10-28,PH_LT,-16.14154,-117.007347,12.125
2015-10-29,PH_LT,-16.094542,-116.250347,12.506
2015-10-30,PH_LT,-16.224978,-116.645222,13.155
2015-10-31,PH_LT,-16.086062,-116.330131,12.358
2015-11-01,PH_LT,-16.056048,-116.62228,11.826
2015-11-02,PH_LT,-15.954097,-116.229361,11.403
2015-11-03,PH_LT,-15.803791,-116.514465,9.916
2015-11-04,PH_LT,-16.432726,-116.92877,14.533
2015-11-05,PH_LT,-15.850938,-116.225484,10.582
2015-11-06,PH_LT,-16.005378,-116.822664,11.22
2015-11-07,PH_LT,-16.284831,-118.508081,11.771
2015-11-08,PH_LT,-16.322242,-118.406572,12.171
2015-11-09,PH_LT,-16.294469,-118.096645,12.259
2015-11-10,PH_LT,-16.286418,-118.178393,12.113
2015-11-11,PH_LT,-16.329779,-118.101894,12.536
2015-11-12,PH_LT,-16.386032,-118.845961,12.242
2015-11-13,PH_LT,-16.418534,-118.481683,12.867
2015-11-14,PH_LT,-16.346132,-118.387524,12.382
2015-11-15,PH_LT,-16.38576,-118.376116,12.71
2015-11-16,PH_LT,-16.344137,-118.695236,12.058
2015-11-17,PH_LT,-16.477985,-119.09327,12.731
2015-11-18,PH_LT,-16.40423,-118.62254,12.611
2015-11-19,PH_LT,-16.373414,-118.192379,12.795
2015-11-20,PH_LT,-16.313249,-118.154803,12.351
2015-11-21,PH_LT,-16.443236,-118.820772,12.725
2015-11-22,PH_LT,-16.455049,-118.991779,12.649
2015-11-23,PH_LT,-16.319173,-118.777828,11.776
2015-11-24,PH_LT,-16.421353,-118.905207,12.466
2015-11-25,PH_LT,-16.498021,-119.1016,12.883
2015-11-26,PH_LT,-16.420665,-118.617452,12.748
2015-11-27,PH_LT,-16.378736,-118.388625,12.641
2015-11-28,PH_LT,-16.407465,-118.473286,12.786
2015-11-29,PH_LT,-16.385875,-118.563675,12.523
2015-11-30,PH_LT,-15.728973,-117.471639,8.36
2015-12-01,PH_LT,-16.231675,-118.887469,10.966
2015-12-02,PH_LT,-16.419533,-118.475567,12.881
2015-12-03,PH_LT,-16.455968,-118.300238,13.348
2015-12-04,PH_LT,-16.405183,-118.502999,12.738
2015-12-05,PH_LT,-16.478484,-119.154343,12.674
2015-12-06,PH_LT,-16.250725,-119.931655,10.074
2015-12-07,PH_LT,-16.439001,-117.910922,13.601
2015-12-08,PH_LT,-16.504115,-119.049468,12.983
2015-12-09,PH_LT,-16.457534,-119.48055,12.18
2015-12-10,PH_LT,-16.372067,-118.56946,12.407
2015-12-11,PH_LT,-16.398797,-119.533722,11.657
2015-12-12,PH_LT,-16.43117,-118.632265,12.817
2015-12-13,PH_LT,-16.545153,-119.938894,12.422
2015-12-14,PH_LT,-16.506521,-118.846301,13.206
2015-12-15,PH_LT,-16.817702,-120.591138,13.95
2015-12-16,PH_LT,-16.773652,-120.250716,13.938
2015-12-17,PH_LT,-16.686985,-120.079151,13.417
2015-12-18,PH_LT,-16.730888,-120.173076,13.674
2015-12-19,PH_LT,-16.738611,-120.025625,13.883
2015-12-20,PH_LT,-16.773488,-119.644499,14.543
2015-12-21,PH_LT,-16.882614,-119.797557,15.263
2015-12-22,PH_LT,-16.721381,-120.488207,13.283
2015-12-23,PH_LT,-17.03216,-122.870805,13.386
2015-12-24,PH_LT,-16.608609,-121.725773,11.143
2015-12-25,PH_LT,-16.759796,-121.25457,12.824
2015-12-26,PH_LT,-16.929422,-121.870037,13.565
2015-12-27,PH_LT,-16.768917,-120.128557,14.023
2015-12-28,PH_LT,-16.841977,-120.499956,14.236
2015-12-29,PH_LT,-16.615073,-119.852347,13.068
2015-12-30,PH_LT,-16.851091,-119.22749,15.581
2015-12-31,PH_LT,-16.657326,-118.587859,14.671
2016-01-01,PH_LT,-16.284484,-119.41175,10.864
2016-01-02,PH_LT,-16.55129,-119.210801,13.2
2016-01-03,PH_LT,-16.555486,-119.29386,13.15
2016-01-04,PH_LT,-16.335395,-118.764178,11.919
2016-01-05,PH_LT,-16.440791,-119.849912,11.676
2016-01-06,PH_LT,-16.464272,-119.8898,11.824
2016-01-07,PH_LT,-16.455724,-119.798122,11.848
2016-01-08,PH_LT,-16.5836,-120.461695,12.207
2016-01-09,PH_LT,-16.627061,-120.442355,12.574
2016-01-10,PH_LT,-16.48771,-119.408026,12.494
2016-01-11,PH_LT,-16.783145,-120.3685,13.897
2016-01-12,PH_LT,-16.565787,-119.441739,13.085
2016-01-13,PH_LT,-16.478914,-118.658392,13.173
2016-01-14,PH_LT,-16.367858,-118.374884,12.568
2016-01-15,PH_LT,-15.832655,-120.590648,6.071
2016-01-16,PH_LT,-16.089407,-118.847205,9.868
2016-01-17,PH_LT,-16.127955,-118.814983,10.209
2016-01-18,PH_LT,-15.812319,-117.618315,8.88
2016-01-19,PH_LT,-16.645836,-119.514313,13.652
2016-01-20,PH_LT,-16.547572,-119.806611,12.574
2016-01-21,PH_LT,-16.613067,-119.770718,13.134
2016-01-22,PH_LT,-16.470652,-119.561178,12.204
2016-01-23,PH_LT,-16.628821,-119.16412,13.866
2016-01-24,PH_LT,-16.075553,-116.607725,11.997
2016-01-25,PH_LT,-16.484085,-119.178424,12.694
2016-01-26,PH_LT,-16.517477,-119.506724,12.633
2016-01-27,PH_LT,-16.560283,-119.748495,12.734
2016-01-28,PH_LT,-16.580954,-120.274958,12.373
2016-01-29,PH_LT,-16.542132,-120.324194,12.013
2016-01-30,PH_LT,-16.567354,-120.383609,12.155
2016-01-31,PH_LT,-16.574198,-119.767315,12.826
2016-02-01,PH_LT,-16.625148,-120.951725,12.049
2016-02-02,PH_LT,-16.883641,-122.680868,12.388
2016-02-03,PH_LT,-16.79386,-121.670278,12.681
2016-02-04,PH_LT,-16.737678,-121.426355,12.475
2016-02-05,PH_LT,-16.794721,-121.667042,12.691
2016-02-06,PH_LT,-16.695886,-120.191553,13.376
2016-02-07,PH_LT,-16.833177,-121.200631,13.465
2016-02-08,PH_LT,-16.7645315,-120.696092,13.42
2016-02-09,PH_LT,-16.798854249999998,-120.9483615,13.442
2016-02-10,PH_LT,-16.781692874999997,-120.82222675,13.431
2016-02-11,PH_LT,-16.569069,-120.40495,12.148
2016-02-12,PH_LT,-16.578884,-120.624162,12.007
2016-02-13,PH_LT,-16.392256,-119.868845,11.269
2016-02-14,PH_LT,-16.629933,-120.847866,12.192
2016-02-15,PH_LT,-16.629199,-120.733432,12.3
2016-02-16,PH_LT,-16.520079,-120.270127,11.891
2016-02-17,PH_LT,-16.518719,-120.279601,11.87
2016-02-18,PH_LT,-16.549525,-120.465143,11.931
2016-02-19,PH_LT,-16.481738,-120.375787,11.478
2016-02-20,PH_LT,-16.45603,-120.214683,11.434
2016-02-21,PH_LT,-16.439234,-120.273539,11.24
2016-02-22,PH_LT,-16.454726,-120.100864,11.537
2016-02-23,PH_LT,-16.73826,-121.354622,12.551
2016-02-24,PH_LT,-16.509898,-120.293632,11.786
2016-02-25,PH_LT,-16.516452,-120.296503,11.835
2016-02-26,PH_LT,-16.563973,-120.121492,12.39
2016-02-27,PH_LT,-16.526257,-120.805839,11.404
2016-02-28,PH_LT,-16.632059,-120.716931,12.34
2016-02-29,PH_LT,-16.121218,-119.96085,9.009
2016-03-01,PH_LT,-16.912071,-122.634328,12.662
2016-03-02,PH_LT,-16.72355,-121.454874,12.334
2016-03-03,PH_LT,-16.680483,-121.45252,11.991
2016-03-04,PH_LT,-16.752894,-122.198121,11.825
2016-03-05,PH_LT,-16.811727,-122.070092,12.424
2016-03-06,PH_LT,-16.843025,-123.11281,11.631
2016-03-07,PH_LT,-16.808154,-121.916061,12.549
2016-03-08,PH_LT,-16.791239,-122.371088,11.959
2016-03-09,PH_LT,-16.653519,-121.892364,11.336
2016-03-10,PH_LT,-16.868896,-122.488786,12.462
2016-03-11,PH_LT,-16.782287,-122.194469,12.064
2016-03-12,PH_LT,-16.726075,-122.063401,11.745
2016-03-13,PH_LT,-16.814527,-122.465882,12.05
2016-03-14,PH_LT,-16.610204,-121.553093,11.329
2016-03-15,PH_LT,-16.70561,-121.750072,11.895
2016-03-16,PH_LT,-16.887182,-122.797631,12.3
2016-03-17,PH_LT,-16.807763,-122.453221,12.009
2016-03-18,PH_LT,-16.909088,-122.617583,12.655
2016-03-19,PH_LT,-16.769847,-122.17572,11.983
2016-03-20,PH_LT,-16.665004,-122.086532,11.233
2016-03-21,PH_LT,-16.694566,-121.838686,11.718
2016-03-22,PH_LT,-16.92767,-122.542504,12.879
2016-03-23,PH_LT,-16.7932,-122.032798,12.313
2016-03-24,PH_LT,-16.7634,-122.149926,11.957
2016-03-25,PH_LT,-16.118389,-120.221351,8.726
2016-03-26,PH_LT,-16.771284,-122.178515,11.992
2016-03-27,PH_LT,-16.841574,-122.681502,12.051
2016-03-28,PH_LT,-16.763858,-122.372645,11.738
2016-03-29,PH_LT,-16.404047,-120.773099,10.459
2016-03-30,PH_LT,-16.402649,-120.809917,10.411
2016-03-31,PH_LT,-16.600234,-121.454148,11.348
2016-04-01,PH_LT,-16.457776,-121.237986,10.424
2016-04-02,PH_LT,-16.512455,-121.137989,10.962
2016-04-03,PH_LT,-16.749905,-122.146702,11.853
2016-04-04,PH_LT,-16.766593,-122.23633,11.896
2016-04-05,PH_LT,-16.808235,-122.743368,11.723
2016-04-06,PH_LT,-16.702697,-122.169238,11.452
2016-04-07,PH_LT,-16.589979,-121.523858,11.196
2016-04-08,PH_LT,-16.668422,-122.129476,11.218
2016-04-09,PH_LT,-16.764301,-122.676156,11.438
2016-04-10,PH_LT,-16.681015,-122.021274,11.427
2016-04-11,PH_LT,-16.72086,-122.057651,11.709
2016-04-12,PH_LT,-16.523646,-121.21482,10.974
2016-04-13,PH_LT,-16.603442,-121.904532,10.923
2016-04-14,PH_LT,-16.656104,-121.912464,11.336
2016-04-15,PH_LT,-16.666485,-121.862582,11.469
2016-04-16,PH_LT,-16.507778,-121.066003,10.996
2016-04-17,PH_LT,-16.635756,-121.497267,11.589
2016-04-18,PH_LT,-16.759585,-122.188575,11.888
2016-04-19,PH_LT,-16.742571,-122.084934,11.856
2016-04-20,PH_LT,-16.746012,-122.097664,11.87
2016-04-21,PH_LT,-16.771733,-122.977643,11.196
2016-04-22,PH_LT,-16.593254,-122.668737,10.077
2016-04-23,PH_LT,-16.962484,-124.677375,11.022
2016-04-24,PH_LT,-16.806158,-123.118916,11.33
2016-04-25,PH_LT,-16.777511,-123.152314,11.068
2016-04-26,PH_LT,-16.866403,-123.050065,11.881
2016-04-27,PH_LT,-16.696895,-122.908246,10.667
2016-04-28,PH_LT,-16.779964,-122.739788,11.5
2016-04-29,PH_LT,-16.564131,-121.677927,10.835
2016-04-30,PH_LT,-16.812,-122.984869,11.511
2016-05-01,PH_LT,-16.811389,-122.186146,12.305
2016-05-02,PH_LT,-16.849347,-122.868509,11.926
2016-05-03,PH_LT,-16.809088,-123.292393,11.18
2016-05-04,PH_LT,-16.739975,-122.677835,11.242
2016-05-05,PH_LT,-16.827504,-123.204182,11.416
2016-05-06,PH_LT,-16.836357,-122.532624,12.158
2016-05-07,PH_LT,-16.779607,-122.442542,11.794
2016-05-08,PH_LT,-16.81995,-122.53856,12.021
2016-05-09,PH_LT,-16.664162,-121.716919,11.596
2016-05-10,PH_LT,-16.588628,-120.829196,11.88
2016-05-11,PH_LT,-16.734161,-121.832757,12.041
2016-05-12,PH_LT,-16.736345,-122.447875,11.443
2016-05-13,PH_LT,-16.730441,-122.244392,11.599
2016-05-14,PH_LT,-16.970251,-122.955003,12.807
2016-05-15,PH_LT,-16.556502,-120.07207,12.38
2016-05-16,PH_LT,-16.61478,-120.88231,12.036
2016-05-17,PH_LT,-16.599168,-120.137549,12.656
2016-05-18,PH_LT,-16.726811,-121.609272,12.205
2016-05-19,PH_LT,-16.783905,-121.769433,12.502
2016-05-20,PH_LT,-16.766856,-121.591844,12.543
2016-05-21,PH_LT,-16.672735,-121.157499,12.224
2016-05-22,PH_LT,-16.616351,-120.985695,11.945
2016-05-23,PH_LT,-16.695654,-121.11522,12.45
2016-05-24,PH_LT,-16.524481,-120.954305,11.242
2016-05-25,PH_LT,-16.654904,-121.121587,12.118
2016-05-26,PH_LT,-16.735236,-121.27168,12.61
2016-05-27,PH_LT,-16.7153545,-121.215988,12.507
2016-05-28,PH_LT,-16.695473,-121.160296,12.403
2016-05-29,PH_LT,-16.74532,-121.461244,12.501
2016-05-30,PH_LT,-16.637317,-121.113063,11.985
2016-05-31,PH_LT,-16.614285,-120.794832,12.119
2016-06-01,PH_LT,-16.614729,-120.846979,12.071
2016-06-02,PH_LT,-16.634155,-120.464632,12.609
2016-06-03,PH_LT,-16.648453,-120.507013,12.681
2016-06-04,PH_LT,-16.485478,-120.476578,11.407
2016-06-05,PH_LT,-16.532111,-120.109274,12.148
2016-06-06,PH_LT,-16.626959,-120.265506,12.75
2016-06-07,PH_LT,-16.639711,-120.688305,12.429
2016-06-08,PH_LT,-16.652463,-121.111104,12.109
2016-06-12,PH_LT,-16.852188,-123.762082,11.055
2016-06-17,PH_LT,-17.04177,-125.050286,11.284
2016-06-30,PH_LT,-17.161312,-130.786647,6.504
2016-07-01,PH_LT,-17.026375,-124.740818,11.47
2016-07-02,PH_LT,-17.318526,-126.309363,12.239
2016-07-03,PH_LT,-16.612823,-120.411152,12.491
2016-07-04,PH_LT,-16.688685,-120.740812,12.769
2016-07-05,PH_LT,-16.669827,-120.769145,12.589
2016-07-06,PH_LT,-16.832357,-121.646141,13.013
2016-07-07,PH_LT,-16.774926,-121.634742,12.565
2016-07-08,PH_LT,-16.671176,-120.729823,12.64
2016-07-09,PH_LT,-16.6194,-120.225254,12.73
2016-07-10,PH_LT,-16.363121,-117.673642,13.231
2016-07-11,PH_LT,-16.346986,-117.501294,13.275
2016-07-12,PH_LT,-17.000032,-128.818243,7.182
2016-07-13,PH_LT,-16.744951,-122.238708,11.721
2016-07-14,PH_LT,-16.899445,-125.393799,9.802
2016-07-15,PH_LT,-16.738271,-121.251822,12.654
2016-07-16,PH_LT,-16.560166,-121.115514,11.366
2016-07-17,PH_LT,-17.024055,-127.096922,9.096
2016-07-18,PH_LT,-17.024055,-127.096922,9.096
2016-07-18,PH_LT,-16.547541,-127.096922,5.283
2016-07-18,PH_LT,-17.024055,-119.923226,16.269
2016-07-18,PH_LT,-16.547541,-119.923226,12.457
2016-07-19,PH_LT,-16.547701,-120.089758,12.292
2016-07-19,PH_LT,-16.576386,-120.089758,12.521
2016-07-19,PH_LT,-16.416094,-120.089758,11.239
2016-07-19,PH_LT,-16.359341,-120.089758,10.785
2016-07-19,PH_LT,-16.415587,-120.089758,11.235
2016-07-19,PH_LT,-16.420481,-120.089758,11.274
2016-07-19,PH_LT,-16.366206,-120.089758,10.84
2016-07-19,PH_LT,-16.049961,-120.089758,8.31
2016-07-19,PH_LT,-16.070842,-120.089758,8.477
2016-07-19,PH_LT,-16.120726,-120.089758,8.876
2016-07-19,PH_LT,-16.017059,-120.089758,8.047
2016-07-19,PH_LT,-15.94381,-120.089758,7.461
2016-07-19,PH_LT,-16.061047,-120.089758,8.399
2016-07-19,PH_LT,-16.17364,-120.089758,9.299
2016-07-19,PH_LT,-16.315322,-120.089758,10.433
2016-07-19,PH_LT,-16.362579,-120.089758,10.811
2016-07-19,PH_LT,-16.419736,-120.089758,11.268
2016-07-19,PH_LT,-16.171103,-120.089758,9.279
2016-07-19,PH_LT,-16.287298,-120.089758,10.209
2016-07-19,PH_LT,-16.339644,-120.089758,10.627
2016-07-19,PH_LT,-16.336891,-120.089758,10.605
2016-07-19,PH_LT,-16.256616,-120.089758,9.963
2016-07-19,PH_LT,-16.547701,-120.086286,12.295
2016-07-19,PH_LT,-16.576386,-120.086286,12.525
2016-07-19,PH_LT,-16.416094,-120.086286,11.242
2016-07-19,PH_LT,-16.359341,-120.086286,10.788
2016-07-19,PH_LT,-16.415587,-120.086286,11.238
2016-07-19,PH_LT,-16.420481,-120.086286,11.278
2016-07-19,PH_LT,-16.366206,-120.086286,10.843
2016-07-19,PH_LT,-16.049961,-120.086286,8.313
2016-07-19,PH_LT,-16.070842,-120.086286,8.48
2016-07-19,PH_LT,-16.120726,-120.086286,8.88
2016-07-19,PH_LT,-16.017059,-120.086286,8.05
2016-07-19,PH_LT,-15.94381,-120.086286,7.464
2016-07-19,PH_LT,-16.061047,-120.086286,8.402
2016-07-19,PH_LT,-16.17364,-120.086286,9.303
2016-07-19,PH_LT,-16.315322,-120.086286,10.436
2016-07-19,PH_LT,-16.362579,-120.086286,10.814
2016-07-19,PH_LT,-16.419736,-120.086286,11.272
2016-07-19,PH_LT,-16.171103,-120.086286,9.283
2016-07-19,PH_LT,-16.287298,-120.086286,10.212
2016-07-19,PH_LT,-16.339644,-120.086286,10.631
2016-07-19,PH_LT,-16.336891,-120.086286,10.609
2016-07-19,PH_LT,-16.256616,-120.086286,9.967
2016-07-19,PH_LT,-16.547701,-119.189731,13.192
2016-07-19,PH_LT,-16.576386,-119.189731,13.421
2016-07-19,PH_LT,-16.416094,-119.189731,12.139
2016-07-19,PH_LT,-16.359341,-119.189731,11.685
2016-07-19,PH_LT,-16.415587,-119.189731,12.135
2016-07-19,PH_LT,-16.420481,-119.189731,12.174
2016-07-19,PH_LT,-16.366206,-119.189731,11.74
2016-07-19,PH_LT,-16.049961,-119.189731,9.21
2016-07-19,PH_LT,-16.070842,-119.189731,9.377
2016-07-19,PH_LT,-16.120726,-119.189731,9.776
2016-07-19,PH_LT,-16.017059,-119.189731,8.947
2016-07-19,PH_LT,-15.94381,-119.189731,8.361
2016-07-19,PH_LT,-16.061047,-119.189731,9.299
2016-07-19,PH_LT,-16.17364,-119.189731,10.199
2016-07-19,PH_LT,-16.315322,-119.189731,11.333
2016-07-19,PH_LT,-16.362579,-119.189731,11.711
2016-07-19,PH_LT,-16.419736,-119.189731,12.168
2016-07-19,PH_LT,-16.171103,-119.189731,10.179
2016-07-19,PH_LT,-16.287298,-119.189731,11.109
2016-07-19,PH_LT,-16.339644,-119.189731,11.527
2016-07-19,PH_LT,-16.336891,-119.189731,11.505
2016-07-19,PH_LT,-16.256616,-119.189731,10.863
2016-07-19,PH_LT,-16.547701,-118.91387,13.468
2016-07-19,PH_LT,-16.576386,-118.91387,13.697
2016-07-19,PH_LT,-16.416094,-118.91387,12.415
2016-07-19,PH_LT,-16.359341,-118.91387,11.961
2016-07-19,PH_LT,-16.415587,-118.91387,12.411
2016-07-19,PH_LT,-16.420481,-118.91387,12.45
2016-07-19,PH_LT,-16.366206,-118.91387,12.016
2016-07-19,PH_LT,-16.049961,-118.91387,9.486
2016-07-19,PH_LT,-16.070842,-118.91387,9.653
2016-07-19,PH_LT,-16.120726,-118.91387,10.052
2016-07-19,PH_LT,-16.017059,-118.91387,9.223
2016-07-19,PH_LT,-15.94381,-118.91387,8.637
2016-07-19,PH_LT,-16.061047,-118.91387,9.575
2016-07-19,PH_LT,-16.17364,-118.91387,10.475
2016-07-19,PH_LT,-16.315322,-118.91387,11.609
2016-07-19,PH_LT,-16.362579,-118.91387,11.987
2016-07-19,PH_LT,-16.419736,-118.91387,12.444
2016-07-19,PH_LT,-16.171103,-118.91387,10.455
2016-07-19,PH_LT,-16.287298,-118.91387,11.385
2016-07-19,PH_LT,-16.339644,-118.91387,11.803
2016-07-19,PH_LT,-16.336891,-118.91387,11.781
2016-07-19,PH_LT,-16.256616,-118.91387,11.139
2016-07-19,PH_LT,-16.547701,-119.380143,13.001
2016-07-19,PH_LT,-16.576386,-119.380143,13.231
2016-07-19,PH_LT,-16.416094,-119.380143,11.949
2016-07-19,PH_LT,-16.359341,-119.380143,11.495
2016-07-19,PH_LT,-16.415587,-119.380143,11.945
2016-07-19,PH_LT,-16.420481,-119.380143,11.984
2016-07-19,PH_LT,-16.366206,-119.380143,11.55
2016-07-19,PH_LT,-16.049961,-119.380143,9.02
2016-07-19,PH_LT,-16.070842,-119.380143,9.187
2016-07-19,PH_LT,-16.120726,-119.380143,9.586
2016-07-19,PH_LT,-16.017059,-119.380143,8.756
2016-07-19,PH_LT,-15.94381,-119.380143,8.17
2016-07-19,PH_LT,-16.061047,-119.380143,9.108
2016-07-19,PH_LT,-16.17364,-119.380143,10.009
2016-07-19,PH_LT,-16.315322,-119.380143,11.142
2016-07-19,PH_LT,-16.362579,-119.380143,11.52
2016-07-19,PH_LT,-16.419736,-119.380143,11.978
2016-07-19,PH_LT,-16.171103,-119.380143,9.989
2016-07-19,PH_LT,-16.287298,-119.380143,10.918
2016-07-19,PH_LT,-16.339644,-119.380143,11.337
2016-07-19,PH_LT,-16.336891,-119.380143,11.315
2016-07-19,PH_LT,-16.256616,-119.380143,10.673
2016-07-19,PH_LT,-16.547701,-119.558916,12.823
2016-07-19,PH_LT,-16.576386,-119.558916,13.052
2016-07-19,PH_LT,-16.416094,-119.558916,11.77
2016-07-19,PH_LT,-16.359341,-119.558916,11.316
2016-07-19,PH_LT,-16.415587,-119.558916,11.766
2016-07-19,PH_LT,-16.420481,-119.558916,11.805
2016-07-19,PH_LT,-16.366206,-119.558916,11.371
2016-07-19,PH_LT,-16.049961,-119.558916,8.841
2016-07-19,PH_LT,-16.070842,-119.558916,9.008
2016-07-19,PH_LT,-16.120726,-119.558916,9.407
2016-07-19,PH_LT,-16.017059,-119.558916,8.578
2016-07-19,PH_LT,-15.94381,-119.558916,7.992
2016-07-19,PH_LT,-16.061047,-119.558916,8.929
2016-07-19,PH_LT,-16.17364,-119.558916,9.83
2016-07-19,PH_LT,-16.315322,-119.558916,10.964
2016-07-19,PH_LT,-16.362579,-119.558916,11.342
2016-07-19,PH_LT,-16.419736,-119.558916,11.799
2016-07-19,PH_LT,-16.171103,-119.558916,9.81
2016-07-19,PH_LT,-16.287298,-119.558916,10.739
2016-07-19,PH_LT,-16.339644,-119.558916,11.158
2016-07-19,PH_LT,-16.336891,-119.558916,11.136
2016-07-19,PH_LT,-16.256616,-119.558916,10.494
2016-07-19,PH_LT,-16.547701,-118.972708,13.409
2016-07-19,PH_LT,-16.576386,-118.972708,13.638
2016-07-19,PH_LT,-16.416094,-118.972708,12.356
2016-07-19,PH_LT,-16.359341,-118.972708,11.902
2016-07-19,PH_LT,-16.415587,-118.972708,12.352
2016-07-19,PH_LT,-16.420481,-118.972708,12.391
2016-07-19,PH_LT,-16.366206,-118.972708,11.957
2016-07-19,PH_LT,-16.049961,-118.972708,9.427
2016-07-19,PH_LT,-16.070842,-118.972708,9.594
2016-07-19,PH_LT,-16.120726,-118.972708,9.993
2016-07-19,PH_LT,-16.017059,-118.972708,9.164
2016-07-19,PH_LT,-15.94381,-118.972708,8.578
2016-07-19,PH_LT,-16.061047,-118.972708,9.516
2016-07-19,PH_LT,-16.17364,-118.972708,10.416
2016-07-19,PH_LT,-16.315322,-118.972708,11.55
2016-07-19,PH_LT,-16.362579,-118.972708,11.928
2016-07-19,PH_LT,-16.419736,-118.972708,12.385
2016-07-19,PH_LT,-16.171103,-118.972708,10.396
2016-07-19,PH_LT,-16.287298,-118.972708,11.326
2016-07-19,PH_LT,-16.339644,-118.972708,11.744
2016-07-19,PH_LT,-16.336891,-118.972708,11.722
2016-07-19,PH_LT,-16.256616,-118.972708,11.08
2016-07-19,PH_LT,-16.547701,-116.591174,15.79
2016-07-19,PH_LT,-16.576386,-116.591174,16.02
2016-07-19,PH_LT,-16.416094,-116.591174,14.738
2016-07-19,PH_LT,-16.359341,-116.591174,14.284
2016-07-19,PH_LT,-16.415587,-116.591174,14.734
2016-07-19,PH_LT,-16.420481,-116.591174,14.773
2016-07-19,PH_LT,-16.366206,-116.591174,14.338
2016-07-19,PH_LT,-16.049961,-116.591174,11.809
2016-07-19,PH_LT,-16.070842,-116.591174,11.976
2016-07-19,PH_LT,-16.120726,-116.591174,12.375
2016-07-19,PH_LT,-16.017059,-116.591174,11.545
2016-07-19,PH_LT,-15.94381,-116.591174,10.959
2016-07-19,PH_LT,-16.061047,-116.591174,11.897
2016-07-19,PH_LT,-16.17364,-116.591174,12.798
2016-07-19,PH_LT,-16.315322,-116.591174,13.931
2016-07-19,PH_LT,-16.362579,-116.591174,14.309
2016-07-19,PH_LT,-16.419736,-116.591174,14.767
2016-07-19,PH_LT,-16.171103,-116.591174,12.778
2016-07-19,PH_LT,-16.287298,-116.591174,13.707
2016-07-19,PH_LT,-16.339644,-116.591174,14.126
2016-07-19,PH_LT,-16.336891,-116.591174,14.104
2016-07-19,PH_LT,-16.256616,-116.591174,13.462
2016-07-19,PH_LT,-16.547701,-115.83486,16.547
2016-07-19,PH_LT,-16.576386,-115.83486,16.776
2016-07-19,PH_LT,-16.416094,-115.83486,15.494
2016-07-19,PH_LT,-16.359341,-115.83486,15.04
2016-07-19,PH_LT,-16.415587,-115.83486,15.49
2016-07-19,PH_LT,-16.420481,-115.83486,15.529
2016-07-19,PH_LT,-16.366206,-115.83486,15.095
2016-07-19,PH_LT,-16.049961,-115.83486,12.565
2016-07-19,PH_LT,-16.070842,-115.83486,12.732
2016-07-19,PH_LT,-16.120726,-115.83486,13.131
2016-07-19,PH_LT,-16.017059,-115.83486,12.302
2016-07-19,PH_LT,-15.94381,-115.83486,11.716
2016-07-19,PH_LT,-16.061047,-115.83486,12.654
2016-07-19,PH_LT,-16.17364,-115.83486,13.554
2016-07-19,PH_LT,-16.315322,-115.83486,14.688
2016-07-19,PH_LT,-16.362579,-115.83486,15.066
2016-07-19,PH_LT,-16.419736,-115.83486,15.523
2016-07-19,PH_LT,-16.171103,-115.83486,13.534
2016-07-19,PH_LT,-16.287298,-115.83486,14.464
2016-07-19,PH_LT,-16.339644,-115.83486,14.882
2016-07-19,PH_LT,-16.336891,-115.83486,14.86
2016-07-19,PH_LT,-16.256616,-115.83486,14.218
2016-07-19,PH_LT,-16.547701,-116.00607,16.376
2016-07-19,PH_LT,-16.576386,-116.00607,16.605
2016-07-19,PH_LT,-16.416094,-116.00607,15.323
2016-07-19,PH_LT,-16.359341,-116.00607,14.869
2016-07-19,PH_LT,-16.415587,-116.00607,15.319
2016-07-19,PH_LT,-16.420481,-116.00607,15.358
2016-07-19,PH_LT,-16.366206,-116.00607,14.924
2016-07-19,PH_LT,-16.049961,-116.00607,12.394
2016-07-19,PH_LT,-16.070842,-116.00607,12.561
2016-07-19,PH_LT,-16.120726,-116.00607,12.96
2016-07-19,PH_LT,-16.017059,-116.00607,12.13
2016-07-19,PH_LT,-15.94381,-116.00607,11.544
2016-07-19,PH_LT,-16.061047,-116.00607,12.482
2016-07-19,PH_LT,-16.17364,-116.00607,13.383
2016-07-19,PH_LT,-16.315322,-116.00607,14.517
2016-07-19,PH_LT,-16.362579,-116.00607,14.895
2016-07-19,PH_LT,-16.419736,-116.00607,15.352
2016-07-19,PH_LT,-16.171103,-116.00607,13.363
2016-07-19,PH_LT,-16.287298,-116.00607,14.292
2016-07-19,PH_LT,-16.339644,-116.00607,14.711
2016-07-19,PH_LT,-16.336891,-116.00607,14.689
2016-07-19,PH_LT,-16.256616,-116.00607,14.047
2016-07-19,PH_LT,-16.547701,-115.379393,17.002
2016-07-19,PH_LT,-16.576386,-115.379393,17.232
2016-07-19,PH_LT,-16.416094,-115.379393,15.949
2016-07-19,PH_LT,-16.359341,-115.379393,15.495
2016-07-19,PH_LT,-16.415587,-115.379393,15.945
2016-07-19,PH_LT,-16.420481,-115.379393,15.984
2016-07-19,PH_LT,-16.366206,-115.379393,15.55
2016-07-19,PH_LT,-16.049961,-115.379393,13.02
2016-07-19,PH_LT,-16.070842,-115.379393,13.187
2016-07-19,PH_LT,-16.120726,-115.379393,13.586
2016-07-19,PH_LT,-16.017059,-115.379393,12.757
2016-07-19,PH_LT,-15.94381,-115.379393,12.171
2016-07-19,PH_LT,-16.061047,-115.379393,13.109
2016-07-19,PH_LT,-16.17364,-115.379393,14.01
2016-07-19,PH_LT,-16.315322,-115.379393,15.143
2016-07-19,PH_LT,-16.362579,-115.379393,15.521
2016-07-19,PH_LT,-16.419736,-115.379393,15.978
2016-07-19,PH_LT,-16.171103,-115.379393,13.989
2016-07-19,PH_LT,-16.287298,-115.379393,14.919
2016-07-19,PH_LT,-16.339644,-115.379393,15.338
2016-07-19,PH_LT,-16.336891,-115.379393,15.316
2016-07-19,PH_LT,-16.256616,-115.379393,14.674
2016-07-19,PH_LT,-16.547701,-117.052752,15.329
2016-07-19,PH_LT,-16.576386,-117.052752,15.558
2016-07-19,PH_LT,-16.416094,-117.052752,14.276
2016-07-19,PH_LT,-16.359341,-117.052752,13.822
2016-07-19,PH_LT,-16.415587,-117.052752,14.272
2016-07-19,PH_LT,-16.420481,-117.052752,14.311
2016-07-19,PH_LT,-16.366206,-117.052752,13.877
2016-07-19,PH_LT,-16.049961,-117.052752,11.347
2016-07-19,PH_LT,-16.070842,-117.052752,11.514
2016-07-19,PH_LT,-16.120726,-117.052752,11.913
2016-07-19,PH_LT,-16.017059,-117.052752,11.084
2016-07-19,PH_LT,-15.94381,-117.052752,10.498
2016-07-19,PH_LT,-16.061047,-117.052752,11.436
2016-07-19,PH_LT,-16.17364,-117.052752,12.336
2016-07-19,PH_LT,-16.315322,-117.052752,13.47
2016-07-19,PH_LT,-16.362579,-117.052752,13.848
2016-07-19,PH_LT,-16.419736,-117.052752,14.305
2016-07-19,PH_LT,-16.171103,-117.052752,12.316
2016-07-19,PH_LT,-16.287298,-117.052752,13.246
2016-07-19,PH_LT,-16.339644,-117.052752,13.664
2016-07-19,PH_LT,-16.336891,-117.052752,13.642
2016-07-19,PH_LT,-16.256616,-117.052752,13.0
2016-07-19,PH_LT,-16.547701,-117.534403,14.847
2016-07-19,PH_LT,-16.576386,-117.534403,15.077
2016-07-19,PH_LT,-16.416094,-117.534403,13.794
2016-07-19,PH_LT,-16.359341,-117.534403,13.34
2016-07-19,PH_LT,-16.415587,-117.534403,13.79
2016-07-19,PH_LT,-16.420481,-117.534403,13.829
2016-07-19,PH_LT,-16.366206,-117.534403,13.395
2016-07-19,PH_LT,-16.049961,-117.534403,10.865
2016-07-19,PH_LT,-16.070842,-117.534403,11.032
2016-07-19,PH_LT,-16.120726,-117.534403,11.431
2016-07-19,PH_LT,-16.017059,-117.534403,10.602
2016-07-19,PH_LT,-15.94381,-117.534403,10.016
2016-07-19,PH_LT,-16.061047,-117.534403,10.954
2016-07-19,PH_LT,-16.17364,-117.534403,11.855
2016-07-19,PH_LT,-16.315322,-117.534403,12.988
2016-07-19,PH_LT,-16.362579,-117.534403,13.366
2016-07-19,PH_LT,-16.419736,-117.534403,13.823
2016-07-19,PH_LT,-16.171103,-117.534403,11.834
2016-07-19,PH_LT,-16.287298,-117.534403,12.764
2016-07-19,PH_LT,-16.339644,-117.534403,13.183
2016-07-19,PH_LT,-16.336891,-117.534403,13.161
2016-07-19,PH_LT,-16.256616,-117.534403,12.519
2016-07-19,PH_LT,-16.547701,-118.03605,14.346
2016-07-19,PH_LT,-16.576386,-118.03605,14.575
2016-07-19,PH_LT,-16.416094,-118.03605,13.293
2016-07-19,PH_LT,-16.359341,-118.03605,12.839
2016-07-19,PH_LT,-16.415587,-118.03605,13.289
2016-07-19,PH_LT,-16.420481,-118.03605,13.328
2016-07-19,PH_LT,-16.366206,-118.03605,12.894
2016-07-19,PH_LT,-16.049961,-118.03605,10.364
2016-07-19,PH_LT,-16.070842,-118.03605,10.531
2016-07-19,PH_LT,-16.120726,-118.03605,10.93
2016-07-19,PH_LT,-16.017059,-118.03605,10.1
2016-07-19,PH_LT,-15.94381,-118.03605,9.514
2016-07-19,PH_LT,-16.061047,-118.03605,10.452
2016-07-19,PH_LT,-16.17364,-118.03605,11.353
2016-07-19,PH_LT,-16.315322,-118.03605,12.487
2016-07-19,PH_LT,-16.362579,-118.03605,12.865
2016-07-19,PH_LT,-16.419736,-118.03605,13.322
2016-07-19,PH_LT,-16.171103,-118.03605,11.333
2016-07-19,PH_LT,-16.287298,-118.03605,12.262
2016-07-19,PH_LT,-16.339644,-118.03605,12.681
2016-07-19,PH_LT,-16.336891,-118.03605,12.659
2016-07-19,PH_LT,-16.256616,-118.03605,12.017
2016-07-19,PH_LT,-16.547701,-117.876882,14.505
2016-07-19,PH_LT,-16.576386,-117.876882,14.734
2016-07-19,PH_LT,-16.416094,-117.876882,13.452
2016-07-19,PH_LT,-16.359341,-117.876882,12.998
2016-07-19,PH_LT,-16.415587,-117.876882,13.448
2016-07-19,PH_LT,-16.420481,-117.876882,13.487
2016-07-19,PH_LT,-16.366206,-117.876882,13.053
2016-07-19,PH_LT,-16.049961,-117.876882,10.523
2016-07-19,PH_LT,-16.070842,-117.876882,10.69
2016-07-19,PH_LT,-16.120726,-117.876882,11.089
2016-07-19,PH_LT,-16.017059,-117.876882,10.26
2016-07-19,PH_LT,-15.94381,-117.876882,9.674
2016-07-19,PH_LT,-16.061047,-117.876882,10.611
2016-07-19,PH_LT,-16.17364,-117.876882,11.512
2016-07-19,PH_LT,-16.315322,-117.876882,12.646
2016-07-19,PH_LT,-16.362579,-117.876882,13.024
2016-07-19,PH_LT,-16.419736,-117.876882,13.481
2016-07-19,PH_LT,-16.171103,-117.876882,11.492
2016-07-19,PH_LT,-16.287298,-117.876882,12.422
2016-07-19,PH_LT,-16.339644,-117.876882,12.84
2016-07-19,PH_LT,-16.336891,-117.876882,12.818
2016-07-19,PH_LT,-16.256616,-117.876882,12.176
2016-07-19,PH_LT,-16.547701,-118.234236,14.147
2016-07-19,PH_LT,-16.576386,-118.234236,14.377
2016-07-19,PH_LT,-16.416094,-118.234236,13.095
2016-07-19,PH_LT,-16.359341,-118.234236,12.64
2016-07-19,PH_LT,-16.415587,-118.234236,13.09
2016-07-19,PH_LT,-16.420481,-118.234236,13.13
2016-07-19,PH_LT,-16.366206,-118.234236,12.695
2016-07-19,PH_LT,-16.049961,-118.234236,10.165
2016-07-19,PH_LT,-16.070842,-118.234236,10.332
2016-07-19,PH_LT,-16.120726,-118.234236,10.732
2016-07-19,PH_LT,-16.017059,-118.234236,9.902
2016-07-19,PH_LT,-15.94381,-118.234236,9.316
2016-07-19,PH_LT,-16.061047,-118.234236,10.254
2016-07-19,PH_LT,-16.17364,-118.234236,11.155
2016-07-19,PH_LT,-16.315322,-118.234236,12.288
2016-07-19,PH_LT,-16.362579,-118.234236,12.666
2016-07-19,PH_LT,-16.419736,-118.234236,13.124
2016-07-19,PH_LT,-16.171103,-118.234236,11.135
2016-07-19,PH_LT,-16.287298,-118.234236,12.064
2016-07-19,PH_LT,-16.339644,-118.234236,12.483
2016-07-19,PH_LT,-16.336891,-118.234236,12.461
2016-07-19,PH_LT,-16.256616,-118.234236,11.819
2016-07-19,PH_LT,-16.547701,-118.135127,14.246
2016-07-19,PH_LT,-16.576386,-118.135127,14.476
2016-07-19,PH_LT,-16.416094,-118.135127,13.194
2016-07-19,PH_LT,-16.359341,-118.135127,12.74
2016-07-19,PH_LT,-16.415587,-118.135127,13.19
2016-07-19,PH_LT,-16.420481,-118.135127,13.229
2016-07-19,PH_LT,-16.366206,-118.135127,12.795
2016-07-19,PH_LT,-16.049961,-118.135127,10.265
2016-07-19,PH_LT,-16.070842,-118.135127,10.432
2016-07-19,PH_LT,-16.120726,-118.135127,10.831
2016-07-19,PH_LT,-16.017059,-118.135127,10.001
2016-07-19,PH_LT,-15.94381,-118.135127,9.415
2016-07-19,PH_LT,-16.061047,-118.135127,10.353
2016-07-19,PH_LT,-16.17364,-118.135127,11.254
2016-07-19,PH_LT,-16.315322,-118.135127,12.387
2016-07-19,PH_LT,-16.362579,-118.135127,12.766
2016-07-19,PH_LT,-16.419736,-118.135127,13.223
2016-07-19,PH_LT,-16.171103,-118.135127,11.234
2016-07-19,PH_LT,-16.287298,-118.135127,12.163
2016-07-19,PH_LT,-16.339644,-118.135127,12.582
2016-07-19,PH_LT,-16.336891,-118.135127,12.56
2016-07-19,PH_LT,-16.256616,-118.135127,11.918
2016-07-19,PH_LT,-16.547701,-117.727942,14.654
2016-07-19,PH_LT,-16.576386,-117.727942,14.883
2016-07-19,PH_LT,-16.416094,-117.727942,13.601
2016-07-19,PH_LT,-16.359341,-117.727942,13.147
2016-07-19,PH_LT,-16.415587,-117.727942,13.597
2016-07-19,PH_LT,-16.420481,-117.727942,13.636
2016-07-19,PH_LT,-16.366206,-117.727942,13.202
2016-07-19,PH_LT,-16.049961,-117.727942,10.672
2016-07-19,PH_LT,-16.070842,-117.727942,10.839
2016-07-19,PH_LT,-16.120726,-117.727942,11.238
2016-07-19,PH_LT,-16.017059,-117.727942,10.409
2016-07-19,PH_LT,-15.94381,-117.727942,9.823
2016-07-19,PH_LT,-16.061047,-117.727942,10.76
2016-07-19,PH_LT,-16.17364,-117.727942,11.661
2016-07-19,PH_LT,-16.315322,-117.727942,12.795
2016-07-19,PH_LT,-16.362579,-117.727942,13.173
2016-07-19,PH_LT,-16.419736,-117.727942,13.63
2016-07-19,PH_LT,-16.171103,-117.727942,11.641
2016-07-19,PH_LT,-16.287298,-117.727942,12.57
2016-07-19,PH_LT,-16.339644,-117.727942,12.989
2016-07-19,PH_LT,-16.336891,-117.727942,12.967
2016-07-19,PH_LT,-16.256616,-117.727942,12.325
2016-07-19,PH_LT,-16.547701,-117.809677,14.572
2016-07-19,PH_LT,-16.576386,-117.809677,14.801
2016-07-19,PH_LT,-16.416094,-117.809677,13.519
2016-07-19,PH_LT,-16.359341,-117.809677,13.065
2016-07-19,PH_LT,-16.415587,-117.809677,13.515
2016-07-19,PH_LT,-16.420481,-117.809677,13.554
2016-07-19,PH_LT,-16.366206,-117.809677,13.12
2016-07-19,PH_LT,-16.049961,-117.809677,10.59
2016-07-19,PH_LT,-16.070842,-117.809677,10.757
2016-07-19,PH_LT,-16.120726,-117.809677,11.156
2016-07-19,PH_LT,-16.017059,-117.809677,10.327
2016-07-19,PH_LT,-15.94381,-117.809677,9.741
2016-07-19,PH_LT,-16.061047,-117.809677,10.679
2016-07-19,PH_LT,-16.17364,-117.809677,11.579
2016-07-19,PH_LT,-16.315322,-117.809677,12.713
2016-07-19,PH_LT,-16.362579,-117.809677,13.091
2016-07-19,PH_LT,-16.419736,-117.809677,13.548
2016-07-19,PH_LT,-16.171103,-117.809677,11.559
2016-07-19,PH_LT,-16.287298,-117.809677,12.489
2016-07-19,PH_LT,-16.339644,-117.809677,12.907
2016-07-19,PH_LT,-16.336891,-117.809677,12.885
2016-07-19,PH_LT,-16.256616,-117.809677,12.243
2016-07-19,PH_LT,-16.547701,-118.004733,14.377
2016-07-19,PH_LT,-16.576386,-118.004733,14.606
2016-07-19,PH_LT,-16.416094,-118.004733,13.324
2016-07-19,PH_LT,-16.359341,-118.004733,12.87
2016-07-19,PH_LT,-16.415587,-118.004733,13.32
2016-07-19,PH_LT,-16.420481,-118.004733,13.359
2016-07-19,PH_LT,-16.366206,-118.004733,12.925
2016-07-19,PH_LT,-16.049961,-118.004733,10.395
2016-07-19,PH_LT,-16.070842,-118.004733,10.562
2016-07-19,PH_LT,-16.120726,-118.004733,10.961
2016-07-19,PH_LT,-16.017059,-118.004733,10.132
2016-07-19,PH_LT,-15.94381,-118.004733,9.546
2016-07-19,PH_LT,-16.061047,-118.004733,10.484
2016-07-19,PH_LT,-16.17364,-118.004733,11.384
2016-07-19,PH_LT,-16.315322,-118.004733,12.518
2016-07-19,PH_LT,-16.362579,-118.004733,12.896
2016-07-19,PH_LT,-16.419736,-118.004733,13.353
2016-07-19,PH_LT,-16.171103,-118.004733,11.364
2016-07-19,PH_LT,-16.287298,-118.004733,12.294
2016-07-19,PH_LT,-16.339644,-118.004733,12.712
2016-07-19,PH_LT,-16.336891,-118.004733,12.69
2016-07-19,PH_LT,-16.256616,-118.004733,12.048
2016-07-19,PH_LT,-16.547701,-117.909934,14.472
2016-07-19,PH_LT,-16.576386,-117.909934,14.701
2016-07-19,PH_LT,-16.416094,-117.909934,13.419
2016-07-19,PH_LT,-16.359341,-117.909934,12.965
2016-07-19,PH_LT,-16.415587,-117.909934,13.415
2016-07-19,PH_LT,-16.420481,-117.909934,13.454
2016-07-19,PH_LT,-16.366206,-117.909934,13.02
2016-07-19,PH_LT,-16.049961,-117.909934,10.49
2016-07-19,PH_LT,-16.070842,-117.909934,10.657
2016-07-19,PH_LT,-16.120726,-117.909934,11.056
2016-07-19,PH_LT,-16.017059,-117.909934,10.227
2016-07-19,PH_LT,-15.94381,-117.909934,9.641
2016-07-19,PH_LT,-16.061047,-117.909934,10.578
2016-07-19,PH_LT,-16.17364,-117.909934,11.479
2016-07-19,PH_LT,-16.315322,-117.909934,12.613
2016-07-19,PH_LT,-16.362579,-117.909934,12.991
2016-07-19,PH_LT,-16.419736,-117.909934,13.448
2016-07-19,PH_LT,-16.171103,-117.909934,11.459
2016-07-19,PH_LT,-16.287298,-117.909934,12.388
2016-07-19,PH_LT,-16.339644,-117.909934,12.807
2016-07-19,PH_LT,-16.336891,-117.909934,12.785
2016-07-19,PH_LT,-16.256616,-117.909934,12.143
2016-07-19,PH_LT,-16.547701,-118.181559,14.2
2016-07-19,PH_LT,-16.576386,-118.181559,14.43
2016-07-19,PH_LT,-16.416094,-118.181559,13.147
2016-07-19,PH_LT,-16.359341,-118.181559,12.693
2016-07-19,PH_LT,-16.415587,-118.181559,13.143
2016-07-19,PH_LT,-16.420481,-118.181559,13.182
2016-07-19,PH_LT,-16.366206,-118.181559,12.748
2016-07-19,PH_LT,-16.049961,-118.181559,10.218
2016-07-19,PH_LT,-16.070842,-118.181559,10.385
2016-07-19,PH_LT,-16.120726,-118.181559,10.784
2016-07-19,PH_LT,-16.017059,-118.181559,9.955
2016-07-19,PH_LT,-15.94381,-118.181559,9.369
2016-07-19,PH_LT,-16.061047,-118.181559,10.307
2016-07-19,PH_LT,-16.17364,-118.181559,11.208
2016-07-19,PH_LT,-16.315322,-118.181559,12.341
2016-07-19,PH_LT,-16.362579,-118.181559,12.719
2016-07-19,PH_LT,-16.419736,-118.181559,13.176
2016-07-19,PH_LT,-16.171103,-118.181559,11.187
2016-07-19,PH_LT,-16.287298,-118.181559,12.117
2016-07-19,PH_LT,-16.339644,-118.181559,12.536
2016-07-19,PH_LT,-16.336891,-118.181559,12.514
2016-07-19,PH_LT,-16.256616,-118.181559,11.871
2016-07-20,PH_LT,-16.36384,-119.070613,11.84
2016-07-21,PH_LT,-16.570675,-120.045057,12.52
2016-07-22,PH_LT,-16.499898,-119.339505,12.66
2016-07-23,PH_LT,-16.442351,-119.081753,12.457
2016-07-24,PH_LT,-16.459335,-119.397251,12.277
2016-07-25,PH_LT,-16.449887,-119.490101,12.109
2016-07-26,PH_LT,-16.387136,-119.618644,11.478
2016-07-27,PH_LT,-16.546116,-120.241296,12.128
2016-07-28,PH_LT,-16.44145,-119.767089,11.765
2016-07-29,PH_LT,-16.40865,-120.343305,10.926
2016-07-30,PH_LT,-16.482362,-120.259094,11.6
2016-07-31,PH_LT,-16.3778705,-119.5465,11.476
2016-08-01,PH_LT,-16.273379,-118.833906,11.353
2016-08-02,PH_LT,-16.432222,-119.580182,11.878
2016-08-03,PH_LT,-16.540054,-120.117765,12.203
2016-08-04,PH_LT,-16.173461,-117.700177,11.688
2016-08-05,PH_LT,-15.559594,-112.51677,11.96
2016-08-06,PH_LT,-15.957542,-114.764464,12.896
2016-08-07,PH_LT,-15.926067,-114.451737,12.957
2016-08-08,PH_LT,-16.066156,-116.20809,12.321
2016-08-09,PH_LT,-16.09759,-116.425563,12.355
2016-08-10,PH_LT,-15.986301,-115.840478,12.05
2016-08-11,PH_LT,-15.922031,-115.30852,12.068
2016-08-12,PH_LT,-15.774742,-116.462305,9.736
2016-08-26,PH_LT,-15.554565,-115.013123,9.423
2016-08-27,PH_LT,-15.890326,-116.311412,10.811
2016-08-28,PH_LT,-16.054844,-116.709511,11.729
2016-08-29,PH_LT,-15.812584,-114.233951,12.267
2016-08-30,PH_LT,-15.906026,-111.524731,15.723
2016-08-31,PH_LT,-16.188019,-113.419117,16.085
2016-09-01,PH_LT,-16.284197,-114.452402,15.821
2016-09-02,PH_LT,-15.793716,-112.555498,13.794
2016-09-03,PH_LT,-15.543425,-110.386324,13.961
2016-09-04,PH_LT,-15.239602,-110.298063,11.619
2016-09-05,PH_LT,-15.651627,-112.008297,13.205
2016-09-06,PH_LT,-15.662457,-113.198484,12.101
2016-09-07,PH_LT,-15.863137,-113.734792,13.17
2016-09-08,PH_LT,-15.846744,-114.484264,12.29
2016-09-09,PH_LT,-15.587631,-114.705527,9.996
2016-09-10,PH_LT,-15.728289,-115.349411,10.477
2016-09-11,PH_LT,-15.69839,-115.319453,10.268
2016-09-12,PH_LT,-15.977673,-115.663766,12.158
2016-09-13,PH_LT,-16.0297,-116.082896,12.155
2016-09-14,PH_LT,-15.889451,-115.541229,11.574
2016-09-15,PH_LT,-15.853305,-115.440105,11.386
2016-09-16,PH_LT,-16.133834,-116.210935,12.86
2016-09-17,PH_LT,-16.001846,-116.260898,11.754
2016-09-18,PH_LT,-16.050001,-116.427507,11.973
2016-09-19,PH_LT,-16.068009,-116.282279,12.262
2016-09-20,PH_LT,-16.263653,-116.937148,13.172
2016-09-21,PH_LT,-16.051073,-116.323703,12.085
2016-09-22,PH_LT,-15.859225,-115.576247,11.298
2016-09-23,PH_LT,-15.907512,-115.628099,11.632
2016-09-24,PH_LT,-16.282165,-116.505412,13.752
2016-09-25,PH_LT,-16.032652,-116.014279,12.247
2016-09-26,PH_LT,-15.958397,-115.882366,11.785
2016-09-27,PH_LT,-15.732027,-114.496715,11.36
2016-09-28,PH_LT,-15.875558,-114.820925,12.184
2016-09-29,PH_LT,-15.769818,-115.190933,10.968
2016-09-30,PH_LT,-15.860196,-115.628875,11.253
2016-10-01,PH_LT,-15.996643,-116.299164,11.674
2016-10-02,PH_LT,-15.927099,-116.477205,10.94
2016-10-03,PH_LT,-15.886704,-116.365279,10.728
2016-10-04,PH_LT,-15.815931,-116.46211,10.065
2016-10-05,PH_LT,-15.646383,-114.396522,10.775
2016-10-06,PH_LT,-16.00386,-116.481847,11.549
2016-10-07,PH_LT,-16.025527,-116.735625,11.469
2016-10-08,PH_LT,-15.936161,-116.762711,10.727
2016-10-13,PH_LT,-15.844946,-116.117632,10.642
2016-11-01,PH_LT,-15.676192,-114.991855,10.418
2016-11-04,PH_LT,-15.822019,-115.403503,11.173
2016-11-07,PH_LT,-15.950541,-115.951947,11.652
2016-11-10,PH_LT,-15.673619,-115.358643,10.03
2016-11-13,PH_LT,-16.069244,-117.041993,11.512
2016-11-16,PH_LT,-16.169951,-117.064354,12.295
2016-11-19,PH_LT,-16.414882,-118.637892,12.681
2016-11-22,PH_LT,-16.582062,-119.118491,13.538
2016-11-25,PH_LT,-16.610743,-119.317542,13.568
2016-11-28,PH_LT,-16.548894,-119.002375,13.389
2016-12-01,PH_LT,-16.660658,-119.023322,14.262
2016-12-04,PH_LT,-16.474023,-118.293398,13.499
2016-12-07,PH_LT,-16.42053,-118.313808,13.05
2016-12-10,PH_LT,-16.698022,-118.443638,15.141
2016-12-13,PH_LT,-16.464644,-117.776562,13.941
2016-12-16,PH_LT,-16.719342,-117.912411,15.842
2016-12-19,PH_LT,-17.09773,-120.713665,16.068
2016-12-22,PH_LT,-16.718224,-118.72787,15.018
2016-12-25,PH_LT,-16.570503,-118.278508,14.286
2016-12-28,PH_LT,-16.523132,-117.975108,14.21
2016-12-31,PH_LT,-16.782712,-118.553229,15.708
2017-01-03,PH_LT,-16.811488,-118.527478,15.964
2017-01-06,PH_LT,-17.187388,-120.992359,16.507
2017-01-09,PH_LT,-16.802023,-120.302666,14.114
2017-01-27,PH_LT,-16.468749,-119.770979,11.979
2017-01-30,PH_LT,-16.585368,-120.230561,12.452
2017-02-02,PH_LT,-16.652834,-121.039936,12.183
2017-02-05,PH_LT,-16.620065,-121.006744,11.954
2017-02-08,PH_LT,-16.597898,-121.057809,11.725
2017-02-11,PH_LT,-16.646087,-121.403772,11.765
2017-02-14,PH_LT,-16.698132,-121.716543,11.869
2017-02-17,PH_LT,-16.740138,-121.258302,12.663
2017-02-20,PH_LT,-16.714436,-121.376421,12.339
2017-02-23,PH_LT,-16.715388,-121.104998,12.618
2017-02-26,PH_LT,-16.632571,-121.249505,11.811
2017-03-01,PH_LT,-16.657321,-121.319874,11.939
2017-03-04,PH_LT,-16.709677,-121.650357,12.027
2017-03-07,PH_LT,-16.705869,-121.87026,11.777
2017-03-10,PH_LT,-16.759176,-122.176867,11.897
2017-03-13,PH_LT,-16.725819,-121.998568,11.808
2017-03-16,PH_LT,-17.038048,-124.494005,11.81
2017-03-19,PH_LT,-17.275657,-126.352788,11.852
2017-03-22,PH_LT,-17.448463,-127.463813,12.124
2017-03-25,PH_LT,-17.297258,-126.279135,12.099
2017-03-28,PH_LT,-17.214782,-125.555096,12.163
2017-03-31,PH_LT,-17.303149,-125.852202,12.573
2017-04-03,PH_LT,-17.357151,-126.29037,12.567
2017-04-06,PH_LT,-16.985445,-125.425792,10.458
2017-04-10,PH_LT,-17.104302,-126.29587,10.539
2017-04-11,PH_LT,-17.094397,-126.651467,10.104
2017-04-12,PH_LT,-17.297444,-126.850702,11.529
2017-04-13,PH_LT,-17.524262,-128.075117,12.119
2017-04-14,PH_LT,-17.622318,-128.626166,12.352
2017-04-15,PH_LT,-17.655004,-128.353794,12.886
2017-04-16,PH_LT,-17.705518,-128.666518,12.978
2017-04-17,PH_LT,-17.469282,-128.327805,11.426
2017-04-18,PH_LT,-17.493398,-128.229625,11.718
2017-04-19,PH_LT,-17.507466,-127.901495,12.158
2017-04-20,PH_LT,-17.494403,-128.136611,11.819
2017-04-21,PH_LT,-17.436122,-127.809773,11.679
2017-04-22,PH_LT,-17.421049,-127.714177,11.654
2017-04-23,PH_LT,-17.560722,-127.454515,13.031
2017-04-24,PH_LT,-17.60393,-127.592743,13.239
2017-04-25,PH_LT,-17.533956,-127.985731,12.286
2017-04-27,PH_LT,-17.549623,-128.659301,11.738
2017-04-28,PH_LT,-17.343021,-126.77978,11.964
2017-04-29,PH_LT,-17.406666,-127.165788,12.088
2017-04-30,PH_LT,-17.327355,-126.703356,11.915
2017-05-01,PH_LT,-17.310709,-126.559575,11.926
2017-05-02,PH_LT,-17.308907,-126.808955,11.662
2017-05-03,PH_LT,-17.331718,-126.990061,11.664
2017-05-04,PH_LT,-17.441022,-127.74615,11.782
2017-05-05,PH_LT,-17.100755,-127.262354,9.544
2017-05-06,PH_LT,-17.628263,-129.179804,11.846
2017-05-07,PH_LT,-17.606402,-129.481226,11.37
2017-05-08,PH_LT,-17.665331,-129.545817,11.777
2017-05-09,PH_LT,-17.576143,-128.567139,12.042
2017-05-10,PH_LT,-17.535173,-128.423597,11.858
2017-05-11,PH_LT,-17.545416,-129.044352,11.319
2017-05-12,PH_LT,-17.603798,-129.089681,11.741
2017-05-13,PH_LT,-17.591507,-128.953694,11.778
2017-05-14,PH_LT,-17.832206,-128.912143,13.746
2017-05-15,PH_LT,-17.969455,-128.397155,15.358
2017-05-16,PH_LT,-17.884442,-128.405969,14.67
2017-05-17,PH_LT,-17.543807,-127.916659,12.434
2017-05-18,PH_LT,-17.360041,-127.509448,11.371
2017-05-19,PH_LT,-17.62526,-128.282137,12.72
2017-05-20,PH_LT,-17.641153,-128.394689,12.735
2017-05-21,PH_LT,-17.49712,-127.643499,12.333
2017-05-22,PH_LT,-17.56268,-127.797784,12.704
2017-05-23,PH_LT,-17.496127,-127.69029,12.279
2017-05-24,PH_LT,-17.518973,-127.804107,12.348
2017-05-25,PH_LT,-17.4592,-127.799623,11.874
2017-05-26,PH_LT,-17.513675,-128.299496,11.81
2017-05-27,PH_LT,-17.381945,-128.215557,10.84
2017-05-28,PH_LT,-17.548341,-128.763037,11.624
2017-05-29,PH_LT,-17.535465,-127.876045,12.408
2017-05-30,PH_LT,-17.426692,-128.019574,11.394
2017-05-31,PH_LT,-17.563043,-128.560882,11.943
2017-06-01,PH_LT,-17.621616,-128.208403,12.765
2017-06-02,PH_LT,-17.632179,-127.717449,13.34
2017-06-03,PH_LT,-17.667707,-127.713673,13.628
2017-06-04,PH_LT,-17.391164,-126.846321,12.283
2017-06-05,PH_LT,-17.564963,-128.028386,12.491
2017-06-06,PH_LT,-17.638436,-127.441023,13.666
2017-06-07,PH_LT,-17.642321,-127.825715,13.313
2017-06-08,PH_LT,-17.52481,-127.647289,12.551
2017-06-09,PH_LT,-17.673398,-127.763709,13.623
2017-06-10,PH_LT,-17.620955,-128.037043,12.931
2017-06-11,PH_LT,-17.63358,-128.486272,12.582
2017-06-12,PH_LT,-17.610272,-127.62198,13.26
2017-06-13,PH_LT,-17.619984,-128.052228,12.908
2017-06-14,PH_LT,-17.558566,-126.72104,13.747
2017-06-15,PH_LT,-17.672332,-127.057384,14.321
2017-06-16,PH_LT,-17.723431,-127.23936,14.548
2017-06-17,PH_LT,-17.743678,-127.947187,14.002
2017-06-18,PH_LT,-17.803454,-128.269726,14.158
2017-06-19,PH_LT,-17.839126,-127.840511,14.872
2017-06-20,PH_LT,-17.704149,-127.781526,13.852
2017-06-21,PH_LT,-17.734036,-127.75266,14.12
2017-06-22,PH_LT,-17.730925,-128.019886,13.828
2017-06-23,PH_LT,-17.735859,-127.745428,14.141
2017-06-24,PH_LT,-17.659528,-127.064185,14.212
2017-06-26,PH_LT,-17.565561,-127.185233,13.339
2017-06-28,PH_LT,-17.562593,-127.482119,13.019
2017-06-30,PH_LT,-17.585343,-126.904912,13.778
2017-07-02,PH_LT,-17.511159,-127.214539,12.875
2017-07-04,PH_LT,-17.572484,-126.918928,13.661
2017-07-06,PH_LT,-17.555669,-126.776219,13.669
2017-07-08,PH_LT,-17.410543,-126.37411,12.91
2017-07-10,PH_LT,-17.3849,-126.291913,12.787
2017-07-12,PH_LT,-17.259646,-125.289352,12.788
2017-07-14,PH_LT,-17.151158,-123.991627,13.218
2017-07-16,PH_LT,-17.201457,-124.919463,12.692
2017-07-18,PH_LT,-17.26655,-123.875804,14.257
2017-07-20,PH_LT,-16.897691,-121.722478,13.459
2017-07-22,PH_LT,-17.056478,-122.632877,13.819
2017-07-24,PH_LT,-16.644398,-121.921274,11.234
2017-07-26,PH_LT,-16.496734,-119.558241,12.416
2017-07-28,PH_LT,-16.600723,-121.149825,11.656
2017-07-30,PH_LT,-16.306434,-118.446005,12.005
2017-08-01,PH_LT,-16.605922,-119.971429,12.876
2017-08-03,PH_LT,-16.520651,-119.589449,12.576
2017-08-05,PH_LT,-16.693273,-120.144943,13.401
2017-08-07,PH_LT,-16.986523,-120.510695,15.381
2017-08-09,PH_LT,-15.96106,-116.727995,10.96
2017-08-11,PH_LT,-16.177329,-117.525525,11.893
2017-08-13,PH_LT,-16.250381,-118.788041,11.215
2017-08-15,PH_LT,-15.872182,-117.00082,9.977
2017-08-17,PH_LT,-16.001722,-118.158364,9.855
2017-08-19,PH_LT,-16.020368,-118.555163,9.608
2017-08-21,PH_LT,-16.180331,-119.142781,10.3
2017-08-23,PH_LT,-16.230381,-118.685324,11.158
2017-08-25,PH_LT,-16.43058,-119.296951,12.148
2017-08-27,PH_LT,-16.193089,-118.639831,10.905
2017-08-29,PH_LT,-16.319685,-119.141517,11.416
2017-08-31,PH_LT,-16.361832,-119.479474,11.415
2017-09-02,PH_LT,-16.312542,-118.878775,11.622
2017-09-04,PH_LT,-16.48703,-119.525682,12.371
2017-09-06,PH_LT,-16.122281,-119.290793,9.687
2017-09-08,PH_LT,-16.106508,-119.161155,9.691
2017-09-10,PH_LT,-16.319442,-119.385775,11.17
2017-09-12,PH_LT,-15.59783,-115.631407,9.151
2017-09-14,PH_LT,-16.077919,-118.324284,10.299
2017-09-16,PH_LT,-15.703847,-115.797535,9.833
2017-09-18,PH_LT,-15.806973,-116.887081,9.569
2017-09-20,PH_LT,-16.21417,-118.472412,11.241
2017-09-22,PH_LT,-16.29392,-118.095918,12.255
2017-09-24,PH_LT,-16.32058,-118.344825,12.22
2017-09-26,PH_LT,-16.254471,-117.990914,12.045
2017-09-28,PH_LT,-16.490723,-119.78584,12.14
2017-09-30,PH_LT,-15.945665,-117.014026,10.551
2017-10-02,PH_LT,-16.059164,-116.557445,11.916
2017-10-03,PH_LT,-16.117447499999997,-117.2068475,11.733
2017-10-04,PH_LT,-16.175731,-117.85625,11.55
2017-10-05,PH_LT,-16.034624,-118.717821,9.559
2017-10-06,PH_LT,-15.956434,-115.807536,11.844
2017-10-07,PH_LT,-16.232993,-118.698474,11.165
2017-10-08,PH_LT,-16.140096,-118.568349,10.552
2017-10-10,PH_LT,-16.335736,-118.089432,12.596
2017-10-12,PH_LT,-16.216955,-118.159861,11.576
2017-10-14,PH_LT,-16.150613,-117.055818,12.149
2017-10-16,PH_LT,-16.294785,-117.930659,12.428
2017-10-18,PH_LT,-16.325607,-118.611963,11.993
2017-10-20,PH_LT,-16.351459,-119.102344,11.709
2017-10-22,PH_LT,-16.378106,-118.349402,12.675
2017-10-24,PH_LT,-16.390515,-119.036465,12.088
2017-10-26,PH_LT,-16.185905,-119.37472,10.113
2017-10-28,PH_LT,-16.343385,-119.100326,11.647
2017-10-30,PH_LT,-16.252468,-119.508973,10.511
2017-11-01,PH_LT,-16.499875,-120.302357,11.697
2017-11-10,PH_LT,-16.391841,-119.868628,11.266
2017-11-13,PH_LT,-16.323585,-118.770037,11.819
2017-11-19,PH_LT,-16.55797,-119.472675,12.991
2017-11-22,PH_LT,-16.487855,-119.558236,12.345
2017-11-25,PH_LT,-16.41774,-119.643797,11.698
2017-11-27,PH_LT,-16.520909,-120.03271,12.135
2017-11-30,PH_LT,-16.446824,-119.755681,11.819
2017-12-03,PH_LT,-16.622422,-121.560196,11.419
2017-12-06,PH_LT,-16.630753,-121.675278,11.371
2017-12-09,PH_LT,-16.757545,-122.291792,11.769
2017-12-12,PH_LT,-16.598253,-120.094735,12.691
2017-12-15,PH_LT,-16.547346,-120.048636,12.33
2017-12-18,PH_LT,-16.835815,-122.532855,12.154
2017-12-21,PH_LT,-16.753966,-121.408554,12.623
2017-12-24,PH_LT,-16.708409,-121.160639,12.507
2017-12-27,PH_LT,-16.735254,-121.326715,12.555
2017-12-30,PH_LT,-16.746192,-121.32933,12.64
2018-01-02,PH_LT,-16.735254,-121.38033,12.502
2018-01-05,PH_LT,-16.862997,-121.588229,13.316
2018-01-08,PH_LT,-16.877315,-121.687757,13.331
2018-01-11,PH_LT,-16.850588,-122.087795,12.717
2018-01-14,PH_LT,-16.883996,-122.690099,12.382
2018-01-17,PH_LT,-16.727457,-121.688399,12.131
2018-01-20,PH_LT,-16.77041,-121.897729,12.266
2018-01-23,PH_LT,-16.961955,-122.435953,13.26
2018-01-26,PH_LT,-16.902311,-122.223296,12.995
2018-01-29,PH_LT,-16.850488,-122.409528,12.394
2018-02-09,PH_LT,-16.736699895584906,-123.73319891351936,10.16
2018-02-12,PH_LT,-16.80916884411997,-123.57514285996436,10.898
2018-02-15,PH_LT,-16.678387671879943,-122.72371194144831,10.703
2018-02-18,PH_LT,-16.7596203072146,-123.08694012371951,10.99
2018-02-21,PH_LT,-16.69861156449438,-122.69664525997275,10.892
2018-02-27,PH_LT,-16.57221223565415,-122.55429456480483,10.023
2018-03-02,PH_LT,-16.65883790901932,-122.47476530318524,10.796
2018-03-05,PH_LT,-16.61400828039065,-122.46407229321956,10.448
2018-03-08,PH_LT,-16.675017023110872,-122.613106119616,10.787
2018-03-11,PH_LT,-16.645692378819934,-122.58570528157898,10.58
2018-03-14,PH_LT,-16.63187271886674,-122.61912093772168,10.436
2018-03-17,PH_LT,-16.680410061141384,-122.98034418062429,10.463
2018-03-20,PH_LT,-16.686140164048812,-123.16680354190056,10.322
2018-03-23,PH_LT,-16.73501457120037,-123.617914899827,10.262
2018-03-26,PH_LT,-16.696252110356028,-123.21425377362318,10.356
2018-03-29,PH_LT,-16.730295662923666,-123.65667706095256,10.186
2018-04-04,PH_LT,-16.785237237859555,-124.54419688810268,9.738
2018-05-02,PH_LT,-15.533378285025885,-120.51092719167868,3.756
2018-05-10,PH_LT,-16.780855394459756,-124.7530447389946,9.494
2018-05-18,PH_LT,-16.591087868760955,-124.50376394417005,8.225
2018-05-24,PH_LT,-16.882986052162668,-124.98261029669492,10.081
2018-06-19,PH_LT,-16.486597756919696,-121.80778880657688,10.085
2018-06-25,PH_LT,-15.262041059115516,-118.4378198845855,3.659
2018-06-29,PH_LT,-16.386152423601324,-121.45024128585,9.639
2018-07-03,PH_LT,-16.429633792722363,-121.63402739463488,9.803
2018-07-07,PH_LT,-16.43266737661453,-120.8972121766883,10.564
2018-07-09,PH_LT,-16.28065111712934,-119.87502725528306,10.37
2018-07-11,PH_LT,-15.958080029929066,-117.7020071363232,9.963
2018-07-13,PH_LT,-15.952686991898547,-117.41496665005742,10.207
2018-07-15,PH_LT,-16.132342571290135,-118.9340423783046,10.125
2018-07-17,PH_LT,-16.074704477338987,-118.41242398591706,10.185
2018-07-19,PH_LT,-15.929766580268854,-118.32153340120888,9.117
2018-07-21,PH_LT,-16.10975922453735,-118.97280453943014,9.905
2018-07-23,PH_LT,-15.955720575790716,-117.8821175229324,9.764
2018-07-25,PH_LT,-15.99583129614268,-117.96699328953484,10.0
2018-07-27,PH_LT,-15.96043948406742,-118.56847510010346,9.115
2018-07-29,PH_LT,-16.059199493001255,-118.4144289252856,10.059
2018-07-31,PH_LT,-16.120882365475286,-119.08073710877106,9.886
2018-08-02,PH_LT,-16.194699573517983,-119.43427475076084,10.123
2018-08-04,PH_LT,-15.92133995834617,-117.91118914377654,9.46
2018-08-08,PH_LT,-16.059873622755067,-118.75125873920402,9.728
2018-08-10,PH_LT,-16.104614638687924,-119.94659174989565,8.89
2018-08-12,PH_LT,-16.115065401408863,-119.26112688546988,9.659
2018-08-14,PH_LT,-16.06314870918225,-119.00612459802136,9.499
2018-08-16,PH_LT,-16.15316011713358,-119.3486899251966,9.877
2018-08-18,PH_LT,-15.826489501759673,-116.61117519847224,10.001
2018-08-20,PH_LT,-15.928300157944314,-117.63118434826627,9.795
2018-08-22,PH_LT,-15.638375772782746,-115.24592704090064,9.861
2018-08-24,PH_LT,-15.679841702288412,-115.32947955972388,10.109
2018-08-25,PH_LT,-15.163371751047103,-114.73191194510012,6.575
2018-08-26,PH_LT,-15.51903480493717,-116.25390462798411,7.898
2018-08-28,PH_LT,-15.757716740628322,-116.20210206631371,9.86
2018-08-30,PH_LT,-15.853796333385352,-116.9915062641556,9.839
2018-09-01,PH_LT,-15.942122134446205,-117.66828166662378,9.869
2018-09-03,PH_LT,-16.018985808651827,-117.73445526153176,10.417
2018-09-05,PH_LT,-15.830534958296807,-116.20644679729254,10.438
2018-09-07,PH_LT,-16.013254745224216,-117.69000532151782,10.416
2018-09-11,PH_LT,-15.540947694513337,-115.98553393752388,8.342
2018-09-13,PH_LT,-16.050000975436557,-118.45534639393864,9.945
2018-09-17,PH_LT,-15.521731775961928,-116.22382572120776,7.95
2018-09-19,PH_LT,-15.79648569910923,-116.1325863706528,10.239
2018-09-21,PH_LT,-15.777606901935917,-116.25524146828528,9.966
2018-09-23,PH_LT,-15.339686231790711,-114.46320704456464,8.254
2018-09-25,PH_LT,-15.888856956707215,-117.19069546903016,9.92
2018-09-27,PH_LT,-15.84873951271393,-116.59346206448174,10.196
2018-09-29,PH_LT,-15.523417382852402,-115.63060283756282,8.557
2018-10-01,PH_LT,-16.055057796107977,-118.0783574290082,10.362
2018-10-03,PH_LT,-15.601629542570407,-114.53639905105376,10.277
2018-10-05,PH_LT,-15.698046256705531,-114.97120635900988,10.613
2018-10-07,PH_LT,-15.687595493984594,-115.08517199468476,10.416
2018-10-09,PH_LT,-15.939762284799542,-116.57541472041592,10.943
2018-11-16,PH_LT,-16.403813936909643,-120.33745517166432,10.893
2018-11-19,PH_LT,-16.348957405097128,-119.99635855980874,10.795
2018-11-25,PH_LT,-15.233879878809484,-116.37770997216252,5.493
2018-11-28,PH_LT,-15.5186597754411,-117.11199184103393,7.037
2018-12-01,PH_LT,-15.803439672072717,-117.84627370990528,8.581
2018-12-04,PH_LT,-16.401782213509176,-119.83706812235104,11.377
2018-12-07,PH_LT,-16.44783461058635,-120.0121531812444,11.571
2018-12-10,PH_LT,-16.251434681874887,-119.32155856315256,10.69
2018-12-13,PH_LT,-16.45934770985564,-120.23193365824298,11.443
2018-12-16,PH_LT,-16.440723578684725,-120.31594760204976,11.21
2018-12-19,PH_LT,-16.375369809303155,-120.06356971485415,10.939
2018-12-22,PH_LT,-16.47560149705935,-120.4372637369068,11.368
2018-12-25,PH_LT,-16.46273391552308,-120.61268485157537,11.089
2018-12-28,PH_LT,-16.454945642487964,-120.48061493191108,11.159
2018-12-31,PH_LT,-16.45765460702192,-120.5142205094338,11.147
2019-01-03,PH_LT,-16.535537337373018,-120.7477792732167,11.537
2019-01-06,PH_LT,-16.573462840848336,-121.16264012773462,11.425
2019-01-09,PH_LT,-16.611388344323654,-121.57750098225256,11.314
2019-01-12,PH_LT,-16.593441454286225,-121.3005910234654,11.447
2019-01-15,PH_LT,-16.616129032258062,-121.48777409026692,11.441
2019-01-18,PH_LT,-16.734646230618424,-122.11787866881788,11.759
2019-01-21,PH_LT,-16.854517911245768,-122.92273225048694,11.913
2019-01-24,PH_LT,-16.670978553887263,-122.5203435397265,10.847
2019-01-27,PH_LT,-16.63659217332159,-122.2696859832568,10.823
2019-01-30,PH_LT,-16.624455803710173,-122.17142822112068,10.824
2019-02-02,PH_LT,-16.728562672962866,-123.29150707369055,10.537
2019-02-05,PH_LT,-16.70798773889887,-122.5396343343024,11.124
2019-02-08,PH_LT,-16.747451137021613,-122.57068414103556,11.409
2019-02-11,PH_LT,-16.723165968946077,-122.3563403139098,11.429
2019-02-14,PH_LT,-16.779831361122323,-122.56133581212669,11.677
2019-02-17,PH_LT,-16.866178625390894,-123.50618476970592,11.423
2019-02-20,PH_LT,-16.812211585223036,-123.05846658874698,11.439
2019-02-23,PH_LT,-16.781517831127573,-122.97065907078114,11.281
2019-02-26,PH_LT,-16.772073599098192,-122.94495116628164,11.232
2019-03-01,PH_LT,-16.71102338490831,-122.72059127246776,10.968
2019-03-04,PH_LT,-16.846615573330045,-123.49249614523217,11.28
2019-03-07,PH_LT,-17.157937936298357,-125.61757162756147,11.646
2019-03-10,PH_LT,-17.18154851637179,-125.81689135465504,11.635
2019-03-13,PH_LT,-17.29218094871589,-126.77776601893528,11.56
2019-03-16,PH_LT,-17.33906481486171,-127.10028336629271,11.612
2019-03-19,PH_LT,-17.336029168852278,-126.99411305939866,11.694
2019-03-22,PH_LT,-17.335017286849126,-127.1153074663249,11.565
2019-03-25,PH_LT,-16.394978905925313,-122.52026993870538,8.64
2019-03-28,PH_LT,-16.94847836164687,-124.31715230255398,11.271
2019-04-03,PH_LT,-16.932625543597563,-124.1759257622515,11.285
2019-04-06,PH_LT,-17.021333865873473,-124.88940357933518,11.281
2019-04-09,PH_LT,-17.24934461058266,-126.75005490109814,11.245
2019-04-12,PH_LT,-17.217976268485092,-126.42520047151348,11.319
2019-04-15,PH_LT,-17.1039708961305,-125.52175125624512,11.31
2019-04-18,PH_LT,-17.174802636350808,-126.40650381369566,10.992
2019-04-21,PH_LT,-16.390594083911676,-122.6064081122232,8.518
2019-04-24,PH_LT,-17.075975494043423,-127.1400137641556,9.468
2019-04-25,PH_LT,-16.965680355700375,-125.78751089236988,9.938
2019-04-27,PH_LT,-17.36604833494564,-127.93729267252988,10.991
2019-04-29,PH_LT,-17.316466116791428,-127.56870141840707,10.963
2019-05-01,PH_LT,-17.15692605429521,-126.96172777710709,10.294
2019-05-03,PH_LT,-17.088455372082244,-126.63487013418477,10.073
2019-05-05,PH_LT,-17.213254152470405,-127.12031549966896,10.586
2019-05-07,PH_LT,-17.26890766264351,-127.4187942869749,10.732
2019-05-09,PH_LT,-17.3444615188785,-128.1326059729482,10.623
2019-05-11,PH_LT,-17.246308964573217,-127.8297868900774,10.141
2019-05-13,PH_LT,-17.29555388872638,-128.32458058447048,10.04
2019-05-15,PH_LT,-17.387972445013837,-128.69016701858686,10.414
2019-05-17,PH_LT,-17.431820665150212,-128.66479298297693,10.79
2019-05-19,PH_LT,-17.31140670677569,-128.1466284663116,10.345
2019-05-21,PH_LT,-17.41225761308937,-128.48116509369476,10.817
2019-05-23,PH_LT,-17.25950810907146,-127.03773521814368,11.038
2019-05-25,PH_LT,-17.25273569773659,-126.97354856507526,11.048
2019-05-27,PH_LT,-17.27339155230797,-127.18996848432155,10.997
2019-05-29,PH_LT,-17.289306718944932,-127.33178402146744,10.983
2019-05-31,PH_LT,-17.310301194083053,-127.51224597276445,10.97
2019-06-02,PH_LT,-17.352628764926035,-127.92593063206908,10.895
2019-06-04,PH_LT,-17.426448048476203,-128.13226887805857,11.279
2019-06-06,PH_LT,-17.519230083764036,-129.43683739749045,10.717
2019-06-08,PH_LT,-17.401728747103906,-127.99045334091268,11.223
2019-06-11,PH_LT,-17.383076093676785,-128.2970614181598,10.768
2019-06-12,PH_LT,-17.52847118700857,-128.40812036033162,11.82
2019-06-13,PH_LT,-17.417903290451612,-127.79896875281672,11.544
2019-06-14,PH_LT,-17.62348518986028,-128.45629050392424,12.532
2019-06-15,PH_LT,-17.60793129615502,-128.3020791414507,12.561
2019-06-16,PH_LT,-17.610974449271264,-128.35292540413178,12.535
2019-06-17,PH_LT,-17.486543299629172,-127.99666705047808,11.896
2019-06-18,PH_LT,-17.463212459071283,-127.6460954498874,12.06
2019-06-19,PH_LT,-17.54334882446578,-127.80197938679126,12.545
2019-06-20,PH_LT,-17.55247828381452,-127.96622619584664,12.454
2019-06-21,PH_LT,-17.51629857454359,-127.92541537974736,12.205
2019-06-22,PH_LT,-17.487895812125284,-127.62502101206566,12.278
2019-06-23,PH_LT,-17.404716293614545,-127.14398860591166,12.094
2019-06-24,PH_LT,-17.420946443567857,-127.06136342905488,12.306
2019-06-25,PH_LT,-17.40708319048273,-127.2068774044909,12.05
2019-06-26,PH_LT,-17.50953601206304,-127.61431653571174,12.462
2019-06-27,PH_LT,-17.581557302480878,-128.06791872120883,12.585
2019-06-28,PH_LT,-17.568032177519786,-127.98730063366844,12.557
2019-06-29,PH_LT,-17.541320055721616,-128.063235512804,12.267
2019-06-30,PH_LT,-17.57986666186074,-128.0050299226296,12.634
2019-07-01,PH_LT,-17.597111196186138,-128.0478478280452,12.729
2019-07-02,PH_LT,-17.550787643194386,-127.750129579452,12.656
2019-07-03,PH_LT,-17.574456611876304,-127.87456911706624,12.721
2019-07-04,PH_LT,-17.56870843376784,-127.8334237860809,12.716
2019-07-11,PH_LT,-17.214810194261272,-126.10181988413598,11.617
2019-07-13,PH_LT,-17.38141151309927,-127.0505053376023,12.001
2019-07-15,PH_LT,-17.37497772233114,-126.9046571311537,12.095
2019-07-17,PH_LT,-17.360755658527893,-126.73192446268696,12.154
2019-07-19,PH_LT,-17.322152913919084,-126.50206231243152,12.075
2019-07-21,PH_LT,-17.276777757975406,-126.27287227372662,11.941
2019-07-23,PH_LT,-17.243931563001247,-126.0584686891317,11.893
2019-07-25,PH_LT,-17.180270896453397,-125.39072586375528,12.051
2019-07-27,PH_LT,-17.18230261985386,-125.36081689976008,12.098
2019-07-29,PH_LT,-17.21751915879522,-125.40484020631484,12.335
2019-07-31,PH_LT,-16.971680627339154,-123.5370422076022,12.236
2019-08-02,PH_LT,-16.978114418107292,-123.573672287102,12.251
2019-08-04,PH_LT,-16.961860630903587,-123.6852428044774,12.01
2019-08-06,PH_LT,-16.78137586882909,-122.32388085903212,11.927
2019-08-08,PH_LT,-16.788148280163963,-122.1454352423865,12.16
2019-08-10,PH_LT,-16.80203172340046,-122.2109661185558,12.205
2019-08-12,PH_LT,-16.638139369096415,-121.01527967029752,12.09
2019-08-14,PH_LT,-16.754963464623064,-122.06410974478152,11.976
2019-08-18,PH_LT,-16.742095883086794,-122.37260894644008,11.564
2019-08-20,PH_LT,-16.770540010693278,-122.43713165528368,11.727
2019-08-22,PH_LT,-16.822931372045087,-123.5543230752511,11.029
2019-08-24,PH_LT,-16.794422157358227,-122.82279014502484,11.533
2019-08-26,PH_LT,-16.81410709130868,-122.79248996448293,11.72
2019-08-28,PH_LT,-16.78797364451239,-122.77717338970348,11.527
2019-08-30,PH_LT,-16.801888856442883,-122.89304660760004,11.522
2019-09-01,PH_LT,-16.7740584325819,-122.67461893248472,11.518
2019-09-03,PH_LT,-16.78254331790537,-122.6686254901797,11.592
2019-09-05,PH_LT,-16.728240051835158,-122.37095118903166,11.455
2019-09-07,PH_LT,-16.673597390352004,-121.55284631439994,11.836
2019-09-09,PH_LT,-16.69837325549654,-121.66372499704232,11.923
2019-09-11,PH_LT,-16.70380358210356,-121.77260586558306,11.858
2019-09-13,PH_LT,-16.686494416043686,-121.97937962510537,11.513
2019-09-15,PH_LT,-16.670542831635554,-122.16351149147548,11.201
2019-09-17,PH_LT,-16.67325799493907,-121.671716253449,11.714
2019-09-19,PH_LT,-16.590106118769057,-121.46161280375723,11.259
2019-09-21,PH_LT,-16.681742880262536,-121.91811332598763,11.536
2019-09-23,PH_LT,-16.688530788521312,-122.1984732382546,11.31
2019-09-25,PH_LT,-16.6980338600836,-122.35596758326916,11.228
2019-09-27,PH_LT,-16.66680948209323,-121.87282953968324,11.462
2019-09-29,PH_LT,-16.635245708689922,-122.09625175005274,10.986
2019-10-01,PH_LT,-16.657985201356823,-122.18548744659378,11.078
2019-10-03,PH_LT,-16.663076132550902,-122.16684118164493,11.138
2019-10-05,PH_LT,-16.557852270719216,-122.06345043226928,10.399
2019-10-07,PH_LT,-16.702928560636558,-122.33624569656376,11.287
2019-10-09,PH_LT,-16.699885002106825,-122.41209608712369,11.187
2019-10-11,PH_LT,-16.703604906976498,-122.55414923084776,11.075
2019-10-13,PH_LT,-16.664038646089953,-122.5884149774604,10.724
2019-10-15,PH_LT,-16.63394123396258,-122.47863151743942,10.593
2019-10-17,PH_LT,-16.80843858966735,-122.83759016399276,11.63
2019-10-19,PH_LT,-16.65051171929113,-121.60003116012024,11.604
2019-10-23,PH_LT,-16.762108865381393,-122.45534411682893,11.642
2019-10-25,PH_LT,-16.84191773349443,-123.34392478869546,11.391
2019-10-27,PH_LT,-16.84394677251425,-122.98330275638422,11.768
2019-10-30,PH_LT,-17.107045498751294,-125.22255266366004,11.634
2019-11-05,PH_LT,-17.050122749291244,-124.8058247410031,11.595
2019-11-08,PH_LT,-16.93694719335052,-124.54703066231936,10.949
2019-11-11,PH_LT,-16.89696301490439,-124.2642556651476,10.911
2019-11-14,PH_LT,-16.989129934712405,-124.60431841204084,11.309
2019-11-17,PH_LT,-16.909839275759925,-124.2186253063578,11.06
2019-11-20,PH_LT,-16.885780998898273,-124.08673025467344,11.0
2019-11-23,PH_LT,-17.040973827104423,-125.31142243912647,11.016
2019-11-29,PH_LT,-17.034874545646534,-125.09226348961054,11.187
2019-12-02,PH_LT,-17.12128103296655,-125.48928091791296,11.481
2019-12-05,PH_LT,-17.050122749291244,-124.93905206593678,11.462
2019-12-08,PH_LT,-17.047750806502066,-124.8781005647796,11.504
2019-12-11,PH_LT,-17.032841451827245,-124.88209738452764,11.381
2019-12-14,PH_LT,-16.994212669260644,-124.60431841204084,11.349
2019-12-17,PH_LT,-17.058593973538304,-125.03697414976304,11.432
2019-12-20,PH_LT,-17.02708101933924,-124.74354096659656,11.473
2019-12-23,PH_LT,-16.97218748621829,-124.63462762846328,11.143
2019-12-29,PH_LT,-17.00607238320653,-124.66393763994868,11.385
2020-01-01,PH_LT,-17.016237852303004,-124.80848928750176,11.321
2020-01-07,PH_LT,-17.00031195071853,-124.6902500366231,11.312
2020-03-30,PH_LT,-17.16878557279771,-124.35997901029432,12.99
2020-04-07,PH_LT,-17.228621497750563,-125.65667652630594,12.172
2020-04-17,PH_LT,-17.237003333333337,-126.57739583333336,11.319
2020-04-21,PH_LT,-17.283328629136026,-126.20316584119357,12.063
2020-04-30,PH_LT,-17.537471333333333,-129.48274733333335,10.817
2020-05-02,PH_LT,-17.589252666666667,-129.78920633333334,10.925
2020-05-04,PH_LT,-17.564384,-129.69406383333333,10.821
2020-05-06,PH_LT,-17.603220000000004,-129.68905633333335,11.137
2020-05-12,PH_LT,-17.359302666666668,-127.84462716666668,11.03
2020-05-14,PH_LT,-17.40120466666667,-128.1103585,11.099
2020-05-15,PH_LT,-17.518394,-128.7269486666667,11.42
2020-05-16,PH_LT,-17.42777666666667,-128.22686633333333,11.195
2020-05-20,PH_LT,-16.90655666666667,-125.5845755,9.668
2020-05-22,PH_LT,-17.485349333333332,-128.29196383333334,11.591
2020-05-24,PH_LT,-17.451623333333334,-128.03791666666666,11.575
2020-05-26,PH_LT,-17.444469333333334,-128.2278678333333,11.328
2020-05-28,PH_LT,-17.591637333333335,-128.89286383333334,11.84
2020-05-30,PH_LT,-17.646144,-129.16527183333332,12.004
2020-06-01,PH_LT,-17.672375333333335,-129.04442416666666,12.335
2020-06-03,PH_LT,-17.663518,-129.07413533333334,12.234
2020-06-05,PH_LT,-17.536108666666667,-128.55202000000003,11.737
2020-06-07,PH_LT,-17.427095333333334,-127.0547775,12.362
2020-06-09,PH_LT,-17.331027333333335,-126.48325483333332,12.165
2020-06-11,PH_LT,-17.296279333333334,-126.28595933333334,12.084
2020-06-13,PH_LT,-17.212816,-125.78153716666668,11.921
2020-06-15,PH_LT,-17.289125333333335,-125.878015,12.435
2020-06-16,PH_LT,-17.06731307672343,-123.93807756015516,12.6
2020-06-18,PH_LT,-17.33259869753654,-125.24127782635652,13.42
2020-06-20,PH_LT,-17.169346007805395,-124.56416071850173,12.791
2020-06-22,PH_LT,-17.332598697536536,-125.29064399973706,13.37
2020-06-24,PH_LT,-17.323755843509435,-125.33300551338118,13.257
2020-06-26,PH_LT,-17.23566741300867,-124.89304617088834,12.992
2020-06-28,PH_LT,-17.274099817049542,-124.80498759134466,13.388
2020-06-30,PH_LT,-17.18975259402179,-124.52113209440652,12.997
2020-07-02,PH_LT,-17.202336655521897,-124.62953754270838,12.989
2020-07-04,PH_LT,-16.829786043015602,-124.26431792636748,10.374
2020-07-06,PH_LT,-16.823206334777897,-124.28588581463646,10.3
2020-07-08,PH_LT,-16.80381351049835,-124.19961426156054,10.231
2020-07-10,PH_LT,-16.369552766809893,-121.92015807013335,9.036
2020-07-12,PH_LT,-16.45405007259935,-122.76063171611496,8.872
2020-07-14,PH_LT,-16.571792220010895,-122.7299648749825,9.844
2020-07-16,PH_LT,-16.63343369718518,-123.12425283239968,9.943
2020-07-18,PH_LT,-16.52088605627708,-122.4195894828618,9.747
2020-07-20,PH_LT,-16.589107241689064,-123.02652333868087,9.686
2020-07-22,PH_LT,-16.624429885912527,-123.20277342562892,9.793
2020-07-24,PH_LT,-16.399334604096342,-121.7978277038578,9.397
2020-07-26,PH_LT,-16.244884610727084,-120.0124109530918,9.947
2020-07-28,PH_LT,-16.27224234497859,-120.20416295973314,9.974
2020-07-30,PH_LT,-16.298214877495845,-120.64293468670508,9.743
2020-08-03,PH_LT,-16.37578617461403,-121.18988285327607,9.816
2020-08-05,PH_LT,-16.38,-121.78,9.26
2020-08-07,PH_LT,-16.3,-121.76,8.64
2020-08-09,PH_LT,-16.45,-122.3,9.3
2020-08-11,PH_LT,-16.38,-121.96,9.08
2020-08-13,PH_LT,-16.31,-121.77,8.71
2020-08-15,PH_LT,-16.32,-121.79,8.77
2020-08-17,PH_LT,-16.41,-122.17,9.11
2020-08-19,PH_LT,-16.46,-122.41,9.27
2020-08-21,PH_LT,-16.41,-122.13,9.15
2020-08-23,PH_LT,-16.4,-122.17,9.03
2020-08-25,PH_LT,-16.32,-121.57,8.99
2020-08-27,PH_LT,-16.47,-121.19,10.57
2020-08-29,PH_LT,-16.23,-118.69,11.15
2020-08-31,PH_LT,-16.0,-117.03,10.97
2020-09-02,PH_LT,-16.11,-118.34,10.54
2020-09-04,PH_LT,-16.21,-119.38,10.3
2020-09-06,PH_LT,-16.25,-119.74,10.26
2020-09-08,PH_LT,-16.23,-119.95,9.89
2020-09-10,PH_LT,-16.15,-118.78,10.42
2020-09-12,PH_LT,-16.16,-118.87,10.41
2020-09-14,PH_LT,-16.13,-118.85,10.19
2020-09-16,PH_LT,-16.14,-118.87,10.25
2020-09-17,PH_LT,-16.37,-118.52,12.44
2020-09-19,PH_LT,-16.37,-118.59,12.37
2020-09-21,PH_LT,-16.38,-118.53,12.51
2020-09-23,PH_LT,-16.36,-118.4,12.48
2020-09-25,PH_LT,-16.29,-118.52,11.8
2020-09-27,PH_LT,-16.34,-118.82,11.9
2020-09-29,PH_LT,-16.34,-118.88,11.84
2020-10-01,PH_LT,-16.37,-119.13,11.83
2020-10-03,PH_LT,-16.3,-118.23,12.17
2020-10-05,PH_LT,-16.37,-119.05,11.91
2020-10-07,PH_LT,-16.37,-119.2,11.76
2020-10-09,PH_LT,-16.37,-119.3,11.66
2020-10-11,PH_LT,-16.37,-119.4,11.56
2020-10-13,PH_LT,-16.7,-120.47,13.13
2020-10-15,PH_LT,-16.55,-120.06,12.34
2020-10-17,PH_LT,-16.63,-120.38,12.66
2020-10-19,PH_LT,-16.65,-120.56,12.64
2020-10-21,PH_LT,-16.64,-120.6,12.52
2020-10-23,PH_LT,-16.64,-120.62,12.5
2020-10-25,PH_LT,-16.63,-120.62,12.42
2020-10-27,PH_LT,-16.76,-121.25,12.83
2020-11-05,PH_LT,-17.03,-120.65,15.59
2020-11-08,PH_LT,-17.08,-121.41,15.23
2020-11-11,PH_LT,-17.28,-122.55,15.69
2020-11-14,PH_LT,-17.25,-122.55,15.45
2020-11-17,PH_LT,-17.21,-122.18,15.5
2020-11-20,PH_LT,-17.14,-121.88,15.24
2020-11-23,PH_LT,-17.19,-122.43,15.09
2020-11-26,PH_LT,-17.29,-122.76,15.56
2020-11-29,PH_LT,-17.35,-123.26,15.54
2020-12-02,PH_LT,-17.33,-123.2,15.44
2020-12-05,PH_LT,-17.36,-123.51,15.37
2020-12-07,PH_LT,-17.3,-123.69,14.71
2020-12-11,PH_LT,-17.34,-123.28,15.44
2020-12-14,PH_LT,-17.34,-123.47,15.25
2020-12-17,PH_LT,-17.27,-122.98,15.18
2020-12-23,PH_LT,-17.32,-123.03,15.53
2020-12-26,PH_LT,-17.34,-123.27,15.45
2020-12-29,PH_LT,-17.27,-123.06,15.1
2021-01-01,PH_LT,-17.31,-123.28,15.2
2021-01-04,PH_LT,-17.33,-123.38,15.26
2021-01-10,PH_LT,-17.31,-123.44,15.04
2021-01-13,PH_LT,-17.33,-123.72,14.92
2021-01-14,PH_LT,-16.83,-122.92,11.72
2021-01-17,PH_LT,-16.57,-121.96,10.6
2021-01-20,PH_LT,-16.68,-122.18,11.26
2021-01-23,PH_LT,-16.78,-122.39,11.85
2021-01-26,PH_LT,-16.77,-122.49,11.67
2021-01-29,PH_LT,-16.77,-122.45,11.71
2021-02-01,PH_LT,-16.71,-122.41,11.27
2021-02-04,PH_LT,-16.77,-122.61,11.55
2021-02-07,PH_LT,-16.6,-122.26,10.54
2021-02-10,PH_LT,-16.74,-122.54,11.38
2021-02-13,PH_LT,-16.77,-123.05,11.11
2021-02-16,PH_LT,-16.78,-123.36,10.88
2021-02-19,PH_LT,-16.81,-123.06,11.42
2021-02-22,PH_LT,-16.77,-122.84,11.32
2021-02-25,PH_LT,-16.69,-122.76,10.76
2021-02-28,PH_LT,-16.66,-122.53,10.75
2021-03-03,PH_LT,-16.72,-122.68,11.08
2021-03-06,PH_LT,-16.48,-121.88,9.96
2021-03-09,PH_LT,-16.62,-122.41,10.55
2021-03-12,PH_LT,-16.58,-122.13,10.51
2021-03-15,PH_LT,-16.54,-122.2,10.12
2021-03-18,PH_LT,-16.84,-123.72,11.0
2021-03-21,PH_LT,-16.64,-122.78,10.34
2021-03-25,PH_LT,-16.93,-123.04,12.4
2021-03-28,PH_LT,-16.93,-123.57,11.87
2021-03-31,PH_LT,-17.0,-124.16,11.84
2021-04-03,PH_LT,-17.09,-125.19,11.53
2021-04-06,PH_LT,-17.34,-127.41,11.31
2021-04-09,PH_LT,-17.22,-126.78,10.98
2021-04-12,PH_LT,-17.24,-126.87,11.05
2021-04-15,PH_LT,-17.22,-126.9,10.86
2021-04-18,PH_LT,-17.17,-126.46,10.9
2021-04-21,PH_LT,-17.12,-126.27,10.69
2021-04-24,PH_LT,-17.13,-126.24,10.8
2021-04-27,PH_LT,-17.09,-126.36,10.36
2021-04-29,PH_LT,-17.17,-126.97,10.39
2021-05-01,PH_LT,-17.36,-128.37,10.51
2021-05-03,PH_LT,-17.38,-128.42,10.62
2021-05-05,PH_LT,-17.14,-127.38,9.74
2021-05-07,PH_LT,-17.27,-127.93,10.23
2021-05-09,PH_LT,-17.31,-128.08,10.4
2021-05-11,PH_LT,-17.17,-127.17,10.19
2021-05-13,PH_LT,-17.18,-127.11,10.33
2021-05-15,PH_LT,-17.29,-127.83,10.49
2021-05-17,PH_LT,-17.32,-127.85,10.71
2021-05-19,PH_LT,-17.21,-127.27,10.41
2021-05-21,PH_LT,-17.68,-129.62,11.82
2021-05-23,PH_LT,-17.31,-127.8,10.68
2021-05-25,PH_LT,-17.44,-128.18,11.34
2021-05-27,PH_LT,-17.38,-128.0,11.04
2021-05-29,PH_LT,-17.65,-129.21,11.99
2021-05-31,PH_LT,-17.51,-128.39,11.69
2021-06-02,PH_LT,-17.63,-128.99,12.05
2021-06-04,PH_LT,-17.6,-129.02,11.78
2021-06-06,PH_LT,-17.67,-129.12,12.24
2021-06-08,PH_LT,-17.45,-128.09,11.51
2021-06-10,PH_LT,-17.49,-128.24,11.68
2021-06-12,PH_LT,-17.57,-128.56,12.0
2021-06-16,PH_LT,-17.86,-129.72,13.16
2021-06-18,PH_LT,-17.85,-129.59,13.21
2021-06-20,PH_LT,-17.76,-128.76,13.32
2021-06-22,PH_LT,-17.68,-128.71,12.73
2021-06-24,PH_LT,-17.5,-127.04,12.96
2021-06-26,PH_LT,-17.25,-125.24,12.76
2021-06-28,PH_LT,-17.44,-126.41,13.11
2021-06-30,PH_LT,-16.94,-123.28,12.24
2021-07-02,PH_LT,-16.96,-123.38,12.3
2021-07-04,PH_LT,-17.24,-124.74,13.18
2021-07-06,PH_LT,-16.69,-120.72,12.8
2021-07-08,PH_LT,-17.16,-124.45,12.83
2021-07-10,PH_LT,-17.25,-124.84,13.16
2021-07-12,PH_LT,-17.25,-124.99,13.01
2021-07-14,PH_LT,-16.94,-122.54,12.98
2021-08-04,PH_LT,-15.52,-111.24,12.92
2021-08-06,PH_LT,-15.93,-114.93,12.51
2021-08-08,PH_LT,-16.02,-115.88,12.28
2021-08-10,PH_LT,-16.11,-116.58,12.3
2021-08-12,PH_LT,-15.93,-115.88,11.56
2021-08-14,PH_LT,-16.27,-117.67,12.49
2021-08-16,PH_LT,-16.23,-117.94,11.9
2021-08-18,PH_LT,-16.31,-118.32,12.16
2021-08-20,PH_LT,-15.79,-113.2,13.12
2021-08-22,PH_LT,-15.96,-115.17,12.51
2021-08-25,PH_LT,-16.1,-116.61,12.19
2021-08-27,PH_LT,-16.08,-116.58,12.06
2021-08-29,PH_LT,-16.13,-117.32,11.72
2021-09-02,PH_LT,-16.01,-116.12,11.96
2021-09-04,PH_LT,-16.01,-116.21,11.87
2021-09-06,PH_LT,-16.03,-116.79,11.45
2021-09-08,PH_LT,-16.03,-117.08,11.16
2021-09-10,PH_LT,-15.97,-117.09,10.67
2021-09-12,PH_LT,-16.03,-117.09,11.15
2021-09-14,PH_LT,-16.01,-117.15,10.93
2021-09-16,PH_LT,-16.06,-117.47,11.01
2021-09-18,PH_LT,-15.96,-117.2,10.48
2021-09-20,PH_LT,-15.57,-113.33,11.23
2021-09-22,PH_LT,-15.88,-115.66,11.38
2021-09-24,PH_LT,-15.86,-116.08,10.8
2021-09-26,PH_LT,-15.89,-116.45,10.67
2021-09-28,PH_LT,-16.03,-117.15,11.09
2021-09-30,PH_LT,-15.91,-115.75,11.53
2021-10-01,PH_LT,-16.16,-117.66,11.62
2021-10-02,PH_LT,-15.64,-114.79,10.33
2021-10-04,PH_LT,-16.03,-116.34,11.9
2021-10-06,PH_LT,-15.95,-116.23,11.37
2021-10-08,PH_LT,-15.96,-116.56,11.12
2021-10-10,PH_LT,-15.66,-113.67,11.61
2021-10-11,PH_LT,-15.69,-114.66,10.86
2021-10-20,PH_LT,-16.01,-116.58,11.5
2021-10-28,PH_LT,-15.03,-112.96,7.28
2021-10-31,PH_LT,-15.81,-116.37,10.11
2021-11-03,PH_LT,-16.0,-117.04,10.96
2021-11-06,PH_LT,-16.09,-117.82,10.9
2021-11-09,PH_LT,-15.54,-115.79,8.53
2021-11-15,PH_LT,-16.23,-118.71,11.13
2021-11-18,PH_LT,-16.16,-118.66,10.62
2021-11-21,PH_LT,-16.05,-118.19,10.21
2021-11-24,PH_LT,-16.14,-118.63,10.49
2021-11-27,PH_LT,-16.35,-119.58,11.22
2021-11-30,PH_LT,-16.23,-119.09,10.75
2021-12-03,PH_LT,-16.24,-118.99,10.93
2021-12-06,PH_LT,-16.18,-119.24,10.2
2021-12-09,PH_LT,-16.57,-120.85,11.71
2021-12-12,PH_LT,-16.91,-124.21,11.07
2021-12-15,PH_LT,-16.45,-120.75,10.85
2021-12-18,PH_LT,-16.47,-120.56,11.2
2021-12-21,PH_LT,-16.62,-121.02,11.94
2021-12-24,PH_LT,-16.28,-120.21,10.03
2021-12-27,PH_LT,-16.56,-122.14,10.34
2021-12-30,PH_LT,-16.37,-121.26,9.7
2022-01-02,PH_LT,-16.93,-123.56,11.88
2022-01-05,PH_LT,-16.8,-122.47,11.93
2022-01-14,PH_LT,-16.87,-122.85,12.11
2022-01-21,PH_LT,-15.89,-118.47,8.65
2022-01-24,PH_LT,-16.66,-121.61,11.67
2022-01-27,PH_LT,-16.07,-119.5,9.06
2022-01-30,PH_LT,-16.65,-121.7,11.5
2022-02-02,PH_LT,-15.82,-117.99,8.57
2022-02-05,PH_LT,-15.13,-115.1,5.94
2022-02-08,PH_LT,-16.74,-121.29,12.63
2022-02-11,PH_LT,-16.66,-120.97,12.31
2022-02-14,PH_LT,-16.27,-119.7,10.46
2022-02-17,PH_LT,-16.65,-120.96,12.24
2022-02-20,PH_LT,-16.78,-121.45,12.79
2022-02-23,PH_LT,-16.77,-121.33,12.83
2022-02-26,PH_LT,-16.34,-120.25,10.47
2022-03-01,PH_LT,-16.78,-121.63,12.61
2022-03-04,PH_LT,-16.85,-122.08,12.72
2022-03-07,PH_LT,-16.77,-121.75,12.41
2022-03-10,PH_LT,-16.8,-121.8,12.6
2022-03-13,PH_LT,-16.14,-119.82,9.3
2022-03-16,PH_LT,-16.64,-121.32,11.8
2022-03-19,PH_LT,-16.83,-122.08,12.56
2022-03-22,PH_LT,-16.77,-121.87,12.29
2022-03-25,PH_LT,-16.79,-122.1,12.22
2022-03-28,PH_LT,-17.17,-124.88,12.48
2022-03-31,PH_LT,-17.2,-126.26,11.34
2022-04-06,PH_LT,-16.9,-124.74,10.46
2022-04-09,PH_LT,-16.92,-124.53,10.83
2022-04-12,PH_LT,-17.29,-126.57,11.75
2022-04-15,PH_LT,-16.82,-124.55,10.01
2022-04-18,PH_LT,-16.96,-125.06,10.62
2022-04-21,PH_LT,-17.61,-128.92,11.96
2022-04-24,PH_LT,-17.71,-129.61,12.07
2022-04-27,PH_LT,-17.63,-128.97,12.07
2022-04-30,PH_LT,-17.68,-129.19,12.25
2022-05-03,PH_LT,-17.36,-128.64,10.24
2022-05-06,PH_LT,-17.67,-129.76,11.6
2022-05-09,PH_LT,-17.48,-129.49,10.35
2022-05-12,PH_LT,-17.36,-129.34,9.54
2022-05-15,PH_LT,-17.83,-130.96,11.68
2022-05-17,PH_LT,-17.75,-129.72,12.28
2022-05-19,PH_LT,-17.68,-129.61,11.83
2022-05-21,PH_LT,-17.71,-129.7,11.98
2022-05-23,PH_LT,-17.52,-128.65,11.51
2022-05-25,PH_LT,-17.56,-128.9,11.58
2022-05-27,PH_LT,-17.88,-130.81,12.23
2022-05-29,PH_LT,-17.86,-130.7,12.18
2022-05-31,PH_LT,-17.65,-129.17,12.03
2022-06-02,PH_LT,-17.61,-129.15,11.73
2022-06-04,PH_LT,-17.81,-130.43,12.05
2022-06-07,PH_LT,-17.82,-130.3,12.26
2022-06-09,PH_LT,-17.84,-131.09,11.63
2022-06-11,PH_LT,-17.85,-131.45,11.35
2022-06-13,PH_LT,-17.82,-131.26,11.3
2022-06-15,PH_LT,-17.76,-130.7,11.38
2022-06-17,PH_LT,-17.75,-130.86,11.14
2022-06-19,PH_LT,-17.48,-128.67,11.17
2022-06-21,PH_LT,-17.54,-129.29,11.03
2022-06-23,PH_LT,-17.5,-129.05,10.95
2022-06-25,PH_LT,-17.4,-128.59,10.61
2022-06-27,PH_LT,-16.86,-126.12,8.76
2022-06-29,PH_LT,-17.2,-128.28,9.32
2022-07-01,PH_LT,-17.15,-127.77,9.43
2022-07-03,PH_LT,-17.13,-127.71,9.33
2022-07-07,PH_LT,-17.0,-123.59,12.41
2022-07-09,PH_LT,-17.19,-125.43,12.09
2022-07-11,PH_LT,-17.15,-125.52,11.68
2022-07-13,PH_LT,-17.1,-124.84,11.96
2022-07-15,PH_LT,-16.63,-120.0,13.04
2022-07-17,PH_LT,-16.69,-122.07,11.45
2022-07-19,PH_LT,-16.84,-122.05,12.67
2022-07-21,PH_LT,-16.88,-122.74,12.3
2022-07-23,PH_LT,-16.91,-123.01,12.27
2022-07-25,PH_LT,-16.04,-116.36,11.96
2022-07-27,PH_LT,-16.69,-121.27,12.25
2022-07-29,PH_LT,-16.8,-122.0,12.4
2022-07-31,PH_LT,-16.48,-119.41,12.43
2022-08-02,PH_LT,-15.95,-114.94,12.66
2022-08-04,PH_LT,-16.42,-118.86,12.5
2022-08-06,PH_LT,-16.37,-118.53,12.43
2022-08-08,PH_LT,-16.52,-119.84,12.32
2022-08-10,PH_LT,-16.36,-119.09,11.79
2022-08-12,PH_LT,-16.26,-117.91,12.17
2022-08-14,PH_LT,-16.41,-119.11,12.17
2022-08-16,PH_LT,-16.4,-119.05,12.15
2022-08-17,PH_LT,-16.01,-117.05,11.03
2022-08-19,PH_LT,-16.32,-118.04,12.52
2022-08-21,PH_LT,-15.47,-111.85,11.91
2022-08-23,PH_LT,-15.78,-114.59,11.65
2022-08-25,PH_LT,-15.95,-116.28,11.32
2022-08-27,PH_LT,-15.18,-109.46,11.98
2022-08-29,PH_LT,-15.58,-113.28,11.36
2022-08-31,PH_LT,-15.85,-115.52,11.28
2022-09-02,PH_LT,-15.86,-116.16,10.72
2022-09-04,PH_LT,-15.88,-116.35,10.69
2022-09-06,PH_LT,-15.93,-116.97,10.47
2022-09-08,PH_LT,-15.87,-116.81,10.15
2022-09-10,PH_LT,-15.96,-117.14,10.54
2022-09-12,PH_LT,-15.93,-117.42,10.02
2022-09-14,PH_LT,-16.15,-117.11,12.09
2022-09-16,PH_LT,-16.21,-116.97,12.71
2022-09-18,PH_LT,-16.01,-116.08,12.0
2022-09-20,PH_LT,-16.0,-116.73,11.27
2022-09-22,PH_LT,-16.19,-117.48,12.04
2022-09-24,PH_LT,-15.98,-115.9,11.94
2022-09-26,PH_LT,-16.05,-116.37,12.03
2022-09-28,PH_LT,-16.04,-116.7,11.62
2022-09-30,PH_LT,-15.57,-114.59,9.97
2022-10-02,PH_LT,-15.77,-113.96,12.2
2022-10-06,PH_LT,-15.48,-111.87,11.97
2022-10-08,PH_LT,-15.93,-115.44,12.0
2022-10-10,PH_LT,-16.04,-116.1,12.22
2022-10-12,PH_LT,-15.96,-115.9,11.78
2022-10-14,PH_LT,-16.0,-116.37,11.63
2022-10-16,PH_LT,-16.14,-117.25,11.87
2022-10-18,PH_LT,-16.17,-117.64,11.72
2022-10-20,PH_LT,-16.17,-117.77,11.59
2022-11-17,PH_LT,-16.52,-119.56,12.6
2022-12-16,PH_LT,-16.25,-119.8,10.2
2022-12-19,PH_LT,-16.38,-120.32,10.72
2022-12-22,PH_LT,-16.46,-120.83,10.85
2022-12-25,PH_LT,-16.47,-120.84,10.92
2022-12-28,PH_LT,-16.33,-120.35,10.29
2022-12-31,PH_LT,-16.67,-121.99,11.37
2023-01-03,PH_LT,-16.6,-121.74,11.06
2023-01-06,PH_LT,-16.52,-121.31,10.85
2023-01-09,PH_LT,-16.76,-121.56,12.52
2023-01-12,PH_LT,-16.5,-121.28,10.72
2023-01-15,PH_LT,-16.7,-122.06,11.54
2023-01-18,PH_LT,-16.84,-122.15,12.57
2023-01-21,PH_LT,-16.84,-122.3,12.42
2023-01-24,PH_LT,-16.8,-122.32,12.08
2023-01-27,PH_LT,-16.86,-122.29,12.59
2023-01-30,PH_LT,-16.8,-122.42,11.98
2023-02-02,PH_LT,-16.8,-122.51,11.89
2023-02-05,PH_LT,-16.73,-122.09,11.75
2023-02-09,PH_LT,-16.62,-121.98,10.98
2023-02-12,PH_LT,-16.57,-121.69,10.87
2023-02-15,PH_LT,-16.6,-121.86,10.94
2023-02-18,PH_LT,-16.58,-121.81,10.83
2023-02-21,PH_LT,-16.57,-121.92,10.64
2023-02-24,PH_LT,-16.62,-122.22,10.74
2023-02-27,PH_LT,-16.75,-121.85,12.15
2023-03-02,PH_LT,-16.83,-122.61,12.03
2023-03-05,PH_LT,-16.78,-122.58,11.66
2023-03-08,PH_LT,-16.78,-122.65,11.59
2023-03-11,PH_LT,-16.79,-122.94,11.38
2023-03-14,PH_LT,-16.94,-123.69,11.83
2023-03-17,PH_LT,-16.85,-123.35,11.45
2023-03-20,PH_LT,-16.87,-123.56,11.4
2023-03-23,PH_LT,-16.84,-123.23,11.49
2023-03-26,PH_LT,-16.84,-123.22,11.5
2023-03-27,PH_LT,-17.31,-126.72,11.76
2023-03-29,PH_LT,-16.87,-123.29,11.67
2023-04-01,PH_LT,-16.82,-122.98,11.58
2023-04-04,PH_LT,-17.08,-124.71,11.93
2023-04-07,PH_LT,-16.77,-123.4,10.76
2023-04-10,PH_LT,-17.03,-124.83,11.41
2023-04-13,PH_LT,-17.62,-128.81,12.15
2023-04-16,PH_LT,-17.9,-131.19,12.01
2023-04-19,PH_LT,-17.57,-129.97,10.59
2023-04-21,PH_LT,-17.78,-130.09,12.15
2023-04-24,PH_LT,-17.62,-129.09,11.87
2023-04-27,PH_LT,-16.99,-127.2,8.72
2023-04-30,PH_LT,-17.29,-128.98,9.34
2023-05-03,PH_LT,-17.84,-131.25,11.47
2023-05-06,PH_LT,-17.9,-131.79,11.41
2023-05-09,PH_LT,-17.62,-131.65,9.31
2023-05-12,PH_LT,-17.97,-132.51,11.25
2023-05-15,PH_LT,-18.03,-132.87,11.37
2023-05-18,PH_LT,-17.63,-131.87,9.17
2023-05-24,PH_LT,-18.13,-132.88,12.16
2023-05-26,PH_LT,-17.76,-130.71,11.37
2023-05-28,PH_LT,-17.66,-130.0,11.28
2023-05-30,PH_LT,-17.76,-130.66,11.42
2023-06-01,PH_LT,-17.97,-131.62,12.14
2023-06-03,PH_LT,-17.97,-131.49,12.27
2023-06-05,PH_LT,-18.13,-132.41,12.63
2023-06-07,PH_LT,-18.12,-132.64,12.32
2023-06-09,PH_LT,-18.19,-132.83,12.69
2023-06-11,PH_LT,-18.16,-132.68,12.6
2023-06-13,PH_LT,-17.99,-131.85,12.07
2023-06-15,PH_LT,-18.11,-132.28,12.6
2023-06-17,PH_LT,-18.01,-131.52,12.56
2023-06-19,PH_LT,-17.86,-130.87,12.01
2023-06-21,PH_LT,-18.12,-131.67,13.29
2023-06-23,PH_LT,-14.89,-121.88,-2.76
2023-06-25,PH_LT,-18.05,-131.37,13.03
2023-06-27,PH_LT,-18.04,-131.42,12.9
2023-06-29,PH_LT,-17.01,-128.23,7.85
2023-07-01,PH_LT,-17.98,-131.06,12.78
2023-07-03,PH_LT,-17.96,-130.97,12.71
2023-07-05,PH_LT,-17.99,-131.09,12.83
2023-07-07,PH_LT,-17.24,-128.69,9.23
2023-07-09,PH_LT,-17.9,-130.49,12.71
2023-07-11,PH_LT,-17.87,-130.28,12.68
2023-07-13,PH_LT,-17.88,-130.28,12.76
2023-07-15,PH_LT,-17.84,-130.02,12.7
2023-07-17,PH_LT,-17.8,-129.85,12.55
2023-07-19,PH_LT,-17.77,-129.59,12.57
2023-07-21,PH_LT,-17.68,-129.12,12.32
2023-07-23,PH_LT,-17.7,-129.04,12.56
2023-07-25,PH_LT,-17.56,-128.36,12.12
2023-07-27,PH_LT,-17.43,-127.95,11.49
2023-07-29,PH_LT,-17.37,-127.69,11.27
2023-07-31,PH_LT,-17.35,-127.12,11.68
2023-08-02,PH_LT,-17.25,-126.27,11.73
2023-08-04,PH_LT,-17.09,-125.18,11.54
2023-08-08,PH_LT,-17.07,-125.51,11.05
2023-08-10,PH_LT,-17.23,-125.86,11.98
2023-08-12,PH_LT,-17.24,-125.93,11.99
2023-08-14,PH_LT,-17.23,-125.84,12.0
2023-08-16,PH_LT,-17.09,-124.91,11.81
2023-08-18,PH_LT,-17.11,-124.94,11.94
2023-08-20,PH_LT,-17.04,-124.5,11.82
2023-08-24,PH_LT,-16.97,-124.39,11.37
2023-08-26,PH_LT,-17.0,-124.34,11.66
2023-08-28,PH_LT,-16.71,-122.14,11.54
2023-08-30,PH_LT,-16.79,-122.88,11.44
2023-09-01,PH_LT,-16.82,-123.21,11.35
2023-09-03,PH_LT,-16.87,-123.47,11.49
2023-09-05,PH_LT,-16.83,-123.4,11.24
2023-09-07,PH_LT,-16.85,-123.48,11.32
2023-09-09,PH_LT,-16.84,-123.57,11.15
2023-09-11,PH_LT,-16.48,-120.76,11.08
2023-09-13,PH_LT,-16.73,-122.37,11.47
2023-09-15,PH_LT,-16.71,-121.95,11.73
2023-09-17,PH_LT,-16.72,-122.23,11.53
2023-09-19,PH_LT,-16.6,-121.28,11.52
2023-09-21,PH_LT,-16.71,-122.15,11.53
2023-09-23,PH_LT,-16.69,-122.24,11.28
2023-09-25,PH_LT,-16.67,-122.38,10.98
2023-09-29,PH_LT,-16.64,-122.47,10.65
2023-10-01,PH_LT,-16.19,-120.36,9.16
2023-10-03,PH_LT,-16.48,-120.55,11.29
2023-10-05,PH_LT,-16.65,-121.8,11.4
2023-10-07,PH_LT,-16.81,-122.69,11.79
2023-10-09,PH_LT,-16.8,-122.74,11.66
2023-10-30,PH_LT,-16.78,-122.35,11.89
2023-11-17,PH_LT,-16.86,-122.86,12.02
2023-11-20,PH_LT,-16.82,-122.69,11.87
2023-11-28,PH_LT,-17.15,-124.96,12.24
2023-12-08,PH_LT,-16.83,-123.62,11.02
2023-12-12,PH_LT,-16.81,-123.66,10.82
2023-12-20,PH_LT,-16.87,-123.77,11.19
2023-12-29,PH_LT,-17.09,-124.55,12.17
2024-01-05,PH_LT,-16.97,-124.32,11.44
2024-01-12,PH_LT,-17.19,-125.84,11.68
2024-01-21,PH_LT,-17.28,-125.69,12.55
2024-01-30,PH_LT,-17.19,-125.29,12.23
2024-02-09,PH_LT,-17.25,-125.71,12.29
2024-02-14,PH_LT,-17.24,-125.49,12.43
2024-02-19,PH_LT,-17.16,-125.14,12.14
2024-02-26,PH_LT,-17.05,-124.87,11.53
2024-03-08,PH_LT,-17.04,-124.83,11.49
2024-03-11,PH_LT,-17.16,-125.36,11.92
2024-03-19,PH_LT,-17.05,-125.02,11.38
2024-04-01,PH_LT,-17.15,-125.53,11.67
2024-04-11,PH_LT,-17.36,-126.99,11.89
2024-04-20,PH_LT,-17.3,-127.01,11.39
2024-04-23,PH_LT,-17.38,-127.16,11.88
2024-04-29,PH_LT,-17.26,-127.08,11.0
2024-05-08,PH_LT,-17.12,-126.37,10.59
2024-05-10,PH_LT,-17.24,-127.24,10.68
2024-05-12,PH_LT,-17.31,-127.97,10.51
2024-05-14,PH_LT,-17.23,-127.42,10.42
2024-05-16,PH_LT,-17.1,-126.44,10.36
2024-05-18,PH_LT,-17.11,-126.25,10.63
2024-05-20,PH_LT,-17.04,-126.09,10.23
2024-05-23,PH_LT,-17.29,-126.79,11.53
2024-05-25,PH_LT,-17.3,-126.68,11.72
2024-05-27,PH_LT,-17.17,-126.28,11.08
2024-05-29,PH_LT,-17.26,-126.17,11.91
2024-05-31,PH_LT,-17.25,-125.91,12.09
2024-06-02,PH_LT,-17.29,-125.85,12.47
2024-06-04,PH_LT,-17.3,-125.83,12.57
2024-06-06,PH_LT,-17.3,-125.88,12.52
2024-06-08,PH_LT,-17.28,-125.96,12.28
2024-06-10,PH_LT,-17.38,-126.31,12.73
2024-06-12,PH_LT,-17.41,-126.4,12.88
2024-06-14,PH_LT,-17.38,-126.2,12.84
2024-06-19,PH_LT,-17.24,-125.64,12.28
2024-06-21,PH_LT,-17.26,-125.25,12.83
2024-06-23,PH_LT,-17.19,-124.93,12.59
2024-06-25,PH_LT,-17.22,-125.18,12.58
2024-06-27,PH_LT,-17.18,-124.87,12.57
2024-06-29,PH_LT,-17.11,-124.17,12.71
2024-07-01,PH_LT,-16.83,-121.68,12.96
2024-07-03,PH_LT,-16.78,-121.25,12.99
2024-07-05,PH_LT,-16.67,-121.62,11.74
2024-07-10,PH_LT,-16.8,-122.52,11.88
2024-07-12,PH_LT,-16.76,-122.53,11.55
2024-07-14,PH_LT,-16.83,-122.6,12.04
2024-07-16,PH_LT,-16.81,-122.27,12.21
2024-07-18,PH_LT,-16.74,-122.15,11.77
2024-07-20,PH_LT,-16.69,-121.55,11.97
2024-07-22,PH_LT,-16.75,-121.87,12.13
2024-07-24,PH_LT,-16.78,-122.25,11.99
2024-07-26,PH_LT,-16.74,-122.08,11.84
2024-07-28,PH_LT,-16.64,-121.46,11.66
2014-06-27,Rustlers,-17.854815,-129.937405,12.901
2014-07-03,Rustlers,-17.766788,-129.737467,12.397
2014-07-16,Rustlers,-17.528021,-126.458477,13.766
2014-07-23,Rustlers,-17.473264,-127.354961,12.431
2014-07-30,Rustlers,-17.139315,-125.119798,11.995
2014-08-05,Rustlers,-16.965656,-123.357276,12.368
2014-08-13,Rustlers,-17.072064,-124.401138,12.175
2014-08-21,Rustlers,-16.832016,-122.390843,12.265
2014-08-30,Rustlers,-16.524635,-120.033924,12.163
2014-09-07,Rustlers,-16.689867,-121.129275,12.39
2014-09-14,Rustlers,-16.392526,-118.479383,12.661
2014-09-23,Rustlers,-16.703489,-118.750581,14.877
2014-10-01,Rustlers,-16.372941,-118.981344,12.002
2014-10-07,Rustlers,-16.497234,-119.205439,12.772
2014-10-14,Rustlers,-16.642053,-120.540643,12.596
2014-10-23,Rustlers,-16.67572,-120.854984,12.551
2014-10-31,Rustlers,-16.3492,-119.267311,11.526
2014-11-08,Rustlers,-16.683232,-121.26606,12.2
2014-12-12,Rustlers,-17.0486,-121.644638,14.744
2015-01-24,Rustlers,-17.037092,-124.543268,11.753
2015-02-07,Rustlers,-17.344423,-124.801622,13.954
2015-03-16,Rustlers,-17.333085,-125.625674,13.039
2015-04-09,Rustlers,-17.027078,-124.968497,11.248
2015-05-11,Rustlers,-17.031893,-124.044351,12.211
2015-05-24,Rustlers,-17.099682,-123.77215,13.025
2015-06-02,Rustlers,-17.333451,-123.883126,14.784
2015-06-11,Rustlers,-17.238415,-122.535608,15.372
2015-06-18,Rustlers,-17.122089,-122.320317,14.656
2015-06-25,Rustlers,-17.200391,-122.624218,14.979
2015-07-02,Rustlers,-17.170195,-124.080168,13.281
2015-07-09,Rustlers,-16.617535,-119.922491,13.018
2015-07-15,Rustlers,-16.562203,-119.15375,13.344
2015-07-25,Rustlers,-16.520526,-119.023083,13.141
2015-08-02,Rustlers,-16.781637,-121.000354,13.253
2015-08-09,Rustlers,-16.547256,-119.150128,13.228
2015-08-16,Rustlers,-16.590105,-118.617136,14.104
2015-08-23,Rustlers,-16.793684,-120.307411,14.042
2015-08-30,Rustlers,-16.265012,-115.711347,14.409
2015-09-07,Rustlers,-15.784562,-111.113375,15.163
2015-09-13,Rustlers,-16.266894,-115.274434,14.861
2015-09-22,Rustlers,-16.304906,-115.222792,15.216
2015-09-28,Rustlers,-16.428098,-116.959181,14.466
2015-10-04,Rustlers,-16.460952,-117.445418,14.242
2015-10-13,Rustlers,-16.469166,-117.624644,14.129
2015-10-19,Rustlers,-16.400412,-117.069501,14.134
2015-10-26,Rustlers,-16.658493,-118.659232,14.609
2015-11-02,Rustlers,-16.609173,-118.823516,14.05
2015-11-09,Rustlers,-16.714532,-119.889347,13.827
2015-11-15,Rustlers,-16.754106,-120.339743,13.693
2015-11-23,Rustlers,-16.801654,-120.552413,13.861
2015-12-01,Rustlers,-16.833981,-120.816006,13.856
2015-12-09,Rustlers,-16.816087,-120.772312,13.756
2016-01-28,Rustlers,-16.748376,-120.894334,13.093
2016-02-12,Rustlers,-16.493397,-119.91645,12.031
2016-02-21,Rustlers,-16.962844,-122.914315,12.788
2016-03-09,Rustlers,-16.278237,-120.954119,9.272
2016-03-24,Rustlers,-13.625966,-112.723302,-3.716
2016-03-31,Rustlers,-17.06511,-123.59578,12.925
2016-04-08,Rustlers,-17.095148,-123.811651,12.95
2016-04-21,Rustlers,-16.991493,-123.087432,12.845
2016-05-02,Rustlers,-17.015308,-123.343499,12.779
2016-05-27,Rustlers,-16.950549,-123.158618,12.446
2016-06-04,Rustlers,-16.934092,-123.0036,12.469
2016-06-11,Rustlers,-16.865655,-121.92263,13.003
2016-06-17,Rustlers,-17.145966,-122.719285,14.448
2016-06-27,Rustlers,-17.160233,-121.850513,15.431
2016-07-22,Rustlers,-16.872681,-121.717934,13.264
2016-07-29,Rustlers,-16.764932,-120.617136,13.502
2016-08-05,Rustlers,-16.025578,-114.315534,13.889
2016-08-12,Rustlers,-16.562516,-118.902479,13.598
2016-08-19,Rustlers,-16.713116,-120.265827,13.439
2016-08-26,Rustlers,-15.848417,-114.106926,12.68
2016-09-02,Rustlers,-15.231468,-108.523359,13.328
2016-09-09,Rustlers,-16.129762,-116.588292,12.45
2016-09-16,Rustlers,-16.27797,-117.316056,12.908
2016-09-23,Rustlers,-16.104229,-116.800614,12.033
2016-10-19,Rustlers,-16.441021,-118.010737,13.517
2016-10-27,Rustlers,-16.503545,-119.088744,12.94
2016-11-23,Rustlers,-16.652701,-120.865227,12.356
2017-03-19,Rustlers,-17.413267,-126.119819,13.186
2017-04-12,Rustlers,-17.169166,-124.693469,12.66
2017-04-30,Rustlers,-17.254891,-125.160359,12.879
2017-06-30,Rustlers,-17.640163,-128.491793,12.63
2017-07-30,Rustlers,-16.418331,-118.604542,12.742
2017-08-25,Rustlers,-16.738569,-120.884826,13.024
2017-09-14,Rustlers,-16.755941,-120.687355,13.36
2017-09-27,Rustlers,-16.502401,-120.635212,11.384
2017-10-12,Rustlers,-16.596164,-119.036008,13.733
2017-10-23,Rustlers,-16.709442,-120.706973,12.969
2017-11-03,Rustlers,-16.904749,-121.338173,13.9
2017-11-16,Rustlers,-16.969852,-121.78052,13.978
2018-04-05,Rustlers,-17.1010421576732,-123.7384193962,13.07
2018-06-08,Rustlers,-17.159832676522,-124.266627812099,13.012
2018-06-15,Rustlers,-17.0564424537188,-123.354056416832,13.097
2018-06-25,Rustlers,-16.941902304927,-122.621873178692,12.913
2018-07-09,Rustlers,-16.6317316365174,-120.407384310526,12.646
2018-07-15,Rustlers,-16.5330716853457,-119.602447837743,12.662
2018-08-17,Rustlers,-16.4980634353447,-119.06267818139,12.922
2018-08-24,Rustlers,-16.3144655606605,-117.129502272992,13.386
2018-08-31,Rustlers,-16.4377904996251,-118.418131483856,13.084
2018-09-07,Rustlers,-16.2455387454584,-116.444492365078,13.52
2018-09-14,Rustlers,-16.333625036021,-118.018868913606,12.65
2018-09-21,Rustlers,-16.1772903771156,-116.814371450654,12.604
2018-09-28,Rustlers,-16.3130280291242,-118.105521018851,12.399
2018-10-05,Rustlers,-16.04496997528474,-115.89159438880849,12.468
2018-10-12,Rustlers,-16.364177623945015,-118.26510018808722,12.648
2018-10-18,Rustlers,-16.2644055866136,-117.679896501899,12.435
2018-10-25,Rustlers,-16.415804230969353,-119.05983512045594,12.267
2018-11-02,Rustlers,-16.39252164348779,-119.90472160514072,11.235
2018-11-17,Rustlers,-16.71172929214807,-121.21568318268288,12.478
2018-12-14,Rustlers,-16.7499547000173,-121.134360697604,12.865
2018-12-20,Rustlers,-16.82712994314365,-122.19664754598529,12.42
2019-01-29,Rustlers,-17.04848323862055,-123.77909619339847,12.609
2019-02-27,Rustlers,-16.603427006858116,-122.462881179106,10.365
2019-03-30,Rustlers,-16.64492594528547,-123.09270133727752,10.067
2019-04-18,Rustlers,-17.085767127267843,-125.5459658813888,11.14
2019-05-08,Rustlers,-16.998347232383992,-125.1742086149191,10.813
2019-06-21,Rustlers,-17.5687701381284,-127.621980577304,12.928
2019-06-27,Rustlers,-17.62269155077231,-128.63139500452678,12.35
2019-07-05,Rustlers,-17.6509685464392,-128.424575766642,12.783
2019-07-14,Rustlers,-17.5920683918314,-127.604716556336,13.132
2019-07-19,Rustlers,-17.5913146760829,-128.352946533635,12.378
2019-07-26,Rustlers,-17.5262255009317,-127.14389999664,13.066
2019-08-02,Rustlers,-17.3072561914055,-126.235587130124,12.222
2019-08-09,Rustlers,-17.0562199267736,-124.1766906322,12.273
2019-08-16,Rustlers,-17.1003618739774,-124.624015378382,12.179
2019-08-30,Rustlers,-17.10461963537035,-125.45023643573292,11.387
2019-09-06,Rustlers,-17.010512651892498,-124.24243041918396,11.842
2019-09-13,Rustlers,-17.003742365311357,-123.95902344421846,12.071
2019-09-20,Rustlers,-16.93265435620938,-123.66297625205966,11.798
2019-09-27,Rustlers,-17.01254373786684,-124.2487505277806,11.852
2019-10-04,Rustlers,-16.948226015346005,-124.16858493979151,11.417
2019-10-11,Rustlers,-16.967521332102258,-124.3531986382726,11.387
2019-10-19,Rustlers,-16.91572863975653,-124.14663087835056,11.179
2019-10-25,Rustlers,-17.21686595029135,-125.17978009041929,12.555
2019-11-03,Rustlers,-17.192819949143022,-125.039047463787,12.504
2019-11-08,Rustlers,-17.198238766303213,-125.19075923150407,12.395
2019-11-13,Rustlers,-17.150826701454417,-124.8761371707243,12.33
2019-11-22,Rustlers,-17.348925572103305,-126.0448638365672,12.747
2019-12-04,Rustlers,-17.305992881706704,-125.61099316414229,12.837
2019-12-16,Rustlers,-17.261571191862878,-125.39670130215504,12.696
2019-12-20,Rustlers,-17.189771864490424,-125.27127293279248,12.247
2020-01-08,Rustlers,-17.254270821622608,-125.36814518440065,12.666
2020-01-21,Rustlers,-17.327290200564864,-125.70467733690174,12.914
2020-01-28,Rustlers,-17.32796630592544,-125.78274748086794,12.841
2020-02-11,Rustlers,-17.242469608414133,-124.8897106186329,13.05
2020-02-20,Rustlers,-17.234987193468125,-124.87536774393448,13.005
2020-03-11,Rustlers,-17.27103882911708,-125.00245228486683,13.166
2020-03-17,Rustlers,-17.28770420786047,-125.09017730918497,13.211
2020-04-03,Rustlers,-17.282602561306376,-125.71759468843368,12.543
2020-04-09,Rustlers,-17.492583406685437,-126.234996917168,13.706
2020-04-14,Rustlers,-17.455656093000247,-126.35696019774376,13.288
2020-04-24,Rustlers,-17.4166772618881,-126.20450609702404,13.129
2020-05-22,Rustlers,-17.602339589027526,-127.96928796183887,12.849
2020-05-29,Rustlers,-17.770564018037835,-128.87161519972506,13.293
2020-06-05,Rustlers,-17.82424539070982,-128.79153491385247,13.802
2020-06-12,Rustlers,-17.51446625923962,-126.60624778221734,13.509
2020-06-19,Rustlers,-17.473744252199918,-126.38070247681566,13.409
2020-06-26,Rustlers,-17.512516766011064,-126.46042217572077,13.64
2020-07-02,Rustlers,-17.468982715416093,-126.23460528802728,13.517
2020-07-10,Rustlers,-17.23260642507621,-125.13287237805466,12.728
2020-07-17,Rustlers,-17.229279921951992,-125.44843488944356,12.386
2020-07-23,Rustlers,-17.21148468264273,-124.83395777097236,12.858
2020-07-30,Rustlers,-17.063064346507034,-124.14332420981631,12.361
2020-08-07,Rustlers,-17.22691364169386,-125.21721990878594,12.598
2020-08-14,Rustlers,-16.946195931973094,-122.75100188577544,12.819
2020-08-20,Rustlers,-16.86,-122.59,12.29
2020-08-27,Rustlers,-16.79,-121.86,12.46
2020-09-03,Rustlers,-16.73,-121.54,12.3
2020-09-11,Rustlers,-16.8,-120.93,13.47
2020-09-18,Rustlers,-16.76,-120.73,13.35
2020-09-24,Rustlers,-16.78,-120.87,13.37
2020-10-01,Rustlers,-16.82,-121.39,13.17
2020-10-08,Rustlers,-16.79,-122.64,11.68
2020-10-16,Rustlers,-16.76,-121.6,12.48
2020-10-23,Rustlers,-17.09,-122.37,14.35
2020-10-27,Rustlers,-17.29,-123.7,14.62
2020-11-06,Rustlers,-17.19,-123.25,14.27
2020-11-13,Rustlers,-16.42,-121.04,10.32
2020-12-04,Rustlers,-17.53,-124.34,15.9
2021-01-08,Rustlers,-17.58,-124.44,16.2
2021-01-15,Rustlers,-17.51,-124.54,15.54
2021-01-28,Rustlers,-17.32,-125.13,13.43
2021-02-11,Rustlers,-17.36,-125.56,13.32
2021-03-03,Rustlers,-17.42,-126.2,13.16
2021-03-19,Rustlers,-17.33,-125.77,12.87
2021-03-25,Rustlers,-17.04,-124.53,11.79
2021-04-07,Rustlers,-17.39,-126.27,12.85
2021-05-17,Rustlers,-17.63,-129.86,11.18
2021-05-28,Rustlers,-17.73,-130.14,11.7
2021-06-04,Rustlers,-17.93,-130.44,13.0
2021-06-11,Rustlers,-17.82,-130.45,12.11
2021-06-18,Rustlers,-17.86,-130.73,12.15
2021-06-24,Rustlers,-17.5,-128.37,11.63
2021-07-02,Rustlers,-17.63,-127.76,13.28
2021-07-09,Rustlers,-17.35,-126.2,12.6
2021-07-15,Rustlers,-16.93,-122.82,12.62
2021-07-23,Rustlers,-15.51,-111.16,12.92
2021-07-30,Rustlers,-16.48,-119.04,12.8
2021-07-31,Rustlers,-16.09,-114.67,14.05
2021-08-06,Rustlers,-16.24,-117.14,12.78
2021-08-13,Rustlers,-16.67,-120.4,12.96
2021-08-19,Rustlers,-15.88,-113.77,13.27
2021-08-27,Rustlers,-16.56,-119.25,13.23
2021-09-03,Rustlers,-16.31,-117.07,13.41
2021-10-01,Rustlers,-16.26,-118.35,11.73
2021-10-07,Rustlers,-16.5,-118.84,13.16
2021-10-15,Rustlers,-16.48,-119.24,12.6
2021-10-22,Rustlers,-16.64,-119.59,13.53
2021-10-27,Rustlers,-16.51,-119.36,12.72
2021-11-03,Rustlers,-16.5,-119.41,12.59
2021-11-11,Rustlers,-16.65,-120.09,13.11
2022-01-12,Rustlers,-17.07,-123.44,13.12
2022-02-04,Rustlers,-17.07,-123.68,12.88
2022-03-03,Rustlers,-16.99,-123.11,12.81
2022-03-25,Rustlers,-16.84,-124.56,10.16
2022-06-03,Rustlers,-18.07,-131.22,13.34
2022-06-10,Rustlers,-18.13,-132.02,13.02
2022-06-16,Rustlers,-18.01,-131.12,12.96
2022-06-23,Rustlers,-17.82,-129.88,12.68
2022-06-29,Rustlers,-17.72,-128.18,13.58
2022-07-07,Rustlers,-17.36,-125.39,13.49
2022-07-13,Rustlers,-17.49,-126.47,13.45
2022-07-22,Rustlers,-17.29,-124.85,13.47
2022-07-29,Rustlers,-17.12,-123.32,13.64
2022-08-04,Rustlers,-16.58,-118.92,13.72
2022-08-12,Rustlers,-16.7,-120.43,13.17
2022-08-25,Rustlers,-16.41,-118.12,13.16
2022-09-01,Rustlers,-16.44,-118.44,13.08
2022-09-08,Rustlers,-16.53,-119.48,12.76
2022-09-15,Rustlers,-16.39,-117.91,13.21
2022-09-27,Rustlers,-16.6,-119.06,13.74
